tempo,entidade,variavel,valor
INFO,GERAL,custo_total,56.09240357899782
INFO,GERAL,num_barras,33.0
INFO,GERAL,num_baterias,2.0
INFO,GERAL,periodos_tempo,24.0
1,barra_1,PS,0.0
2,barra_1,PS,0.0
3,barra_1,PS,0.0
4,barra_1,PS,0.0
5,barra_1,PS,0.0
6,barra_1,PS,0.0
7,barra_1,PS,0.0
8,barra_1,PS,0.0
9,barra_1,PS,0.0
10,barra_1,PS,0.0
11,barra_1,PS,0.0
12,barra_1,PS,0.0
13,barra_1,PS,0.0
14,barra_1,PS,0.0
15,barra_1,PS,0.0
16,barra_1,PS,0.0
17,barra_1,PS,0.0
18,barra_1,PS,0.0
19,barra_1,PS,0.0
20,barra_1,PS,0.0
21,barra_1,PS,0.0
22,barra_1,PS,0.0
23,barra_1,PS,0.0
24,barra_1,PS,0.0
1,barra_2,PS,0.0
2,barra_2,PS,0.0
3,barra_2,PS,0.0
4,barra_2,PS,0.0
5,barra_2,PS,0.0
6,barra_2,PS,0.0
7,barra_2,PS,0.0
8,barra_2,PS,0.0
9,barra_2,PS,0.0
10,barra_2,PS,0.0
11,barra_2,PS,0.0
12,barra_2,PS,0.0
13,barra_2,PS,0.0
14,barra_2,PS,0.0
15,barra_2,PS,0.0
16,barra_2,PS,0.0
17,barra_2,PS,0.0
18,barra_2,PS,0.0
19,barra_2,PS,0.0
20,barra_2,PS,0.0
21,barra_2,PS,0.0
22,barra_2,PS,0.0
23,barra_2,PS,0.0
24,barra_2,PS,0.0
1,barra_3,PS,0.0
2,barra_3,PS,0.0
3,barra_3,PS,0.0
4,barra_3,PS,0.0
5,barra_3,PS,0.0
6,barra_3,PS,0.0
7,barra_3,PS,0.0
8,barra_3,PS,0.0
9,barra_3,PS,0.0
10,barra_3,PS,0.0
11,barra_3,PS,0.0
12,barra_3,PS,0.0
13,barra_3,PS,0.0
14,barra_3,PS,0.0
15,barra_3,PS,0.0
16,barra_3,PS,0.0
17,barra_3,PS,0.0
18,barra_3,PS,0.0
19,barra_3,PS,0.0
20,barra_3,PS,0.0
21,barra_3,PS,0.0
22,barra_3,PS,0.0
23,barra_3,PS,0.0
24,barra_3,PS,0.0
1,barra_4,PS,0.0
2,barra_4,PS,0.0
3,barra_4,PS,0.0
4,barra_4,PS,0.0
5,barra_4,PS,0.0
6,barra_4,PS,0.0
7,barra_4,PS,0.0
8,barra_4,PS,0.0
9,barra_4,PS,0.0
10,barra_4,PS,0.0
11,barra_4,PS,0.0
12,barra_4,PS,0.0
13,barra_4,PS,0.0
14,barra_4,PS,0.0
15,barra_4,PS,0.0
16,barra_4,PS,0.0
17,barra_4,PS,0.0
18,barra_4,PS,0.0
19,barra_4,PS,0.0
20,barra_4,PS,0.0
21,barra_4,PS,0.0
22,barra_4,PS,0.0
23,barra_4,PS,0.0
24,barra_4,PS,0.0
1,barra_5,PS,0.0
2,barra_5,PS,0.0
3,barra_5,PS,0.0
4,barra_5,PS,0.0
5,barra_5,PS,0.0
6,barra_5,PS,0.0
7,barra_5,PS,0.0
8,barra_5,PS,0.0
9,barra_5,PS,0.0
10,barra_5,PS,0.0
11,barra_5,PS,0.0
12,barra_5,PS,0.0
13,barra_5,PS,0.0
14,barra_5,PS,0.0
15,barra_5,PS,0.0
16,barra_5,PS,0.0
17,barra_5,PS,0.0
18,barra_5,PS,0.0
19,barra_5,PS,0.0
20,barra_5,PS,0.0
21,barra_5,PS,0.0
22,barra_5,PS,0.0
23,barra_5,PS,0.0
24,barra_5,PS,0.0
1,barra_6,PS,0.0
2,barra_6,PS,0.0
3,barra_6,PS,0.0
4,barra_6,PS,0.0
5,barra_6,PS,0.0
6,barra_6,PS,0.012
7,barra_6,PS,0.048
8,barra_6,PS,0.1
9,barra_6,PS,0.18
10,barra_6,PS,0.52
11,barra_6,PS,0.64
12,barra_6,PS,0.736
13,barra_6,PS,0.8
14,barra_6,PS,0.768
15,barra_6,PS,0.672
16,barra_6,PS,0.26
17,barra_6,PS,0.152
18,barra_6,PS,0.06
19,barra_6,PS,0.012
20,barra_6,PS,0.0
21,barra_6,PS,0.0
22,barra_6,PS,0.0
23,barra_6,PS,0.0
24,barra_6,PS,0.0
1,barra_7,PS,0.0
2,barra_7,PS,0.0
3,barra_7,PS,0.0
4,barra_7,PS,0.0
5,barra_7,PS,0.0
6,barra_7,PS,0.0
7,barra_7,PS,0.0
8,barra_7,PS,0.0
9,barra_7,PS,0.0
10,barra_7,PS,0.0
11,barra_7,PS,0.0
12,barra_7,PS,0.0
13,barra_7,PS,0.0
14,barra_7,PS,0.0
15,barra_7,PS,0.0
16,barra_7,PS,0.0
17,barra_7,PS,0.0
18,barra_7,PS,0.0
19,barra_7,PS,0.0
20,barra_7,PS,0.0
21,barra_7,PS,0.0
22,barra_7,PS,0.0
23,barra_7,PS,0.0
24,barra_7,PS,0.0
1,barra_8,PS,0.0
2,barra_8,PS,0.0
3,barra_8,PS,0.0
4,barra_8,PS,0.0
5,barra_8,PS,0.0
6,barra_8,PS,0.0
7,barra_8,PS,0.0
8,barra_8,PS,0.0
9,barra_8,PS,0.0
10,barra_8,PS,0.0
11,barra_8,PS,0.0
12,barra_8,PS,0.0
13,barra_8,PS,0.0
14,barra_8,PS,0.0
15,barra_8,PS,0.0
16,barra_8,PS,0.0
17,barra_8,PS,0.0
18,barra_8,PS,0.0
19,barra_8,PS,0.0
20,barra_8,PS,0.0
21,barra_8,PS,0.0
22,barra_8,PS,0.0
23,barra_8,PS,0.0
24,barra_8,PS,0.0
1,barra_9,PS,0.0
2,barra_9,PS,0.0
3,barra_9,PS,0.0
4,barra_9,PS,0.0
5,barra_9,PS,0.0
6,barra_9,PS,0.0
7,barra_9,PS,0.0
8,barra_9,PS,0.0
9,barra_9,PS,0.0
10,barra_9,PS,0.0
11,barra_9,PS,0.0
12,barra_9,PS,0.0
13,barra_9,PS,0.0
14,barra_9,PS,0.0
15,barra_9,PS,0.0
16,barra_9,PS,0.0
17,barra_9,PS,0.0
18,barra_9,PS,0.0
19,barra_9,PS,0.0
20,barra_9,PS,0.0
21,barra_9,PS,0.0
22,barra_9,PS,0.0
23,barra_9,PS,0.0
24,barra_9,PS,0.0
1,barra_10,PS,0.0
2,barra_10,PS,0.0
3,barra_10,PS,0.0
4,barra_10,PS,0.0
5,barra_10,PS,0.0
6,barra_10,PS,0.0
7,barra_10,PS,0.0
8,barra_10,PS,0.0
9,barra_10,PS,0.0
10,barra_10,PS,0.0
11,barra_10,PS,0.0
12,barra_10,PS,0.0
13,barra_10,PS,0.0
14,barra_10,PS,0.0
15,barra_10,PS,0.0
16,barra_10,PS,0.0
17,barra_10,PS,0.0
18,barra_10,PS,0.0
19,barra_10,PS,0.0
20,barra_10,PS,0.0
21,barra_10,PS,0.0
22,barra_10,PS,0.0
23,barra_10,PS,0.0
24,barra_10,PS,0.0
1,barra_11,PS,0.0
2,barra_11,PS,0.0
3,barra_11,PS,0.0
4,barra_11,PS,0.0
5,barra_11,PS,0.0
6,barra_11,PS,0.0
7,barra_11,PS,0.0
8,barra_11,PS,0.0
9,barra_11,PS,0.0
10,barra_11,PS,0.0
11,barra_11,PS,0.0
12,barra_11,PS,0.0
13,barra_11,PS,0.0
14,barra_11,PS,0.0
15,barra_11,PS,0.0
16,barra_11,PS,0.0
17,barra_11,PS,0.0
18,barra_11,PS,0.0
19,barra_11,PS,0.0
20,barra_11,PS,0.0
21,barra_11,PS,0.0
22,barra_11,PS,0.0
23,barra_11,PS,0.0
24,barra_11,PS,0.0
1,barra_12,PS,0.0
2,barra_12,PS,0.0
3,barra_12,PS,0.0
4,barra_12,PS,0.0
5,barra_12,PS,0.0
6,barra_12,PS,0.0
7,barra_12,PS,0.0
8,barra_12,PS,0.0
9,barra_12,PS,0.0
10,barra_12,PS,0.0
11,barra_12,PS,0.0
12,barra_12,PS,0.0
13,barra_12,PS,0.0
14,barra_12,PS,0.0
15,barra_12,PS,0.0
16,barra_12,PS,0.0
17,barra_12,PS,0.0
18,barra_12,PS,0.0
19,barra_12,PS,0.0
20,barra_12,PS,0.0
21,barra_12,PS,0.0
22,barra_12,PS,0.0
23,barra_12,PS,0.0
24,barra_12,PS,0.0
1,barra_13,PS,0.0
2,barra_13,PS,0.0
3,barra_13,PS,0.0
4,barra_13,PS,0.0
5,barra_13,PS,0.0
6,barra_13,PS,0.0
7,barra_13,PS,0.0
8,barra_13,PS,0.0
9,barra_13,PS,0.0
10,barra_13,PS,0.0
11,barra_13,PS,0.0
12,barra_13,PS,0.0
13,barra_13,PS,0.0
14,barra_13,PS,0.0
15,barra_13,PS,0.0
16,barra_13,PS,0.0
17,barra_13,PS,0.0
18,barra_13,PS,0.0
19,barra_13,PS,0.0
20,barra_13,PS,0.0
21,barra_13,PS,0.0
22,barra_13,PS,0.0
23,barra_13,PS,0.0
24,barra_13,PS,0.0
1,barra_14,PS,0.0
2,barra_14,PS,0.0
3,barra_14,PS,0.0
4,barra_14,PS,0.0
5,barra_14,PS,0.0
6,barra_14,PS,0.0105
7,barra_14,PS,0.042
8,barra_14,PS,0.0875
9,barra_14,PS,0.1575
10,barra_14,PS,0.455
11,barra_14,PS,0.56
12,barra_14,PS,0.644
13,barra_14,PS,0.7
14,barra_14,PS,0.672
15,barra_14,PS,0.588
16,barra_14,PS,0.2275
17,barra_14,PS,0.133
18,barra_14,PS,0.0525
19,barra_14,PS,0.0105
20,barra_14,PS,0.0
21,barra_14,PS,0.0
22,barra_14,PS,0.0
23,barra_14,PS,0.0
24,barra_14,PS,0.0
1,barra_15,PS,0.0
2,barra_15,PS,0.0
3,barra_15,PS,0.0
4,barra_15,PS,0.0
5,barra_15,PS,0.0
6,barra_15,PS,0.0
7,barra_15,PS,0.0
8,barra_15,PS,0.0
9,barra_15,PS,0.0
10,barra_15,PS,0.0
11,barra_15,PS,0.0
12,barra_15,PS,0.0
13,barra_15,PS,0.0
14,barra_15,PS,0.0
15,barra_15,PS,0.0
16,barra_15,PS,0.0
17,barra_15,PS,0.0
18,barra_15,PS,0.0
19,barra_15,PS,0.0
20,barra_15,PS,0.0
21,barra_15,PS,0.0
22,barra_15,PS,0.0
23,barra_15,PS,0.0
24,barra_15,PS,0.0
1,barra_16,PS,0.0
2,barra_16,PS,0.0
3,barra_16,PS,0.0
4,barra_16,PS,0.0
5,barra_16,PS,0.0
6,barra_16,PS,0.0
7,barra_16,PS,0.0
8,barra_16,PS,0.0
9,barra_16,PS,0.0
10,barra_16,PS,0.0
11,barra_16,PS,0.0
12,barra_16,PS,0.0
13,barra_16,PS,0.0
14,barra_16,PS,0.0
15,barra_16,PS,0.0
16,barra_16,PS,0.0
17,barra_16,PS,0.0
18,barra_16,PS,0.0
19,barra_16,PS,0.0
20,barra_16,PS,0.0
21,barra_16,PS,0.0
22,barra_16,PS,0.0
23,barra_16,PS,0.0
24,barra_16,PS,0.0
1,barra_17,PS,0.0
2,barra_17,PS,0.0
3,barra_17,PS,0.0
4,barra_17,PS,0.0
5,barra_17,PS,0.0
6,barra_17,PS,0.0
7,barra_17,PS,0.0
8,barra_17,PS,0.0
9,barra_17,PS,0.0
10,barra_17,PS,0.0
11,barra_17,PS,0.0
12,barra_17,PS,0.0
13,barra_17,PS,0.0
14,barra_17,PS,0.0
15,barra_17,PS,0.0
16,barra_17,PS,0.0
17,barra_17,PS,0.0
18,barra_17,PS,0.0
19,barra_17,PS,0.0
20,barra_17,PS,0.0
21,barra_17,PS,0.0
22,barra_17,PS,0.0
23,barra_17,PS,0.0
24,barra_17,PS,0.0
1,barra_18,PS,0.0
2,barra_18,PS,0.0
3,barra_18,PS,0.0
4,barra_18,PS,0.0078752114
5,barra_18,PS,0.027499121
6,barra_18,PS,0.025917201
7,barra_18,PS,0.035009451
8,barra_18,PS,0.061332807
9,barra_18,PS,0.084674129
10,barra_18,PS,0.029261453
11,barra_18,PS,0.0
12,barra_18,PS,0.0
13,barra_18,PS,0.0
14,barra_18,PS,0.0
15,barra_18,PS,0.0
16,barra_18,PS,0.10668611
17,barra_18,PS,0.076168138
18,barra_18,PS,0.029129279
19,barra_18,PS,0.016245385
20,barra_18,PS,0.0
21,barra_18,PS,0.0
22,barra_18,PS,0.0
23,barra_18,PS,0.0
24,barra_18,PS,0.0
1,barra_19,PS,0.0
2,barra_19,PS,0.0
3,barra_19,PS,0.0
4,barra_19,PS,0.0
5,barra_19,PS,0.0
6,barra_19,PS,0.0
7,barra_19,PS,0.0
8,barra_19,PS,0.0
9,barra_19,PS,0.0
10,barra_19,PS,0.0
11,barra_19,PS,0.0
12,barra_19,PS,0.0
13,barra_19,PS,0.0
14,barra_19,PS,0.0
15,barra_19,PS,0.0
16,barra_19,PS,0.0
17,barra_19,PS,0.0
18,barra_19,PS,0.0
19,barra_19,PS,0.0
20,barra_19,PS,0.0
21,barra_19,PS,0.0
22,barra_19,PS,0.0
23,barra_19,PS,0.0
24,barra_19,PS,0.0
1,barra_20,PS,0.0
2,barra_20,PS,0.0
3,barra_20,PS,0.0
4,barra_20,PS,0.0
5,barra_20,PS,0.0
6,barra_20,PS,0.0
7,barra_20,PS,0.0
8,barra_20,PS,0.0
9,barra_20,PS,0.0
10,barra_20,PS,0.0
11,barra_20,PS,0.0
12,barra_20,PS,0.0
13,barra_20,PS,0.0
14,barra_20,PS,0.0
15,barra_20,PS,0.0
16,barra_20,PS,0.0
17,barra_20,PS,0.0
18,barra_20,PS,0.0
19,barra_20,PS,0.0
20,barra_20,PS,0.0
21,barra_20,PS,0.0
22,barra_20,PS,0.0
23,barra_20,PS,0.0
24,barra_20,PS,0.0
1,barra_21,PS,0.0
2,barra_21,PS,0.0
3,barra_21,PS,0.0
4,barra_21,PS,0.0
5,barra_21,PS,0.0
6,barra_21,PS,0.0
7,barra_21,PS,0.0
8,barra_21,PS,0.0
9,barra_21,PS,0.0
10,barra_21,PS,0.0
11,barra_21,PS,0.0
12,barra_21,PS,0.0
13,barra_21,PS,0.0
14,barra_21,PS,0.0
15,barra_21,PS,0.0
16,barra_21,PS,0.0
17,barra_21,PS,0.0
18,barra_21,PS,0.0
19,barra_21,PS,0.0
20,barra_21,PS,0.0
21,barra_21,PS,0.0
22,barra_21,PS,0.0
23,barra_21,PS,0.0
24,barra_21,PS,0.0
1,barra_22,PS,0.0
2,barra_22,PS,0.0
3,barra_22,PS,0.0
4,barra_22,PS,0.0
5,barra_22,PS,0.0
6,barra_22,PS,0.0
7,barra_22,PS,0.0
8,barra_22,PS,0.0
9,barra_22,PS,0.0
10,barra_22,PS,0.0
11,barra_22,PS,0.0
12,barra_22,PS,0.0
13,barra_22,PS,0.0
14,barra_22,PS,0.0
15,barra_22,PS,0.0
16,barra_22,PS,0.0
17,barra_22,PS,0.0
18,barra_22,PS,0.0
19,barra_22,PS,0.0
20,barra_22,PS,0.0
21,barra_22,PS,0.0
22,barra_22,PS,0.0
23,barra_22,PS,0.0
24,barra_22,PS,0.0
1,barra_23,PS,0.0
2,barra_23,PS,0.0
3,barra_23,PS,0.0
4,barra_23,PS,0.0
5,barra_23,PS,0.0
6,barra_23,PS,0.0
7,barra_23,PS,0.0
8,barra_23,PS,0.0
9,barra_23,PS,0.0
10,barra_23,PS,0.0
11,barra_23,PS,0.0
12,barra_23,PS,0.0
13,barra_23,PS,0.0
14,barra_23,PS,0.0
15,barra_23,PS,0.0
16,barra_23,PS,0.0
17,barra_23,PS,0.0
18,barra_23,PS,0.0
19,barra_23,PS,0.0
20,barra_23,PS,0.0
21,barra_23,PS,0.0
22,barra_23,PS,0.0
23,barra_23,PS,0.0
24,barra_23,PS,0.0
1,barra_24,PS,0.0
2,barra_24,PS,0.0
3,barra_24,PS,0.0
4,barra_24,PS,0.0
5,barra_24,PS,0.0
6,barra_24,PS,0.0
7,barra_24,PS,0.0
8,barra_24,PS,0.0
9,barra_24,PS,0.0
10,barra_24,PS,0.0
11,barra_24,PS,0.0
12,barra_24,PS,0.0
13,barra_24,PS,0.0
14,barra_24,PS,0.0
15,barra_24,PS,0.0
16,barra_24,PS,0.0
17,barra_24,PS,0.0
18,barra_24,PS,0.0
19,barra_24,PS,0.0
20,barra_24,PS,0.0
21,barra_24,PS,0.0
22,barra_24,PS,0.0
23,barra_24,PS,0.0
24,barra_24,PS,0.0
1,barra_25,PS,0.0
2,barra_25,PS,0.0
3,barra_25,PS,0.0
4,barra_25,PS,0.0
5,barra_25,PS,0.0
6,barra_25,PS,0.0135
7,barra_25,PS,0.054
8,barra_25,PS,0.1125
9,barra_25,PS,0.2025
10,barra_25,PS,0.585
11,barra_25,PS,0.72
12,barra_25,PS,0.828
13,barra_25,PS,0.9
14,barra_25,PS,0.864
15,barra_25,PS,0.756
16,barra_25,PS,0.2925
17,barra_25,PS,0.171
18,barra_25,PS,0.0675
19,barra_25,PS,0.0135
20,barra_25,PS,0.0
21,barra_25,PS,0.0
22,barra_25,PS,0.0
23,barra_25,PS,0.0
24,barra_25,PS,0.0
1,barra_26,PS,0.0
2,barra_26,PS,0.0
3,barra_26,PS,0.0
4,barra_26,PS,0.0
5,barra_26,PS,0.0
6,barra_26,PS,0.0
7,barra_26,PS,0.0
8,barra_26,PS,0.0
9,barra_26,PS,0.0
10,barra_26,PS,0.0
11,barra_26,PS,0.0
12,barra_26,PS,0.0
13,barra_26,PS,0.0
14,barra_26,PS,0.0
15,barra_26,PS,0.0
16,barra_26,PS,0.0
17,barra_26,PS,0.0
18,barra_26,PS,0.0
19,barra_26,PS,0.0
20,barra_26,PS,0.0
21,barra_26,PS,0.0
22,barra_26,PS,0.0
23,barra_26,PS,0.0
24,barra_26,PS,0.0
1,barra_27,PS,0.0
2,barra_27,PS,0.0
3,barra_27,PS,0.0
4,barra_27,PS,0.0
5,barra_27,PS,0.0
6,barra_27,PS,0.0
7,barra_27,PS,0.0
8,barra_27,PS,0.0
9,barra_27,PS,0.0
10,barra_27,PS,0.0
11,barra_27,PS,0.0
12,barra_27,PS,0.0
13,barra_27,PS,0.0
14,barra_27,PS,0.0
15,barra_27,PS,0.0
16,barra_27,PS,0.0
17,barra_27,PS,0.0
18,barra_27,PS,0.0
19,barra_27,PS,0.0
20,barra_27,PS,0.0
21,barra_27,PS,0.0
22,barra_27,PS,0.0
23,barra_27,PS,0.0
24,barra_27,PS,0.0
1,barra_28,PS,0.0
2,barra_28,PS,0.0
3,barra_28,PS,0.0
4,barra_28,PS,0.0
5,barra_28,PS,0.0
6,barra_28,PS,0.0
7,barra_28,PS,0.0
8,barra_28,PS,0.0
9,barra_28,PS,0.0
10,barra_28,PS,0.0
11,barra_28,PS,0.0
12,barra_28,PS,0.0
13,barra_28,PS,0.0
14,barra_28,PS,0.0
15,barra_28,PS,0.0
16,barra_28,PS,0.0
17,barra_28,PS,0.0
18,barra_28,PS,0.0
19,barra_28,PS,0.0
20,barra_28,PS,0.0
21,barra_28,PS,0.0
22,barra_28,PS,0.0
23,barra_28,PS,0.0
24,barra_28,PS,0.0
1,barra_29,PS,0.0
2,barra_29,PS,0.0
3,barra_29,PS,0.0
4,barra_29,PS,0.0
5,barra_29,PS,0.0
6,barra_29,PS,0.0
7,barra_29,PS,0.0
8,barra_29,PS,0.0
9,barra_29,PS,0.0
10,barra_29,PS,0.0
11,barra_29,PS,0.0
12,barra_29,PS,0.0
13,barra_29,PS,0.0
14,barra_29,PS,0.0
15,barra_29,PS,0.0
16,barra_29,PS,0.0
17,barra_29,PS,0.0
18,barra_29,PS,0.0
19,barra_29,PS,0.0
20,barra_29,PS,0.0
21,barra_29,PS,0.0
22,barra_29,PS,0.0
23,barra_29,PS,0.0
24,barra_29,PS,0.0
1,barra_30,PS,0.0
2,barra_30,PS,0.0
3,barra_30,PS,0.0
4,barra_30,PS,0.094015793
5,barra_30,PS,0.11310131
6,barra_30,PS,0.11806372
7,barra_30,PS,0.1202582
8,barra_30,PS,0.13552231
9,barra_30,PS,0.1408612
10,barra_30,PS,0.14870125
11,barra_30,PS,0.089350309
12,barra_30,PS,0.0
13,barra_30,PS,0.0
14,barra_30,PS,0.0
15,barra_30,PS,0.0
16,barra_30,PS,0.14177704
17,barra_30,PS,0.14149028
18,barra_30,PS,0.12621895
19,barra_30,PS,0.10259832
20,barra_30,PS,0.067127058
21,barra_30,PS,0.037156846
22,barra_30,PS,0.0
23,barra_30,PS,0.0
24,barra_30,PS,0.0
1,barra_31,PS,0.0
2,barra_31,PS,0.0
3,barra_31,PS,0.0
4,barra_31,PS,0.0
5,barra_31,PS,0.0
6,barra_31,PS,0.0
7,barra_31,PS,0.0
8,barra_31,PS,0.0
9,barra_31,PS,0.0
10,barra_31,PS,0.0
11,barra_31,PS,0.0
12,barra_31,PS,0.0
13,barra_31,PS,0.0
14,barra_31,PS,0.0
15,barra_31,PS,0.0
16,barra_31,PS,0.0
17,barra_31,PS,0.0
18,barra_31,PS,0.0
19,barra_31,PS,0.0
20,barra_31,PS,0.0
21,barra_31,PS,0.0
22,barra_31,PS,0.0
23,barra_31,PS,0.0
24,barra_31,PS,0.0
1,barra_32,PS,0.0
2,barra_32,PS,0.0
3,barra_32,PS,0.0
4,barra_32,PS,0.0
5,barra_32,PS,0.0
6,barra_32,PS,0.0
7,barra_32,PS,0.0
8,barra_32,PS,0.0
9,barra_32,PS,0.0
10,barra_32,PS,0.0
11,barra_32,PS,0.0
12,barra_32,PS,0.0
13,barra_32,PS,0.0
14,barra_32,PS,0.0
15,barra_32,PS,0.0
16,barra_32,PS,0.0
17,barra_32,PS,0.0
18,barra_32,PS,0.0
19,barra_32,PS,0.0
20,barra_32,PS,0.0
21,barra_32,PS,0.0
22,barra_32,PS,0.0
23,barra_32,PS,0.0
24,barra_32,PS,0.0
1,barra_33,PS,0.0
2,barra_33,PS,0.0
3,barra_33,PS,0.0
4,barra_33,PS,0.0
5,barra_33,PS,0.0
6,barra_33,PS,0.0
7,barra_33,PS,0.0
8,barra_33,PS,0.0
9,barra_33,PS,0.0
10,barra_33,PS,0.0
11,barra_33,PS,0.0
12,barra_33,PS,0.0
13,barra_33,PS,0.0
14,barra_33,PS,0.0
15,barra_33,PS,0.0
16,barra_33,PS,0.0
17,barra_33,PS,0.0
18,barra_33,PS,0.0
19,barra_33,PS,0.0
20,barra_33,PS,0.0
21,barra_33,PS,0.0
22,barra_33,PS,0.0
23,barra_33,PS,0.0
24,barra_33,PS,0.0
1,barra_1,PW,0.0
2,barra_1,PW,0.0
3,barra_1,PW,0.0
4,barra_1,PW,0.0
5,barra_1,PW,0.0
6,barra_1,PW,0.0
7,barra_1,PW,0.0
8,barra_1,PW,0.0
9,barra_1,PW,0.0
10,barra_1,PW,0.0
11,barra_1,PW,0.0
12,barra_1,PW,0.0
13,barra_1,PW,0.0
14,barra_1,PW,0.0
15,barra_1,PW,0.0
16,barra_1,PW,0.0
17,barra_1,PW,0.0
18,barra_1,PW,0.0
19,barra_1,PW,0.0
20,barra_1,PW,0.0
21,barra_1,PW,0.0
22,barra_1,PW,0.0
23,barra_1,PW,0.0
24,barra_1,PW,0.0
1,barra_2,PW,0.0
2,barra_2,PW,0.0
3,barra_2,PW,0.0
4,barra_2,PW,0.0
5,barra_2,PW,0.0
6,barra_2,PW,0.0
7,barra_2,PW,0.0
8,barra_2,PW,0.0
9,barra_2,PW,0.0
10,barra_2,PW,0.0
11,barra_2,PW,0.0
12,barra_2,PW,0.0
13,barra_2,PW,0.0
14,barra_2,PW,0.0
15,barra_2,PW,0.0
16,barra_2,PW,0.0
17,barra_2,PW,0.0
18,barra_2,PW,0.0
19,barra_2,PW,0.0
20,barra_2,PW,0.0
21,barra_2,PW,0.0
22,barra_2,PW,0.0
23,barra_2,PW,0.0
24,barra_2,PW,0.0
1,barra_3,PW,0.0
2,barra_3,PW,0.0
3,barra_3,PW,0.0
4,barra_3,PW,0.0
5,barra_3,PW,0.0
6,barra_3,PW,0.0
7,barra_3,PW,0.0
8,barra_3,PW,0.0
9,barra_3,PW,0.0
10,barra_3,PW,0.0
11,barra_3,PW,0.0
12,barra_3,PW,0.0
13,barra_3,PW,0.0
14,barra_3,PW,0.0
15,barra_3,PW,0.0
16,barra_3,PW,0.0
17,barra_3,PW,0.0
18,barra_3,PW,0.0
19,barra_3,PW,0.0
20,barra_3,PW,0.0
21,barra_3,PW,0.0
22,barra_3,PW,0.0
23,barra_3,PW,0.0
24,barra_3,PW,0.0
1,barra_4,PW,0.0
2,barra_4,PW,0.0
3,barra_4,PW,0.0
4,barra_4,PW,0.0
5,barra_4,PW,0.0
6,barra_4,PW,0.0
7,barra_4,PW,0.0
8,barra_4,PW,0.0
9,barra_4,PW,0.0
10,barra_4,PW,0.0
11,barra_4,PW,0.0
12,barra_4,PW,0.0
13,barra_4,PW,0.0
14,barra_4,PW,0.0
15,barra_4,PW,0.0
16,barra_4,PW,0.0
17,barra_4,PW,0.0
18,barra_4,PW,0.0
19,barra_4,PW,0.0
20,barra_4,PW,0.0
21,barra_4,PW,0.0
22,barra_4,PW,0.0
23,barra_4,PW,0.0
24,barra_4,PW,0.0
1,barra_5,PW,0.0
2,barra_5,PW,0.0
3,barra_5,PW,0.0
4,barra_5,PW,0.0
5,barra_5,PW,0.0
6,barra_5,PW,0.0
7,barra_5,PW,0.0
8,barra_5,PW,0.0
9,barra_5,PW,0.0
10,barra_5,PW,0.0
11,barra_5,PW,0.0
12,barra_5,PW,0.0
13,barra_5,PW,0.0
14,barra_5,PW,0.0
15,barra_5,PW,0.0
16,barra_5,PW,0.0
17,barra_5,PW,0.0
18,barra_5,PW,0.0
19,barra_5,PW,0.0
20,barra_5,PW,0.0
21,barra_5,PW,0.0
22,barra_5,PW,0.0
23,barra_5,PW,0.0
24,barra_5,PW,0.0
1,barra_6,PW,1.0926598
2,barra_6,PW,1.1216695
3,barra_6,PW,1.1427119
4,barra_6,PW,1.149895
5,barra_6,PW,1.1393118
6,barra_6,PW,1.0509581
7,barra_6,PW,0.92478588
8,barra_6,PW,0.85453902
9,barra_6,PW,0.74148959
10,barra_6,PW,0.36086976
11,barra_6,PW,0.17692643
12,barra_6,PW,0.0
13,barra_6,PW,0.0
14,barra_6,PW,0.0
15,barra_6,PW,0.061253179
16,barra_6,PW,0.62184575
17,barra_6,PW,0.78683304
18,barra_6,PW,0.94091784
19,barra_6,PW,1.1295389
20,barra_6,PW,1.1650814
21,barra_6,PW,1.1726163
22,barra_6,PW,1.2010878
23,barra_6,PW,1.2304432
24,barra_6,PW,1.2276556
1,barra_7,PW,0.0
2,barra_7,PW,0.0
3,barra_7,PW,0.0
4,barra_7,PW,0.0
5,barra_7,PW,0.0
6,barra_7,PW,0.0
7,barra_7,PW,0.0
8,barra_7,PW,0.0
9,barra_7,PW,0.0
10,barra_7,PW,0.0
11,barra_7,PW,0.0
12,barra_7,PW,0.0
13,barra_7,PW,0.0
14,barra_7,PW,0.0
15,barra_7,PW,0.0
16,barra_7,PW,0.0
17,barra_7,PW,0.0
18,barra_7,PW,0.0
19,barra_7,PW,0.0
20,barra_7,PW,0.0
21,barra_7,PW,0.0
22,barra_7,PW,0.0
23,barra_7,PW,0.0
24,barra_7,PW,0.0
1,barra_8,PW,0.0
2,barra_8,PW,0.0
3,barra_8,PW,0.0
4,barra_8,PW,0.0
5,barra_8,PW,0.0
6,barra_8,PW,0.0
7,barra_8,PW,0.0
8,barra_8,PW,0.0
9,barra_8,PW,0.0
10,barra_8,PW,0.0
11,barra_8,PW,0.0
12,barra_8,PW,0.0
13,barra_8,PW,0.0
14,barra_8,PW,0.0
15,barra_8,PW,0.0
16,barra_8,PW,0.0
17,barra_8,PW,0.0
18,barra_8,PW,0.0
19,barra_8,PW,0.0
20,barra_8,PW,0.0
21,barra_8,PW,0.0
22,barra_8,PW,0.0
23,barra_8,PW,0.0
24,barra_8,PW,0.0
1,barra_9,PW,0.0
2,barra_9,PW,0.0
3,barra_9,PW,0.0
4,barra_9,PW,0.0
5,barra_9,PW,0.0
6,barra_9,PW,0.0
7,barra_9,PW,0.0
8,barra_9,PW,0.0
9,barra_9,PW,0.0
10,barra_9,PW,0.0
11,barra_9,PW,0.0
12,barra_9,PW,0.0
13,barra_9,PW,0.0
14,barra_9,PW,0.0
15,barra_9,PW,0.0
16,barra_9,PW,0.0
17,barra_9,PW,0.0
18,barra_9,PW,0.0
19,barra_9,PW,0.0
20,barra_9,PW,0.0
21,barra_9,PW,0.0
22,barra_9,PW,0.0
23,barra_9,PW,0.0
24,barra_9,PW,0.0
1,barra_10,PW,0.0
2,barra_10,PW,0.0
3,barra_10,PW,0.0
4,barra_10,PW,0.0
5,barra_10,PW,0.0
6,barra_10,PW,0.0
7,barra_10,PW,0.0
8,barra_10,PW,0.0
9,barra_10,PW,0.0
10,barra_10,PW,0.0
11,barra_10,PW,0.0
12,barra_10,PW,0.0
13,barra_10,PW,0.0
14,barra_10,PW,0.0
15,barra_10,PW,0.0
16,barra_10,PW,0.0
17,barra_10,PW,0.0
18,barra_10,PW,0.0
19,barra_10,PW,0.0
20,barra_10,PW,0.0
21,barra_10,PW,0.0
22,barra_10,PW,0.0
23,barra_10,PW,0.0
24,barra_10,PW,0.0
1,barra_11,PW,0.0
2,barra_11,PW,0.0
3,barra_11,PW,0.0
4,barra_11,PW,0.0
5,barra_11,PW,0.0
6,barra_11,PW,0.0
7,barra_11,PW,0.0
8,barra_11,PW,0.0
9,barra_11,PW,0.0
10,barra_11,PW,0.0
11,barra_11,PW,0.0
12,barra_11,PW,0.0
13,barra_11,PW,0.0
14,barra_11,PW,0.0
15,barra_11,PW,0.0
16,barra_11,PW,0.0
17,barra_11,PW,0.0
18,barra_11,PW,0.0
19,barra_11,PW,0.0
20,barra_11,PW,0.0
21,barra_11,PW,0.0
22,barra_11,PW,0.0
23,barra_11,PW,0.0
24,barra_11,PW,0.0
1,barra_12,PW,0.0
2,barra_12,PW,0.0
3,barra_12,PW,0.0
4,barra_12,PW,0.0
5,barra_12,PW,0.0
6,barra_12,PW,0.0
7,barra_12,PW,0.0
8,barra_12,PW,0.0
9,barra_12,PW,0.0
10,barra_12,PW,0.0
11,barra_12,PW,0.0
12,barra_12,PW,0.0
13,barra_12,PW,0.0
14,barra_12,PW,0.0
15,barra_12,PW,0.0
16,barra_12,PW,0.0
17,barra_12,PW,0.0
18,barra_12,PW,0.0
19,barra_12,PW,0.0
20,barra_12,PW,0.0
21,barra_12,PW,0.0
22,barra_12,PW,0.0
23,barra_12,PW,0.0
24,barra_12,PW,0.0
1,barra_13,PW,0.0
2,barra_13,PW,0.0
3,barra_13,PW,0.0
4,barra_13,PW,0.0
5,barra_13,PW,0.0
6,barra_13,PW,0.0
7,barra_13,PW,0.0
8,barra_13,PW,0.0
9,barra_13,PW,0.0
10,barra_13,PW,0.0
11,barra_13,PW,0.0
12,barra_13,PW,0.0
13,barra_13,PW,0.0
14,barra_13,PW,0.0
15,barra_13,PW,0.0
16,barra_13,PW,0.0
17,barra_13,PW,0.0
18,barra_13,PW,0.0
19,barra_13,PW,0.0
20,barra_13,PW,0.0
21,barra_13,PW,0.0
22,barra_13,PW,0.0
23,barra_13,PW,0.0
24,barra_13,PW,0.0
1,barra_14,PW,0.34338046
2,barra_14,PW,0.34662672
3,barra_14,PW,0.34771898
4,barra_14,PW,0.42793452
5,barra_14,PW,0.4232743
6,barra_14,PW,0.3999535
7,barra_14,PW,0.34753131
8,barra_14,PW,0.29470976
9,barra_14,PW,0.21144989
10,barra_14,PW,0.0
11,barra_14,PW,0.0
12,barra_14,PW,0.0
13,barra_14,PW,0.0
14,barra_14,PW,0.0
15,barra_14,PW,0.0
16,barra_14,PW,0.12554281
17,barra_14,PW,0.24290774
18,barra_14,PW,0.34753528
19,barra_14,PW,0.4131483
20,barra_14,PW,0.44467759
21,barra_14,PW,0.4468471
22,barra_14,PW,0.3095426
23,barra_14,PW,0.37503947
24,barra_14,PW,0.40950268
1,barra_15,PW,0.0
2,barra_15,PW,0.0
3,barra_15,PW,0.0
4,barra_15,PW,0.0
5,barra_15,PW,0.0
6,barra_15,PW,0.0
7,barra_15,PW,0.0
8,barra_15,PW,0.0
9,barra_15,PW,0.0
10,barra_15,PW,0.0
11,barra_15,PW,0.0
12,barra_15,PW,0.0
13,barra_15,PW,0.0
14,barra_15,PW,0.0
15,barra_15,PW,0.0
16,barra_15,PW,0.0
17,barra_15,PW,0.0
18,barra_15,PW,0.0
19,barra_15,PW,0.0
20,barra_15,PW,0.0
21,barra_15,PW,0.0
22,barra_15,PW,0.0
23,barra_15,PW,0.0
24,barra_15,PW,0.0
1,barra_16,PW,0.0
2,barra_16,PW,0.0
3,barra_16,PW,0.0
4,barra_16,PW,0.0
5,barra_16,PW,0.0
6,barra_16,PW,0.0
7,barra_16,PW,0.0
8,barra_16,PW,0.0
9,barra_16,PW,0.0
10,barra_16,PW,0.0
11,barra_16,PW,0.0
12,barra_16,PW,0.0
13,barra_16,PW,0.0
14,barra_16,PW,0.0
15,barra_16,PW,0.0
16,barra_16,PW,0.0
17,barra_16,PW,0.0
18,barra_16,PW,0.0
19,barra_16,PW,0.0
20,barra_16,PW,0.0
21,barra_16,PW,0.0
22,barra_16,PW,0.0
23,barra_16,PW,0.0
24,barra_16,PW,0.0
1,barra_17,PW,0.0
2,barra_17,PW,0.0
3,barra_17,PW,0.0
4,barra_17,PW,0.0
5,barra_17,PW,0.0
6,barra_17,PW,0.0
7,barra_17,PW,0.0
8,barra_17,PW,0.0
9,barra_17,PW,0.0
10,barra_17,PW,0.0
11,barra_17,PW,0.0
12,barra_17,PW,0.0
13,barra_17,PW,0.0
14,barra_17,PW,0.0
15,barra_17,PW,0.0
16,barra_17,PW,0.0
17,barra_17,PW,0.0
18,barra_17,PW,0.0
19,barra_17,PW,0.0
20,barra_17,PW,0.0
21,barra_17,PW,0.0
22,barra_17,PW,0.0
23,barra_17,PW,0.0
24,barra_17,PW,0.0
1,barra_18,PW,0.612
2,barra_18,PW,0.63
3,barra_18,PW,0.648
4,barra_18,PW,0.444
5,barra_18,PW,0.42
6,barra_18,PW,0.396
7,barra_18,PW,0.36
8,barra_18,PW,0.33
9,barra_18,PW,0.3
10,barra_18,PW,0.276
11,barra_18,PW,0.264
12,barra_18,PW,0.252
13,barra_18,PW,0.24
14,barra_18,PW,0.228
15,barra_18,PW,0.24
16,barra_18,PW,0.27
17,barra_18,PW,0.312
18,barra_18,PW,0.372
19,barra_18,PW,0.432
20,barra_18,PW,0.48
21,barra_18,PW,0.516
22,barra_18,PW,0.81
23,barra_18,PW,0.756
24,barra_18,PW,0.684
1,barra_19,PW,0.0
2,barra_19,PW,0.0
3,barra_19,PW,0.0
4,barra_19,PW,0.0
5,barra_19,PW,0.0
6,barra_19,PW,0.0
7,barra_19,PW,0.0
8,barra_19,PW,0.0
9,barra_19,PW,0.0
10,barra_19,PW,0.0
11,barra_19,PW,0.0
12,barra_19,PW,0.0
13,barra_19,PW,0.0
14,barra_19,PW,0.0
15,barra_19,PW,0.0
16,barra_19,PW,0.0
17,barra_19,PW,0.0
18,barra_19,PW,0.0
19,barra_19,PW,0.0
20,barra_19,PW,0.0
21,barra_19,PW,0.0
22,barra_19,PW,0.0
23,barra_19,PW,0.0
24,barra_19,PW,0.0
1,barra_20,PW,0.0
2,barra_20,PW,0.0
3,barra_20,PW,0.0
4,barra_20,PW,0.0
5,barra_20,PW,0.0
6,barra_20,PW,0.0
7,barra_20,PW,0.0
8,barra_20,PW,0.0
9,barra_20,PW,0.0
10,barra_20,PW,0.0
11,barra_20,PW,0.0
12,barra_20,PW,0.0
13,barra_20,PW,0.0
14,barra_20,PW,0.0
15,barra_20,PW,0.0
16,barra_20,PW,0.0
17,barra_20,PW,0.0
18,barra_20,PW,0.0
19,barra_20,PW,0.0
20,barra_20,PW,0.0
21,barra_20,PW,0.0
22,barra_20,PW,0.0
23,barra_20,PW,0.0
24,barra_20,PW,0.0
1,barra_21,PW,0.0
2,barra_21,PW,0.0
3,barra_21,PW,0.0
4,barra_21,PW,0.0
5,barra_21,PW,0.0
6,barra_21,PW,0.0
7,barra_21,PW,0.0
8,barra_21,PW,0.0
9,barra_21,PW,0.0
10,barra_21,PW,0.0
11,barra_21,PW,0.0
12,barra_21,PW,0.0
13,barra_21,PW,0.0
14,barra_21,PW,0.0
15,barra_21,PW,0.0
16,barra_21,PW,0.0
17,barra_21,PW,0.0
18,barra_21,PW,0.0
19,barra_21,PW,0.0
20,barra_21,PW,0.0
21,barra_21,PW,0.0
22,barra_21,PW,0.0
23,barra_21,PW,0.0
24,barra_21,PW,0.0
1,barra_22,PW,0.0
2,barra_22,PW,0.0
3,barra_22,PW,0.0
4,barra_22,PW,0.0
5,barra_22,PW,0.0
6,barra_22,PW,0.0
7,barra_22,PW,0.0
8,barra_22,PW,0.0
9,barra_22,PW,0.0
10,barra_22,PW,0.0
11,barra_22,PW,0.0
12,barra_22,PW,0.0
13,barra_22,PW,0.0
14,barra_22,PW,0.0
15,barra_22,PW,0.0
16,barra_22,PW,0.0
17,barra_22,PW,0.0
18,barra_22,PW,0.0
19,barra_22,PW,0.0
20,barra_22,PW,0.0
21,barra_22,PW,0.0
22,barra_22,PW,0.0
23,barra_22,PW,0.0
24,barra_22,PW,0.0
1,barra_23,PW,0.0
2,barra_23,PW,0.0
3,barra_23,PW,0.0
4,barra_23,PW,0.0
5,barra_23,PW,0.0
6,barra_23,PW,0.0
7,barra_23,PW,0.0
8,barra_23,PW,0.0
9,barra_23,PW,0.0
10,barra_23,PW,0.0
11,barra_23,PW,0.0
12,barra_23,PW,0.0
13,barra_23,PW,0.0
14,barra_23,PW,0.0
15,barra_23,PW,0.0
16,barra_23,PW,0.0
17,barra_23,PW,0.0
18,barra_23,PW,0.0
19,barra_23,PW,0.0
20,barra_23,PW,0.0
21,barra_23,PW,0.0
22,barra_23,PW,0.0
23,barra_23,PW,0.0
24,barra_23,PW,0.0
1,barra_24,PW,0.0
2,barra_24,PW,0.0
3,barra_24,PW,0.0
4,barra_24,PW,0.0
5,barra_24,PW,0.0
6,barra_24,PW,0.0
7,barra_24,PW,0.0
8,barra_24,PW,0.0
9,barra_24,PW,0.0
10,barra_24,PW,0.0
11,barra_24,PW,0.0
12,barra_24,PW,0.0
13,barra_24,PW,0.0
14,barra_24,PW,0.0
15,barra_24,PW,0.0
16,barra_24,PW,0.0
17,barra_24,PW,0.0
18,barra_24,PW,0.0
19,barra_24,PW,0.0
20,barra_24,PW,0.0
21,barra_24,PW,0.0
22,barra_24,PW,0.0
23,barra_24,PW,0.0
24,barra_24,PW,0.0
1,barra_25,PW,0.62502044
2,barra_25,PW,0.63083983
3,barra_25,PW,0.62673316
4,barra_25,PW,0.85456005
5,barra_25,PW,0.84435065
6,barra_25,PW,0.77116213
7,barra_25,PW,0.66089061
8,barra_25,PW,0.58894869
9,barra_25,PW,0.47460236
10,barra_25,PW,0.076545824
11,barra_25,PW,0.0
12,barra_25,PW,0.0
13,barra_25,PW,0.0
14,barra_25,PW,0.0
15,barra_25,PW,0.0
16,barra_25,PW,0.35539792
17,barra_25,PW,0.51887856
18,barra_25,PW,0.66866397
19,barra_25,PW,0.83259168
20,barra_25,PW,0.85697513
21,barra_25,PW,0.84220261
22,barra_25,PW,0.54059299
23,barra_25,PW,0.63987687
24,barra_25,PW,0.73962811
1,barra_26,PW,0.0
2,barra_26,PW,0.0
3,barra_26,PW,0.0
4,barra_26,PW,0.0
5,barra_26,PW,0.0
6,barra_26,PW,0.0
7,barra_26,PW,0.0
8,barra_26,PW,0.0
9,barra_26,PW,0.0
10,barra_26,PW,0.0
11,barra_26,PW,0.0
12,barra_26,PW,0.0
13,barra_26,PW,0.0
14,barra_26,PW,0.0
15,barra_26,PW,0.0
16,barra_26,PW,0.0
17,barra_26,PW,0.0
18,barra_26,PW,0.0
19,barra_26,PW,0.0
20,barra_26,PW,0.0
21,barra_26,PW,0.0
22,barra_26,PW,0.0
23,barra_26,PW,0.0
24,barra_26,PW,0.0
1,barra_27,PW,0.0
2,barra_27,PW,0.0
3,barra_27,PW,0.0
4,barra_27,PW,0.0
5,barra_27,PW,0.0
6,barra_27,PW,0.0
7,barra_27,PW,0.0
8,barra_27,PW,0.0
9,barra_27,PW,0.0
10,barra_27,PW,0.0
11,barra_27,PW,0.0
12,barra_27,PW,0.0
13,barra_27,PW,0.0
14,barra_27,PW,0.0
15,barra_27,PW,0.0
16,barra_27,PW,0.0
17,barra_27,PW,0.0
18,barra_27,PW,0.0
19,barra_27,PW,0.0
20,barra_27,PW,0.0
21,barra_27,PW,0.0
22,barra_27,PW,0.0
23,barra_27,PW,0.0
24,barra_27,PW,0.0
1,barra_28,PW,0.0
2,barra_28,PW,0.0
3,barra_28,PW,0.0
4,barra_28,PW,0.0
5,barra_28,PW,0.0
6,barra_28,PW,0.0
7,barra_28,PW,0.0
8,barra_28,PW,0.0
9,barra_28,PW,0.0
10,barra_28,PW,0.0
11,barra_28,PW,0.0
12,barra_28,PW,0.0
13,barra_28,PW,0.0
14,barra_28,PW,0.0
15,barra_28,PW,0.0
16,barra_28,PW,0.0
17,barra_28,PW,0.0
18,barra_28,PW,0.0
19,barra_28,PW,0.0
20,barra_28,PW,0.0
21,barra_28,PW,0.0
22,barra_28,PW,0.0
23,barra_28,PW,0.0
24,barra_28,PW,0.0
1,barra_29,PW,0.0
2,barra_29,PW,0.0
3,barra_29,PW,0.0
4,barra_29,PW,0.0
5,barra_29,PW,0.0
6,barra_29,PW,0.0
7,barra_29,PW,0.0
8,barra_29,PW,0.0
9,barra_29,PW,0.0
10,barra_29,PW,0.0
11,barra_29,PW,0.0
12,barra_29,PW,0.0
13,barra_29,PW,0.0
14,barra_29,PW,0.0
15,barra_29,PW,0.0
16,barra_29,PW,0.0
17,barra_29,PW,0.0
18,barra_29,PW,0.0
19,barra_29,PW,0.0
20,barra_29,PW,0.0
21,barra_29,PW,0.0
22,barra_29,PW,0.0
23,barra_29,PW,0.0
24,barra_29,PW,0.0
1,barra_30,PW,0.561
2,barra_30,PW,0.5775
3,barra_30,PW,0.594
4,barra_30,PW,0.407
5,barra_30,PW,0.385
6,barra_30,PW,0.363
7,barra_30,PW,0.33
8,barra_30,PW,0.3025
9,barra_30,PW,0.275
10,barra_30,PW,0.253
11,barra_30,PW,0.242
12,barra_30,PW,0.231
13,barra_30,PW,0.22
14,barra_30,PW,0.209
15,barra_30,PW,0.22
16,barra_30,PW,0.2475
17,barra_30,PW,0.286
18,barra_30,PW,0.341
19,barra_30,PW,0.396
20,barra_30,PW,0.44
21,barra_30,PW,0.473
22,barra_30,PW,0.7425
23,barra_30,PW,0.693
24,barra_30,PW,0.627
1,barra_31,PW,0.0
2,barra_31,PW,0.0
3,barra_31,PW,0.0
4,barra_31,PW,0.0
5,barra_31,PW,0.0
6,barra_31,PW,0.0
7,barra_31,PW,0.0
8,barra_31,PW,0.0
9,barra_31,PW,0.0
10,barra_31,PW,0.0
11,barra_31,PW,0.0
12,barra_31,PW,0.0
13,barra_31,PW,0.0
14,barra_31,PW,0.0
15,barra_31,PW,0.0
16,barra_31,PW,0.0
17,barra_31,PW,0.0
18,barra_31,PW,0.0
19,barra_31,PW,0.0
20,barra_31,PW,0.0
21,barra_31,PW,0.0
22,barra_31,PW,0.0
23,barra_31,PW,0.0
24,barra_31,PW,0.0
1,barra_32,PW,0.0
2,barra_32,PW,0.0
3,barra_32,PW,0.0
4,barra_32,PW,0.0
5,barra_32,PW,0.0
6,barra_32,PW,0.0
7,barra_32,PW,0.0
8,barra_32,PW,0.0
9,barra_32,PW,0.0
10,barra_32,PW,0.0
11,barra_32,PW,0.0
12,barra_32,PW,0.0
13,barra_32,PW,0.0
14,barra_32,PW,0.0
15,barra_32,PW,0.0
16,barra_32,PW,0.0
17,barra_32,PW,0.0
18,barra_32,PW,0.0
19,barra_32,PW,0.0
20,barra_32,PW,0.0
21,barra_32,PW,0.0
22,barra_32,PW,0.0
23,barra_32,PW,0.0
24,barra_32,PW,0.0
1,barra_33,PW,0.0
2,barra_33,PW,0.0
3,barra_33,PW,0.0
4,barra_33,PW,0.0
5,barra_33,PW,0.0
6,barra_33,PW,0.0
7,barra_33,PW,0.0
8,barra_33,PW,0.0
9,barra_33,PW,0.0
10,barra_33,PW,0.0
11,barra_33,PW,0.0
12,barra_33,PW,0.0
13,barra_33,PW,0.0
14,barra_33,PW,0.0
15,barra_33,PW,0.0
16,barra_33,PW,0.0
17,barra_33,PW,0.0
18,barra_33,PW,0.0
19,barra_33,PW,0.0
20,barra_33,PW,0.0
21,barra_33,PW,0.0
22,barra_33,PW,0.0
23,barra_33,PW,0.0
24,barra_33,PW,0.0
1,barra_1,CS,0.0
2,barra_1,CS,0.0
3,barra_1,CS,0.0
4,barra_1,CS,0.0
5,barra_1,CS,0.0
6,barra_1,CS,0.0
7,barra_1,CS,0.0
8,barra_1,CS,0.0
9,barra_1,CS,0.0
10,barra_1,CS,0.0
11,barra_1,CS,0.0
12,barra_1,CS,0.0
13,barra_1,CS,0.0
14,barra_1,CS,0.0
15,barra_1,CS,0.0
16,barra_1,CS,0.0
17,barra_1,CS,0.0
18,barra_1,CS,0.0
19,barra_1,CS,0.0
20,barra_1,CS,0.0
21,barra_1,CS,0.0
22,barra_1,CS,0.0
23,barra_1,CS,0.0
24,barra_1,CS,0.0
1,barra_2,CS,0.0
2,barra_2,CS,0.0
3,barra_2,CS,0.0
4,barra_2,CS,0.0
5,barra_2,CS,0.0
6,barra_2,CS,0.0
7,barra_2,CS,0.0
8,barra_2,CS,0.0
9,barra_2,CS,0.0
10,barra_2,CS,0.0
11,barra_2,CS,0.0
12,barra_2,CS,0.0
13,barra_2,CS,0.0
14,barra_2,CS,0.0
15,barra_2,CS,0.0
16,barra_2,CS,0.0
17,barra_2,CS,0.0
18,barra_2,CS,0.0
19,barra_2,CS,0.0
20,barra_2,CS,0.0
21,barra_2,CS,0.0
22,barra_2,CS,0.0
23,barra_2,CS,0.0
24,barra_2,CS,0.0
1,barra_3,CS,0.0
2,barra_3,CS,0.0
3,barra_3,CS,0.0
4,barra_3,CS,0.0
5,barra_3,CS,0.0
6,barra_3,CS,0.0
7,barra_3,CS,0.0
8,barra_3,CS,0.0
9,barra_3,CS,0.0
10,barra_3,CS,0.0
11,barra_3,CS,0.0
12,barra_3,CS,0.0
13,barra_3,CS,0.0
14,barra_3,CS,0.0
15,barra_3,CS,0.0
16,barra_3,CS,0.0
17,barra_3,CS,0.0
18,barra_3,CS,0.0
19,barra_3,CS,0.0
20,barra_3,CS,0.0
21,barra_3,CS,0.0
22,barra_3,CS,0.0
23,barra_3,CS,0.0
24,barra_3,CS,0.0
1,barra_4,CS,0.0
2,barra_4,CS,0.0
3,barra_4,CS,0.0
4,barra_4,CS,0.0
5,barra_4,CS,0.0
6,barra_4,CS,0.0
7,barra_4,CS,0.0
8,barra_4,CS,0.0
9,barra_4,CS,0.0
10,barra_4,CS,0.0
11,barra_4,CS,0.0
12,barra_4,CS,0.0
13,barra_4,CS,0.0
14,barra_4,CS,0.0
15,barra_4,CS,0.0
16,barra_4,CS,0.0
17,barra_4,CS,0.0
18,barra_4,CS,0.0
19,barra_4,CS,0.0
20,barra_4,CS,0.0
21,barra_4,CS,0.0
22,barra_4,CS,0.0
23,barra_4,CS,0.0
24,barra_4,CS,0.0
1,barra_5,CS,0.0
2,barra_5,CS,0.0
3,barra_5,CS,0.0
4,barra_5,CS,0.0
5,barra_5,CS,0.0
6,barra_5,CS,0.0
7,barra_5,CS,0.0
8,barra_5,CS,0.0
9,barra_5,CS,0.0
10,barra_5,CS,0.0
11,barra_5,CS,0.0
12,barra_5,CS,0.0
13,barra_5,CS,0.0
14,barra_5,CS,0.0
15,barra_5,CS,0.0
16,barra_5,CS,0.0
17,barra_5,CS,0.0
18,barra_5,CS,0.0
19,barra_5,CS,0.0
20,barra_5,CS,0.0
21,barra_5,CS,0.0
22,barra_5,CS,0.0
23,barra_5,CS,0.0
24,barra_5,CS,0.0
1,barra_6,CS,0.0
2,barra_6,CS,0.0
3,barra_6,CS,0.0
4,barra_6,CS,0.0
5,barra_6,CS,0.0
6,barra_6,CS,-0.0
7,barra_6,CS,-0.0
8,barra_6,CS,-0.0
9,barra_6,CS,-0.0
10,barra_6,CS,-0.0
11,barra_6,CS,-0.0
12,barra_6,CS,-0.0
13,barra_6,CS,-0.0
14,barra_6,CS,-0.0
15,barra_6,CS,-0.0
16,barra_6,CS,-0.0
17,barra_6,CS,-0.0
18,barra_6,CS,-0.0
19,barra_6,CS,-0.0
20,barra_6,CS,0.0
21,barra_6,CS,0.0
22,barra_6,CS,0.0
23,barra_6,CS,0.0
24,barra_6,CS,0.0
1,barra_7,CS,0.0
2,barra_7,CS,0.0
3,barra_7,CS,0.0
4,barra_7,CS,0.0
5,barra_7,CS,0.0
6,barra_7,CS,0.0
7,barra_7,CS,0.0
8,barra_7,CS,0.0
9,barra_7,CS,0.0
10,barra_7,CS,0.0
11,barra_7,CS,0.0
12,barra_7,CS,0.0
13,barra_7,CS,0.0
14,barra_7,CS,0.0
15,barra_7,CS,0.0
16,barra_7,CS,0.0
17,barra_7,CS,0.0
18,barra_7,CS,0.0
19,barra_7,CS,0.0
20,barra_7,CS,0.0
21,barra_7,CS,0.0
22,barra_7,CS,0.0
23,barra_7,CS,0.0
24,barra_7,CS,0.0
1,barra_8,CS,0.0
2,barra_8,CS,0.0
3,barra_8,CS,0.0
4,barra_8,CS,0.0
5,barra_8,CS,0.0
6,barra_8,CS,0.0
7,barra_8,CS,0.0
8,barra_8,CS,0.0
9,barra_8,CS,0.0
10,barra_8,CS,0.0
11,barra_8,CS,0.0
12,barra_8,CS,0.0
13,barra_8,CS,0.0
14,barra_8,CS,0.0
15,barra_8,CS,0.0
16,barra_8,CS,0.0
17,barra_8,CS,0.0
18,barra_8,CS,0.0
19,barra_8,CS,0.0
20,barra_8,CS,0.0
21,barra_8,CS,0.0
22,barra_8,CS,0.0
23,barra_8,CS,0.0
24,barra_8,CS,0.0
1,barra_9,CS,0.0
2,barra_9,CS,0.0
3,barra_9,CS,0.0
4,barra_9,CS,0.0
5,barra_9,CS,0.0
6,barra_9,CS,0.0
7,barra_9,CS,0.0
8,barra_9,CS,0.0
9,barra_9,CS,0.0
10,barra_9,CS,0.0
11,barra_9,CS,0.0
12,barra_9,CS,0.0
13,barra_9,CS,0.0
14,barra_9,CS,0.0
15,barra_9,CS,0.0
16,barra_9,CS,0.0
17,barra_9,CS,0.0
18,barra_9,CS,0.0
19,barra_9,CS,0.0
20,barra_9,CS,0.0
21,barra_9,CS,0.0
22,barra_9,CS,0.0
23,barra_9,CS,0.0
24,barra_9,CS,0.0
1,barra_10,CS,0.0
2,barra_10,CS,0.0
3,barra_10,CS,0.0
4,barra_10,CS,0.0
5,barra_10,CS,0.0
6,barra_10,CS,0.0
7,barra_10,CS,0.0
8,barra_10,CS,0.0
9,barra_10,CS,0.0
10,barra_10,CS,0.0
11,barra_10,CS,0.0
12,barra_10,CS,0.0
13,barra_10,CS,0.0
14,barra_10,CS,0.0
15,barra_10,CS,0.0
16,barra_10,CS,0.0
17,barra_10,CS,0.0
18,barra_10,CS,0.0
19,barra_10,CS,0.0
20,barra_10,CS,0.0
21,barra_10,CS,0.0
22,barra_10,CS,0.0
23,barra_10,CS,0.0
24,barra_10,CS,0.0
1,barra_11,CS,0.0
2,barra_11,CS,0.0
3,barra_11,CS,0.0
4,barra_11,CS,0.0
5,barra_11,CS,0.0
6,barra_11,CS,0.0
7,barra_11,CS,0.0
8,barra_11,CS,0.0
9,barra_11,CS,0.0
10,barra_11,CS,0.0
11,barra_11,CS,0.0
12,barra_11,CS,0.0
13,barra_11,CS,0.0
14,barra_11,CS,0.0
15,barra_11,CS,0.0
16,barra_11,CS,0.0
17,barra_11,CS,0.0
18,barra_11,CS,0.0
19,barra_11,CS,0.0
20,barra_11,CS,0.0
21,barra_11,CS,0.0
22,barra_11,CS,0.0
23,barra_11,CS,0.0
24,barra_11,CS,0.0
1,barra_12,CS,0.0
2,barra_12,CS,0.0
3,barra_12,CS,0.0
4,barra_12,CS,0.0
5,barra_12,CS,0.0
6,barra_12,CS,0.0
7,barra_12,CS,0.0
8,barra_12,CS,0.0
9,barra_12,CS,0.0
10,barra_12,CS,0.0
11,barra_12,CS,0.0
12,barra_12,CS,0.0
13,barra_12,CS,0.0
14,barra_12,CS,0.0
15,barra_12,CS,0.0
16,barra_12,CS,0.0
17,barra_12,CS,0.0
18,barra_12,CS,0.0
19,barra_12,CS,0.0
20,barra_12,CS,0.0
21,barra_12,CS,0.0
22,barra_12,CS,0.0
23,barra_12,CS,0.0
24,barra_12,CS,0.0
1,barra_13,CS,0.0
2,barra_13,CS,0.0
3,barra_13,CS,0.0
4,barra_13,CS,0.0
5,barra_13,CS,0.0
6,barra_13,CS,0.0
7,barra_13,CS,0.0
8,barra_13,CS,0.0
9,barra_13,CS,0.0
10,barra_13,CS,0.0
11,barra_13,CS,0.0
12,barra_13,CS,0.0
13,barra_13,CS,0.0
14,barra_13,CS,0.0
15,barra_13,CS,0.0
16,barra_13,CS,0.0
17,barra_13,CS,0.0
18,barra_13,CS,0.0
19,barra_13,CS,0.0
20,barra_13,CS,0.0
21,barra_13,CS,0.0
22,barra_13,CS,0.0
23,barra_13,CS,0.0
24,barra_13,CS,0.0
1,barra_14,CS,0.0
2,barra_14,CS,0.0
3,barra_14,CS,0.0
4,barra_14,CS,0.0
5,barra_14,CS,0.0
6,barra_14,CS,-0.0
7,barra_14,CS,-0.0
8,barra_14,CS,-0.0
9,barra_14,CS,-0.0
10,barra_14,CS,-0.0
11,barra_14,CS,-0.0
12,barra_14,CS,-0.0
13,barra_14,CS,-0.0
14,barra_14,CS,-0.0
15,barra_14,CS,-0.0
16,barra_14,CS,-0.0
17,barra_14,CS,-0.0
18,barra_14,CS,-0.0
19,barra_14,CS,-0.0
20,barra_14,CS,0.0
21,barra_14,CS,0.0
22,barra_14,CS,0.0
23,barra_14,CS,0.0
24,barra_14,CS,0.0
1,barra_15,CS,0.0
2,barra_15,CS,0.0
3,barra_15,CS,0.0
4,barra_15,CS,0.0
5,barra_15,CS,0.0
6,barra_15,CS,0.0
7,barra_15,CS,0.0
8,barra_15,CS,0.0
9,barra_15,CS,0.0
10,barra_15,CS,0.0
11,barra_15,CS,0.0
12,barra_15,CS,0.0
13,barra_15,CS,0.0
14,barra_15,CS,0.0
15,barra_15,CS,0.0
16,barra_15,CS,0.0
17,barra_15,CS,0.0
18,barra_15,CS,0.0
19,barra_15,CS,0.0
20,barra_15,CS,0.0
21,barra_15,CS,0.0
22,barra_15,CS,0.0
23,barra_15,CS,0.0
24,barra_15,CS,0.0
1,barra_16,CS,0.0
2,barra_16,CS,0.0
3,barra_16,CS,0.0
4,barra_16,CS,0.0
5,barra_16,CS,0.0
6,barra_16,CS,0.0
7,barra_16,CS,0.0
8,barra_16,CS,0.0
9,barra_16,CS,0.0
10,barra_16,CS,0.0
11,barra_16,CS,0.0
12,barra_16,CS,0.0
13,barra_16,CS,0.0
14,barra_16,CS,0.0
15,barra_16,CS,0.0
16,barra_16,CS,0.0
17,barra_16,CS,0.0
18,barra_16,CS,0.0
19,barra_16,CS,0.0
20,barra_16,CS,0.0
21,barra_16,CS,0.0
22,barra_16,CS,0.0
23,barra_16,CS,0.0
24,barra_16,CS,0.0
1,barra_17,CS,0.0
2,barra_17,CS,0.0
3,barra_17,CS,0.0
4,barra_17,CS,0.0
5,barra_17,CS,0.0
6,barra_17,CS,0.0
7,barra_17,CS,0.0
8,barra_17,CS,0.0
9,barra_17,CS,0.0
10,barra_17,CS,0.0
11,barra_17,CS,0.0
12,barra_17,CS,0.0
13,barra_17,CS,0.0
14,barra_17,CS,0.0
15,barra_17,CS,0.0
16,barra_17,CS,0.0
17,barra_17,CS,0.0
18,barra_17,CS,0.0
19,barra_17,CS,0.0
20,barra_17,CS,0.0
21,barra_17,CS,0.0
22,barra_17,CS,0.0
23,barra_17,CS,0.0
24,barra_17,CS,0.0
1,barra_18,CS,0.0
2,barra_18,CS,0.0
3,barra_18,CS,0.0
4,barra_18,CS,0.0
5,barra_18,CS,0.0
6,barra_18,CS,0.0
7,barra_18,CS,0.0
8,barra_18,CS,0.0
9,barra_18,CS,0.0
10,barra_18,CS,0.0
11,barra_18,CS,0.0
12,barra_18,CS,0.0
13,barra_18,CS,0.0
14,barra_18,CS,0.0
15,barra_18,CS,0.0
16,barra_18,CS,0.0
17,barra_18,CS,0.0
18,barra_18,CS,0.0
19,barra_18,CS,0.0
20,barra_18,CS,0.0
21,barra_18,CS,0.0
22,barra_18,CS,0.0
23,barra_18,CS,0.0
24,barra_18,CS,0.0
1,barra_19,CS,0.0
2,barra_19,CS,0.0
3,barra_19,CS,0.0
4,barra_19,CS,0.0
5,barra_19,CS,0.0
6,barra_19,CS,0.0
7,barra_19,CS,0.0
8,barra_19,CS,0.0
9,barra_19,CS,0.0
10,barra_19,CS,0.0
11,barra_19,CS,0.0
12,barra_19,CS,0.0
13,barra_19,CS,0.0
14,barra_19,CS,0.0
15,barra_19,CS,0.0
16,barra_19,CS,0.0
17,barra_19,CS,0.0
18,barra_19,CS,0.0
19,barra_19,CS,0.0
20,barra_19,CS,0.0
21,barra_19,CS,0.0
22,barra_19,CS,0.0
23,barra_19,CS,0.0
24,barra_19,CS,0.0
1,barra_20,CS,0.0
2,barra_20,CS,0.0
3,barra_20,CS,0.0
4,barra_20,CS,0.0
5,barra_20,CS,0.0
6,barra_20,CS,0.0
7,barra_20,CS,0.0
8,barra_20,CS,0.0
9,barra_20,CS,0.0
10,barra_20,CS,0.0
11,barra_20,CS,0.0
12,barra_20,CS,0.0
13,barra_20,CS,0.0
14,barra_20,CS,0.0
15,barra_20,CS,0.0
16,barra_20,CS,0.0
17,barra_20,CS,0.0
18,barra_20,CS,0.0
19,barra_20,CS,0.0
20,barra_20,CS,0.0
21,barra_20,CS,0.0
22,barra_20,CS,0.0
23,barra_20,CS,0.0
24,barra_20,CS,0.0
1,barra_21,CS,0.0
2,barra_21,CS,0.0
3,barra_21,CS,0.0
4,barra_21,CS,0.0
5,barra_21,CS,0.0
6,barra_21,CS,0.0
7,barra_21,CS,0.0
8,barra_21,CS,0.0
9,barra_21,CS,0.0
10,barra_21,CS,0.0
11,barra_21,CS,0.0
12,barra_21,CS,0.0
13,barra_21,CS,0.0
14,barra_21,CS,0.0
15,barra_21,CS,0.0
16,barra_21,CS,0.0
17,barra_21,CS,0.0
18,barra_21,CS,0.0
19,barra_21,CS,0.0
20,barra_21,CS,0.0
21,barra_21,CS,0.0
22,barra_21,CS,0.0
23,barra_21,CS,0.0
24,barra_21,CS,0.0
1,barra_22,CS,0.0
2,barra_22,CS,0.0
3,barra_22,CS,0.0
4,barra_22,CS,0.0
5,barra_22,CS,0.0
6,barra_22,CS,0.0
7,barra_22,CS,0.0
8,barra_22,CS,0.0
9,barra_22,CS,0.0
10,barra_22,CS,0.0
11,barra_22,CS,0.0
12,barra_22,CS,0.0
13,barra_22,CS,0.0
14,barra_22,CS,0.0
15,barra_22,CS,0.0
16,barra_22,CS,0.0
17,barra_22,CS,0.0
18,barra_22,CS,0.0
19,barra_22,CS,0.0
20,barra_22,CS,0.0
21,barra_22,CS,0.0
22,barra_22,CS,0.0
23,barra_22,CS,0.0
24,barra_22,CS,0.0
1,barra_23,CS,0.0
2,barra_23,CS,0.0
3,barra_23,CS,0.0
4,barra_23,CS,0.0
5,barra_23,CS,0.0
6,barra_23,CS,0.0
7,barra_23,CS,0.0
8,barra_23,CS,0.0
9,barra_23,CS,0.0
10,barra_23,CS,0.0
11,barra_23,CS,0.0
12,barra_23,CS,0.0
13,barra_23,CS,0.0
14,barra_23,CS,0.0
15,barra_23,CS,0.0
16,barra_23,CS,0.0
17,barra_23,CS,0.0
18,barra_23,CS,0.0
19,barra_23,CS,0.0
20,barra_23,CS,0.0
21,barra_23,CS,0.0
22,barra_23,CS,0.0
23,barra_23,CS,0.0
24,barra_23,CS,0.0
1,barra_24,CS,0.0
2,barra_24,CS,0.0
3,barra_24,CS,0.0
4,barra_24,CS,0.0
5,barra_24,CS,0.0
6,barra_24,CS,0.0
7,barra_24,CS,0.0
8,barra_24,CS,0.0
9,barra_24,CS,0.0
10,barra_24,CS,0.0
11,barra_24,CS,0.0
12,barra_24,CS,0.0
13,barra_24,CS,0.0
14,barra_24,CS,0.0
15,barra_24,CS,0.0
16,barra_24,CS,0.0
17,barra_24,CS,0.0
18,barra_24,CS,0.0
19,barra_24,CS,0.0
20,barra_24,CS,0.0
21,barra_24,CS,0.0
22,barra_24,CS,0.0
23,barra_24,CS,0.0
24,barra_24,CS,0.0
1,barra_25,CS,0.0
2,barra_25,CS,0.0
3,barra_25,CS,0.0
4,barra_25,CS,0.0
5,barra_25,CS,0.0
6,barra_25,CS,-0.0
7,barra_25,CS,-0.0
8,barra_25,CS,-0.0
9,barra_25,CS,-0.0
10,barra_25,CS,-0.0
11,barra_25,CS,-0.0
12,barra_25,CS,-0.0
13,barra_25,CS,-0.0
14,barra_25,CS,-0.0
15,barra_25,CS,-0.0
16,barra_25,CS,-0.0
17,barra_25,CS,-0.0
18,barra_25,CS,-0.0
19,barra_25,CS,-0.0
20,barra_25,CS,0.0
21,barra_25,CS,0.0
22,barra_25,CS,0.0
23,barra_25,CS,0.0
24,barra_25,CS,0.0
1,barra_26,CS,0.0
2,barra_26,CS,0.0
3,barra_26,CS,0.0
4,barra_26,CS,0.0
5,barra_26,CS,0.0
6,barra_26,CS,0.0
7,barra_26,CS,0.0
8,barra_26,CS,0.0
9,barra_26,CS,0.0
10,barra_26,CS,0.0
11,barra_26,CS,0.0
12,barra_26,CS,0.0
13,barra_26,CS,0.0
14,barra_26,CS,0.0
15,barra_26,CS,0.0
16,barra_26,CS,0.0
17,barra_26,CS,0.0
18,barra_26,CS,0.0
19,barra_26,CS,0.0
20,barra_26,CS,0.0
21,barra_26,CS,0.0
22,barra_26,CS,0.0
23,barra_26,CS,0.0
24,barra_26,CS,0.0
1,barra_27,CS,0.0
2,barra_27,CS,0.0
3,barra_27,CS,0.0
4,barra_27,CS,0.0
5,barra_27,CS,0.0
6,barra_27,CS,0.0
7,barra_27,CS,0.0
8,barra_27,CS,0.0
9,barra_27,CS,0.0
10,barra_27,CS,0.0
11,barra_27,CS,0.0
12,barra_27,CS,0.0
13,barra_27,CS,0.0
14,barra_27,CS,0.0
15,barra_27,CS,0.0
16,barra_27,CS,0.0
17,barra_27,CS,0.0
18,barra_27,CS,0.0
19,barra_27,CS,0.0
20,barra_27,CS,0.0
21,barra_27,CS,0.0
22,barra_27,CS,0.0
23,barra_27,CS,0.0
24,barra_27,CS,0.0
1,barra_28,CS,0.0
2,barra_28,CS,0.0
3,barra_28,CS,0.0
4,barra_28,CS,0.0
5,barra_28,CS,0.0
6,barra_28,CS,0.0
7,barra_28,CS,0.0
8,barra_28,CS,0.0
9,barra_28,CS,0.0
10,barra_28,CS,0.0
11,barra_28,CS,0.0
12,barra_28,CS,0.0
13,barra_28,CS,0.0
14,barra_28,CS,0.0
15,barra_28,CS,0.0
16,barra_28,CS,0.0
17,barra_28,CS,0.0
18,barra_28,CS,0.0
19,barra_28,CS,0.0
20,barra_28,CS,0.0
21,barra_28,CS,0.0
22,barra_28,CS,0.0
23,barra_28,CS,0.0
24,barra_28,CS,0.0
1,barra_29,CS,0.0
2,barra_29,CS,0.0
3,barra_29,CS,0.0
4,barra_29,CS,0.0
5,barra_29,CS,0.0
6,barra_29,CS,0.0
7,barra_29,CS,0.0
8,barra_29,CS,0.0
9,barra_29,CS,0.0
10,barra_29,CS,0.0
11,barra_29,CS,0.0
12,barra_29,CS,0.0
13,barra_29,CS,0.0
14,barra_29,CS,0.0
15,barra_29,CS,0.0
16,barra_29,CS,0.0
17,barra_29,CS,0.0
18,barra_29,CS,0.0
19,barra_29,CS,0.0
20,barra_29,CS,0.0
21,barra_29,CS,0.0
22,barra_29,CS,0.0
23,barra_29,CS,0.0
24,barra_29,CS,0.0
1,barra_30,CS,0.0
2,barra_30,CS,0.0
3,barra_30,CS,0.0
4,barra_30,CS,0.0
5,barra_30,CS,0.0
6,barra_30,CS,0.0
7,barra_30,CS,0.0
8,barra_30,CS,0.0
9,barra_30,CS,0.0
10,barra_30,CS,0.0
11,barra_30,CS,0.0
12,barra_30,CS,0.0
13,barra_30,CS,0.0
14,barra_30,CS,0.0
15,barra_30,CS,0.0
16,barra_30,CS,0.0
17,barra_30,CS,0.0
18,barra_30,CS,0.0
19,barra_30,CS,0.0
20,barra_30,CS,0.0
21,barra_30,CS,0.0
22,barra_30,CS,0.0
23,barra_30,CS,0.0
24,barra_30,CS,0.0
1,barra_31,CS,0.0
2,barra_31,CS,0.0
3,barra_31,CS,0.0
4,barra_31,CS,0.0
5,barra_31,CS,0.0
6,barra_31,CS,0.0
7,barra_31,CS,0.0
8,barra_31,CS,0.0
9,barra_31,CS,0.0
10,barra_31,CS,0.0
11,barra_31,CS,0.0
12,barra_31,CS,0.0
13,barra_31,CS,0.0
14,barra_31,CS,0.0
15,barra_31,CS,0.0
16,barra_31,CS,0.0
17,barra_31,CS,0.0
18,barra_31,CS,0.0
19,barra_31,CS,0.0
20,barra_31,CS,0.0
21,barra_31,CS,0.0
22,barra_31,CS,0.0
23,barra_31,CS,0.0
24,barra_31,CS,0.0
1,barra_32,CS,0.0
2,barra_32,CS,0.0
3,barra_32,CS,0.0
4,barra_32,CS,0.0
5,barra_32,CS,0.0
6,barra_32,CS,0.0
7,barra_32,CS,0.0
8,barra_32,CS,0.0
9,barra_32,CS,0.0
10,barra_32,CS,0.0
11,barra_32,CS,0.0
12,barra_32,CS,0.0
13,barra_32,CS,0.0
14,barra_32,CS,0.0
15,barra_32,CS,0.0
16,barra_32,CS,0.0
17,barra_32,CS,0.0
18,barra_32,CS,0.0
19,barra_32,CS,0.0
20,barra_32,CS,0.0
21,barra_32,CS,0.0
22,barra_32,CS,0.0
23,barra_32,CS,0.0
24,barra_32,CS,0.0
1,barra_33,CS,0.0
2,barra_33,CS,0.0
3,barra_33,CS,0.0
4,barra_33,CS,0.0
5,barra_33,CS,0.0
6,barra_33,CS,0.0
7,barra_33,CS,0.0
8,barra_33,CS,0.0
9,barra_33,CS,0.0
10,barra_33,CS,0.0
11,barra_33,CS,0.0
12,barra_33,CS,0.0
13,barra_33,CS,0.0
14,barra_33,CS,0.0
15,barra_33,CS,0.0
16,barra_33,CS,0.0
17,barra_33,CS,0.0
18,barra_33,CS,0.0
19,barra_33,CS,0.0
20,barra_33,CS,0.0
21,barra_33,CS,0.0
22,barra_33,CS,0.0
23,barra_33,CS,0.0
24,barra_33,CS,0.0
1,barra_1,CW,0.0
2,barra_1,CW,0.0
3,barra_1,CW,0.0
4,barra_1,CW,0.0
5,barra_1,CW,0.0
6,barra_1,CW,0.0
7,barra_1,CW,0.0
8,barra_1,CW,0.0
9,barra_1,CW,0.0
10,barra_1,CW,0.0
11,barra_1,CW,0.0
12,barra_1,CW,0.0
13,barra_1,CW,0.0
14,barra_1,CW,0.0
15,barra_1,CW,0.0
16,barra_1,CW,0.0
17,barra_1,CW,0.0
18,barra_1,CW,0.0
19,barra_1,CW,0.0
20,barra_1,CW,0.0
21,barra_1,CW,0.0
22,barra_1,CW,0.0
23,barra_1,CW,0.0
24,barra_1,CW,0.0
1,barra_2,CW,0.0
2,barra_2,CW,0.0
3,barra_2,CW,0.0
4,barra_2,CW,0.0
5,barra_2,CW,0.0
6,barra_2,CW,0.0
7,barra_2,CW,0.0
8,barra_2,CW,0.0
9,barra_2,CW,0.0
10,barra_2,CW,0.0
11,barra_2,CW,0.0
12,barra_2,CW,0.0
13,barra_2,CW,0.0
14,barra_2,CW,0.0
15,barra_2,CW,0.0
16,barra_2,CW,0.0
17,barra_2,CW,0.0
18,barra_2,CW,0.0
19,barra_2,CW,0.0
20,barra_2,CW,0.0
21,barra_2,CW,0.0
22,barra_2,CW,0.0
23,barra_2,CW,0.0
24,barra_2,CW,0.0
1,barra_3,CW,0.0
2,barra_3,CW,0.0
3,barra_3,CW,0.0
4,barra_3,CW,0.0
5,barra_3,CW,0.0
6,barra_3,CW,0.0
7,barra_3,CW,0.0
8,barra_3,CW,0.0
9,barra_3,CW,0.0
10,barra_3,CW,0.0
11,barra_3,CW,0.0
12,barra_3,CW,0.0
13,barra_3,CW,0.0
14,barra_3,CW,0.0
15,barra_3,CW,0.0
16,barra_3,CW,0.0
17,barra_3,CW,0.0
18,barra_3,CW,0.0
19,barra_3,CW,0.0
20,barra_3,CW,0.0
21,barra_3,CW,0.0
22,barra_3,CW,0.0
23,barra_3,CW,0.0
24,barra_3,CW,0.0
1,barra_4,CW,0.0
2,barra_4,CW,0.0
3,barra_4,CW,0.0
4,barra_4,CW,0.0
5,barra_4,CW,0.0
6,barra_4,CW,0.0
7,barra_4,CW,0.0
8,barra_4,CW,0.0
9,barra_4,CW,0.0
10,barra_4,CW,0.0
11,barra_4,CW,0.0
12,barra_4,CW,0.0
13,barra_4,CW,0.0
14,barra_4,CW,0.0
15,barra_4,CW,0.0
16,barra_4,CW,0.0
17,barra_4,CW,0.0
18,barra_4,CW,0.0
19,barra_4,CW,0.0
20,barra_4,CW,0.0
21,barra_4,CW,0.0
22,barra_4,CW,0.0
23,barra_4,CW,0.0
24,barra_4,CW,0.0
1,barra_5,CW,0.0
2,barra_5,CW,0.0
3,barra_5,CW,0.0
4,barra_5,CW,0.0
5,barra_5,CW,0.0
6,barra_5,CW,0.0
7,barra_5,CW,0.0
8,barra_5,CW,0.0
9,barra_5,CW,0.0
10,barra_5,CW,0.0
11,barra_5,CW,0.0
12,barra_5,CW,0.0
13,barra_5,CW,0.0
14,barra_5,CW,0.0
15,barra_5,CW,0.0
16,barra_5,CW,0.0
17,barra_5,CW,0.0
18,barra_5,CW,0.0
19,barra_5,CW,0.0
20,barra_5,CW,0.0
21,barra_5,CW,0.0
22,barra_5,CW,0.0
23,barra_5,CW,0.0
24,barra_5,CW,0.0
1,barra_6,CW,0.0
2,barra_6,CW,0.0
3,barra_6,CW,0.0
4,barra_6,CW,0.0
5,barra_6,CW,0.0
6,barra_6,CW,0.0
7,barra_6,CW,0.0
8,barra_6,CW,0.0
9,barra_6,CW,0.0
10,barra_6,CW,0.0
11,barra_6,CW,0.0
12,barra_6,CW,0.0
13,barra_6,CW,0.0
14,barra_6,CW,0.0
15,barra_6,CW,0.0
16,barra_6,CW,0.0
17,barra_6,CW,0.0
18,barra_6,CW,0.0
19,barra_6,CW,0.0
20,barra_6,CW,0.0
21,barra_6,CW,0.0
22,barra_6,CW,0.0
23,barra_6,CW,0.0
24,barra_6,CW,0.0
1,barra_7,CW,0.0
2,barra_7,CW,0.0
3,barra_7,CW,0.0
4,barra_7,CW,0.0
5,barra_7,CW,0.0
6,barra_7,CW,0.0
7,barra_7,CW,0.0
8,barra_7,CW,0.0
9,barra_7,CW,0.0
10,barra_7,CW,0.0
11,barra_7,CW,0.0
12,barra_7,CW,0.0
13,barra_7,CW,0.0
14,barra_7,CW,0.0
15,barra_7,CW,0.0
16,barra_7,CW,0.0
17,barra_7,CW,0.0
18,barra_7,CW,0.0
19,barra_7,CW,0.0
20,barra_7,CW,0.0
21,barra_7,CW,0.0
22,barra_7,CW,0.0
23,barra_7,CW,0.0
24,barra_7,CW,0.0
1,barra_8,CW,0.0
2,barra_8,CW,0.0
3,barra_8,CW,0.0
4,barra_8,CW,0.0
5,barra_8,CW,0.0
6,barra_8,CW,0.0
7,barra_8,CW,0.0
8,barra_8,CW,0.0
9,barra_8,CW,0.0
10,barra_8,CW,0.0
11,barra_8,CW,0.0
12,barra_8,CW,0.0
13,barra_8,CW,0.0
14,barra_8,CW,0.0
15,barra_8,CW,0.0
16,barra_8,CW,0.0
17,barra_8,CW,0.0
18,barra_8,CW,0.0
19,barra_8,CW,0.0
20,barra_8,CW,0.0
21,barra_8,CW,0.0
22,barra_8,CW,0.0
23,barra_8,CW,0.0
24,barra_8,CW,0.0
1,barra_9,CW,0.0
2,barra_9,CW,0.0
3,barra_9,CW,0.0
4,barra_9,CW,0.0
5,barra_9,CW,0.0
6,barra_9,CW,0.0
7,barra_9,CW,0.0
8,barra_9,CW,0.0
9,barra_9,CW,0.0
10,barra_9,CW,0.0
11,barra_9,CW,0.0
12,barra_9,CW,0.0
13,barra_9,CW,0.0
14,barra_9,CW,0.0
15,barra_9,CW,0.0
16,barra_9,CW,0.0
17,barra_9,CW,0.0
18,barra_9,CW,0.0
19,barra_9,CW,0.0
20,barra_9,CW,0.0
21,barra_9,CW,0.0
22,barra_9,CW,0.0
23,barra_9,CW,0.0
24,barra_9,CW,0.0
1,barra_10,CW,0.0
2,barra_10,CW,0.0
3,barra_10,CW,0.0
4,barra_10,CW,0.0
5,barra_10,CW,0.0
6,barra_10,CW,0.0
7,barra_10,CW,0.0
8,barra_10,CW,0.0
9,barra_10,CW,0.0
10,barra_10,CW,0.0
11,barra_10,CW,0.0
12,barra_10,CW,0.0
13,barra_10,CW,0.0
14,barra_10,CW,0.0
15,barra_10,CW,0.0
16,barra_10,CW,0.0
17,barra_10,CW,0.0
18,barra_10,CW,0.0
19,barra_10,CW,0.0
20,barra_10,CW,0.0
21,barra_10,CW,0.0
22,barra_10,CW,0.0
23,barra_10,CW,0.0
24,barra_10,CW,0.0
1,barra_11,CW,0.0
2,barra_11,CW,0.0
3,barra_11,CW,0.0
4,barra_11,CW,0.0
5,barra_11,CW,0.0
6,barra_11,CW,0.0
7,barra_11,CW,0.0
8,barra_11,CW,0.0
9,barra_11,CW,0.0
10,barra_11,CW,0.0
11,barra_11,CW,0.0
12,barra_11,CW,0.0
13,barra_11,CW,0.0
14,barra_11,CW,0.0
15,barra_11,CW,0.0
16,barra_11,CW,0.0
17,barra_11,CW,0.0
18,barra_11,CW,0.0
19,barra_11,CW,0.0
20,barra_11,CW,0.0
21,barra_11,CW,0.0
22,barra_11,CW,0.0
23,barra_11,CW,0.0
24,barra_11,CW,0.0
1,barra_12,CW,0.0
2,barra_12,CW,0.0
3,barra_12,CW,0.0
4,barra_12,CW,0.0
5,barra_12,CW,0.0
6,barra_12,CW,0.0
7,barra_12,CW,0.0
8,barra_12,CW,0.0
9,barra_12,CW,0.0
10,barra_12,CW,0.0
11,barra_12,CW,0.0
12,barra_12,CW,0.0
13,barra_12,CW,0.0
14,barra_12,CW,0.0
15,barra_12,CW,0.0
16,barra_12,CW,0.0
17,barra_12,CW,0.0
18,barra_12,CW,0.0
19,barra_12,CW,0.0
20,barra_12,CW,0.0
21,barra_12,CW,0.0
22,barra_12,CW,0.0
23,barra_12,CW,0.0
24,barra_12,CW,0.0
1,barra_13,CW,0.0
2,barra_13,CW,0.0
3,barra_13,CW,0.0
4,barra_13,CW,0.0
5,barra_13,CW,0.0
6,barra_13,CW,0.0
7,barra_13,CW,0.0
8,barra_13,CW,0.0
9,barra_13,CW,0.0
10,barra_13,CW,0.0
11,barra_13,CW,0.0
12,barra_13,CW,0.0
13,barra_13,CW,0.0
14,barra_13,CW,0.0
15,barra_13,CW,0.0
16,barra_13,CW,0.0
17,barra_13,CW,0.0
18,barra_13,CW,0.0
19,barra_13,CW,0.0
20,barra_13,CW,0.0
21,barra_13,CW,0.0
22,barra_13,CW,0.0
23,barra_13,CW,0.0
24,barra_13,CW,0.0
1,barra_14,CW,0.0
2,barra_14,CW,0.0
3,barra_14,CW,0.0
4,barra_14,CW,0.0
5,barra_14,CW,0.0
6,barra_14,CW,0.0
7,barra_14,CW,0.0
8,barra_14,CW,0.0
9,barra_14,CW,0.0
10,barra_14,CW,0.0
11,barra_14,CW,0.0
12,barra_14,CW,0.0
13,barra_14,CW,0.0
14,barra_14,CW,0.0
15,barra_14,CW,0.0
16,barra_14,CW,0.0
17,barra_14,CW,0.0
18,barra_14,CW,0.0
19,barra_14,CW,0.0
20,barra_14,CW,0.0
21,barra_14,CW,0.0
22,barra_14,CW,0.0
23,barra_14,CW,0.0
24,barra_14,CW,0.0
1,barra_15,CW,0.0
2,barra_15,CW,0.0
3,barra_15,CW,0.0
4,barra_15,CW,0.0
5,barra_15,CW,0.0
6,barra_15,CW,0.0
7,barra_15,CW,0.0
8,barra_15,CW,0.0
9,barra_15,CW,0.0
10,barra_15,CW,0.0
11,barra_15,CW,0.0
12,barra_15,CW,0.0
13,barra_15,CW,0.0
14,barra_15,CW,0.0
15,barra_15,CW,0.0
16,barra_15,CW,0.0
17,barra_15,CW,0.0
18,barra_15,CW,0.0
19,barra_15,CW,0.0
20,barra_15,CW,0.0
21,barra_15,CW,0.0
22,barra_15,CW,0.0
23,barra_15,CW,0.0
24,barra_15,CW,0.0
1,barra_16,CW,0.0
2,barra_16,CW,0.0
3,barra_16,CW,0.0
4,barra_16,CW,0.0
5,barra_16,CW,0.0
6,barra_16,CW,0.0
7,barra_16,CW,0.0
8,barra_16,CW,0.0
9,barra_16,CW,0.0
10,barra_16,CW,0.0
11,barra_16,CW,0.0
12,barra_16,CW,0.0
13,barra_16,CW,0.0
14,barra_16,CW,0.0
15,barra_16,CW,0.0
16,barra_16,CW,0.0
17,barra_16,CW,0.0
18,barra_16,CW,0.0
19,barra_16,CW,0.0
20,barra_16,CW,0.0
21,barra_16,CW,0.0
22,barra_16,CW,0.0
23,barra_16,CW,0.0
24,barra_16,CW,0.0
1,barra_17,CW,0.0
2,barra_17,CW,0.0
3,barra_17,CW,0.0
4,barra_17,CW,0.0
5,barra_17,CW,0.0
6,barra_17,CW,0.0
7,barra_17,CW,0.0
8,barra_17,CW,0.0
9,barra_17,CW,0.0
10,barra_17,CW,0.0
11,barra_17,CW,0.0
12,barra_17,CW,0.0
13,barra_17,CW,0.0
14,barra_17,CW,0.0
15,barra_17,CW,0.0
16,barra_17,CW,0.0
17,barra_17,CW,0.0
18,barra_17,CW,0.0
19,barra_17,CW,0.0
20,barra_17,CW,0.0
21,barra_17,CW,0.0
22,barra_17,CW,0.0
23,barra_17,CW,0.0
24,barra_17,CW,0.0
1,barra_18,CW,-0.0
2,barra_18,CW,-0.0
3,barra_18,CW,-0.0
4,barra_18,CW,-0.0
5,barra_18,CW,-0.0
6,barra_18,CW,-0.0
7,barra_18,CW,-0.0
8,barra_18,CW,-0.0
9,barra_18,CW,-0.0
10,barra_18,CW,-0.0
11,barra_18,CW,-0.0
12,barra_18,CW,-0.0
13,barra_18,CW,-0.0
14,barra_18,CW,-0.0
15,barra_18,CW,-0.0
16,barra_18,CW,-0.0
17,barra_18,CW,-0.0
18,barra_18,CW,-0.0
19,barra_18,CW,-0.0
20,barra_18,CW,-0.0
21,barra_18,CW,-0.0
22,barra_18,CW,-0.0
23,barra_18,CW,-0.0
24,barra_18,CW,-0.0
1,barra_19,CW,0.0
2,barra_19,CW,0.0
3,barra_19,CW,0.0
4,barra_19,CW,0.0
5,barra_19,CW,0.0
6,barra_19,CW,0.0
7,barra_19,CW,0.0
8,barra_19,CW,0.0
9,barra_19,CW,0.0
10,barra_19,CW,0.0
11,barra_19,CW,0.0
12,barra_19,CW,0.0
13,barra_19,CW,0.0
14,barra_19,CW,0.0
15,barra_19,CW,0.0
16,barra_19,CW,0.0
17,barra_19,CW,0.0
18,barra_19,CW,0.0
19,barra_19,CW,0.0
20,barra_19,CW,0.0
21,barra_19,CW,0.0
22,barra_19,CW,0.0
23,barra_19,CW,0.0
24,barra_19,CW,0.0
1,barra_20,CW,0.0
2,barra_20,CW,0.0
3,barra_20,CW,0.0
4,barra_20,CW,0.0
5,barra_20,CW,0.0
6,barra_20,CW,0.0
7,barra_20,CW,0.0
8,barra_20,CW,0.0
9,barra_20,CW,0.0
10,barra_20,CW,0.0
11,barra_20,CW,0.0
12,barra_20,CW,0.0
13,barra_20,CW,0.0
14,barra_20,CW,0.0
15,barra_20,CW,0.0
16,barra_20,CW,0.0
17,barra_20,CW,0.0
18,barra_20,CW,0.0
19,barra_20,CW,0.0
20,barra_20,CW,0.0
21,barra_20,CW,0.0
22,barra_20,CW,0.0
23,barra_20,CW,0.0
24,barra_20,CW,0.0
1,barra_21,CW,0.0
2,barra_21,CW,0.0
3,barra_21,CW,0.0
4,barra_21,CW,0.0
5,barra_21,CW,0.0
6,barra_21,CW,0.0
7,barra_21,CW,0.0
8,barra_21,CW,0.0
9,barra_21,CW,0.0
10,barra_21,CW,0.0
11,barra_21,CW,0.0
12,barra_21,CW,0.0
13,barra_21,CW,0.0
14,barra_21,CW,0.0
15,barra_21,CW,0.0
16,barra_21,CW,0.0
17,barra_21,CW,0.0
18,barra_21,CW,0.0
19,barra_21,CW,0.0
20,barra_21,CW,0.0
21,barra_21,CW,0.0
22,barra_21,CW,0.0
23,barra_21,CW,0.0
24,barra_21,CW,0.0
1,barra_22,CW,0.0
2,barra_22,CW,0.0
3,barra_22,CW,0.0
4,barra_22,CW,0.0
5,barra_22,CW,0.0
6,barra_22,CW,0.0
7,barra_22,CW,0.0
8,barra_22,CW,0.0
9,barra_22,CW,0.0
10,barra_22,CW,0.0
11,barra_22,CW,0.0
12,barra_22,CW,0.0
13,barra_22,CW,0.0
14,barra_22,CW,0.0
15,barra_22,CW,0.0
16,barra_22,CW,0.0
17,barra_22,CW,0.0
18,barra_22,CW,0.0
19,barra_22,CW,0.0
20,barra_22,CW,0.0
21,barra_22,CW,0.0
22,barra_22,CW,0.0
23,barra_22,CW,0.0
24,barra_22,CW,0.0
1,barra_23,CW,0.0
2,barra_23,CW,0.0
3,barra_23,CW,0.0
4,barra_23,CW,0.0
5,barra_23,CW,0.0
6,barra_23,CW,0.0
7,barra_23,CW,0.0
8,barra_23,CW,0.0
9,barra_23,CW,0.0
10,barra_23,CW,0.0
11,barra_23,CW,0.0
12,barra_23,CW,0.0
13,barra_23,CW,0.0
14,barra_23,CW,0.0
15,barra_23,CW,0.0
16,barra_23,CW,0.0
17,barra_23,CW,0.0
18,barra_23,CW,0.0
19,barra_23,CW,0.0
20,barra_23,CW,0.0
21,barra_23,CW,0.0
22,barra_23,CW,0.0
23,barra_23,CW,0.0
24,barra_23,CW,0.0
1,barra_24,CW,0.0
2,barra_24,CW,0.0
3,barra_24,CW,0.0
4,barra_24,CW,0.0
5,barra_24,CW,0.0
6,barra_24,CW,0.0
7,barra_24,CW,0.0
8,barra_24,CW,0.0
9,barra_24,CW,0.0
10,barra_24,CW,0.0
11,barra_24,CW,0.0
12,barra_24,CW,0.0
13,barra_24,CW,0.0
14,barra_24,CW,0.0
15,barra_24,CW,0.0
16,barra_24,CW,0.0
17,barra_24,CW,0.0
18,barra_24,CW,0.0
19,barra_24,CW,0.0
20,barra_24,CW,0.0
21,barra_24,CW,0.0
22,barra_24,CW,0.0
23,barra_24,CW,0.0
24,barra_24,CW,0.0
1,barra_25,CW,0.0
2,barra_25,CW,0.0
3,barra_25,CW,0.0
4,barra_25,CW,0.0
5,barra_25,CW,0.0
6,barra_25,CW,0.0
7,barra_25,CW,0.0
8,barra_25,CW,0.0
9,barra_25,CW,0.0
10,barra_25,CW,0.0
11,barra_25,CW,0.0
12,barra_25,CW,0.0
13,barra_25,CW,0.0
14,barra_25,CW,0.0
15,barra_25,CW,0.0
16,barra_25,CW,0.0
17,barra_25,CW,0.0
18,barra_25,CW,0.0
19,barra_25,CW,0.0
20,barra_25,CW,0.0
21,barra_25,CW,0.0
22,barra_25,CW,0.0
23,barra_25,CW,0.0
24,barra_25,CW,0.0
1,barra_26,CW,0.0
2,barra_26,CW,0.0
3,barra_26,CW,0.0
4,barra_26,CW,0.0
5,barra_26,CW,0.0
6,barra_26,CW,0.0
7,barra_26,CW,0.0
8,barra_26,CW,0.0
9,barra_26,CW,0.0
10,barra_26,CW,0.0
11,barra_26,CW,0.0
12,barra_26,CW,0.0
13,barra_26,CW,0.0
14,barra_26,CW,0.0
15,barra_26,CW,0.0
16,barra_26,CW,0.0
17,barra_26,CW,0.0
18,barra_26,CW,0.0
19,barra_26,CW,0.0
20,barra_26,CW,0.0
21,barra_26,CW,0.0
22,barra_26,CW,0.0
23,barra_26,CW,0.0
24,barra_26,CW,0.0
1,barra_27,CW,0.0
2,barra_27,CW,0.0
3,barra_27,CW,0.0
4,barra_27,CW,0.0
5,barra_27,CW,0.0
6,barra_27,CW,0.0
7,barra_27,CW,0.0
8,barra_27,CW,0.0
9,barra_27,CW,0.0
10,barra_27,CW,0.0
11,barra_27,CW,0.0
12,barra_27,CW,0.0
13,barra_27,CW,0.0
14,barra_27,CW,0.0
15,barra_27,CW,0.0
16,barra_27,CW,0.0
17,barra_27,CW,0.0
18,barra_27,CW,0.0
19,barra_27,CW,0.0
20,barra_27,CW,0.0
21,barra_27,CW,0.0
22,barra_27,CW,0.0
23,barra_27,CW,0.0
24,barra_27,CW,0.0
1,barra_28,CW,0.0
2,barra_28,CW,0.0
3,barra_28,CW,0.0
4,barra_28,CW,0.0
5,barra_28,CW,0.0
6,barra_28,CW,0.0
7,barra_28,CW,0.0
8,barra_28,CW,0.0
9,barra_28,CW,0.0
10,barra_28,CW,0.0
11,barra_28,CW,0.0
12,barra_28,CW,0.0
13,barra_28,CW,0.0
14,barra_28,CW,0.0
15,barra_28,CW,0.0
16,barra_28,CW,0.0
17,barra_28,CW,0.0
18,barra_28,CW,0.0
19,barra_28,CW,0.0
20,barra_28,CW,0.0
21,barra_28,CW,0.0
22,barra_28,CW,0.0
23,barra_28,CW,0.0
24,barra_28,CW,0.0
1,barra_29,CW,0.0
2,barra_29,CW,0.0
3,barra_29,CW,0.0
4,barra_29,CW,0.0
5,barra_29,CW,0.0
6,barra_29,CW,0.0
7,barra_29,CW,0.0
8,barra_29,CW,0.0
9,barra_29,CW,0.0
10,barra_29,CW,0.0
11,barra_29,CW,0.0
12,barra_29,CW,0.0
13,barra_29,CW,0.0
14,barra_29,CW,0.0
15,barra_29,CW,0.0
16,barra_29,CW,0.0
17,barra_29,CW,0.0
18,barra_29,CW,0.0
19,barra_29,CW,0.0
20,barra_29,CW,0.0
21,barra_29,CW,0.0
22,barra_29,CW,0.0
23,barra_29,CW,0.0
24,barra_29,CW,0.0
1,barra_30,CW,-0.0
2,barra_30,CW,-0.0
3,barra_30,CW,-0.0
4,barra_30,CW,-0.0
5,barra_30,CW,-0.0
6,barra_30,CW,-0.0
7,barra_30,CW,-0.0
8,barra_30,CW,-0.0
9,barra_30,CW,-0.0
10,barra_30,CW,-0.0
11,barra_30,CW,-0.0
12,barra_30,CW,-0.0
13,barra_30,CW,-0.0
14,barra_30,CW,-0.0
15,barra_30,CW,-0.0
16,barra_30,CW,-0.0
17,barra_30,CW,-0.0
18,barra_30,CW,-0.0
19,barra_30,CW,-0.0
20,barra_30,CW,-0.0
21,barra_30,CW,-0.0
22,barra_30,CW,-0.0
23,barra_30,CW,-0.0
24,barra_30,CW,-0.0
1,barra_31,CW,0.0
2,barra_31,CW,0.0
3,barra_31,CW,0.0
4,barra_31,CW,0.0
5,barra_31,CW,0.0
6,barra_31,CW,0.0
7,barra_31,CW,0.0
8,barra_31,CW,0.0
9,barra_31,CW,0.0
10,barra_31,CW,0.0
11,barra_31,CW,0.0
12,barra_31,CW,0.0
13,barra_31,CW,0.0
14,barra_31,CW,0.0
15,barra_31,CW,0.0
16,barra_31,CW,0.0
17,barra_31,CW,0.0
18,barra_31,CW,0.0
19,barra_31,CW,0.0
20,barra_31,CW,0.0
21,barra_31,CW,0.0
22,barra_31,CW,0.0
23,barra_31,CW,0.0
24,barra_31,CW,0.0
1,barra_32,CW,0.0
2,barra_32,CW,0.0
3,barra_32,CW,0.0
4,barra_32,CW,0.0
5,barra_32,CW,0.0
6,barra_32,CW,0.0
7,barra_32,CW,0.0
8,barra_32,CW,0.0
9,barra_32,CW,0.0
10,barra_32,CW,0.0
11,barra_32,CW,0.0
12,barra_32,CW,0.0
13,barra_32,CW,0.0
14,barra_32,CW,0.0
15,barra_32,CW,0.0
16,barra_32,CW,0.0
17,barra_32,CW,0.0
18,barra_32,CW,0.0
19,barra_32,CW,0.0
20,barra_32,CW,0.0
21,barra_32,CW,0.0
22,barra_32,CW,0.0
23,barra_32,CW,0.0
24,barra_32,CW,0.0
1,barra_33,CW,0.0
2,barra_33,CW,0.0
3,barra_33,CW,0.0
4,barra_33,CW,0.0
5,barra_33,CW,0.0
6,barra_33,CW,0.0
7,barra_33,CW,0.0
8,barra_33,CW,0.0
9,barra_33,CW,0.0
10,barra_33,CW,0.0
11,barra_33,CW,0.0
12,barra_33,CW,0.0
13,barra_33,CW,0.0
14,barra_33,CW,0.0
15,barra_33,CW,0.0
16,barra_33,CW,0.0
17,barra_33,CW,0.0
18,barra_33,CW,0.0
19,barra_33,CW,0.0
20,barra_33,CW,0.0
21,barra_33,CW,0.0
22,barra_33,CW,0.0
23,barra_33,CW,0.0
24,barra_33,CW,0.0
1,bateria_25,P_ch,0.0
2,bateria_25,P_ch,0.0
3,bateria_25,P_ch,0.0
4,bateria_25,P_ch,0.0
5,bateria_25,P_ch,0.0
6,bateria_25,P_ch,0.0
7,bateria_25,P_ch,0.0
8,bateria_25,P_ch,0.0
9,bateria_25,P_ch,0.0
10,bateria_25,P_ch,0.0
11,bateria_25,P_ch,0.0
12,bateria_25,P_ch,0.0053321459
13,bateria_25,P_ch,0.13660754
14,bateria_25,P_ch,0.12121821
15,bateria_25,P_ch,0.0
16,bateria_25,P_ch,0.0
17,bateria_25,P_ch,0.0
18,bateria_25,P_ch,0.0
19,bateria_25,P_ch,0.0
20,bateria_25,P_ch,0.0
21,bateria_25,P_ch,0.0
22,bateria_25,P_ch,0.0
23,bateria_25,P_ch,0.0
24,bateria_25,P_ch,0.0
1,bateria_6,P_ch,0.0
2,bateria_6,P_ch,0.0
3,bateria_6,P_ch,0.0
4,bateria_6,P_ch,0.0
5,bateria_6,P_ch,0.0
6,bateria_6,P_ch,0.0
7,bateria_6,P_ch,0.0
8,bateria_6,P_ch,0.0
9,bateria_6,P_ch,0.0
10,bateria_6,P_ch,0.0
11,bateria_6,P_ch,0.0
12,bateria_6,P_ch,0.0
13,bateria_6,P_ch,0.088894267
14,bateria_6,P_ch,0.0840215
15,bateria_6,P_ch,0.0
16,bateria_6,P_ch,0.0
17,bateria_6,P_ch,0.0
18,bateria_6,P_ch,0.0
19,bateria_6,P_ch,0.0
20,bateria_6,P_ch,0.0
21,bateria_6,P_ch,0.0
22,bateria_6,P_ch,0.0
23,bateria_6,P_ch,0.0
24,bateria_6,P_ch,0.0
1,bateria_25,P_dis,0.0
2,bateria_25,P_dis,0.0
3,bateria_25,P_dis,0.0
4,bateria_25,P_dis,0.0
5,bateria_25,P_dis,0.0
6,bateria_25,P_dis,0.0
7,bateria_25,P_dis,0.0
8,bateria_25,P_dis,0.0
9,bateria_25,P_dis,0.0
10,bateria_25,P_dis,0.0
11,bateria_25,P_dis,0.0
12,bateria_25,P_dis,0.0
13,bateria_25,P_dis,0.0
14,bateria_25,P_dis,0.0
15,bateria_25,P_dis,0.0
16,bateria_25,P_dis,0.0
17,bateria_25,P_dis,0.0
18,bateria_25,P_dis,0.0
19,bateria_25,P_dis,0.0
20,bateria_25,P_dis,0.0
21,bateria_25,P_dis,0.0
22,bateria_25,P_dis,0.0
23,bateria_25,P_dis,0.0
24,bateria_25,P_dis,0.0
1,bateria_6,P_dis,0.0
2,bateria_6,P_dis,0.0
3,bateria_6,P_dis,0.0
4,bateria_6,P_dis,0.0
5,bateria_6,P_dis,0.0
6,bateria_6,P_dis,0.0
7,bateria_6,P_dis,0.0
8,bateria_6,P_dis,0.0
9,bateria_6,P_dis,0.0
10,bateria_6,P_dis,0.0
11,bateria_6,P_dis,0.0
12,bateria_6,P_dis,0.0
13,bateria_6,P_dis,0.0
14,bateria_6,P_dis,0.0
15,bateria_6,P_dis,0.0
16,bateria_6,P_dis,0.0
17,bateria_6,P_dis,0.0
18,bateria_6,P_dis,0.0
19,bateria_6,P_dis,0.0
20,bateria_6,P_dis,0.0
21,bateria_6,P_dis,0.0
22,bateria_6,P_dis,0.0
23,bateria_6,P_dis,0.0
24,bateria_6,P_dis,0.0
1,bateria_25,E,0.25
2,bateria_25,E,0.25
3,bateria_25,E,0.25
4,bateria_25,E,0.25
5,bateria_25,E,0.25
6,bateria_25,E,0.25
7,bateria_25,E,0.25
8,bateria_25,E,0.25
9,bateria_25,E,0.25
10,bateria_25,E,0.25
11,bateria_25,E,0.25
12,bateria_25,E,0.25
13,bateria_25,E,0.25506554
14,bateria_25,E,0.38484271
15,bateria_25,E,0.5
16,bateria_25,E,0.5
17,bateria_25,E,0.5
18,bateria_25,E,0.5
19,bateria_25,E,0.5
20,bateria_25,E,0.5
21,bateria_25,E,0.5
22,bateria_25,E,0.5
23,bateria_25,E,0.5
24,bateria_25,E,0.5
1,bateria_6,E,0.25
2,bateria_6,E,0.25
3,bateria_6,E,0.25
4,bateria_6,E,0.25
5,bateria_6,E,0.25
6,bateria_6,E,0.25
7,bateria_6,E,0.25
8,bateria_6,E,0.25
9,bateria_6,E,0.25
10,bateria_6,E,0.25
11,bateria_6,E,0.25
12,bateria_6,E,0.25
13,bateria_6,E,0.25
14,bateria_6,E,0.33444955
15,bateria_6,E,0.41426998
16,bateria_6,E,0.41426998
17,bateria_6,E,0.41426998
18,bateria_6,E,0.41426998
19,bateria_6,E,0.41426998
20,bateria_6,E,0.41426998
21,bateria_6,E,0.41426998
22,bateria_6,E,0.41426998
23,bateria_6,E,0.41426998
24,bateria_6,E,0.41426998
1,linha_1-2,F,-0.072132867
2,linha_1-2,F,-0.073759241
3,linha_1-2,F,-0.074939061
4,linha_1-2,F,-0.075480519
5,linha_1-2,F,-0.074748252
6,linha_1-2,F,-0.070467532
7,linha_1-2,F,-0.065134865
8,linha_1-2,F,-0.063908092
9,linha_1-2,F,-0.061686314
10,linha_1-2,F,-0.060266733
11,linha_1-2,F,-0.060018981
12,linha_1-2,F,-0.059931069
13,linha_1-2,F,-0.058812188
14,linha_1-2,F,-0.0566004
15,linha_1-2,F,-0.056591409
16,linha_1-2,F,-0.059020979
17,linha_1-2,F,-0.062852148
18,linha_1-2,F,-0.066989011
19,linha_1-2,F,-0.074873127
20,linha_1-2,F,-0.077015984
21,linha_1-2,F,-0.077777223
22,linha_1-2,F,-0.080495504
23,linha_1-2,F,-0.082473526
24,linha_1-2,F,-0.082285714
1,linha_2-3,F,-0.14412161
2,linha_2-3,F,-0.14737111
3,linha_2-3,F,-0.14972839
4,linha_2-3,F,-0.15081023
5,linha_2-3,F,-0.14934716
6,linha_2-3,F,-0.14079427
7,linha_2-3,F,-0.13013959
8,linha_2-3,F,-0.1276885
9,linha_2-3,F,-0.12324938
10,linha_2-3,F,-0.12041305
11,linha_2-3,F,-0.11991804
12,linha_2-3,F,-0.1197424
13,linha_2-3,F,-0.11750687
14,linha_2-3,F,-0.11308771
15,linha_2-3,F,-0.11306975
16,linha_2-3,F,-0.11792403
17,linha_2-3,F,-0.12557872
18,linha_2-3,F,-0.13384418
19,linha_2-3,F,-0.14959666
20,linha_2-3,F,-0.15387809
21,linha_2-3,F,-0.15539905
22,linha_2-3,F,-0.16083018
23,linha_2-3,F,-0.16478227
24,linha_2-3,F,-0.16440702
1,linha_3-4,F,-0.21593469
2,linha_3-4,F,-0.22079436
3,linha_3-4,F,-0.22431971
4,linha_3-4,F,-0.22593761
5,linha_3-4,F,-0.22374956
6,linha_3-4,F,-0.2109586
7,linha_3-4,F,-0.19501444
8,linha_3-4,F,-0.19134147
9,linha_3-4,F,-0.18468944
10,linha_3-4,F,-0.1804392
11,linha_3-4,F,-0.17969743
12,linha_3-4,F,-0.17943422
13,linha_3-4,F,-0.17608428
14,linha_3-4,F,-0.16946216
15,linha_3-4,F,-0.16943524
16,linha_3-4,F,-0.1767094
17,linha_3-4,F,-0.18817996
18,linha_3-4,F,-0.20056464
19,linha_3-4,F,-0.22412269
20,linha_3-4,F,-0.23052563
21,linha_3-4,F,-0.23280025
22,linha_3-4,F,-0.24092258
23,linha_3-4,F,-0.24683299
24,linha_3-4,F,-0.2462718
1,linha_4-5,F,-0.28742959
2,linha_4-5,F,-0.29388332
3,linha_4-5,F,-0.29856505
4,linha_4-5,F,-0.30071365
5,linha_4-5,F,-0.29780789
6,linha_4-5,F,-0.28082126
7,linha_4-5,F,-0.2596405
8,linha_4-5,F,-0.25475785
9,linha_4-5,F,-0.245915
10,linha_4-5,F,-0.24026497
11,linha_4-5,F,-0.23927889
12,linha_4-5,F,-0.238929
13,linha_4-5,F,-0.23447577
14,linha_4-5,F,-0.22567268
15,linha_4-5,F,-0.2256369
16,linha_4-5,F,-0.23530677
17,linha_4-5,F,-0.25055511
18,linha_4-5,F,-0.26701789
19,linha_4-5,F,-0.29830341
20,linha_4-5,F,-0.30680664
21,linha_4-5,F,-0.30982736
22,linha_4-5,F,-0.32061397
23,linha_4-5,F,-0.3284631
24,linha_4-5,F,-0.32771783
1,linha_5-6,F,-0.50226996
2,linha_5-6,F,-0.51353301
3,linha_5-6,F,-0.52170284
4,linha_5-6,F,-0.52545324
5,linha_5-6,F,-0.52038255
6,linha_5-6,F,-0.49073811
7,linha_5-6,F,-0.45379361
8,linha_5-6,F,-0.44528416
9,linha_5-6,F,-0.4298719
10,linha_5-6,F,-0.42002405
11,linha_5-6,F,-0.41830653
12,linha_5-6,F,-0.41769772
13,linha_5-6,F,-0.40993566
14,linha_5-6,F,-0.39458192
15,linha_5-6,F,-0.39452042
16,linha_5-6,F,-0.41138393
17,linha_5-6,F,-0.43795965
18,linha_5-6,F,-0.46665059
19,linha_5-6,F,-0.52124727
20,linha_5-6,F,-0.5360838
21,linha_5-6,F,-0.5413571
22,linha_5-6,F,-0.56017923
23,linha_5-6,F,-0.57387534
24,linha_5-6,F,-0.5725748
1,linha_6-7,F,0.37581461
2,linha_6-7,F,0.38877149
3,linha_6-7,F,0.39817008
4,linha_6-7,F,0.4
5,linha_6-7,F,0.39665107
6,linha_6-7,F,0.36254835
7,linha_6-7,F,0.32503535
8,linha_6-7,F,0.31892104
9,linha_6-7,F,0.30784659
10,linha_6-7,F,0.28120945
11,linha_6-7,F,0.21953303
12,linha_6-7,F,0.13935612
13,linha_6-7,F,0.12553228
14,linha_6-7,F,0.12033066
15,linha_6-7,F,0.16974206
16,linha_6-7,F,0.29456242
17,linha_6-7,F,0.31365816
18,linha_6-7,F,0.33483802
19,linha_6-7,F,0.39764584
20,linha_6-7,F,0.4
21,linha_6-7,F,0.4
22,linha_6-7,F,0.4015894
23,linha_6-7,F,0.41142735
24,linha_6-7,F,0.41049315
1,linha_7-8,F,0.16008814
2,linha_7-8,F,0.16820701
3,linha_7-8,F,0.17409669
4,linha_7-8,F,0.17430531
5,linha_7-8,F,0.17314417
6,linha_7-8,F,0.15177477
7,linha_7-8,F,0.13013959
8,linha_7-8,F,0.1276885
9,linha_7-8,F,0.12324938
10,linha_7-8,F,0.10077385
11,linha_7-8,F,0.039594228
12,linha_7-8,F,-0.040438083
13,linha_7-8,F,-0.050904281
14,linha_7-8,F,-0.049469541
15,linha_7-8,F,-3.2167709e-05
16,linha_7-8,F,0.11792403
17,linha_7-8,F,0.12557872
18,linha_7-8,F,0.13440995
19,linha_7-8,F,0.17376755
20,linha_7-8,F,0.16969169
21,linha_7-8,F,0.1674014
22,linha_7-8,F,0.16083018
23,linha_7-8,F,0.16478227
24,linha_7-8,F,0.16440702
1,linha_8-9,F,0.088131357
2,linha_8-9,F,0.094636858
3,linha_8-9,F,0.099356143
4,linha_8-9,F,0.099022633
5,linha_8-9,F,0.098592906
6,linha_8-9,F,0.081470011
7,linha_8-9,F,0.065134865
8,linha_8-9,F,0.063908092
9,linha_8-9,F,0.061686314
10,linha_8-9,F,0.040588217
11,linha_8-9,F,-0.020424753
12,linha_8-9,F,-0.10028836
13,linha_8-9,F,-0.10961476
14,linha_8-9,F,-0.1059711
15,linha_8-9,F,-0.056623512
16,linha_8-9,F,0.059020979
17,linha_8-9,F,0.062852148
18,linha_8-9,F,0.067555912
19,linha_8-9,F,0.099092407
20,linha_8-9,F,0.092861245
21,linha_8-9,F,0.089803606
22,linha_8-9,F,0.080495504
23,linha_8-9,F,0.082473526
24,linha_8-9,F,0.082285714
1,linha_9-10,F,0.016030519
2,linha_9-10,F,0.020919414
3,linha_9-10,F,0.024465965
4,linha_9-10,F,0.023589245
5,linha_9-10,F,0.023892391
6,linha_9-10,F,0.011024506
7,linha_9-10,F,0.0
8,linha_9-10,F,0.0
9,linha_9-10,F,0.0
10,linha_9-10,F,-0.019678516
11,linha_9-10,F,-0.080402925
12,linha_9-10,F,-0.16001905
13,linha_9-10,F,-0.16820794
14,linha_9-10,F,-0.16235977
15,linha_9-10,F,-0.11310179
16,linha_9-10,F,0.0
17,linha_9-10,F,0.0
18,linha_9-10,F,0.00056803546
19,linha_9-10,F,0.024267767
20,linha_9-10,F,0.015876983
21,linha_9-10,F,0.01205046
22,linha_9-10,F,0.0
23,linha_9-10,F,0.0
24,linha_9-10,F,0.0
1,linha_10-11,F,-0.056102349
2,linha_10-11,F,-0.052839827
3,linha_10-11,F,-0.050473096
4,linha_10-11,F,-0.051891274
5,linha_10-11,F,-0.050855861
6,linha_10-11,F,-0.059443027
7,linha_10-11,F,-0.065134865
8,linha_10-11,F,-0.063908092
9,linha_10-11,F,-0.061686314
10,linha_10-11,F,-0.079905932
11,linha_10-11,F,-0.14026126
12,linha_10-11,F,-0.21959126
13,linha_10-11,F,-0.22663084
14,linha_10-11,F,-0.21859861
15,linha_10-11,F,-0.16946722
16,linha_10-11,F,-0.059020979
17,linha_10-11,F,-0.062852148
18,linha_10-11,F,-0.066420976
19,linha_10-11,F,-0.05060536
20,linha_10-11,F,-0.061139001
21,linha_10-11,F,-0.065726762
22,linha_10-11,F,-0.080495504
23,linha_10-11,F,-0.082473526
24,linha_10-11,F,-0.082285714
1,linha_11-12,F,-0.12812312
2,linha_11-12,F,-0.12649349
3,linha_11-12,F,-0.12531131
4,linha_11-12,F,-0.12726811
5,linha_11-12,F,-0.1255025
6,linha_11-12,F,-0.12979179
7,linha_11-12,F,-0.13013959
8,linha_11-12,F,-0.1276885
9,linha_11-12,F,-0.12324938
10,linha_11-12,F,-0.14001301
11,linha_11-12,F,-0.2
12,linha_11-12,F,-0.27888682
13,linha_11-12,F,-0.28476764
14,linha_11-12,F,-0.27457609
15,linha_11-12,F,-0.22566874
16,linha_11-12,F,-0.11792403
17,linha_11-12,F,-0.12557872
18,linha_11-12,F,-0.13327728
19,linha_11-12,F,-0.12537738
20,linha_11-12,F,-0.13803283
21,linha_11-12,F,-0.14337266
22,linha_11-12,F,-0.16083018
23,linha_11-12,F,-0.16478227
24,linha_11-12,F,-0.16440702
1,linha_12-13,F,-0.2
2,linha_12-13,F,-0.2
3,linha_12-13,F,-0.2
4,linha_12-13,F,-0.20248938
5,linha_12-13,F,-0.2
6,linha_12-13,F,-0.2
7,linha_12-13,F,-0.19501444
8,linha_12-13,F,-0.19134147
9,linha_12-13,F,-0.18468944
10,linha_12-13,F,-0.2
11,linha_12-13,F,-0.2595005
12,linha_12-13,F,-0.33782768
13,linha_12-13,F,-0.34255667
14,linha_12-13,F,-0.33021871
15,linha_12-13,F,-0.28159495
16,linha_12-13,F,-0.1767094
17,linha_12-13,F,-0.18817996
18,linha_12-13,F,-0.2
19,linha_12-13,F,-0.2
20,linha_12-13,F,-0.21474357
21,linha_12-13,F,-0.22082182
22,linha_12-13,F,-0.24092258
23,linha_12-13,F,-0.24683299
24,linha_12-13,F,-0.2462718
1,linha_13-14,F,-0.27159023
2,linha_13-14,F,-0.27321336
3,linha_13-14,F,-0.27439083
4,linha_13-14,F,-0.27740569
5,linha_13-14,F,-0.2742004
6,linha_13-14,F,-0.26992822
7,linha_13-14,F,-0.2596405
8,linha_13-14,F,-0.25475785
9,linha_13-14,F,-0.245915
10,linha_13-14,F,-0.25974776
11,linha_13-14,F,-0.31864506
12,linha_13-14,F,-0.39641595
13,linha_13-14,F,-0.4
14,linha_13-14,F,-0.38552846
15,linha_13-14,F,-0.33718661
16,linha_13-14,F,-0.23530677
17,linha_13-14,F,-0.25055511
18,linha_13-14,F,-0.26645663
19,linha_13-14,F,-0.27432502
20,linha_13-14,F,-0.29111898
21,linha_13-14,F,-0.2979206
22,linha_13-14,F,-0.32061397
23,linha_13-14,F,-0.3284631
24,linha_13-14,F,-0.32771783
1,linha_14-15,F,0.0
2,linha_14-15,F,0.0
3,linha_14-15,F,-0.0012614182
4,linha_14-15,F,0.075480519
5,linha_14-15,F,0.074748252
6,linha_14-15,F,0.070467532
7,linha_14-15,F,0.065134865
8,linha_14-15,F,0.063908092
9,linha_14-15,F,0.061686314
10,linha_14-15,F,0.13543993
11,linha_14-15,F,0.18201389
12,linha_14-15,F,0.18857087
13,linha_14-15,F,0.24225577
14,linha_14-15,F,0.23086371
15,linha_14-15,F,0.19497192
16,linha_14-15,F,0.059020979
17,linha_14-15,F,0.062852148
18,linha_14-15,F,0.066989011
19,linha_14-15,F,0.074873127
20,linha_14-15,F,0.077015984
21,linha_14-15,F,0.071636902
22,linha_14-15,F,-0.090994533
23,linha_14-15,F,-0.035358882
24,linha_14-15,F,0.0
1,linha_15-16,F,-0.072132867
2,linha_15-16,F,-0.073759241
3,linha_15-16,F,-0.076197959
4,linha_15-16,F,0.0
5,linha_15-16,F,0.0
6,linha_15-16,F,0.0
7,linha_15-16,F,0.0
8,linha_15-16,F,0.0
9,linha_15-16,F,0.0
10,linha_15-16,F,0.07532369
11,linha_15-16,F,0.12223914
12,linha_15-16,F,0.12889734
13,linha_15-16,F,0.18389543
14,linha_15-16,F,0.17467398
15,linha_15-16,F,0.13865755
16,linha_15-16,F,0.0
17,linha_15-16,F,0.0
18,linha_15-16,F,0.0
19,linha_15-16,F,0.0
20,linha_15-16,F,0.0
21,linha_15-16,F,-0.0061403206
22,linha_15-16,F,-0.17130823
23,linha_15-16,F,-0.11776176
24,linha_15-16,F,-0.082285714
1,linha_16-17,F,-0.14412161
2,linha_16-17,F,-0.14737111
3,linha_16-17,F,-0.15098478
4,linha_16-17,F,-0.075480519
5,linha_16-17,F,-0.074748252
6,linha_16-17,F,-0.070467532
7,linha_16-17,F,-0.065134865
8,linha_16-17,F,-0.063908092
9,linha_16-17,F,-0.061686314
10,linha_16-17,F,0.015087101
11,linha_16-17,F,0.062344724
12,linha_16-17,F,0.069104341
13,linha_16-17,F,0.12533366
14,linha_16-17,F,0.11830996
15,linha_16-17,F,0.082230441
16,linha_16-17,F,-0.059020979
17,linha_16-17,F,-0.062852148
18,linha_16-17,F,-0.066989011
19,linha_16-17,F,-0.074873127
20,linha_16-17,F,-0.077015984
21,linha_16-17,F,-0.083905275
22,linha_16-17,F,-0.25135885
23,linha_16-17,F,-0.2
24,linha_16-17,F,-0.16440702
1,linha_17-18,F,-0.21593469
2,linha_17-18,F,-0.22079436
3,linha_17-18,F,-0.22557108
4,linha_17-18,F,-0.15081023
5,linha_17-18,F,-0.14934716
6,linha_17-18,F,-0.14079427
7,linha_17-18,F,-0.13013959
8,linha_17-18,F,-0.1276885
9,linha_17-18,F,-0.12324938
10,linha_17-18,F,-0.045179632
11,linha_17-18,F,0.0023303993
12,linha_17-18,F,0.0091916368
13,linha_17-18,F,0.066654647
14,linha_17-18,F,0.061833105
15,linha_17-18,F,0.025690362
16,linha_17-18,F,-0.11792403
17,linha_17-18,F,-0.12557872
18,linha_17-18,F,-0.13384418
19,linha_17-18,F,-0.14959666
20,linha_17-18,F,-0.15387809
21,linha_17-18,F,-0.16151485
22,linha_17-18,F,-0.33098781
23,linha_17-18,F,-0.28191027
24,linha_17-18,F,-0.2462718
1,linha_18-19,F,0.32468216
2,linha_18-19,F,0.33624376
3,linha_18-19,F,0.34833665
4,linha_18-19,F,0.22593761
5,linha_18-19,F,0.22374956
6,linha_18-19,F,0.2109586
7,linha_18-19,F,0.2
8,linha_18-19,F,0.2
9,linha_18-19,F,0.2
10,linha_18-19,F,0.2
11,linha_18-19,F,0.20647315
12,linha_18-19,F,0.20141407
13,linha_18-19,F,0.24819489
14,linha_18-19,F,0.23353855
15,linha_18-19,F,0.20929594
16,linha_18-19,F,0.2
17,linha_18-19,F,0.2
18,linha_18-19,F,0.20056464
19,linha_18-19,F,0.22412269
20,linha_18-19,F,0.24953138
21,linha_18-19,F,0.27722333
22,linha_18-19,F,0.39982864
23,linha_18-19,F,0.39275773
24,linha_18-19,F,0.35636812
1,linha_19-20,F,0.25341144
2,linha_19-20,F,0.26340972
3,linha_19-20,F,0.27439083
4,linha_19-20,F,0.15081023
5,linha_19-20,F,0.14934716
6,linha_19-20,F,0.14079427
7,linha_19-20,F,0.13513514
8,linha_19-20,F,0.13636436
9,linha_19-20,F,0.13859059
10,linha_19-20,F,0.14001301
11,linha_19-20,F,0.14676033
12,linha_19-20,F,0.14176908
13,linha_19-20,F,0.18985833
14,linha_19-20,F,0.17735953
15,linha_19-20,F,0.15302886
16,linha_19-20,F,0.14126126
17,linha_19-20,F,0.13742242
18,linha_19-20,F,0.13384418
19,linha_19-20,F,0.14959666
20,linha_19-20,F,0.17295994
21,linha_19-20,F,0.2
22,linha_19-20,F,0.32061397
23,linha_19-20,F,0.31151455
24,linha_19-20,F,0.27509451
1,linha_20-21,F,0.18174843
2,linha_20-21,F,0.1901571
3,linha_20-21,F,0.2
4,linha_20-21,F,0.075480519
5,linha_20-21,F,0.074748252
6,linha_20-21,F,0.070467532
7,linha_20-21,F,0.070140411
8,linha_20-21,F,0.07260133
9,linha_20-21,F,0.077058239
10,linha_20-21,F,0.079905932
11,linha_20-21,F,0.086915004
12,linha_20-21,F,0.082001853
13,linha_20-21,F,0.1313085
14,linha_20-21,F,0.12100089
15,linha_20-21,F,0.096630516
16,linha_20-21,F,0.082404927
17,linha_20-21,F,0.074719564
18,linha_20-21,F,0.066989011
19,linha_20-21,F,0.074873127
20,linha_20-21,F,0.096136032
21,linha_20-21,F,0.12246747
22,linha_20-21,F,0.24092258
23,linha_20-21,F,0.22978244
24,linha_20-21,F,0.19334514
1,linha_21-22,F,0.10983501
2,linha_21-22,F,0.11663089
3,linha_21-22,F,0.12531131
4,linha_21-22,F,0.0
5,linha_21-22,F,0.0
6,linha_21-22,F,0.0
7,linha_21-22,F,0.0050155667
8,linha_21-22,F,0.008710642
9,linha_21-22,F,0.0154027
10,linha_21-22,F,0.019678516
11,linha_21-22,F,0.026949869
12,linha_21-22,F,0.02211497
13,linha_21-22,F,0.072641446
14,linha_21-22,F,0.064529419
15,linha_21-22,F,0.040119266
16,linha_21-22,F,0.023430763
17,linha_21-22,F,0.011891175
18,linha_21-22,F,0.0
19,linha_21-22,F,0.0
20,linha_21-22,F,0.019158327
21,linha_21-22,F,0.044779715
22,linha_21-22,F,0.16083018
23,linha_21-22,F,0.14766345
24,linha_21-22,F,0.11128176
1,linha_22-23,F,0.037777623
2,linha_22-23,F,0.042957481
3,linha_22-23,F,0.050473096
4,linha_22-23,F,-0.075480519
5,linha_22-23,F,-0.074748252
6,linha_22-23,F,-0.070467532
7,linha_22-23,F,-0.060119298
8,linha_22-23,F,-0.05519745
9,linha_22-23,F,-0.046283613
10,linha_22-23,F,-0.040588217
11,linha_22-23,F,-0.033069112
12,linha_22-23,F,-0.037816099
13,linha_22-23,F,0.013856945
14,linha_22-23,F,0.0079448935
15,linha_22-23,F,-0.016472143
16,linha_22-23,F,-0.035590216
17,linha_22-23,F,-0.050960973
18,linha_22-23,F,-0.066989011
19,linha_22-23,F,-0.074873127
20,linha_22-23,F,-0.057857657
21,linha_22-23,F,-0.032997508
22,linha_22-23,F,0.080495504
23,linha_22-23,F,0.065320437
24,linha_22-23,F,0.0290541
1,linha_23-24,F,-0.034355244
2,linha_23-24,F,-0.03080176
3,linha_23-24,F,-0.024465965
4,linha_23-24,F,-0.15081023
5,linha_23-24,F,-0.14934716
6,linha_23-24,F,-0.14079427
7,linha_23-24,F,-0.12513405
8,linha_23-24,F,-0.11899526
9,linha_23-24,F,-0.10787745
10,linha_23-24,F,-0.10077385
11,linha_23-24,F,-0.093022021
12,linha_23-24,F,-0.097671612
13,linha_23-24,F,-0.044955243
14,linha_23-24,F,-0.048655506
15,linha_23-24,F,-0.07303064
16,linha_23-24,F,-0.094540086
17,linha_23-24,F,-0.1137113
18,linha_23-24,F,-0.13384418
19,linha_23-24,F,-0.14959666
20,linha_23-24,F,-0.13475804
21,linha_23-24,F,-0.1107088
22,linha_23-24,F,0.0
23,linha_23-24,F,-0.017153089
24,linha_23-24,F,-0.053231614
1,linha_24-25,F,-0.25058314
2,linha_24-25,F,-0.25191422
3,linha_24-25,F,-0.24913609
4,linha_24-25,F,-0.37659862
5,linha_24-25,F,-0.37294896
6,linha_24-25,F,-0.35161164
7,linha_24-25,F,-0.32004976
8,linha_24-25,F,-0.31026247
9,linha_24-25,F,-0.29253597
10,linha_24-25,F,-0.28120945
11,linha_24-25,F,-0.27274776
12,linha_24-25,F,-0.27711659
13,linha_24-25,F,-0.22125951
14,linha_24-25,F,-0.21832188
15,linha_24-25,F,-0.24257389
16,linha_24-25,F,-0.27127173
17,linha_24-25,F,-0.30183807
18,linha_24-25,F,-0.33427451
19,linha_24-25,F,-0.37357135
20,linha_24-25,F,-0.36520567
21,linha_24-25,F,-0.34353349
22,linha_24-25,F,-0.24140379
23,linha_24-25,F,-0.26440971
24,linha_24-25,F,-0.29978204
1,linha_25-26,F,0.15833339
2,linha_25-26,F,0.15794029
3,linha_25-26,F,0.15305553
4,linha_25-26,F,0.25237936
5,linha_25-26,F,0.24799451
6,linha_25-26,F,0.2223594
7,linha_25-26,F,0.2
8,linha_25-26,F,0.2
9,linha_25-26,F,0.2
10,linha_25-26,F,0.2
11,linha_25-26,F,0.267837
12,linha_25-26,F,0.36670874
13,linha_25-26,F,0.36648318
14,linha_25-26,F,0.35541111
15,linha_25-26,F,0.34444316
16,linha_25-26,F,0.2
17,linha_25-26,F,0.2
18,linha_25-26,F,0.20152988
19,linha_25-26,F,0.24874227
20,linha_25-26,F,0.26157179
21,linha_25-26,F,0.26613211
22,linha_25-26,F,0.057843261
23,linha_25-26,F,0.12832172
24,linha_25-26,F,0.19343586
1,linha_26-27,F,-0.058064216
2,linha_26-27,F,-0.063337428
3,linha_26-27,F,-0.07176165
4,linha_26-27,F,0.026093595
5,linha_26-27,F,0.023892391
6,linha_26-27,F,0.011024506
7,linha_26-27,F,0.0046036036
8,linha_26-27,F,0.0082912913
9,linha_26-27,F,0.014970971
10,linha_26-27,F,0.019239239
11,linha_26-27,F,0.088091601
12,linha_26-27,F,0.18762249
13,linha_26-27,F,0.19076039
14,linha_26-27,F,0.18629364
15,linha_26-27,F,0.1753078
16,linha_26-27,F,0.022982983
17,linha_26-27,F,0.011465465
18,linha_26-27,F,0.00056803546
19,linha_26-27,F,0.024267767
20,linha_26-27,F,0.030709217
21,linha_26-27,F,0.032997508
22,linha_26-27,F,-0.18364325
23,linha_26-27,F,-0.11909786
24,linha_26-27,F,-0.053420288
1,linha_27-28,F,-0.13008107
2,linha_27-28,F,-0.13697012
3,linha_27-28,F,-0.14655733
4,linha_27-28,F,-0.049386924
5,linha_27-28,F,-0.050855861
6,linha_27-28,F,-0.059443027
7,linha_27-28,F,-0.060531262
8,linha_27-28,F,-0.055616801
9,linha_27-28,F,-0.046715343
10,linha_27-28,F,-0.041027494
11,linha_27-28,F,0.028128822
12,linha_27-28,F,0.12794706
13,linha_27-28,F,0.13221236
14,linha_27-28,F,0.12995288
15,linha_27-28,F,0.11895406
16,linha_27-28,F,-0.036037996
17,linha_27-28,F,-0.051386682
18,linha_27-28,F,-0.066420976
19,linha_27-28,F,-0.05060536
20,linha_27-28,F,-0.046306767
21,linha_27-28,F,-0.044779715
22,linha_27-28,F,-0.26364468
23,linha_27-28,F,-0.20133077
24,linha_27-28,F,-0.13559927
1,linha_28-29,F,-0.20195014
2,linha_28-29,F,-0.21043485
3,linha_28-29,F,-0.22116129
4,linha_28-29,F,-0.12476877
5,linha_28-29,F,-0.1255025
6,linha_28-29,F,-0.12979179
7,linha_28-29,F,-0.12554519
8,linha_28-29,F,-0.11941377
9,linha_28-29,F,-0.10830832
10,linha_28-29,F,-0.10121225
11,linha_28-29,F,-0.031890159
12,linha_28-29,F,0.068152157
13,linha_28-29,F,0.073547117
14,linha_28-29,F,0.073499335
15,linha_28-29,F,0.062487504
16,linha_28-29,F,-0.094986971
17,linha_28-29,F,-0.11413616
18,linha_28-29,F,-0.13327728
19,linha_28-29,F,-0.12537738
20,linha_28-29,F,-0.12323023
21,linha_28-29,F,-0.12246747
22,linha_28-29,F,-0.34320014
23,linha_28-29,F,-0.28323308
24,linha_28-29,F,-0.21757893
1,linha_29-30,F,-0.2735287
2,linha_29-30,F,-0.28358578
3,linha_29-30,F,-0.29542553
4,linha_29-30,F,-0.2
5,linha_29-30,F,-0.2
6,linha_29-30,F,-0.2
7,linha_29-30,F,-0.19042921
8,linha_29-30,F,-0.18308327
9,linha_29-30,F,-0.16977823
10,linha_29-30,F,-0.16127677
11,linha_29-30,F,-0.091845424
12,linha_29-30,F,0.0082375471
13,linha_29-30,F,0.014764429
14,linha_29-30,F,0.016932767
15,linha_29-30,F,0.0059078993
16,linha_29-30,F,-0.15381817
17,linha_29-30,F,-0.17676026
18,linha_29-30,F,-0.2
19,linha_29-30,F,-0.2
20,linha_29-30,F,-0.2
21,linha_29-30,F,-0.2
22,linha_29-30,F,-0.42223536
23,linha_29-30,F,-0.36464545
24,linha_29-30,F,-0.29919661
1,linha_30-31,F,0.21593469
2,linha_30-31,F,0.22079436
3,linha_30-31,F,0.22431971
4,linha_30-31,F,0.22593761
5,linha_30-31,F,0.22374956
6,linha_30-31,F,0.2109586
7,linha_30-31,F,0.19501444
8,linha_30-31,F,0.19134147
9,linha_30-31,F,0.18468944
10,linha_30-31,F,0.1804392
11,linha_30-31,F,0.17969743
12,linha_30-31,F,0.17943422
13,linha_30-31,F,0.17608428
14,linha_30-31,F,0.16946216
15,linha_30-31,F,0.16943524
16,linha_30-31,F,0.1767094
17,linha_30-31,F,0.18817996
18,linha_30-31,F,0.20056464
19,linha_30-31,F,0.22412269
20,linha_30-31,F,0.23052563
21,linha_30-31,F,0.23280025
22,linha_30-31,F,0.24092258
23,linha_30-31,F,0.24683299
24,linha_30-31,F,0.2462718
1,linha_31-32,F,0.14412161
2,linha_31-32,F,0.14737111
3,linha_31-32,F,0.14972839
4,linha_31-32,F,0.15081023
5,linha_31-32,F,0.14934716
6,linha_31-32,F,0.14079427
7,linha_31-32,F,0.13013959
8,linha_31-32,F,0.1276885
9,linha_31-32,F,0.12324938
10,linha_31-32,F,0.12041305
11,linha_31-32,F,0.11991804
12,linha_31-32,F,0.1197424
13,linha_31-32,F,0.11750687
14,linha_31-32,F,0.11308771
15,linha_31-32,F,0.11306975
16,linha_31-32,F,0.11792403
17,linha_31-32,F,0.12557872
18,linha_31-32,F,0.13384418
19,linha_31-32,F,0.14959666
20,linha_31-32,F,0.15387809
21,linha_31-32,F,0.15539905
22,linha_31-32,F,0.16083018
23,linha_31-32,F,0.16478227
24,linha_31-32,F,0.16440702
1,linha_32-33,F,0.072132867
2,linha_32-33,F,0.073759241
3,linha_32-33,F,0.074939061
4,linha_32-33,F,0.075480519
5,linha_32-33,F,0.074748252
6,linha_32-33,F,0.070467532
7,linha_32-33,F,0.065134865
8,linha_32-33,F,0.063908092
9,linha_32-33,F,0.061686314
10,linha_32-33,F,0.060266733
11,linha_32-33,F,0.060018981
12,linha_32-33,F,0.059931069
13,linha_32-33,F,0.058812188
14,linha_32-33,F,0.0566004
15,linha_32-33,F,0.056591409
16,linha_32-33,F,0.059020979
17,linha_32-33,F,0.062852148
18,linha_32-33,F,0.066989011
19,linha_32-33,F,0.074873127
20,linha_32-33,F,0.077015984
21,linha_32-33,F,0.077777223
22,linha_32-33,F,0.080495504
23,linha_32-33,F,0.082473526
24,linha_32-33,F,0.082285714
1,linha_1-2,Ploss,0.00014426573
2,linha_1-2,Ploss,0.00014751848
3,linha_1-2,Ploss,0.00014987812
4,linha_1-2,Ploss,0.00015096104
5,linha_1-2,Ploss,0.0001494965
6,linha_1-2,Ploss,0.00014093506
7,linha_1-2,Ploss,0.00013026973
8,linha_1-2,Ploss,0.00012781618
9,linha_1-2,Ploss,0.00012337263
10,linha_1-2,Ploss,0.00012053347
11,linha_1-2,Ploss,0.00012003796
12,linha_1-2,Ploss,0.00011986214
13,linha_1-2,Ploss,0.00011762438
14,linha_1-2,Ploss,0.0001132008
15,linha_1-2,Ploss,0.00011318282
16,linha_1-2,Ploss,0.00011804196
17,linha_1-2,Ploss,0.0001257043
18,linha_1-2,Ploss,0.00013397802
19,linha_1-2,Ploss,0.00014974625
20,linha_1-2,Ploss,0.00015403197
21,linha_1-2,Ploss,0.00015555445
22,linha_1-2,Ploss,0.00016099101
23,linha_1-2,Ploss,0.00016494705
24,linha_1-2,Ploss,0.00016457143
1,linha_2-3,Ploss,0.00028824323
2,linha_2-3,Ploss,0.00029474222
3,linha_2-3,Ploss,0.00029945679
4,linha_2-3,Ploss,0.00030162046
5,linha_2-3,Ploss,0.00029869431
6,linha_2-3,Ploss,0.00028158854
7,linha_2-3,Ploss,0.00026027918
8,linha_2-3,Ploss,0.00025537699
9,linha_2-3,Ploss,0.00024649876
10,linha_2-3,Ploss,0.00024082611
11,linha_2-3,Ploss,0.00023983609
12,linha_2-3,Ploss,0.00023948479
13,linha_2-3,Ploss,0.00023501374
14,linha_2-3,Ploss,0.00022617542
15,linha_2-3,Ploss,0.00022613949
16,linha_2-3,Ploss,0.00023584807
17,linha_2-3,Ploss,0.00025115743
18,linha_2-3,Ploss,0.00026768836
19,linha_2-3,Ploss,0.00029919331
20,linha_2-3,Ploss,0.00030775618
21,linha_2-3,Ploss,0.00031079809
22,linha_2-3,Ploss,0.00032166036
23,linha_2-3,Ploss,0.00032956454
24,linha_2-3,Ploss,0.00032881404
1,linha_3-4,Ploss,0.00049560812
2,linha_3-4,Ploss,0.00052476614
3,linha_3-4,Ploss,0.00054591824
4,linha_3-4,Ploss,0.00055562563
5,linha_3-4,Ploss,0.00054249736
6,linha_3-4,Ploss,0.0004657516
7,linha_3-4,Ploss,0.00039002887
8,linha_3-4,Ploss,0.00038268293
9,linha_3-4,Ploss,0.00036937888
10,linha_3-4,Ploss,0.0003608784
11,linha_3-4,Ploss,0.00035939486
12,linha_3-4,Ploss,0.00035886844
13,linha_3-4,Ploss,0.00035216856
14,linha_3-4,Ploss,0.00033892432
15,linha_3-4,Ploss,0.00033887048
16,linha_3-4,Ploss,0.0003534188
17,linha_3-4,Ploss,0.00037635992
18,linha_3-4,Ploss,0.00040338784
19,linha_3-4,Ploss,0.00054473615
20,linha_3-4,Ploss,0.00058315381
21,linha_3-4,Ploss,0.00059680148
22,linha_3-4,Ploss,0.00064553549
23,linha_3-4,Ploss,0.00068099794
24,linha_3-4,Ploss,0.00067763079
1,linha_4-5,Ploss,0.00092457756
2,linha_4-5,Ploss,0.00096329994
3,linha_4-5,Ploss,0.00099139031
4,linha_4-5,Ploss,0.0010042819
5,linha_4-5,Ploss,0.00098684733
6,linha_4-5,Ploss,0.00088492757
7,linha_4-5,Ploss,0.000757843
8,linha_4-5,Ploss,0.0007285471
9,linha_4-5,Ploss,0.00067549003
10,linha_4-5,Ploss,0.0006415898
11,linha_4-5,Ploss,0.00063567337
12,linha_4-5,Ploss,0.00063357399
13,linha_4-5,Ploss,0.0006068546
14,linha_4-5,Ploss,0.00055403609
15,linha_4-5,Ploss,0.00055382138
16,linha_4-5,Ploss,0.00061184063
17,linha_4-5,Ploss,0.00070333068
18,linha_4-5,Ploss,0.00080210735
19,linha_4-5,Ploss,0.00098982048
20,linha_4-5,Ploss,0.0010408398
21,linha_4-5,Ploss,0.0010589642
22,linha_4-5,Ploss,0.0011236838
23,linha_4-5,Ploss,0.0011707786
24,linha_4-5,Ploss,0.001166307
1,linha_5-6,Ploss,0.0026226996
2,linha_5-6,Ploss,0.0027353301
3,linha_5-6,Ploss,0.0028170284
4,linha_5-6,Ploss,0.0028545324
5,linha_5-6,Ploss,0.0028038255
6,linha_5-6,Ploss,0.0025073811
7,linha_5-6,Ploss,0.0021379361
8,linha_5-6,Ploss,0.0020528416
9,linha_5-6,Ploss,0.001898719
10,linha_5-6,Ploss,0.0018002405
11,linha_5-6,Ploss,0.0017830653
12,linha_5-6,Ploss,0.0017769772
13,linha_5-6,Ploss,0.0016993566
14,linha_5-6,Ploss,0.0015674915
15,linha_5-6,Ploss,0.0015671225
16,linha_5-6,Ploss,0.0017138393
17,linha_5-6,Ploss,0.0019795965
18,linha_5-6,Ploss,0.0022665059
19,linha_5-6,Ploss,0.0028124727
20,linha_5-6,Ploss,0.002960838
21,linha_5-6,Ploss,0.003013571
22,linha_5-6,Ploss,0.0032017923
23,linha_5-6,Ploss,0.0033387534
24,linha_5-6,Ploss,0.003325748
1,linha_6-7,Ploss,0.0014548876
2,linha_6-7,Ploss,0.001532629
3,linha_6-7,Ploss,0.0015890205
4,linha_6-7,Ploss,0.0016
5,linha_6-7,Ploss,0.0015799064
6,linha_6-7,Ploss,0.0013752901
7,linha_6-7,Ploss,0.0011502121
8,linha_6-7,Ploss,0.0011135263
9,linha_6-7,Ploss,0.0010470795
10,linha_6-7,Ploss,0.00088725672
11,linha_6-7,Ploss,0.00051719821
12,linha_6-7,Ploss,0.00027871225
13,linha_6-7,Ploss,0.00025106457
14,linha_6-7,Ploss,0.00024066132
15,linha_6-7,Ploss,0.00033948412
16,linha_6-7,Ploss,0.00096737454
17,linha_6-7,Ploss,0.001081949
18,linha_6-7,Ploss,0.0012090281
19,linha_6-7,Ploss,0.001585875
20,linha_6-7,Ploss,0.0016
21,linha_6-7,Ploss,0.0016
22,linha_6-7,Ploss,0.001615894
23,linha_6-7,Ploss,0.0017142735
24,linha_6-7,Ploss,0.0017049315
1,linha_7-8,Ploss,0.00032017627
2,linha_7-8,Ploss,0.00033641403
3,linha_7-8,Ploss,0.00034819338
4,linha_7-8,Ploss,0.00034861061
5,linha_7-8,Ploss,0.00034628834
6,linha_7-8,Ploss,0.00030354953
7,linha_7-8,Ploss,0.00026027918
8,linha_7-8,Ploss,0.00025537699
9,linha_7-8,Ploss,0.00024649876
10,linha_7-8,Ploss,0.00020154771
11,linha_7-8,Ploss,7.9188456e-05
12,linha_7-8,Ploss,8.0876166e-05
13,linha_7-8,Ploss,0.00010180856
14,linha_7-8,Ploss,9.8939083e-05
15,linha_7-8,Ploss,6.4335418e-08
16,linha_7-8,Ploss,0.00023584807
17,linha_7-8,Ploss,0.00025115743
18,linha_7-8,Ploss,0.00026881989
19,linha_7-8,Ploss,0.00034753509
20,linha_7-8,Ploss,0.00033938338
21,linha_7-8,Ploss,0.0003348028
22,linha_7-8,Ploss,0.00032166036
23,linha_7-8,Ploss,0.00032956454
24,linha_7-8,Ploss,0.00032881404
1,linha_8-9,Ploss,0.00017626271
2,linha_8-9,Ploss,0.00018927372
3,linha_8-9,Ploss,0.00019871229
4,linha_8-9,Ploss,0.00019804527
5,linha_8-9,Ploss,0.00019718581
6,linha_8-9,Ploss,0.00016294002
7,linha_8-9,Ploss,0.00013026973
8,linha_8-9,Ploss,0.00012781618
9,linha_8-9,Ploss,0.00012337263
10,linha_8-9,Ploss,8.1176434e-05
11,linha_8-9,Ploss,4.0849506e-05
12,linha_8-9,Ploss,0.00020057671
13,linha_8-9,Ploss,0.00021922952
14,linha_8-9,Ploss,0.0002119422
15,linha_8-9,Ploss,0.00011324702
16,linha_8-9,Ploss,0.00011804196
17,linha_8-9,Ploss,0.0001257043
18,linha_8-9,Ploss,0.00013511182
19,linha_8-9,Ploss,0.00019818481
20,linha_8-9,Ploss,0.00018572249
21,linha_8-9,Ploss,0.00017960721
22,linha_8-9,Ploss,0.00016099101
23,linha_8-9,Ploss,0.00016494705
24,linha_8-9,Ploss,0.00016457143
1,linha_9-10,Ploss,3.2061037e-05
2,linha_9-10,Ploss,4.1838828e-05
3,linha_9-10,Ploss,4.893193e-05
4,linha_9-10,Ploss,4.717849e-05
5,linha_9-10,Ploss,4.7784782e-05
6,linha_9-10,Ploss,2.2049012e-05
7,linha_9-10,Ploss,0.0
8,linha_9-10,Ploss,0.0
9,linha_9-10,Ploss,0.0
10,linha_9-10,Ploss,3.9357033e-05
11,linha_9-10,Ploss,0.00016080585
12,linha_9-10,Ploss,0.0003200381
13,linha_9-10,Ploss,0.00033641588
14,linha_9-10,Ploss,0.00032471954
15,linha_9-10,Ploss,0.00022620357
16,linha_9-10,Ploss,0.0
17,linha_9-10,Ploss,0.0
18,linha_9-10,Ploss,1.1360709e-06
19,linha_9-10,Ploss,4.8535534e-05
20,linha_9-10,Ploss,3.1753966e-05
21,linha_9-10,Ploss,2.4100921e-05
22,linha_9-10,Ploss,0.0
23,linha_9-10,Ploss,0.0
24,linha_9-10,Ploss,0.0
1,linha_10-11,Ploss,0.0001122047
2,linha_10-11,Ploss,0.00010567965
3,linha_10-11,Ploss,0.00010094619
4,linha_10-11,Ploss,0.00010378255
5,linha_10-11,Ploss,0.00010171172
6,linha_10-11,Ploss,0.00011888605
7,linha_10-11,Ploss,0.00013026973
8,linha_10-11,Ploss,0.00012781618
9,linha_10-11,Ploss,0.00012337263
10,linha_10-11,Ploss,0.00015981186
11,linha_10-11,Ploss,0.00028052252
12,linha_10-11,Ploss,0.00051754754
13,linha_10-11,Ploss,0.00055978503
14,linha_10-11,Ploss,0.00051159168
15,linha_10-11,Ploss,0.00033893444
16,linha_10-11,Ploss,0.00011804196
17,linha_10-11,Ploss,0.0001257043
18,linha_10-11,Ploss,0.00013284195
19,linha_10-11,Ploss,0.00010121072
20,linha_10-11,Ploss,0.000122278
21,linha_10-11,Ploss,0.00013145352
22,linha_10-11,Ploss,0.00016099101
23,linha_10-11,Ploss,0.00016494705
24,linha_10-11,Ploss,0.00016457143
1,linha_11-12,Ploss,0.00025624625
2,linha_11-12,Ploss,0.00025298699
3,linha_11-12,Ploss,0.00025062262
4,linha_11-12,Ploss,0.00025453623
5,linha_11-12,Ploss,0.00025100501
6,linha_11-12,Ploss,0.00025958358
7,linha_11-12,Ploss,0.00026027918
8,linha_11-12,Ploss,0.00025537699
9,linha_11-12,Ploss,0.00024649876
10,linha_11-12,Ploss,0.00028002603
11,linha_11-12,Ploss,0.0004
12,linha_11-12,Ploss,0.00087332093
13,linha_11-12,Ploss,0.00090860586
14,linha_11-12,Ploss,0.00084745654
15,linha_11-12,Ploss,0.00055401247
16,linha_11-12,Ploss,0.00023584807
17,linha_11-12,Ploss,0.00025115743
18,linha_11-12,Ploss,0.00026655455
19,linha_11-12,Ploss,0.00025075475
20,linha_11-12,Ploss,0.00027606566
21,linha_11-12,Ploss,0.00028674533
22,linha_11-12,Ploss,0.00032166036
23,linha_11-12,Ploss,0.00032956454
24,linha_11-12,Ploss,0.00032881404
1,linha_12-13,Ploss,0.0004
2,linha_12-13,Ploss,0.0004
3,linha_12-13,Ploss,0.0004
4,linha_12-13,Ploss,0.00041493627
5,linha_12-13,Ploss,0.0004
6,linha_12-13,Ploss,0.0004
7,linha_12-13,Ploss,0.00039002887
8,linha_12-13,Ploss,0.00038268293
9,linha_12-13,Ploss,0.00036937888
10,linha_12-13,Ploss,0.0004
11,linha_12-13,Ploss,0.00075700299
12,linha_12-13,Ploss,0.0012269661
13,linha_12-13,Ploss,0.00125534
14,linha_12-13,Ploss,0.0011813122
15,linha_12-13,Ploss,0.00088956972
16,linha_12-13,Ploss,0.0003534188
17,linha_12-13,Ploss,0.00037635992
18,linha_12-13,Ploss,0.0004
19,linha_12-13,Ploss,0.0004
20,linha_12-13,Ploss,0.00048846139
21,linha_12-13,Ploss,0.00052493095
22,linha_12-13,Ploss,0.00064553549
23,linha_12-13,Ploss,0.00068099794
24,linha_12-13,Ploss,0.00067763079
1,linha_13-14,Ploss,0.00082954138
2,linha_13-14,Ploss,0.00083928016
3,linha_13-14,Ploss,0.00084634497
4,linha_13-14,Ploss,0.00086443416
5,linha_13-14,Ploss,0.00084520239
6,linha_13-14,Ploss,0.00081956929
7,linha_13-14,Ploss,0.000757843
8,linha_13-14,Ploss,0.0007285471
9,linha_13-14,Ploss,0.00067549003
10,linha_13-14,Ploss,0.00075848654
11,linha_13-14,Ploss,0.0011118704
12,linha_13-14,Ploss,0.0015784957
13,linha_13-14,Ploss,0.0016
14,linha_13-14,Ploss,0.0015131708
15,linha_13-14,Ploss,0.0012231197
16,linha_13-14,Ploss,0.00061184063
17,linha_13-14,Ploss,0.00070333068
18,linha_13-14,Ploss,0.00079873978
19,linha_13-14,Ploss,0.00084595015
20,linha_13-14,Ploss,0.00094671387
21,linha_13-14,Ploss,0.00098752358
22,linha_13-14,Ploss,0.0011236838
23,linha_13-14,Ploss,0.0011707786
24,linha_13-14,Ploss,0.001166307
1,linha_14-15,Ploss,0.0
2,linha_14-15,Ploss,0.0
3,linha_14-15,Ploss,2.5228364e-06
4,linha_14-15,Ploss,0.00015096104
5,linha_14-15,Ploss,0.0001494965
6,linha_14-15,Ploss,0.00014093506
7,linha_14-15,Ploss,0.00013026973
8,linha_14-15,Ploss,0.00012781618
9,linha_14-15,Ploss,0.00012337263
10,linha_14-15,Ploss,0.00027087985
11,linha_14-15,Ploss,0.00036402777
12,linha_14-15,Ploss,0.00037714174
13,linha_14-15,Ploss,0.0006535346
14,linha_14-15,Ploss,0.00058518227
15,linha_14-15,Ploss,0.00038994385
16,linha_14-15,Ploss,0.00011804196
17,linha_14-15,Ploss,0.0001257043
18,linha_14-15,Ploss,0.00013397802
19,linha_14-15,Ploss,0.00014974625
20,linha_14-15,Ploss,0.00015403197
21,linha_14-15,Ploss,0.0001432738
22,linha_14-15,Ploss,0.00018198907
23,linha_14-15,Ploss,7.0717765e-05
24,linha_14-15,Ploss,0.0
1,linha_15-16,Ploss,0.00014426573
2,linha_15-16,Ploss,0.00014751848
3,linha_15-16,Ploss,0.00015239592
4,linha_15-16,Ploss,0.0
5,linha_15-16,Ploss,0.0
6,linha_15-16,Ploss,0.0
7,linha_15-16,Ploss,0.0
8,linha_15-16,Ploss,0.0
9,linha_15-16,Ploss,0.0
10,linha_15-16,Ploss,0.00015064738
11,linha_15-16,Ploss,0.00024447828
12,linha_15-16,Ploss,0.00025779468
13,linha_15-16,Ploss,0.00036779086
14,linha_15-16,Ploss,0.00034934796
15,linha_15-16,Ploss,0.00027731511
16,linha_15-16,Ploss,0.0
17,linha_15-16,Ploss,0.0
18,linha_15-16,Ploss,0.0
19,linha_15-16,Ploss,0.0
20,linha_15-16,Ploss,0.0
21,linha_15-16,Ploss,1.2280641e-05
22,linha_15-16,Ploss,0.00034261646
23,linha_15-16,Ploss,0.00023552352
24,linha_15-16,Ploss,0.00016457143
1,linha_16-17,Ploss,0.00028824323
2,linha_16-17,Ploss,0.00029474222
3,linha_16-17,Ploss,0.00030196955
4,linha_16-17,Ploss,0.00015096104
5,linha_16-17,Ploss,0.0001494965
6,linha_16-17,Ploss,0.00014093506
7,linha_16-17,Ploss,0.00013026973
8,linha_16-17,Ploss,0.00012781618
9,linha_16-17,Ploss,0.00012337263
10,linha_16-17,Ploss,3.0174202e-05
11,linha_16-17,Ploss,0.00012468945
12,linha_16-17,Ploss,0.00013820868
13,linha_16-17,Ploss,0.00025066732
14,linha_16-17,Ploss,0.00023661992
15,linha_16-17,Ploss,0.00016446088
16,linha_16-17,Ploss,0.00011804196
17,linha_16-17,Ploss,0.0001257043
18,linha_16-17,Ploss,0.00013397802
19,linha_16-17,Ploss,0.00014974625
20,linha_16-17,Ploss,0.00015403197
21,linha_16-17,Ploss,0.00016781055
22,linha_16-17,Ploss,0.00070815308
23,linha_16-17,Ploss,0.0004
24,linha_16-17,Ploss,0.00032881404
1,linha_17-18,Ploss,0.00049560812
2,linha_17-18,Ploss,0.00052476614
3,linha_17-18,Ploss,0.00055342647
4,linha_17-18,Ploss,0.00030162046
5,linha_17-18,Ploss,0.00029869431
6,linha_17-18,Ploss,0.00028158854
7,linha_17-18,Ploss,0.00026027918
8,linha_17-18,Ploss,0.00025537699
9,linha_17-18,Ploss,0.00024649876
10,linha_17-18,Ploss,9.0359265e-05
11,linha_17-18,Ploss,4.6607985e-06
12,linha_17-18,Ploss,1.8383274e-05
13,linha_17-18,Ploss,0.00013330929
14,linha_17-18,Ploss,0.00012366621
15,linha_17-18,Ploss,5.1380723e-05
16,linha_17-18,Ploss,0.00023584807
17,linha_17-18,Ploss,0.00025115743
18,linha_17-18,Ploss,0.00026768836
19,linha_17-18,Ploss,0.00029919331
20,linha_17-18,Ploss,0.00030775618
21,linha_17-18,Ploss,0.00032302971
22,linha_17-18,Ploss,0.0011859268
23,linha_17-18,Ploss,0.00089146162
24,linha_17-18,Ploss,0.00067763079
1,linha_18-19,Ploss,0.001148093
2,linha_18-19,Ploss,0.0012174625
3,linha_18-19,Ploss,0.0012900199
4,linha_18-19,Ploss,0.00055562563
5,linha_18-19,Ploss,0.00054249736
6,linha_18-19,Ploss,0.0004657516
7,linha_18-19,Ploss,0.0004
8,linha_18-19,Ploss,0.0004
9,linha_18-19,Ploss,0.0004
10,linha_18-19,Ploss,0.0004
11,linha_18-19,Ploss,0.00043883889
12,linha_18-19,Ploss,0.00040848442
13,linha_18-19,Ploss,0.00068916932
14,linha_18-19,Ploss,0.00060123132
15,linha_18-19,Ploss,0.00045577564
16,linha_18-19,Ploss,0.0004
17,linha_18-19,Ploss,0.0004
18,linha_18-19,Ploss,0.00040338784
19,linha_18-19,Ploss,0.00054473615
20,linha_18-19,Ploss,0.00069718829
21,linha_18-19,Ploss,0.00086333998
22,linha_18-19,Ploss,0.0015989719
23,linha_18-19,Ploss,0.0015565464
24,linha_18-19,Ploss,0.0013382087
1,linha_19-20,Ploss,0.00072046867
2,linha_19-20,Ploss,0.00078045831
3,linha_19-20,Ploss,0.00084634497
4,linha_19-20,Ploss,0.00030162046
5,linha_19-20,Ploss,0.00029869431
6,linha_19-20,Ploss,0.00028158854
7,linha_19-20,Ploss,0.00027027027
8,linha_19-20,Ploss,0.00027272873
9,linha_19-20,Ploss,0.00027718118
10,linha_19-20,Ploss,0.00028002603
11,linha_19-20,Ploss,0.00029352066
12,linha_19-20,Ploss,0.00028353816
13,linha_19-20,Ploss,0.00037971666
14,linha_19-20,Ploss,0.00035471906
15,linha_19-20,Ploss,0.00030605771
16,linha_19-20,Ploss,0.00028252252
17,linha_19-20,Ploss,0.00027484484
18,linha_19-20,Ploss,0.00026768836
19,linha_19-20,Ploss,0.00029919331
20,linha_19-20,Ploss,0.00034591987
21,linha_19-20,Ploss,0.0004
22,linha_19-20,Ploss,0.0011236838
23,linha_19-20,Ploss,0.0010690873
24,linha_19-20,Ploss,0.00085056705
1,linha_20-21,Ploss,0.00036349685
2,linha_20-21,Ploss,0.00038031421
3,linha_20-21,Ploss,0.0004
4,linha_20-21,Ploss,0.00015096104
5,linha_20-21,Ploss,0.0001494965
6,linha_20-21,Ploss,0.00014093506
7,linha_20-21,Ploss,0.00014028082
8,linha_20-21,Ploss,0.00014520266
9,linha_20-21,Ploss,0.00015411648
10,linha_20-21,Ploss,0.00015981186
11,linha_20-21,Ploss,0.00017383001
12,linha_20-21,Ploss,0.00016400371
13,linha_20-21,Ploss,0.00026261699
14,linha_20-21,Ploss,0.00024200178
15,linha_20-21,Ploss,0.00019326103
16,linha_20-21,Ploss,0.00016480985
17,linha_20-21,Ploss,0.00014943913
18,linha_20-21,Ploss,0.00013397802
19,linha_20-21,Ploss,0.00014974625
20,linha_20-21,Ploss,0.00019227206
21,linha_20-21,Ploss,0.00024493493
22,linha_20-21,Ploss,0.00064553549
23,linha_20-21,Ploss,0.00057869466
24,linha_20-21,Ploss,0.00038669027
1,linha_21-22,Ploss,0.00021967002
2,linha_21-22,Ploss,0.00023326179
3,linha_21-22,Ploss,0.00025062262
4,linha_21-22,Ploss,0.0
5,linha_21-22,Ploss,0.0
6,linha_21-22,Ploss,0.0
7,linha_21-22,Ploss,1.0031133e-05
8,linha_21-22,Ploss,1.7421284e-05
9,linha_21-22,Ploss,3.0805401e-05
10,linha_21-22,Ploss,3.9357033e-05
11,linha_21-22,Ploss,5.3899738e-05
12,linha_21-22,Ploss,4.4229939e-05
13,linha_21-22,Ploss,0.00014528289
14,linha_21-22,Ploss,0.00012905884
15,linha_21-22,Ploss,8.0238531e-05
16,linha_21-22,Ploss,4.6861526e-05
17,linha_21-22,Ploss,2.378235e-05
18,linha_21-22,Ploss,0.0
19,linha_21-22,Ploss,0.0
20,linha_21-22,Ploss,3.8316653e-05
21,linha_21-22,Ploss,8.9559429e-05
22,linha_21-22,Ploss,0.00032166036
23,linha_21-22,Ploss,0.00029532691
24,linha_21-22,Ploss,0.00022256353
1,linha_22-23,Ploss,7.5555246e-05
2,linha_22-23,Ploss,8.5914962e-05
3,linha_22-23,Ploss,0.00010094619
4,linha_22-23,Ploss,0.00015096104
5,linha_22-23,Ploss,0.0001494965
6,linha_22-23,Ploss,0.00014093506
7,linha_22-23,Ploss,0.0001202386
8,linha_22-23,Ploss,0.0001103949
9,linha_22-23,Ploss,9.2567227e-05
10,linha_22-23,Ploss,8.1176434e-05
11,linha_22-23,Ploss,6.6138224e-05
12,linha_22-23,Ploss,7.5632199e-05
13,linha_22-23,Ploss,2.771389e-05
14,linha_22-23,Ploss,1.5889787e-05
15,linha_22-23,Ploss,3.2944286e-05
16,linha_22-23,Ploss,7.1180432e-05
17,linha_22-23,Ploss,0.00010192195
18,linha_22-23,Ploss,0.00013397802
19,linha_22-23,Ploss,0.00014974625
20,linha_22-23,Ploss,0.00011571531
21,linha_22-23,Ploss,6.5995016e-05
22,linha_22-23,Ploss,0.00016099101
23,linha_22-23,Ploss,0.00013064087
24,linha_22-23,Ploss,5.81082e-05
1,linha_23-24,Ploss,6.8710488e-05
2,linha_23-24,Ploss,6.1603519e-05
3,linha_23-24,Ploss,4.893193e-05
4,linha_23-24,Ploss,0.00030162046
5,linha_23-24,Ploss,0.00029869431
6,linha_23-24,Ploss,0.00028158854
7,linha_23-24,Ploss,0.00025026809
8,linha_23-24,Ploss,0.00023799051
9,linha_23-24,Ploss,0.0002157549
10,linha_23-24,Ploss,0.00020154771
11,linha_23-24,Ploss,0.00018604404
12,linha_23-24,Ploss,0.00019534322
13,linha_23-24,Ploss,8.9910486e-05
14,linha_23-24,Ploss,9.7311012e-05
15,linha_23-24,Ploss,0.00014606128
16,linha_23-24,Ploss,0.00018908017
17,linha_23-24,Ploss,0.0002274226
18,linha_23-24,Ploss,0.00026768836
19,linha_23-24,Ploss,0.00029919331
20,linha_23-24,Ploss,0.00026951608
21,linha_23-24,Ploss,0.0002214176
22,linha_23-24,Ploss,0.0
23,linha_23-24,Ploss,3.4306178e-05
24,linha_23-24,Ploss,0.00010646323
1,linha_24-25,Ploss,0.00070349884
2,linha_24-25,Ploss,0.00071148529
3,linha_24-25,Ploss,0.00069481655
4,linha_24-25,Ploss,0.0014595917
5,linha_24-25,Ploss,0.0014376938
6,linha_24-25,Ploss,0.0013096698
7,linha_24-25,Ploss,0.0011202986
8,linha_24-25,Ploss,0.0010615748
9,linha_24-25,Ploss,0.0009552158
10,linha_24-25,Ploss,0.00088725672
11,linha_24-25,Ploss,0.00083648653
12,linha_24-25,Ploss,0.00086269954
13,linha_24-25,Ploss,0.00052755705
14,linha_24-25,Ploss,0.00050993131
15,linha_24-25,Ploss,0.00065544333
16,linha_24-25,Ploss,0.00082763038
17,linha_24-25,Ploss,0.0010110284
18,linha_24-25,Ploss,0.0012056471
19,linha_24-25,Ploss,0.0014414281
20,linha_24-25,Ploss,0.001391234
21,linha_24-25,Ploss,0.001261201
22,linha_24-25,Ploss,0.00064842273
23,linha_24-25,Ploss,0.00078645824
24,linha_24-25,Ploss,0.00099869222
1,linha_25-26,Ploss,0.00031666677
2,linha_25-26,Ploss,0.00031588059
3,linha_25-26,Ploss,0.00030611106
4,linha_25-26,Ploss,0.00071427618
5,linha_25-26,Ploss,0.00068796709
6,linha_25-26,Ploss,0.00053415642
7,linha_25-26,Ploss,0.0004
8,linha_25-26,Ploss,0.0004
9,linha_25-26,Ploss,0.0004
10,linha_25-26,Ploss,0.0004
11,linha_25-26,Ploss,0.00080702199
12,linha_25-26,Ploss,0.0014002524
13,linha_25-26,Ploss,0.0013988991
14,linha_25-26,Ploss,0.0013324667
15,linha_25-26,Ploss,0.001266659
16,linha_25-26,Ploss,0.0004
17,linha_25-26,Ploss,0.0004
18,linha_25-26,Ploss,0.00040917927
19,linha_25-26,Ploss,0.00069245363
20,linha_25-26,Ploss,0.00076943075
21,linha_25-26,Ploss,0.00079679269
22,linha_25-26,Ploss,0.00011568652
23,linha_25-26,Ploss,0.00025664343
24,linha_25-26,Ploss,0.00038687171
1,linha_26-27,Ploss,0.00011612843
2,linha_26-27,Ploss,0.00012667486
3,linha_26-27,Ploss,0.0001435233
4,linha_26-27,Ploss,5.218719e-05
5,linha_26-27,Ploss,4.7784782e-05
6,linha_26-27,Ploss,2.2049012e-05
7,linha_26-27,Ploss,9.2072072e-06
8,linha_26-27,Ploss,1.6582583e-05
9,linha_26-27,Ploss,2.9941942e-05
10,linha_26-27,Ploss,3.8478478e-05
11,linha_26-27,Ploss,0.0001761832
12,linha_26-27,Ploss,0.00037524498
13,linha_26-27,Ploss,0.00038152077
14,linha_26-27,Ploss,0.00037258727
15,linha_26-27,Ploss,0.0003506156
16,linha_26-27,Ploss,4.5965966e-05
17,linha_26-27,Ploss,2.2930931e-05
18,linha_26-27,Ploss,1.1360709e-06
19,linha_26-27,Ploss,4.8535534e-05
20,linha_26-27,Ploss,6.1418434e-05
21,linha_26-27,Ploss,6.5995016e-05
22,linha_26-27,Ploss,0.00036728651
23,linha_26-27,Ploss,0.00023819573
24,linha_26-27,Ploss,0.00010684058
1,linha_27-28,Ploss,0.00026016214
2,linha_27-28,Ploss,0.00027394024
3,linha_27-28,Ploss,0.00029311466
4,linha_27-28,Ploss,9.8773849e-05
5,linha_27-28,Ploss,0.00010171172
6,linha_27-28,Ploss,0.00011888605
7,linha_27-28,Ploss,0.00012106252
8,linha_27-28,Ploss,0.0001112336
9,linha_27-28,Ploss,9.3430685e-05
10,linha_27-28,Ploss,8.2054988e-05
11,linha_27-28,Ploss,5.6257644e-05
12,linha_27-28,Ploss,0.00025589412
13,linha_27-28,Ploss,0.00026442472
14,linha_27-28,Ploss,0.00025990576
15,linha_27-28,Ploss,0.00023790812
16,linha_27-28,Ploss,7.2075992e-05
17,linha_27-28,Ploss,0.00010277336
18,linha_27-28,Ploss,0.00013284195
19,linha_27-28,Ploss,0.00010121072
20,linha_27-28,Ploss,9.2613534e-05
21,linha_27-28,Ploss,8.9559429e-05
22,linha_27-28,Ploss,0.00078186805
23,linha_27-28,Ploss,0.00040798464
24,linha_27-28,Ploss,0.00027119854
1,linha_28-29,Ploss,0.00041170084
2,linha_28-29,Ploss,0.00046260908
3,linha_28-29,Ploss,0.00052696774
4,linha_28-29,Ploss,0.00024953754
5,linha_28-29,Ploss,0.00025100501
6,linha_28-29,Ploss,0.00025958358
7,linha_28-29,Ploss,0.00025109037
8,linha_28-29,Ploss,0.00023882754
9,linha_28-29,Ploss,0.00021661664
10,linha_28-29,Ploss,0.00020242451
11,linha_28-29,Ploss,6.3780318e-05
12,linha_28-29,Ploss,0.00013630431
13,linha_28-29,Ploss,0.00014709423
14,linha_28-29,Ploss,0.00014699867
15,linha_28-29,Ploss,0.00012497501
16,linha_28-29,Ploss,0.00018997394
17,linha_28-29,Ploss,0.00022827232
18,linha_28-29,Ploss,0.00026655455
19,linha_28-29,Ploss,0.00025075475
20,linha_28-29,Ploss,0.00024646046
21,linha_28-29,Ploss,0.00024493493
22,linha_28-29,Ploss,0.0012592008
23,linha_28-29,Ploss,0.00089939849
24,linha_28-29,Ploss,0.0005054736
1,linha_29-30,Ploss,0.00084117222
2,linha_29-30,Ploss,0.00090151471
3,linha_29-30,Ploss,0.00097255318
4,linha_29-30,Ploss,0.0004
5,linha_29-30,Ploss,0.0004
6,linha_29-30,Ploss,0.0004
7,linha_29-30,Ploss,0.00038085842
8,linha_29-30,Ploss,0.00036616655
9,linha_29-30,Ploss,0.00033955647
10,linha_29-30,Ploss,0.00032255353
11,linha_29-30,Ploss,0.00018369085
12,linha_29-30,Ploss,1.6475094e-05
13,linha_29-30,Ploss,2.9528858e-05
14,linha_29-30,Ploss,3.3865533e-05
15,linha_29-30,Ploss,1.1815799e-05
16,linha_29-30,Ploss,0.00030763633
17,linha_29-30,Ploss,0.00035352053
18,linha_29-30,Ploss,0.0004
19,linha_29-30,Ploss,0.0004
20,linha_29-30,Ploss,0.0004
21,linha_29-30,Ploss,0.0004
22,linha_29-30,Ploss,0.0018223536
23,linha_29-30,Ploss,0.0013878727
24,linha_29-30,Ploss,0.00099517964
1,linha_30-31,Ploss,0.00049560812
2,linha_30-31,Ploss,0.00052476614
3,linha_30-31,Ploss,0.00054591824
4,linha_30-31,Ploss,0.00055562563
5,linha_30-31,Ploss,0.00054249736
6,linha_30-31,Ploss,0.0004657516
7,linha_30-31,Ploss,0.00039002887
8,linha_30-31,Ploss,0.00038268293
9,linha_30-31,Ploss,0.00036937888
10,linha_30-31,Ploss,0.0003608784
11,linha_30-31,Ploss,0.00035939486
12,linha_30-31,Ploss,0.00035886844
13,linha_30-31,Ploss,0.00035216856
14,linha_30-31,Ploss,0.00033892432
15,linha_30-31,Ploss,0.00033887048
16,linha_30-31,Ploss,0.0003534188
17,linha_30-31,Ploss,0.00037635992
18,linha_30-31,Ploss,0.00040338784
19,linha_30-31,Ploss,0.00054473615
20,linha_30-31,Ploss,0.00058315381
21,linha_30-31,Ploss,0.00059680148
22,linha_30-31,Ploss,0.00064553549
23,linha_30-31,Ploss,0.00068099794
24,linha_30-31,Ploss,0.00067763079
1,linha_31-32,Ploss,0.00028824323
2,linha_31-32,Ploss,0.00029474222
3,linha_31-32,Ploss,0.00029945679
4,linha_31-32,Ploss,0.00030162046
5,linha_31-32,Ploss,0.00029869431
6,linha_31-32,Ploss,0.00028158854
7,linha_31-32,Ploss,0.00026027918
8,linha_31-32,Ploss,0.00025537699
9,linha_31-32,Ploss,0.00024649876
10,linha_31-32,Ploss,0.00024082611
11,linha_31-32,Ploss,0.00023983609
12,linha_31-32,Ploss,0.00023948479
13,linha_31-32,Ploss,0.00023501374
14,linha_31-32,Ploss,0.00022617542
15,linha_31-32,Ploss,0.00022613949
16,linha_31-32,Ploss,0.00023584807
17,linha_31-32,Ploss,0.00025115743
18,linha_31-32,Ploss,0.00026768836
19,linha_31-32,Ploss,0.00029919331
20,linha_31-32,Ploss,0.00030775618
21,linha_31-32,Ploss,0.00031079809
22,linha_31-32,Ploss,0.00032166036
23,linha_31-32,Ploss,0.00032956454
24,linha_31-32,Ploss,0.00032881404
1,linha_32-33,Ploss,0.00014426573
2,linha_32-33,Ploss,0.00014751848
3,linha_32-33,Ploss,0.00014987812
4,linha_32-33,Ploss,0.00015096104
5,linha_32-33,Ploss,0.0001494965
6,linha_32-33,Ploss,0.00014093506
7,linha_32-33,Ploss,0.00013026973
8,linha_32-33,Ploss,0.00012781618
9,linha_32-33,Ploss,0.00012337263
10,linha_32-33,Ploss,0.00012053347
11,linha_32-33,Ploss,0.00012003796
12,linha_32-33,Ploss,0.00011986214
13,linha_32-33,Ploss,0.00011762438
14,linha_32-33,Ploss,0.0001132008
15,linha_32-33,Ploss,0.00011318282
16,linha_32-33,Ploss,0.00011804196
17,linha_32-33,Ploss,0.0001257043
18,linha_32-33,Ploss,0.00013397802
19,linha_32-33,Ploss,0.00014974625
20,linha_32-33,Ploss,0.00015403197
21,linha_32-33,Ploss,0.00015555445
22,linha_32-33,Ploss,0.00016099101
23,linha_32-33,Ploss,0.00016494705
24,linha_32-33,Ploss,0.00016457143
1,barra_1,theta,0.0
2,barra_1,theta,0.0
3,barra_1,theta,0.0
4,barra_1,theta,0.0
5,barra_1,theta,0.0
6,barra_1,theta,0.0
7,barra_1,theta,0.0
8,barra_1,theta,0.0
9,barra_1,theta,0.0
10,barra_1,theta,0.0
11,barra_1,theta,0.0
12,barra_1,theta,0.0
13,barra_1,theta,0.0
14,barra_1,theta,0.0
15,barra_1,theta,0.0
16,barra_1,theta,0.0
17,barra_1,theta,0.0
18,barra_1,theta,0.0
19,barra_1,theta,0.0
20,barra_1,theta,0.0
21,barra_1,theta,0.0
22,barra_1,theta,0.0
23,barra_1,theta,0.0
24,barra_1,theta,0.0
1,barra_2,theta,0.0060110723
2,barra_2,theta,0.0061466034
3,barra_2,theta,0.0062449217
4,barra_2,theta,0.0062900433
5,barra_2,theta,0.006229021
6,barra_2,theta,0.0058722944
7,barra_2,theta,0.0054279054
8,barra_2,theta,0.0053256743
9,barra_2,theta,0.0051405261
10,barra_2,theta,0.0050222278
11,barra_2,theta,0.0050015818
12,barra_2,theta,0.0049942557
13,barra_2,theta,0.0049010157
14,barra_2,theta,0.0047167
15,barra_2,theta,0.0047159507
16,barra_2,theta,0.0049184149
17,barra_2,theta,0.005237679
18,barra_2,theta,0.0055824176
19,barra_2,theta,0.0062394272
20,barra_2,theta,0.0064179987
21,barra_2,theta,0.0064814352
22,barra_2,theta,0.0067079587
23,barra_2,theta,0.0068727939
24,barra_2,theta,0.0068571429
1,barra_3,theta,0.018021207
2,barra_3,theta,0.018427529
3,barra_3,theta,0.018722288
4,barra_3,theta,0.018857562
5,barra_3,theta,0.018674617
6,barra_3,theta,0.01760515
7,barra_3,theta,0.016272871
8,barra_3,theta,0.015966382
9,barra_3,theta,0.015411308
10,barra_3,theta,0.015056649
11,barra_3,theta,0.014994752
12,barra_3,theta,0.014972789
13,barra_3,theta,0.014693255
14,barra_3,theta,0.014140676
15,barra_3,theta,0.01413843
16,barra_3,theta,0.014745418
17,barra_3,theta,0.015702572
18,barra_3,theta,0.016736099
19,barra_3,theta,0.018705815
20,barra_3,theta,0.019241173
21,barra_3,theta,0.019431356
22,barra_3,theta,0.020110474
23,barra_3,theta,0.02060465
24,barra_3,theta,0.020557728
1,barra_4,theta,0.036015764
2,barra_4,theta,0.036827059
3,barra_4,theta,0.037415597
4,barra_4,theta,0.037685696
5,barra_4,theta,0.037320414
6,barra_4,theta,0.035185034
7,barra_4,theta,0.032524074
8,barra_4,theta,0.031911504
9,barra_4,theta,0.030802094
10,barra_4,theta,0.030093249
11,barra_4,theta,0.029969538
12,barra_4,theta,0.02992564
13,barra_4,theta,0.029366945
14,barra_4,theta,0.028262523
15,barra_4,theta,0.028258033
16,barra_4,theta,0.029471201
17,barra_4,theta,0.031384235
18,barra_4,theta,0.033449819
19,barra_4,theta,0.037382706
20,barra_4,theta,0.038451642
21,barra_4,theta,0.038831376
22,barra_4,theta,0.040187355
23,barra_4,theta,0.041174066
24,barra_4,theta,0.041080378
1,barra_5,theta,0.05996823
2,barra_5,theta,0.061317336
3,barra_5,theta,0.062296018
4,barra_5,theta,0.062745167
5,barra_5,theta,0.062137738
6,barra_5,theta,0.058586805
7,barra_5,theta,0.054160783
8,barra_5,theta,0.053141325
9,barra_5,theta,0.051295011
10,barra_5,theta,0.05011533
11,barra_5,theta,0.049909446
12,barra_5,theta,0.04983639
13,barra_5,theta,0.048906592
14,barra_5,theta,0.04706858
15,barra_5,theta,0.047061108
16,barra_5,theta,0.049080099
17,barra_5,theta,0.052263828
18,barra_5,theta,0.05570131
19,barra_5,theta,0.062241324
20,barra_5,theta,0.064018862
21,barra_5,theta,0.064650323
22,barra_5,theta,0.066905186
23,barra_5,theta,0.068545991
24,barra_5,theta,0.068390197
1,barra_6,theta,0.10182406
2,barra_6,theta,0.10411175
3,barra_6,theta,0.10577125
4,barra_6,theta,0.10653294
5,barra_6,theta,0.10550295
6,barra_6,theta,0.099481648
7,barra_6,theta,0.091976917
8,barra_6,theta,0.090248338
9,barra_6,theta,0.08711767
10,barra_6,theta,0.085117334
11,barra_6,theta,0.084768323
12,barra_6,theta,0.084644534
13,barra_6,theta,0.083067897
14,barra_6,theta,0.079950406
15,barra_6,theta,0.07993781
16,barra_6,theta,0.083362093
17,barra_6,theta,0.088760465
18,barra_6,theta,0.094588859
19,barra_6,theta,0.1056786
20,barra_6,theta,0.10869251
21,barra_6,theta,0.10976341
22,barra_6,theta,0.11358679
23,barra_6,theta,0.11636894
24,barra_6,theta,0.11610476
1,barra_7,theta,0.070506176
2,barra_7,theta,0.071714129
3,barra_7,theta,0.072590414
4,barra_7,theta,0.073199604
5,barra_7,theta,0.072448695
6,barra_7,theta,0.069269285
7,barra_7,theta,0.064890638
8,barra_7,theta,0.063671585
9,barra_7,theta,0.061463787
10,barra_7,theta,0.061683213
11,barra_7,theta,0.066473903
12,barra_7,theta,0.073031523
13,barra_7,theta,0.072606873
14,barra_7,theta,0.069922851
15,barra_7,theta,0.065792638
16,barra_7,theta,0.058815224
17,barra_7,theta,0.062622285
18,barra_7,theta,0.06668569
19,barra_7,theta,0.072541443
20,barra_7,theta,0.075359179
21,barra_7,theta,0.076430081
22,barra_7,theta,0.080121006
23,barra_7,theta,0.082083323
24,barra_7,theta,0.081897002
1,barra_8,theta,0.057165498
2,barra_8,theta,0.057696878
3,barra_8,theta,0.058082357
4,barra_8,theta,0.058674162
5,barra_8,theta,0.058020014
6,barra_8,theta,0.056621388
7,barra_8,theta,0.054045672
8,barra_8,theta,0.053030877
9,barra_8,theta,0.051193006
10,barra_8,theta,0.053285392
11,barra_8,theta,0.063174384
12,barra_8,theta,0.076401364
13,barra_8,theta,0.076848897
14,barra_8,theta,0.074045313
15,barra_8,theta,0.065795319
16,barra_8,theta,0.048988222
17,barra_8,theta,0.052157392
18,barra_8,theta,0.055484862
19,barra_8,theta,0.058060814
20,barra_8,theta,0.061218205
21,barra_8,theta,0.062479965
22,barra_8,theta,0.066718491
23,barra_8,theta,0.068351467
24,barra_8,theta,0.068196416
1,barra_9,theta,0.049821218
2,barra_9,theta,0.049810473
3,barra_9,theta,0.049802678
4,barra_9,theta,0.050422276
5,barra_9,theta,0.049803939
6,barra_9,theta,0.049832221
7,barra_9,theta,0.048617767
8,barra_9,theta,0.047705202
9,barra_9,theta,0.04605248
10,barra_9,theta,0.04990304
11,barra_9,theta,0.064876447
12,barra_9,theta,0.084758727
13,barra_9,theta,0.08598346
14,barra_9,theta,0.082876238
15,barra_9,theta,0.070513945
16,barra_9,theta,0.044069807
17,barra_9,theta,0.046919713
18,barra_9,theta,0.049855202
19,barra_9,theta,0.049803114
20,barra_9,theta,0.053479767
21,barra_9,theta,0.054996331
22,barra_9,theta,0.060010532
23,barra_9,theta,0.061478673
24,barra_9,theta,0.061339274
1,barra_10,theta,0.048485342
2,barra_10,theta,0.048067188
3,barra_10,theta,0.047763848
4,barra_10,theta,0.048456506
5,barra_10,theta,0.047812906
6,barra_10,theta,0.048913512
7,barra_10,theta,0.048617767
8,barra_10,theta,0.047705202
9,barra_10,theta,0.04605248
10,barra_10,theta,0.051542917
11,barra_10,theta,0.071576691
12,barra_10,theta,0.098093647
13,barra_10,theta,0.10000079
14,barra_10,theta,0.096406219
15,barra_10,theta,0.079939094
16,barra_10,theta,0.044069807
17,barra_10,theta,0.046919713
18,barra_10,theta,0.049807866
19,barra_10,theta,0.0477808
20,barra_10,theta,0.052156686
21,barra_10,theta,0.053992126
22,barra_10,theta,0.060010532
23,barra_10,theta,0.061478673
24,barra_10,theta,0.061339274
1,barra_11,theta,0.053160537
2,barra_11,theta,0.052470507
3,barra_11,theta,0.051969939
4,barra_11,theta,0.052780778
5,barra_11,theta,0.052050894
6,barra_11,theta,0.053867097
7,barra_11,theta,0.054045672
8,barra_11,theta,0.053030877
9,barra_11,theta,0.051193006
10,barra_11,theta,0.058201744
11,barra_11,theta,0.083265129
12,barra_11,theta,0.11639292
13,barra_11,theta,0.11888669
14,barra_11,theta,0.11462277
15,barra_11,theta,0.094061362
16,barra_11,theta,0.048988222
17,barra_11,theta,0.052157392
18,barra_11,theta,0.055342947
19,barra_11,theta,0.051997913
20,barra_11,theta,0.057251602
21,barra_11,theta,0.059469356
22,barra_11,theta,0.066718491
23,barra_11,theta,0.068351467
24,barra_11,theta,0.068196416
1,barra_12,theta,0.063837464
2,barra_12,theta,0.063011632
3,barra_12,theta,0.062412548
4,barra_12,theta,0.063386455
5,barra_12,theta,0.062509436
6,barra_12,theta,0.06468308
7,barra_12,theta,0.064890638
8,barra_12,theta,0.063671585
9,barra_12,theta,0.061463787
10,barra_12,theta,0.069869495
11,barra_12,theta,0.099931796
12,barra_12,theta,0.13963349
13,barra_12,theta,0.14261733
14,barra_12,theta,0.13750411
15,barra_12,theta,0.11286709
16,barra_12,theta,0.058815224
17,barra_12,theta,0.062622285
18,barra_12,theta,0.066449387
19,barra_12,theta,0.062446028
20,barra_12,theta,0.068754338
21,barra_12,theta,0.071417078
22,barra_12,theta,0.080121006
23,barra_12,theta,0.082083323
24,barra_12,theta,0.081897002
1,barra_13,theta,0.080504131
2,barra_13,theta,0.079678298
3,barra_13,theta,0.079079215
4,barra_13,theta,0.08026057
5,barra_13,theta,0.079176103
6,barra_13,theta,0.081349747
7,barra_13,theta,0.081141841
8,barra_13,theta,0.079616707
9,barra_13,theta,0.076854574
10,barra_13,theta,0.086536162
11,barra_13,theta,0.12155684
12,barra_13,theta,0.16778579
13,barra_13,theta,0.17116372
14,barra_13,theta,0.16502234
15,barra_13,theta,0.13633334
16,barra_13,theta,0.073541008
17,barra_13,theta,0.078303948
18,barra_13,theta,0.083116054
19,barra_13,theta,0.079112694
20,barra_13,theta,0.086649635
21,barra_13,theta,0.089818896
22,barra_13,theta,0.10019789
23,barra_13,theta,0.10265274
24,barra_13,theta,0.10241965
1,barra_14,theta,0.10313665
2,barra_14,theta,0.10244608
3,barra_14,theta,0.10194512
4,barra_14,theta,0.10337771
5,barra_14,theta,0.10202614
6,barra_14,theta,0.10384376
7,barra_14,theta,0.10277855
8,barra_14,theta,0.10084653
9,barra_14,theta,0.097347491
10,barra_14,theta,0.10818181
11,barra_14,theta,0.14811059
12,barra_14,theta,0.20082046
13,barra_14,theta,0.20449705
14,barra_14,theta,0.19714971
15,barra_14,theta,0.16443222
16,barra_14,theta,0.093149905
17,barra_14,theta,0.099183541
18,barra_14,theta,0.10532077
19,barra_14,theta,0.10197311
20,barra_14,theta,0.11090955
21,barra_14,theta,0.11464561
22,barra_14,theta,0.12691572
23,barra_14,theta,0.13002466
24,barra_14,theta,0.12972947
1,barra_15,theta,0.10313665
2,barra_15,theta,0.10244608
3,barra_15,theta,0.10205024
4,barra_15,theta,0.097087667
5,barra_15,theta,0.095797115
6,barra_15,theta,0.09797147
7,barra_15,theta,0.097350644
8,barra_15,theta,0.095520853
9,barra_15,theta,0.092206965
10,barra_15,theta,0.096895148
11,barra_15,theta,0.13294277
12,barra_15,theta,0.18510622
13,barra_15,theta,0.18430907
14,barra_15,theta,0.17791107
15,barra_15,theta,0.14818456
16,barra_15,theta,0.08823149
17,barra_15,theta,0.093945862
18,barra_15,theta,0.099738355
19,barra_15,theta,0.095733686
20,barra_15,theta,0.10449155
21,barra_15,theta,0.10867587
22,barra_15,theta,0.1344986
23,barra_15,theta,0.13297124
24,barra_15,theta,0.12972947
1,barra_16,theta,0.10914772
2,barra_16,theta,0.10859268
3,barra_16,theta,0.10840007
4,barra_16,theta,0.097087667
5,barra_16,theta,0.095797115
6,barra_16,theta,0.09797147
7,barra_16,theta,0.097350644
8,barra_16,theta,0.095520853
9,barra_16,theta,0.092206965
10,barra_16,theta,0.090618174
11,barra_16,theta,0.12275617
12,barra_16,theta,0.17436477
13,barra_16,theta,0.16898445
14,barra_16,theta,0.1633549
15,barra_16,theta,0.13662976
16,barra_16,theta,0.08823149
17,barra_16,theta,0.093945862
18,barra_16,theta,0.099738355
19,barra_16,theta,0.095733686
20,barra_16,theta,0.10449155
21,barra_16,theta,0.10918756
22,barra_16,theta,0.14877428
23,barra_16,theta,0.14278472
24,barra_16,theta,0.13658661
1,barra_17,theta,0.12115786
2,barra_17,theta,0.12087361
3,barra_17,theta,0.12098213
4,barra_17,theta,0.10337771
5,barra_17,theta,0.10202614
6,barra_17,theta,0.10384376
7,barra_17,theta,0.10277855
8,barra_17,theta,0.10084653
9,barra_17,theta,0.097347491
10,barra_17,theta,0.089360915
11,barra_17,theta,0.11756078
12,barra_17,theta,0.16860608
13,barra_17,theta,0.15853998
14,barra_17,theta,0.15349574
15,barra_17,theta,0.12977723
16,barra_17,theta,0.093149905
17,barra_17,theta,0.099183541
18,barra_17,theta,0.10532077
19,barra_17,theta,0.10197311
20,barra_17,theta,0.11090955
21,barra_17,theta,0.11617967
22,barra_17,theta,0.16972085
23,barra_17,theta,0.15945138
24,barra_17,theta,0.1502872
1,barra_18,theta,0.13915241
2,barra_18,theta,0.13927314
3,barra_18,theta,0.13977972
4,barra_18,theta,0.11594523
5,barra_18,theta,0.11447173
6,barra_18,theta,0.11557662
7,barra_18,theta,0.11362352
8,barra_18,theta,0.11148724
9,barra_18,theta,0.10761827
10,barra_18,theta,0.093125885
11,barra_18,theta,0.11736658
12,barra_18,theta,0.16784011
13,barra_18,theta,0.15298543
14,barra_18,theta,0.14834298
15,barra_18,theta,0.12763636
16,barra_18,theta,0.10297691
17,barra_18,theta,0.10964843
18,barra_18,theta,0.11647445
19,barra_18,theta,0.1144395
20,barra_18,theta,0.12373272
21,barra_18,theta,0.12963924
22,barra_18,theta,0.19730317
23,barra_18,theta,0.18294391
24,barra_18,theta,0.17080985
1,barra_19,theta,0.11209557
2,barra_19,theta,0.11125282
3,barra_19,theta,0.11075167
4,barra_19,theta,0.097117096
5,barra_19,theta,0.095825936
6,barra_19,theta,0.097996737
7,barra_19,theta,0.096956849
8,barra_19,theta,0.094820569
9,barra_19,theta,0.090951606
10,barra_19,theta,0.076459218
11,barra_19,theta,0.10016048
12,barra_19,theta,0.1510556
13,barra_19,theta,0.13230252
14,barra_19,theta,0.12888143
15,barra_19,theta,0.11019504
16,barra_19,theta,0.086310242
17,barra_19,theta,0.092981768
18,barra_19,theta,0.099760734
19,barra_19,theta,0.09576261
20,barra_19,theta,0.10293844
21,barra_19,theta,0.1065373
22,barra_19,theta,0.16398412
23,barra_19,theta,0.1502141
24,barra_19,theta,0.14111251
1,barra_20,theta,0.090977947
2,barra_20,theta,0.089302014
3,barra_20,theta,0.087885764
4,barra_20,theta,0.084549577
5,barra_20,theta,0.08338034
6,barra_20,theta,0.086263881
7,barra_20,theta,0.085695588
8,barra_20,theta,0.083456872
9,barra_20,theta,0.07940239
10,barra_20,theta,0.064791467
11,barra_20,theta,0.087930457
12,barra_20,theta,0.13924151
13,barra_20,theta,0.11648099
14,barra_20,theta,0.11410147
15,barra_20,theta,0.097442631
16,barra_20,theta,0.07453847
17,barra_20,theta,0.081529899
18,barra_20,theta,0.088607053
19,barra_20,theta,0.083296222
20,barra_20,theta,0.088525114
21,barra_20,theta,0.089870631
22,barra_20,theta,0.13726629
23,barra_20,theta,0.12425455
24,barra_20,theta,0.11818796
1,barra_21,theta,0.075832244
2,barra_21,theta,0.073455589
3,barra_21,theta,0.071219097
4,barra_21,theta,0.078259534
5,barra_21,theta,0.077151319
6,barra_21,theta,0.080391587
7,barra_21,theta,0.079850553
8,barra_21,theta,0.077406761
9,barra_21,theta,0.07298087
10,barra_21,theta,0.058132639
11,barra_21,theta,0.08068754
12,barra_21,theta,0.13240802
13,barra_21,theta,0.10553862
14,barra_21,theta,0.10401806
15,barra_21,theta,0.089390088
16,barra_21,theta,0.067671392
17,barra_21,theta,0.075303269
18,barra_21,theta,0.083024635
19,barra_21,theta,0.077056795
20,barra_21,theta,0.080513778
21,barra_21,theta,0.079665009
22,barra_21,theta,0.1171894
23,barra_21,theta,0.10510601
24,barra_21,theta,0.10207587
1,barra_22,theta,0.066679327
2,barra_22,theta,0.063736348
3,barra_22,theta,0.060776488
4,barra_22,theta,0.078259534
5,barra_22,theta,0.077151319
6,barra_22,theta,0.080391587
7,barra_22,theta,0.07943259
8,barra_22,theta,0.076680874
9,barra_22,theta,0.071697312
10,barra_22,theta,0.056492763
11,barra_22,theta,0.078441717
12,barra_22,theta,0.13056511
13,barra_22,theta,0.099485162
14,barra_22,theta,0.098640613
15,barra_22,theta,0.086046816
16,barra_22,theta,0.065718829
17,barra_22,theta,0.074312337
18,barra_22,theta,0.083024635
19,barra_22,theta,0.077056795
20,barra_22,theta,0.078917251
21,barra_22,theta,0.075933366
22,barra_22,theta,0.10378689
23,barra_22,theta,0.092800724
24,barra_22,theta,0.092802388
1,barra_23,theta,0.063531191
2,barra_23,theta,0.060156558
3,barra_23,theta,0.056570397
4,barra_23,theta,0.084549577
5,barra_23,theta,0.08338034
6,barra_23,theta,0.086263881
7,barra_23,theta,0.084442531
8,barra_23,theta,0.081280662
9,barra_23,theta,0.075554279
10,barra_23,theta,0.059875114
11,barra_23,theta,0.081197477
12,barra_23,theta,0.13371645
13,barra_23,theta,0.098330417
14,barra_23,theta,0.097978538
15,barra_23,theta,0.087419495
16,barra_23,theta,0.06868468
17,barra_23,theta,0.078559085
18,barra_23,theta,0.088607053
19,barra_23,theta,0.083296222
20,barra_23,theta,0.083738723
21,barra_23,theta,0.078683158
22,barra_23,theta,0.09707893
23,barra_23,theta,0.087357355
24,barra_23,theta,0.090381213
1,barra_24,theta,0.066394128
2,barra_24,theta,0.062723371
3,barra_24,theta,0.058609227
4,barra_24,theta,0.097117096
5,barra_24,theta,0.095825936
6,barra_24,theta,0.097996737
7,barra_24,theta,0.094870368
8,barra_24,theta,0.091196933
9,barra_24,theta,0.084544067
10,barra_24,theta,0.068272936
11,barra_24,theta,0.088949312
12,barra_24,theta,0.14185575
13,barra_24,theta,0.10207669
14,barra_24,theta,0.10203316
15,barra_24,theta,0.093505382
16,barra_24,theta,0.076563021
17,barra_24,theta,0.088035027
18,barra_24,theta,0.099760734
19,barra_24,theta,0.09576261
20,barra_24,theta,0.094968559
21,barra_24,theta,0.087908892
22,barra_24,theta,0.09707893
23,barra_24,theta,0.088786779
24,barra_24,theta,0.094817181
1,barra_25,theta,0.087276057
2,barra_25,theta,0.083716222
3,barra_25,theta,0.079370568
4,barra_25,theta,0.12850031
5,barra_25,theta,0.12690502
6,barra_25,theta,0.12729771
7,barra_25,theta,0.12154118
8,barra_25,theta,0.11705214
9,barra_25,theta,0.10892206
10,barra_25,theta,0.091707057
11,barra_25,theta,0.11167829
12,barra_25,theta,0.1649488
13,barra_25,theta,0.12051498
14,barra_25,theta,0.12022665
15,barra_25,theta,0.11371987
16,barra_25,theta,0.099168998
17,barra_25,theta,0.1131882
18,barra_25,theta,0.12761694
19,barra_25,theta,0.12689356
20,barra_25,theta,0.12540236
21,barra_25,theta,0.11653668
22,barra_25,theta,0.11719591
23,barra_25,theta,0.11082092
24,barra_25,theta,0.11979902
1,barra_26,theta,0.074081608
2,barra_26,theta,0.070554531
3,barra_26,theta,0.06661594
4,barra_26,theta,0.1074687
5,barra_26,theta,0.10623881
6,barra_26,theta,0.10876776
7,barra_26,theta,0.10487452
8,barra_26,theta,0.10038547
9,barra_26,theta,0.092255398
10,barra_26,theta,0.07504039
11,barra_26,theta,0.089358541
12,barra_26,theta,0.13438974
13,barra_26,theta,0.089974715
14,barra_26,theta,0.090609062
15,barra_26,theta,0.085016275
16,barra_26,theta,0.082502332
17,barra_26,theta,0.096521533
18,barra_26,theta,0.11082279
19,barra_26,theta,0.10616503
20,barra_26,theta,0.10360472
21,barra_26,theta,0.094359007
22,barra_26,theta,0.11237564
23,barra_26,theta,0.10012744
24,barra_26,theta,0.10367936
1,barra_27,theta,0.078920293
2,barra_27,theta,0.07583265
3,barra_27,theta,0.072596078
4,barra_27,theta,0.10529423
5,barra_27,theta,0.10424777
6,barra_27,theta,0.10784905
7,barra_27,theta,0.10449088
8,barra_27,theta,0.099694532
9,barra_27,theta,0.091007817
10,barra_27,theta,0.07343712
11,barra_27,theta,0.082017575
12,barra_27,theta,0.11875453
13,barra_27,theta,0.074078016
14,barra_27,theta,0.075084592
15,barra_27,theta,0.070407292
16,barra_27,theta,0.080587083
17,barra_27,theta,0.095566078
18,barra_27,theta,0.11077545
19,barra_27,theta,0.10414272
20,barra_27,theta,0.10104561
21,barra_27,theta,0.091609214
22,barra_27,theta,0.12767924
23,barra_27,theta,0.11005227
24,barra_27,theta,0.10813105
1,barra_28,theta,0.089760382
2,barra_28,theta,0.087246827
3,barra_28,theta,0.084809189
4,barra_28,theta,0.10940981
5,barra_28,theta,0.10848576
6,barra_28,theta,0.11280263
7,barra_28,theta,0.10953515
8,barra_28,theta,0.10432927
9,barra_28,theta,0.094900762
10,barra_28,theta,0.076856078
11,barra_28,theta,0.079673506
12,barra_28,theta,0.10809228
13,barra_28,theta,0.06306032
14,barra_28,theta,0.064255185
15,barra_28,theta,0.060494453
16,barra_28,theta,0.083590249
17,barra_28,theta,0.099848301
18,barra_28,theta,0.11631053
19,barra_28,theta,0.10835983
20,barra_28,theta,0.10490451
21,barra_28,theta,0.095340857
22,barra_28,theta,0.14964963
23,barra_28,theta,0.12682983
24,barra_28,theta,0.11943099
1,barra_29,theta,0.10658956
2,barra_29,theta,0.10478306
3,barra_29,theta,0.1032393
4,barra_29,theta,0.11980721
5,barra_29,theta,0.1189443
6,barra_29,theta,0.12361862
7,barra_29,theta,0.11999725
8,barra_29,theta,0.11428041
9,barra_29,theta,0.10392646
10,barra_29,theta,0.085290432
11,barra_29,theta,0.08233102
12,barra_29,theta,0.10241293
13,barra_29,theta,0.056931393
14,barra_29,theta,0.058130241
15,barra_29,theta,0.055287161
16,barra_29,theta,0.09150583
17,barra_29,theta,0.10935965
18,barra_29,theta,0.12741697
19,barra_29,theta,0.11880795
20,barra_29,theta,0.1151737
21,barra_29,theta,0.10554648
22,barra_29,theta,0.17824965
23,barra_29,theta,0.15043259
24,barra_29,theta,0.13756257
1,barra_30,theta,0.12938362
2,barra_30,theta,0.12841521
3,barra_30,theta,0.12785809
4,barra_30,theta,0.13647388
5,barra_30,theta,0.13561097
6,barra_30,theta,0.14028528
7,barra_30,theta,0.13586635
8,barra_30,theta,0.12953735
9,barra_30,theta,0.11807464
10,barra_30,theta,0.098730163
11,barra_30,theta,0.089984805
12,barra_30,theta,0.10172647
13,barra_30,theta,0.055701024
14,barra_30,theta,0.056719177
15,barra_30,theta,0.054794837
16,barra_30,theta,0.10432401
17,barra_30,theta,0.12408967
18,barra_30,theta,0.14408364
19,barra_30,theta,0.13547461
20,barra_30,theta,0.13184036
21,barra_30,theta,0.12221315
22,barra_30,theta,0.21343593
23,barra_30,theta,0.18081971
24,barra_30,theta,0.16249562
1,barra_31,theta,0.11138906
2,barra_31,theta,0.11001568
3,barra_31,theta,0.10916478
4,barra_31,theta,0.11764574
5,barra_31,theta,0.11696517
6,barra_31,theta,0.1227054
7,barra_31,theta,0.11961515
8,barra_31,theta,0.11359223
9,barra_31,theta,0.10268385
10,barra_31,theta,0.083693563
11,barra_31,theta,0.075010019
12,barra_31,theta,0.086773617
13,barra_31,theta,0.041027334
14,barra_31,theta,0.04259733
15,barra_31,theta,0.040675233
16,barra_31,theta,0.089598227
17,barra_31,theta,0.10840801
18,barra_31,theta,0.12736992
19,barra_31,theta,0.11679772
20,barra_31,theta,0.11262989
21,barra_31,theta,0.10281313
22,barra_31,theta,0.19335904
23,barra_31,theta,0.16025029
24,barra_31,theta,0.14197297
1,barra_32,theta,0.099378927
2,barra_32,theta,0.097734757
3,barra_32,theta,0.096687415
4,barra_32,theta,0.10507822
5,barra_32,theta,0.10451958
6,barra_32,theta,0.11097254
7,barra_32,theta,0.10877018
8,barra_32,theta,0.10295152
9,barra_32,theta,0.092413073
10,barra_32,theta,0.073659142
11,barra_32,theta,0.065016849
12,barra_32,theta,0.076795084
13,barra_32,theta,0.031235095
14,barra_32,theta,0.033173354
15,barra_32,theta,0.031252754
16,barra_32,theta,0.079771224
17,barra_32,theta,0.097943113
18,barra_32,theta,0.11621624
19,barra_32,theta,0.10433133
20,barra_32,theta,0.09980672
21,barra_32,theta,0.089863205
22,barra_32,theta,0.17995653
23,barra_32,theta,0.14651844
24,barra_32,theta,0.12827239
1,barra_33,theta,0.093367855
2,barra_33,theta,0.091588154
3,barra_33,theta,0.090442494
4,barra_33,theta,0.09878818
5,barra_33,theta,0.098290557
6,barra_33,theta,0.10510025
7,barra_33,theta,0.10334228
8,barra_33,theta,0.097625848
9,barra_33,theta,0.087272547
10,barra_33,theta,0.068636914
11,barra_33,theta,0.060015267
12,barra_33,theta,0.071800828
13,barra_33,theta,0.02633408
14,barra_33,theta,0.028456654
15,barra_33,theta,0.026536803
16,barra_33,theta,0.07485281
17,barra_33,theta,0.092705434
18,barra_33,theta,0.11063382
19,barra_33,theta,0.098091908
20,barra_33,theta,0.093388722
21,barra_33,theta,0.08338177
22,barra_33,theta,0.17324857
23,barra_33,theta,0.13964564
24,barra_33,theta,0.12141524
