tempo,entidade,variavel,valor
INFO,GERAL,custo_total,11.157048898440019
INFO,GERAL,num_barras,33.0
INFO,GERAL,num_baterias,2.0
INFO,GERAL,periodos_tempo,24.0
1,barra_1,PS,0.115425
2,barra_1,PS,0.118028
3,barra_1,PS,0.119916
4,barra_1,PS,0.120783
5,barra_1,PS,0.0
6,barra_1,PS,0.11276
7,barra_1,PS,0.0
8,barra_1,PS,0.102265
9,barra_1,PS,0.0
10,barra_1,PS,0.096437
11,barra_1,PS,0.0
12,barra_1,PS,0.0
13,barra_1,PS,0.09411
14,barra_1,PS,0.09057
15,barra_1,PS,0.090556
16,barra_1,PS,0.094444
17,barra_1,PS,0.100575
18,barra_1,PS,0.107194
19,barra_1,PS,0.0
20,barra_1,PS,0.0
21,barra_1,PS,0.124458
22,barra_1,PS,0.128807
23,barra_1,PS,0.131972
24,barra_1,PS,0.131671
1,barra_2,PS,0.115425
2,barra_2,PS,0.118028
3,barra_2,PS,0.119916
4,barra_2,PS,0.0
5,barra_2,PS,0.0
6,barra_2,PS,0.11276
7,barra_2,PS,0.0
8,barra_2,PS,0.0
9,barra_2,PS,0.0
10,barra_2,PS,0.096437
11,barra_2,PS,0.0
12,barra_2,PS,0.095901
13,barra_2,PS,0.0
14,barra_2,PS,0.09057
15,barra_2,PS,0.0
16,barra_2,PS,0.0
17,barra_2,PS,0.100575
18,barra_2,PS,0.107194
19,barra_2,PS,0.119811
20,barra_2,PS,0.123239
21,barra_2,PS,0.0
22,barra_2,PS,0.128807
23,barra_2,PS,0.131972
24,barra_2,PS,0.0
1,barra_3,PS,0.115425
2,barra_3,PS,0.118028
3,barra_3,PS,0.119916
4,barra_3,PS,0.120783
5,barra_3,PS,0.0
6,barra_3,PS,0.11276
7,barra_3,PS,0.0
8,barra_3,PS,0.0
9,barra_3,PS,0.0
10,barra_3,PS,0.0
11,barra_3,PS,0.0
12,barra_3,PS,0.095901
13,barra_3,PS,0.081453463
14,barra_3,PS,0.08892414
15,barra_3,PS,0.0
16,barra_3,PS,0.094444
17,barra_3,PS,0.100575
18,barra_3,PS,0.0
19,barra_3,PS,0.0
20,barra_3,PS,0.0
21,barra_3,PS,0.124458
22,barra_3,PS,0.128807
23,barra_3,PS,0.0
24,barra_3,PS,0.131671
1,barra_4,PS,0.115425
2,barra_4,PS,0.118028
3,barra_4,PS,0.0
4,barra_4,PS,0.120783
5,barra_4,PS,0.119611
6,barra_4,PS,0.11276
7,barra_4,PS,0.0
8,barra_4,PS,0.0
9,barra_4,PS,0.098709
10,barra_4,PS,0.0
11,barra_4,PS,0.0
12,barra_4,PS,0.0
13,barra_4,PS,0.0
14,barra_4,PS,0.0
15,barra_4,PS,0.026989939
16,barra_4,PS,0.0
17,barra_4,PS,0.100575
18,barra_4,PS,0.107194
19,barra_4,PS,0.119811
20,barra_4,PS,0.0
21,barra_4,PS,0.124458
22,barra_4,PS,0.0
23,barra_4,PS,0.0
24,barra_4,PS,0.131671
1,barra_5,PS,0.0
2,barra_5,PS,0.118028
3,barra_5,PS,0.0
4,barra_5,PS,0.0
5,barra_5,PS,0.0
6,barra_5,PS,0.10410846
7,barra_5,PS,0.0
8,barra_5,PS,0.0
9,barra_5,PS,0.0
10,barra_5,PS,0.0
11,barra_5,PS,0.0
12,barra_5,PS,0.0
13,barra_5,PS,0.0
14,barra_5,PS,0.0
15,barra_5,PS,0.0
16,barra_5,PS,0.0
17,barra_5,PS,0.0
18,barra_5,PS,0.0
19,barra_5,PS,0.0
20,barra_5,PS,0.0
21,barra_5,PS,0.0
22,barra_5,PS,0.128807
23,barra_5,PS,0.131972
24,barra_5,PS,0.0
1,barra_6,PS,0.0
2,barra_6,PS,0.0
3,barra_6,PS,0.0
4,barra_6,PS,0.0
5,barra_6,PS,0.0
6,barra_6,PS,0.012
7,barra_6,PS,0.048
8,barra_6,PS,0.1
9,barra_6,PS,0.18
10,barra_6,PS,0.26
11,barra_6,PS,0.32
12,barra_6,PS,0.368
13,barra_6,PS,0.4
14,barra_6,PS,0.384
15,barra_6,PS,0.336
16,barra_6,PS,0.26
17,barra_6,PS,0.152
18,barra_6,PS,0.06
19,barra_6,PS,0.012
20,barra_6,PS,0.0
21,barra_6,PS,0.0
22,barra_6,PS,0.0
23,barra_6,PS,0.0
24,barra_6,PS,0.0
1,barra_7,PS,0.0
2,barra_7,PS,0.118028
3,barra_7,PS,0.0
4,barra_7,PS,0.0
5,barra_7,PS,0.0
6,barra_7,PS,0.11276
7,barra_7,PS,0.104228
8,barra_7,PS,0.0
9,barra_7,PS,0.019669425
10,barra_7,PS,0.0
11,barra_7,PS,0.0
12,barra_7,PS,0.0
13,barra_7,PS,0.0
14,barra_7,PS,0.0
15,barra_7,PS,0.0
16,barra_7,PS,0.0
17,barra_7,PS,0.051569874
18,barra_7,PS,0.0
19,barra_7,PS,0.119811
20,barra_7,PS,0.0
21,barra_7,PS,0.124458
22,barra_7,PS,0.128807
23,barra_7,PS,0.131972
24,barra_7,PS,0.131671
1,barra_8,PS,0.115425
2,barra_8,PS,0.118028
3,barra_8,PS,0.119916
4,barra_8,PS,0.0
5,barra_8,PS,0.119611
6,barra_8,PS,0.11276
7,barra_8,PS,0.0
8,barra_8,PS,0.102265
9,barra_8,PS,0.0
10,barra_8,PS,0.0
11,barra_8,PS,0.0
12,barra_8,PS,0.0
13,barra_8,PS,0.0
14,barra_8,PS,0.0
15,barra_8,PS,0.0
16,barra_8,PS,0.024856476
17,barra_8,PS,0.100575
18,barra_8,PS,0.0
19,barra_8,PS,0.119811
20,barra_8,PS,0.0
21,barra_8,PS,0.0
22,barra_8,PS,0.128807
23,barra_8,PS,0.0
24,barra_8,PS,0.131671
1,barra_9,PS,0.0
2,barra_9,PS,0.0
3,barra_9,PS,0.0
4,barra_9,PS,0.120783
5,barra_9,PS,0.119611
6,barra_9,PS,0.11276
7,barra_9,PS,0.0
8,barra_9,PS,0.0
9,barra_9,PS,0.098709
10,barra_9,PS,0.0
11,barra_9,PS,0.0
12,barra_9,PS,0.095901
13,barra_9,PS,0.0
14,barra_9,PS,0.070790841
15,barra_9,PS,0.090556
16,barra_9,PS,0.0
17,barra_9,PS,0.100575
18,barra_9,PS,0.107194
19,barra_9,PS,0.0
20,barra_9,PS,0.0
21,barra_9,PS,0.124458
22,barra_9,PS,0.128807
23,barra_9,PS,0.0
24,barra_9,PS,0.0
1,barra_10,PS,0.0
2,barra_10,PS,0.0
3,barra_10,PS,0.119916
4,barra_10,PS,0.0
5,barra_10,PS,0.0
6,barra_10,PS,0.0
7,barra_10,PS,0.0
8,barra_10,PS,0.0
9,barra_10,PS,0.098709
10,barra_10,PS,0.096437
11,barra_10,PS,0.096041
12,barra_10,PS,0.0
13,barra_10,PS,0.09411
14,barra_10,PS,0.09057
15,barra_10,PS,0.090556
16,barra_10,PS,0.0
17,barra_10,PS,0.100575
18,barra_10,PS,0.107194
19,barra_10,PS,0.0
20,barra_10,PS,0.123239
21,barra_10,PS,0.124458
22,barra_10,PS,0.0
23,barra_10,PS,0.0
24,barra_10,PS,0.0
1,barra_11,PS,0.115425
2,barra_11,PS,0.0
3,barra_11,PS,0.0
4,barra_11,PS,0.0
5,barra_11,PS,0.0
6,barra_11,PS,0.11276
7,barra_11,PS,0.0
8,barra_11,PS,0.102265
9,barra_11,PS,0.0
10,barra_11,PS,0.096437
11,barra_11,PS,0.0
12,barra_11,PS,0.095901
13,barra_11,PS,0.09411
14,barra_11,PS,0.0
15,barra_11,PS,0.0
16,barra_11,PS,0.094444
17,barra_11,PS,0.100575
18,barra_11,PS,0.0
19,barra_11,PS,0.119811
20,barra_11,PS,0.123239
21,barra_11,PS,0.124458
22,barra_11,PS,0.0
23,barra_11,PS,0.131972
24,barra_11,PS,0.0
1,barra_12,PS,0.115425
2,barra_12,PS,0.118028
3,barra_12,PS,0.0
4,barra_12,PS,0.0
5,barra_12,PS,0.119611
6,barra_12,PS,0.11276
7,barra_12,PS,0.104228
8,barra_12,PS,0.102265
9,barra_12,PS,0.098709
10,barra_12,PS,0.0
11,barra_12,PS,0.0
12,barra_12,PS,0.0
13,barra_12,PS,0.0
14,barra_12,PS,0.0
15,barra_12,PS,0.0
16,barra_12,PS,0.0
17,barra_12,PS,0.100575
18,barra_12,PS,0.0
19,barra_12,PS,0.0
20,barra_12,PS,0.123239
21,barra_12,PS,0.124458
22,barra_12,PS,0.0
23,barra_12,PS,0.131972
24,barra_12,PS,0.131671
1,barra_13,PS,0.0
2,barra_13,PS,0.118028
3,barra_13,PS,0.119916
4,barra_13,PS,0.120783
5,barra_13,PS,0.0
6,barra_13,PS,0.0
7,barra_13,PS,0.0
8,barra_13,PS,0.102265
9,barra_13,PS,0.0
10,barra_13,PS,0.0
11,barra_13,PS,0.0
12,barra_13,PS,0.0
13,barra_13,PS,0.0
14,barra_13,PS,0.0
15,barra_13,PS,0.0
16,barra_13,PS,0.0
17,barra_13,PS,0.0
18,barra_13,PS,0.0
19,barra_13,PS,0.119811
20,barra_13,PS,0.0
21,barra_13,PS,0.124458
22,barra_13,PS,0.128807
23,barra_13,PS,0.0
24,barra_13,PS,0.131671
1,barra_14,PS,0.0
2,barra_14,PS,0.0
3,barra_14,PS,0.0
4,barra_14,PS,0.0
5,barra_14,PS,0.0
6,barra_14,PS,0.0105
7,barra_14,PS,0.042
8,barra_14,PS,0.0875
9,barra_14,PS,0.1575
10,barra_14,PS,0.2275
11,barra_14,PS,0.28
12,barra_14,PS,0.322
13,barra_14,PS,0.35
14,barra_14,PS,0.336
15,barra_14,PS,0.294
16,barra_14,PS,0.2275
17,barra_14,PS,0.133
18,barra_14,PS,0.0525
19,barra_14,PS,0.0105
20,barra_14,PS,0.0
21,barra_14,PS,0.0
22,barra_14,PS,0.0
23,barra_14,PS,0.0
24,barra_14,PS,0.0
1,barra_15,PS,0.115425
2,barra_15,PS,0.118028
3,barra_15,PS,0.0
4,barra_15,PS,0.0
5,barra_15,PS,0.119611
6,barra_15,PS,0.0
7,barra_15,PS,0.0
8,barra_15,PS,0.0
9,barra_15,PS,0.0
10,barra_15,PS,0.0
11,barra_15,PS,0.0
12,barra_15,PS,0.0
13,barra_15,PS,0.0
14,barra_15,PS,0.0
15,barra_15,PS,0.0
16,barra_15,PS,0.0
17,barra_15,PS,0.0
18,barra_15,PS,0.057712469
19,barra_15,PS,0.11287732
20,barra_15,PS,0.123239
21,barra_15,PS,0.10591761
22,barra_15,PS,0.10341513
23,barra_15,PS,0.131972
24,barra_15,PS,0.0
1,barra_16,PS,0.024686339
2,barra_16,PS,0.017788484
3,barra_16,PS,0.0
4,barra_16,PS,0.03985265
5,barra_16,PS,0.0
6,barra_16,PS,0.024768737
7,barra_16,PS,0.0
8,barra_16,PS,0.076585137
9,barra_16,PS,0.0
10,barra_16,PS,0.01478342
11,barra_16,PS,0.096041
12,barra_16,PS,0.0
13,barra_16,PS,0.0
14,barra_16,PS,0.027046051
15,barra_16,PS,0.0
16,barra_16,PS,0.0
17,barra_16,PS,0.0
18,barra_16,PS,0.013614429
19,barra_16,PS,0.0
20,barra_16,PS,0.013190893
21,barra_16,PS,0.0
22,barra_16,PS,0.0
23,barra_16,PS,0.0
24,barra_16,PS,0.0
1,barra_17,PS,0.0
2,barra_17,PS,0.0
3,barra_17,PS,0.0
4,barra_17,PS,0.0
5,barra_17,PS,0.0
6,barra_17,PS,0.0
7,barra_17,PS,0.0
8,barra_17,PS,0.0
9,barra_17,PS,0.0
10,barra_17,PS,0.0
11,barra_17,PS,0.0
12,barra_17,PS,0.0
13,barra_17,PS,0.0
14,barra_17,PS,0.0
15,barra_17,PS,0.0
16,barra_17,PS,0.0
17,barra_17,PS,0.0
18,barra_17,PS,0.0
19,barra_17,PS,0.0
20,barra_17,PS,0.0
21,barra_17,PS,0.0
22,barra_17,PS,0.0
23,barra_17,PS,0.0
24,barra_17,PS,0.0
1,barra_18,PS,0.0
2,barra_18,PS,0.0
3,barra_18,PS,0.0
4,barra_18,PS,0.0
5,barra_18,PS,0.0
6,barra_18,PS,0.0
7,barra_18,PS,0.0
8,barra_18,PS,0.0
9,barra_18,PS,0.0
10,barra_18,PS,0.0
11,barra_18,PS,0.0
12,barra_18,PS,0.0
13,barra_18,PS,0.0
14,barra_18,PS,0.0
15,barra_18,PS,0.0
16,barra_18,PS,0.0
17,barra_18,PS,0.0
18,barra_18,PS,0.0
19,barra_18,PS,0.0
20,barra_18,PS,0.0
21,barra_18,PS,0.0
22,barra_18,PS,0.0
23,barra_18,PS,0.0
24,barra_18,PS,0.0
1,barra_19,PS,0.0
2,barra_19,PS,0.0
3,barra_19,PS,0.0
4,barra_19,PS,0.0
5,barra_19,PS,0.0
6,barra_19,PS,0.0
7,barra_19,PS,0.0
8,barra_19,PS,0.0
9,barra_19,PS,0.0
10,barra_19,PS,0.0
11,barra_19,PS,0.0
12,barra_19,PS,0.0
13,barra_19,PS,0.0
14,barra_19,PS,0.0
15,barra_19,PS,0.0
16,barra_19,PS,0.0
17,barra_19,PS,0.0
18,barra_19,PS,0.0
19,barra_19,PS,0.0
20,barra_19,PS,0.0
21,barra_19,PS,0.0
22,barra_19,PS,0.0
23,barra_19,PS,0.0
24,barra_19,PS,0.0
1,barra_20,PS,0.0
2,barra_20,PS,0.035325852
3,barra_20,PS,0.039109419
4,barra_20,PS,0.0
5,barra_20,PS,0.0
6,barra_20,PS,0.0
7,barra_20,PS,0.0
8,barra_20,PS,0.0
9,barra_20,PS,0.096202409
10,barra_20,PS,0.096437
11,barra_20,PS,0.0
12,barra_20,PS,0.037347766
13,barra_20,PS,0.0
14,barra_20,PS,0.045343517
15,barra_20,PS,0.0
16,barra_20,PS,0.0
17,barra_20,PS,0.0003498998
18,barra_20,PS,0.044274733
19,barra_20,PS,0.0
20,barra_20,PS,0.0
21,barra_20,PS,0.0
22,barra_20,PS,0.0
23,barra_20,PS,0.0
24,barra_20,PS,0.062666533
1,barra_21,PS,0.0
2,barra_21,PS,0.0
3,barra_21,PS,0.0
4,barra_21,PS,0.120783
5,barra_21,PS,0.0
6,barra_21,PS,0.0
7,barra_21,PS,0.104228
8,barra_21,PS,0.0
9,barra_21,PS,0.098709
10,barra_21,PS,0.096437
11,barra_21,PS,0.0
12,barra_21,PS,0.0
13,barra_21,PS,0.09411
14,barra_21,PS,0.0
15,barra_21,PS,0.0
16,barra_21,PS,0.0
17,barra_21,PS,0.100575
18,barra_21,PS,0.0
19,barra_21,PS,0.0
20,barra_21,PS,0.0
21,barra_21,PS,0.124458
22,barra_21,PS,0.128807
23,barra_21,PS,0.0
24,barra_21,PS,0.0
1,barra_22,PS,0.0
2,barra_22,PS,0.118028
3,barra_22,PS,0.119916
4,barra_22,PS,0.0
5,barra_22,PS,0.119611
6,barra_22,PS,0.0
7,barra_22,PS,0.0
8,barra_22,PS,0.102265
9,barra_22,PS,0.0
10,barra_22,PS,0.0
11,barra_22,PS,0.096041
12,barra_22,PS,0.0
13,barra_22,PS,0.0
14,barra_22,PS,0.0
15,barra_22,PS,0.0
16,barra_22,PS,0.0
17,barra_22,PS,0.0
18,barra_22,PS,0.0
19,barra_22,PS,0.119811
20,barra_22,PS,0.123239
21,barra_22,PS,0.124458
22,barra_22,PS,0.0
23,barra_22,PS,0.0
24,barra_22,PS,0.131671
1,barra_23,PS,0.0
2,barra_23,PS,0.118028
3,barra_23,PS,0.0
4,barra_23,PS,0.0
5,barra_23,PS,0.119611
6,barra_23,PS,0.11276
7,barra_23,PS,0.0
8,barra_23,PS,0.102265
9,barra_23,PS,0.098709
10,barra_23,PS,0.094587891
11,barra_23,PS,0.0
12,barra_23,PS,0.0
13,barra_23,PS,0.0
14,barra_23,PS,0.0
15,barra_23,PS,0.0
16,barra_23,PS,0.086539433
17,barra_23,PS,0.0
18,barra_23,PS,0.0
19,barra_23,PS,0.0
20,barra_23,PS,0.0
21,barra_23,PS,0.0
22,barra_23,PS,0.0
23,barra_23,PS,0.0
24,barra_23,PS,0.131671
1,barra_24,PS,0.0
2,barra_24,PS,0.0
3,barra_24,PS,0.0
4,barra_24,PS,0.120783
5,barra_24,PS,0.0
6,barra_24,PS,0.0
7,barra_24,PS,0.0
8,barra_24,PS,0.094659395
9,barra_24,PS,0.0
10,barra_24,PS,0.0
11,barra_24,PS,0.0
12,barra_24,PS,0.0
13,barra_24,PS,0.0
14,barra_24,PS,0.0
15,barra_24,PS,0.0
16,barra_24,PS,0.0
17,barra_24,PS,0.032493721
18,barra_24,PS,0.0
19,barra_24,PS,0.119811
20,barra_24,PS,0.0
21,barra_24,PS,0.124458
22,barra_24,PS,0.128807
23,barra_24,PS,0.131972
24,barra_24,PS,0.0
1,barra_25,PS,0.0
2,barra_25,PS,0.0
3,barra_25,PS,0.0
4,barra_25,PS,0.0
5,barra_25,PS,0.0
6,barra_25,PS,0.0135
7,barra_25,PS,0.054
8,barra_25,PS,0.1125
9,barra_25,PS,0.2025
10,barra_25,PS,0.2925
11,barra_25,PS,0.36
12,barra_25,PS,0.414
13,barra_25,PS,0.45
14,barra_25,PS,0.432
15,barra_25,PS,0.378
16,barra_25,PS,0.2925
17,barra_25,PS,0.171
18,barra_25,PS,0.0675
19,barra_25,PS,0.0135
20,barra_25,PS,0.0
21,barra_25,PS,0.0
22,barra_25,PS,0.0
23,barra_25,PS,0.0
24,barra_25,PS,0.0
1,barra_26,PS,0.115425
2,barra_26,PS,0.0
3,barra_26,PS,0.119916
4,barra_26,PS,0.0
5,barra_26,PS,0.119611
6,barra_26,PS,0.11276
7,barra_26,PS,0.104228
8,barra_26,PS,0.0
9,barra_26,PS,0.0
10,barra_26,PS,0.0
11,barra_26,PS,0.0
12,barra_26,PS,0.0
13,barra_26,PS,0.0
14,barra_26,PS,0.0
15,barra_26,PS,0.0
16,barra_26,PS,0.0
17,barra_26,PS,0.0
18,barra_26,PS,0.0
19,barra_26,PS,0.0
20,barra_26,PS,0.123239
21,barra_26,PS,0.0
22,barra_26,PS,0.0
23,barra_26,PS,0.131972
24,barra_26,PS,0.131671
1,barra_27,PS,0.115425
2,barra_27,PS,0.118028
3,barra_27,PS,0.0
4,barra_27,PS,0.120783
5,barra_27,PS,0.119611
6,barra_27,PS,0.11276
7,barra_27,PS,0.104228
8,barra_27,PS,0.102265
9,barra_27,PS,0.0
10,barra_27,PS,0.0
11,barra_27,PS,0.0
12,barra_27,PS,0.0
13,barra_27,PS,0.0
14,barra_27,PS,0.0
15,barra_27,PS,0.0
16,barra_27,PS,0.0
17,barra_27,PS,0.100575
18,barra_27,PS,0.107194
19,barra_27,PS,0.119811
20,barra_27,PS,0.123239
21,barra_27,PS,0.124458
22,barra_27,PS,0.128807
23,barra_27,PS,0.0
24,barra_27,PS,0.0
1,barra_28,PS,0.0
2,barra_28,PS,0.0
3,barra_28,PS,0.0
4,barra_28,PS,0.0
5,barra_28,PS,0.0
6,barra_28,PS,0.064669672
7,barra_28,PS,0.0
8,barra_28,PS,0.0
9,barra_28,PS,0.098709
10,barra_28,PS,0.0
11,barra_28,PS,0.0
12,barra_28,PS,0.086848027
13,barra_28,PS,0.081453463
14,barra_28,PS,0.0
15,barra_28,PS,0.0
16,barra_28,PS,0.037456877
17,barra_28,PS,0.0
18,barra_28,PS,0.0
19,barra_28,PS,0.0
20,barra_28,PS,0.0
21,barra_28,PS,0.0
22,barra_28,PS,0.0
23,barra_28,PS,0.0
24,barra_28,PS,0.0
1,barra_29,PS,0.0
2,barra_29,PS,0.0
3,barra_29,PS,0.0
4,barra_29,PS,0.0
5,barra_29,PS,0.0
6,barra_29,PS,0.0
7,barra_29,PS,0.0
8,barra_29,PS,0.0
9,barra_29,PS,0.0
10,barra_29,PS,0.0
11,barra_29,PS,0.0
12,barra_29,PS,0.0
13,barra_29,PS,0.0
14,barra_29,PS,0.0
15,barra_29,PS,0.0
16,barra_29,PS,0.0
17,barra_29,PS,0.0
18,barra_29,PS,0.0
19,barra_29,PS,0.0
20,barra_29,PS,0.0
21,barra_29,PS,0.0
22,barra_29,PS,0.0
23,barra_29,PS,0.0
24,barra_29,PS,0.0
1,barra_30,PS,0.0
2,barra_30,PS,0.0
3,barra_30,PS,0.0
4,barra_30,PS,0.0
5,barra_30,PS,0.0
6,barra_30,PS,0.0
7,barra_30,PS,0.0
8,barra_30,PS,0.0
9,barra_30,PS,0.0
10,barra_30,PS,0.0
11,barra_30,PS,0.0
12,barra_30,PS,0.0
13,barra_30,PS,0.0
14,barra_30,PS,0.0
15,barra_30,PS,0.0
16,barra_30,PS,0.0
17,barra_30,PS,0.0
18,barra_30,PS,0.0
19,barra_30,PS,0.0
20,barra_30,PS,0.0
21,barra_30,PS,0.0
22,barra_30,PS,0.0
23,barra_30,PS,0.0
24,barra_30,PS,0.0
1,barra_31,PS,0.0
2,barra_31,PS,0.0
3,barra_31,PS,0.0
4,barra_31,PS,0.0
5,barra_31,PS,0.0
6,barra_31,PS,0.0
7,barra_31,PS,0.0
8,barra_31,PS,0.0
9,barra_31,PS,0.0
10,barra_31,PS,0.0
11,barra_31,PS,0.0
12,barra_31,PS,0.0
13,barra_31,PS,0.0
14,barra_31,PS,0.0
15,barra_31,PS,0.0
16,barra_31,PS,0.0
17,barra_31,PS,0.0
18,barra_31,PS,0.0
19,barra_31,PS,0.0
20,barra_31,PS,0.0
21,barra_31,PS,0.0
22,barra_31,PS,0.0
23,barra_31,PS,0.0
24,barra_31,PS,0.0
1,barra_32,PS,0.0
2,barra_32,PS,0.035325852
3,barra_32,PS,0.0
4,barra_32,PS,0.036602524
5,barra_32,PS,0.0
6,barra_32,PS,0.024768737
7,barra_32,PS,0.0076705411
8,barra_32,PS,0.0
9,barra_32,PS,0.022694211
10,barra_32,PS,0.037968159
11,barra_32,PS,0.047853241
12,barra_32,PS,0.0
13,barra_32,PS,0.064163002
14,barra_32,PS,0.064496127
15,barra_32,PS,0.0
16,barra_32,PS,0.094444
17,barra_32,PS,0.017275266
18,barra_32,PS,0.0
19,barra_32,PS,0.0
20,barra_32,PS,0.0
21,barra_32,PS,0.0
22,barra_32,PS,0.0
23,barra_32,PS,0.0
24,barra_32,PS,0.0
1,barra_33,PS,0.115425
2,barra_33,PS,0.0
3,barra_33,PS,0.119916
4,barra_33,PS,0.0
5,barra_33,PS,0.0
6,barra_33,PS,0.0
7,barra_33,PS,0.0
8,barra_33,PS,0.0
9,barra_33,PS,0.0
10,barra_33,PS,0.096437
11,barra_33,PS,0.096041
12,barra_33,PS,0.0
13,barra_33,PS,0.09411
14,barra_33,PS,0.0
15,barra_33,PS,0.090556
16,barra_33,PS,0.094444
17,barra_33,PS,0.0
18,barra_33,PS,0.107194
19,barra_33,PS,0.0
20,barra_33,PS,0.123239
21,barra_33,PS,0.0
22,barra_33,PS,0.128807
23,barra_33,PS,0.131972
24,barra_33,PS,0.0
1,barra_1,PW,0.0
2,barra_1,PW,0.0
3,barra_1,PW,0.0
4,barra_1,PW,0.0
5,barra_1,PW,0.119611
6,barra_1,PW,0.0
7,barra_1,PW,0.104228
8,barra_1,PW,0.0
9,barra_1,PW,0.098709
10,barra_1,PW,0.0
11,barra_1,PW,0.096041
12,barra_1,PW,0.095901
13,barra_1,PW,0.0
14,barra_1,PW,0.0
15,barra_1,PW,0.0
16,barra_1,PW,0.0
17,barra_1,PW,0.0
18,barra_1,PW,0.0
19,barra_1,PW,0.119811
20,barra_1,PW,0.123239
21,barra_1,PW,0.0
22,barra_1,PW,0.0
23,barra_1,PW,0.0
24,barra_1,PW,0.0
1,barra_2,PW,0.0
2,barra_2,PW,0.0
3,barra_2,PW,0.0
4,barra_2,PW,0.120783
5,barra_2,PW,0.119611
6,barra_2,PW,0.0
7,barra_2,PW,0.104228
8,barra_2,PW,0.102265
9,barra_2,PW,0.098709
10,barra_2,PW,0.0
11,barra_2,PW,0.096041
12,barra_2,PW,0.0
13,barra_2,PW,0.09411
14,barra_2,PW,0.0
15,barra_2,PW,0.090556
16,barra_2,PW,0.094444
17,barra_2,PW,0.0
18,barra_2,PW,0.0
19,barra_2,PW,0.0
20,barra_2,PW,0.0
21,barra_2,PW,0.124458
22,barra_2,PW,0.0
23,barra_2,PW,0.0
24,barra_2,PW,0.131671
1,barra_3,PW,0.0
2,barra_3,PW,0.0
3,barra_3,PW,0.0
4,barra_3,PW,0.0
5,barra_3,PW,0.119611
6,barra_3,PW,0.0
7,barra_3,PW,0.104228
8,barra_3,PW,0.102265
9,barra_3,PW,0.098709
10,barra_3,PW,0.096437
11,barra_3,PW,0.096041
12,barra_3,PW,0.0
13,barra_3,PW,0.0
14,barra_3,PW,0.0
15,barra_3,PW,0.090556
16,barra_3,PW,0.0
17,barra_3,PW,0.0
18,barra_3,PW,0.107194
19,barra_3,PW,0.119811
20,barra_3,PW,0.123239
21,barra_3,PW,0.0
22,barra_3,PW,0.0
23,barra_3,PW,0.131972
24,barra_3,PW,0.0
1,barra_4,PW,0.0
2,barra_4,PW,0.0
3,barra_4,PW,0.119916
4,barra_4,PW,0.0
5,barra_4,PW,0.0
6,barra_4,PW,0.0
7,barra_4,PW,0.104228
8,barra_4,PW,0.102265
9,barra_4,PW,0.0
10,barra_4,PW,0.096437
11,barra_4,PW,0.065267737
12,barra_4,PW,0.016317042
13,barra_4,PW,0.0
14,barra_4,PW,0.0
15,barra_4,PW,0.0
16,barra_4,PW,0.094444
17,barra_4,PW,0.0
18,barra_4,PW,0.0
19,barra_4,PW,0.0
20,barra_4,PW,0.123239
21,barra_4,PW,0.0
22,barra_4,PW,0.128807
23,barra_4,PW,0.131972
24,barra_4,PW,0.0
1,barra_5,PW,0.115425
2,barra_5,PW,0.0
3,barra_5,PW,0.119916
4,barra_5,PW,0.120783
5,barra_5,PW,0.119611
6,barra_5,PW,0.0
7,barra_5,PW,0.059175148
8,barra_5,PW,0.004944495
9,barra_5,PW,0.0
10,barra_5,PW,0.0
11,barra_5,PW,0.0
12,barra_5,PW,0.0
13,barra_5,PW,0.0
14,barra_5,PW,0.0
15,barra_5,PW,0.0
16,barra_5,PW,0.0
17,barra_5,PW,0.0
18,barra_5,PW,0.050182409
19,barra_5,PW,0.11137131
20,barra_5,PW,0.123239
21,barra_5,PW,0.124458
22,barra_5,PW,0.0
23,barra_5,PW,0.0
24,barra_5,PW,0.131671
1,barra_6,PW,0.003463
2,barra_6,PW,0.003541
3,barra_6,PW,0.003597
4,barra_6,PW,0.003623
5,barra_6,PW,0.003588
6,barra_6,PW,0.0
7,barra_6,PW,0.0
8,barra_6,PW,0.0
9,barra_6,PW,0.0
10,barra_6,PW,0.0
11,barra_6,PW,0.0
12,barra_6,PW,0.0
13,barra_6,PW,0.0
14,barra_6,PW,0.0
15,barra_6,PW,0.0
16,barra_6,PW,0.0
17,barra_6,PW,0.0
18,barra_6,PW,0.0
19,barra_6,PW,0.0
20,barra_6,PW,0.003697
21,barra_6,PW,0.003734
22,barra_6,PW,0.003864
23,barra_6,PW,0.003959
24,barra_6,PW,0.00395
1,barra_7,PW,0.115425
2,barra_7,PW,0.0
3,barra_7,PW,0.119916
4,barra_7,PW,0.120783
5,barra_7,PW,0.119611
6,barra_7,PW,0.0
7,barra_7,PW,0.0
8,barra_7,PW,0.102265
9,barra_7,PW,0.0
10,barra_7,PW,0.0
11,barra_7,PW,0.0
12,barra_7,PW,0.0
13,barra_7,PW,0.0
14,barra_7,PW,0.0
15,barra_7,PW,0.0
16,barra_7,PW,0.0
17,barra_7,PW,0.0
18,barra_7,PW,0.107194
19,barra_7,PW,0.0
20,barra_7,PW,0.123239
21,barra_7,PW,0.0
22,barra_7,PW,0.0
23,barra_7,PW,0.0
24,barra_7,PW,0.0
1,barra_8,PW,0.0
2,barra_8,PW,0.0
3,barra_8,PW,0.0
4,barra_8,PW,0.120783
5,barra_8,PW,0.0
6,barra_8,PW,0.0
7,barra_8,PW,0.104228
8,barra_8,PW,0.0
9,barra_8,PW,0.098709
10,barra_8,PW,0.030911934
11,barra_8,PW,0.0
12,barra_8,PW,0.0
13,barra_8,PW,0.0
14,barra_8,PW,0.0
15,barra_8,PW,0.0
16,barra_8,PW,0.0
17,barra_8,PW,0.0
18,barra_8,PW,0.107194
19,barra_8,PW,0.0
20,barra_8,PW,0.123239
21,barra_8,PW,0.124458
22,barra_8,PW,0.0
23,barra_8,PW,0.131972
24,barra_8,PW,0.0
1,barra_9,PW,0.115425
2,barra_9,PW,0.118028
3,barra_9,PW,0.119916
4,barra_9,PW,0.0
5,barra_9,PW,0.0
6,barra_9,PW,0.0
7,barra_9,PW,0.104228
8,barra_9,PW,0.102265
9,barra_9,PW,0.0
10,barra_9,PW,0.096437
11,barra_9,PW,0.096041
12,barra_9,PW,0.0
13,barra_9,PW,0.083500885
14,barra_9,PW,0.0
15,barra_9,PW,0.0
16,barra_9,PW,0.094444
17,barra_9,PW,0.0
18,barra_9,PW,0.0
19,barra_9,PW,0.119811
20,barra_9,PW,0.123239
21,barra_9,PW,0.0
22,barra_9,PW,0.0
23,barra_9,PW,0.131972
24,barra_9,PW,0.131671
1,barra_10,PW,0.115425
2,barra_10,PW,0.118028
3,barra_10,PW,0.0
4,barra_10,PW,0.120783
5,barra_10,PW,0.119611
6,barra_10,PW,0.11276
7,barra_10,PW,0.104228
8,barra_10,PW,0.102265
9,barra_10,PW,0.0
10,barra_10,PW,0.0
11,barra_10,PW,0.0
12,barra_10,PW,0.095901
13,barra_10,PW,0.0
14,barra_10,PW,0.0
15,barra_10,PW,0.0
16,barra_10,PW,0.094444
17,barra_10,PW,0.0
18,barra_10,PW,0.0
19,barra_10,PW,0.119811
20,barra_10,PW,0.0
21,barra_10,PW,0.0
22,barra_10,PW,0.128807
23,barra_10,PW,0.131972
24,barra_10,PW,0.131671
1,barra_11,PW,0.0
2,barra_11,PW,0.118028
3,barra_11,PW,0.119916
4,barra_11,PW,0.120783
5,barra_11,PW,0.119611
6,barra_11,PW,0.0
7,barra_11,PW,0.104228
8,barra_11,PW,0.0
9,barra_11,PW,0.098709
10,barra_11,PW,0.0
11,barra_11,PW,0.096041
12,barra_11,PW,0.0
13,barra_11,PW,0.0
14,barra_11,PW,0.09057
15,barra_11,PW,0.090556
16,barra_11,PW,0.0
17,barra_11,PW,0.0
18,barra_11,PW,0.107194
19,barra_11,PW,0.0
20,barra_11,PW,0.0
21,barra_11,PW,0.0
22,barra_11,PW,0.128807
23,barra_11,PW,0.0
24,barra_11,PW,0.131671
1,barra_12,PW,0.0
2,barra_12,PW,0.0
3,barra_12,PW,0.119916
4,barra_12,PW,0.120783
5,barra_12,PW,0.0
6,barra_12,PW,0.0
7,barra_12,PW,0.0
8,barra_12,PW,0.0
9,barra_12,PW,0.0
10,barra_12,PW,0.063672977
11,barra_12,PW,0.0095480213
12,barra_12,PW,0.0
13,barra_12,PW,0.0
14,barra_12,PW,0.0
15,barra_12,PW,0.0
16,barra_12,PW,0.057617519
17,barra_12,PW,0.0
18,barra_12,PW,0.107194
19,barra_12,PW,0.119811
20,barra_12,PW,0.0
21,barra_12,PW,0.0
22,barra_12,PW,0.128807
23,barra_12,PW,0.0
24,barra_12,PW,0.0
1,barra_13,PW,0.115425
2,barra_13,PW,0.0
3,barra_13,PW,0.0
4,barra_13,PW,0.0
5,barra_13,PW,0.119611
6,barra_13,PW,0.11276
7,barra_13,PW,0.104228
8,barra_13,PW,0.0
9,barra_13,PW,0.042259605
10,barra_13,PW,0.0
11,barra_13,PW,0.0
12,barra_13,PW,0.0
13,barra_13,PW,0.0
14,barra_13,PW,0.0
15,barra_13,PW,0.0
16,barra_13,PW,0.0
17,barra_13,PW,0.070646026
18,barra_13,PW,0.107194
19,barra_13,PW,0.0
20,barra_13,PW,0.123239
21,barra_13,PW,0.0
22,barra_13,PW,0.0
23,barra_13,PW,0.131972
24,barra_13,PW,0.0
1,barra_14,PW,0.003463
2,barra_14,PW,0.003541
3,barra_14,PW,0.003597
4,barra_14,PW,0.003623
5,barra_14,PW,0.003588
6,barra_14,PW,0.0
7,barra_14,PW,0.0
8,barra_14,PW,0.0
9,barra_14,PW,0.0
10,barra_14,PW,0.0
11,barra_14,PW,0.0
12,barra_14,PW,0.0
13,barra_14,PW,0.0
14,barra_14,PW,0.0
15,barra_14,PW,0.0
16,barra_14,PW,0.0
17,barra_14,PW,0.0
18,barra_14,PW,0.0
19,barra_14,PW,0.0
20,barra_14,PW,0.003697
21,barra_14,PW,0.003734
22,barra_14,PW,0.003864
23,barra_14,PW,0.003959
24,barra_14,PW,0.00395
1,barra_15,PW,0.0
2,barra_15,PW,0.0
3,barra_15,PW,0.119916
4,barra_15,PW,0.120783
5,barra_15,PW,0.0
6,barra_15,PW,0.10561447
7,barra_15,PW,0.065199196
8,barra_15,PW,0.017494595
9,barra_15,PW,0.0
10,barra_15,PW,0.0
11,barra_15,PW,0.0
12,barra_15,PW,0.0
13,barra_15,PW,0.0
14,barra_15,PW,0.0
15,barra_15,PW,0.0
16,barra_15,PW,0.0
17,barra_15,PW,0.0
18,barra_15,PW,0.0
19,barra_15,PW,0.0
20,barra_15,PW,0.0
21,barra_15,PW,0.0
22,barra_15,PW,0.0
23,barra_15,PW,0.0
24,barra_15,PW,0.131671
1,barra_16,PW,0.0
2,barra_16,PW,0.0
3,barra_16,PW,0.0094354084
4,barra_16,PW,0.0
5,barra_16,PW,0.038498196
6,barra_16,PW,0.0
7,barra_16,PW,0.0076705411
8,barra_16,PW,0.0
9,barra_16,PW,0.0
10,barra_16,PW,0.0
11,barra_16,PW,0.0
12,barra_16,PW,0.062686519
13,barra_16,PW,0.0
14,barra_16,PW,0.0
15,barra_16,PW,0.069327287
16,barra_16,PW,0.094444
17,barra_16,PW,0.091291531
18,barra_16,PW,0.0
19,barra_16,PW,0.0092219392
20,barra_16,PW,0.0
21,barra_16,PW,0.0
22,barra_16,PW,0.0
23,barra_16,PW,0.0
24,barra_16,PW,0.008964124
1,barra_17,PW,0.0
2,barra_17,PW,0.0
3,barra_17,PW,0.0
4,barra_17,PW,0.0
5,barra_17,PW,0.0
6,barra_17,PW,0.0
7,barra_17,PW,0.0
8,barra_17,PW,0.0
9,barra_17,PW,0.0
10,barra_17,PW,0.0
11,barra_17,PW,0.0
12,barra_17,PW,0.0
13,barra_17,PW,0.0
14,barra_17,PW,0.0
15,barra_17,PW,0.0
16,barra_17,PW,0.0
17,barra_17,PW,0.0
18,barra_17,PW,0.0
19,barra_17,PW,0.0
20,barra_17,PW,0.0
21,barra_17,PW,0.0
22,barra_17,PW,0.0
23,barra_17,PW,0.0
24,barra_17,PW,0.0
1,barra_18,PW,0.408
2,barra_18,PW,0.42
3,barra_18,PW,0.432
4,barra_18,PW,0.444
5,barra_18,PW,0.42
6,barra_18,PW,0.396
7,barra_18,PW,0.36
8,barra_18,PW,0.33
9,barra_18,PW,0.3
10,barra_18,PW,0.276
11,barra_18,PW,0.264
12,barra_18,PW,0.252
13,barra_18,PW,0.24
14,barra_18,PW,0.228
15,barra_18,PW,0.24
16,barra_18,PW,0.27
17,barra_18,PW,0.312
18,barra_18,PW,0.372
19,barra_18,PW,0.432
20,barra_18,PW,0.48
21,barra_18,PW,0.516
22,barra_18,PW,0.54
23,barra_18,PW,0.504
24,barra_18,PW,0.456
1,barra_19,PW,0.0
2,barra_19,PW,0.0
3,barra_19,PW,0.0
4,barra_19,PW,0.0
5,barra_19,PW,0.0
6,barra_19,PW,0.0
7,barra_19,PW,0.0
8,barra_19,PW,0.0
9,barra_19,PW,0.0
10,barra_19,PW,0.0
11,barra_19,PW,0.0
12,barra_19,PW,0.0
13,barra_19,PW,0.0
14,barra_19,PW,0.0
15,barra_19,PW,0.0
16,barra_19,PW,0.0
17,barra_19,PW,0.0
18,barra_19,PW,0.0
19,barra_19,PW,0.0
20,barra_19,PW,0.0
21,barra_19,PW,0.0
22,barra_19,PW,0.0
23,barra_19,PW,0.0
24,barra_19,PW,0.0
1,barra_20,PW,0.030109419
2,barra_20,PW,0.0
3,barra_20,PW,0.0
4,barra_20,PW,0.0
5,barra_20,PW,0.021008587
6,barra_20,PW,0.031404613
7,barra_20,PW,0.050337516
8,barra_20,PW,0.0037366733
9,barra_20,PW,0.0
10,barra_20,PW,0.0
11,barra_20,PW,0.025676535
12,barra_20,PW,0.0
13,barra_20,PW,0.07123119
14,barra_20,PW,0.0
15,barra_20,PW,0.03320502
16,barra_20,PW,0.014776155
17,barra_20,PW,0.0
18,barra_20,PW,0.0
19,barra_20,PW,0.038898998
20,barra_20,PW,0.0
21,barra_20,PW,0.0
22,barra_20,PW,0.0
23,barra_20,PW,0.024072031
24,barra_20,PW,0.0
1,barra_21,PW,0.115425
2,barra_21,PW,0.118028
3,barra_21,PW,0.119916
4,barra_21,PW,0.0
5,barra_21,PW,0.119611
6,barra_21,PW,0.11276
7,barra_21,PW,0.0
8,barra_21,PW,0.102265
9,barra_21,PW,0.0
10,barra_21,PW,0.0
11,barra_21,PW,0.096041
12,barra_21,PW,0.095901
13,barra_21,PW,0.0
14,barra_21,PW,0.09057
15,barra_21,PW,0.090556
16,barra_21,PW,0.094444
17,barra_21,PW,0.0
18,barra_21,PW,0.107194
19,barra_21,PW,0.119811
20,barra_21,PW,0.123239
21,barra_21,PW,0.0
22,barra_21,PW,0.0
23,barra_21,PW,0.131972
24,barra_21,PW,0.131671
1,barra_22,PW,0.115425
2,barra_22,PW,0.0
3,barra_22,PW,0.0
4,barra_22,PW,0.120783
5,barra_22,PW,0.0
6,barra_22,PW,0.11276
7,barra_22,PW,0.104228
8,barra_22,PW,0.0
9,barra_22,PW,0.098709
10,barra_22,PW,0.096437
11,barra_22,PW,0.0
12,barra_22,PW,0.074684164
13,barra_22,PW,0.032507256
14,barra_22,PW,0.070790841
15,barra_22,PW,0.075147078
16,barra_22,PW,0.094444
17,barra_22,PW,0.100575
18,barra_22,PW,0.107194
19,barra_22,PW,0.0
20,barra_22,PW,0.0
21,barra_22,PW,0.0
22,barra_22,PW,0.128807
23,barra_22,PW,0.131972
24,barra_22,PW,0.0
1,barra_23,PW,0.115425
2,barra_23,PW,0.0
3,barra_23,PW,0.119916
4,barra_23,PW,0.120783
5,barra_23,PW,0.0
6,barra_23,PW,0.0
7,barra_23,PW,0.104228
8,barra_23,PW,0.0
9,barra_23,PW,0.0
10,barra_23,PW,0.0
11,barra_23,PW,0.0
12,barra_23,PW,0.0
13,barra_23,PW,0.0
14,barra_23,PW,0.0
15,barra_23,PW,0.0
16,barra_23,PW,0.0
17,barra_23,PW,0.100575
18,barra_23,PW,0.107194
19,barra_23,PW,0.119811
20,barra_23,PW,0.123239
21,barra_23,PW,0.124458
22,barra_23,PW,0.128807
23,barra_23,PW,0.131972
24,barra_23,PW,0.0
1,barra_24,PW,0.115425
2,barra_24,PW,0.118028
3,barra_24,PW,0.119916
4,barra_24,PW,0.0
5,barra_24,PW,0.119611
6,barra_24,PW,0.10260245
7,barra_24,PW,0.0531511
8,barra_24,PW,0.0
9,barra_24,PW,0.0
10,barra_24,PW,0.0
11,barra_24,PW,0.0
12,barra_24,PW,0.0
13,barra_24,PW,0.0
14,barra_24,PW,0.0
15,barra_24,PW,0.0
16,barra_24,PW,0.0
17,barra_24,PW,0.0
18,barra_24,PW,0.107194
19,barra_24,PW,0.0
20,barra_24,PW,0.123239
21,barra_24,PW,0.0
22,barra_24,PW,0.0
23,barra_24,PW,0.0
24,barra_24,PW,0.131671
1,barra_25,PW,0.003463
2,barra_25,PW,0.003541
3,barra_25,PW,0.003597
4,barra_25,PW,0.003623
5,barra_25,PW,0.003588
6,barra_25,PW,0.0
7,barra_25,PW,0.0
8,barra_25,PW,0.0
9,barra_25,PW,0.0
10,barra_25,PW,0.0
11,barra_25,PW,0.0
12,barra_25,PW,0.0
13,barra_25,PW,0.0
14,barra_25,PW,0.0
15,barra_25,PW,0.0
16,barra_25,PW,0.0
17,barra_25,PW,0.0
18,barra_25,PW,0.0
19,barra_25,PW,0.0
20,barra_25,PW,0.003697
21,barra_25,PW,0.003734
22,barra_25,PW,0.003864
23,barra_25,PW,0.003959
24,barra_25,PW,0.00395
1,barra_26,PW,0.0
2,barra_26,PW,0.118028
3,barra_26,PW,0.0
4,barra_26,PW,0.120783
5,barra_26,PW,0.0
6,barra_26,PW,0.0
7,barra_26,PW,0.0
8,barra_26,PW,0.0
9,barra_26,PW,0.0
10,barra_26,PW,0.0
11,barra_26,PW,0.0
12,barra_26,PW,0.0
13,barra_26,PW,0.0
14,barra_26,PW,0.0
15,barra_26,PW,0.0
16,barra_26,PW,0.0
17,barra_26,PW,0.0
18,barra_26,PW,0.042652349
19,barra_26,PW,0.1098653
20,barra_26,PW,0.0
21,barra_26,PW,0.124458
22,barra_26,PW,0.128807
23,barra_26,PW,0.0
24,barra_26,PW,0.0
1,barra_27,PW,0.0
2,barra_27,PW,0.0
3,barra_27,PW,0.119916
4,barra_27,PW,0.0
5,barra_27,PW,0.0
6,barra_27,PW,0.0
7,barra_27,PW,0.0
8,barra_27,PW,0.0
9,barra_27,PW,0.095776538
10,barra_27,PW,0.0
11,barra_27,PW,0.024946454
12,barra_27,PW,0.0
13,barra_27,PW,0.0
14,barra_27,PW,0.0
15,barra_27,PW,0.0
16,barra_27,PW,0.0
17,barra_27,PW,0.0
18,barra_27,PW,0.0
19,barra_27,PW,0.0
20,barra_27,PW,0.0
21,barra_27,PW,0.0
22,barra_27,PW,0.0
23,barra_27,PW,0.131972
24,barra_27,PW,0.131671
1,barra_28,PW,0.059002643
2,barra_28,PW,0.053209349
3,barra_28,PW,0.045961013
4,barra_28,PW,0.040846894
5,barra_28,PW,0.056429071
6,barra_28,PW,0.0
7,barra_28,PW,0.080578479
8,barra_28,PW,0.102265
9,barra_28,PW,0.0
10,barra_28,PW,0.096437
11,barra_28,PW,0.096041
12,barra_28,PW,0.0
13,barra_28,PW,0.0
14,barra_28,PW,0.040100119
15,barra_28,PW,0.090556
16,barra_28,PW,0.0
17,barra_28,PW,0.100575
18,barra_28,PW,0.075523728
19,barra_28,PW,0.038898998
20,barra_28,PW,0.045768737
21,barra_28,PW,0.0
22,barra_28,PW,0.020435287
23,barra_28,PW,0.0034797026
24,barra_28,PW,0.04757702
1,barra_29,PW,0.0
2,barra_29,PW,0.0
3,barra_29,PW,0.0
4,barra_29,PW,0.0
5,barra_29,PW,0.0
6,barra_29,PW,0.0
7,barra_29,PW,0.0
8,barra_29,PW,0.0
9,barra_29,PW,0.0
10,barra_29,PW,0.0
11,barra_29,PW,0.0
12,barra_29,PW,0.0
13,barra_29,PW,0.0
14,barra_29,PW,0.0
15,barra_29,PW,0.0
16,barra_29,PW,0.0
17,barra_29,PW,0.0
18,barra_29,PW,0.0
19,barra_29,PW,0.0
20,barra_29,PW,0.0
21,barra_29,PW,0.0
22,barra_29,PW,0.0
23,barra_29,PW,0.0
24,barra_29,PW,0.0
1,barra_30,PW,0.374
2,barra_30,PW,0.385
3,barra_30,PW,0.396
4,barra_30,PW,0.407
5,barra_30,PW,0.385
6,barra_30,PW,0.363
7,barra_30,PW,0.33
8,barra_30,PW,0.3025
9,barra_30,PW,0.275
10,barra_30,PW,0.253
11,barra_30,PW,0.242
12,barra_30,PW,0.231
13,barra_30,PW,0.22
14,barra_30,PW,0.209
15,barra_30,PW,0.22
16,barra_30,PW,0.2475
17,barra_30,PW,0.286
18,barra_30,PW,0.341
19,barra_30,PW,0.396
20,barra_30,PW,0.44
21,barra_30,PW,0.473
22,barra_30,PW,0.495
23,barra_30,PW,0.462
24,barra_30,PW,0.418
1,barra_31,PW,0.0
2,barra_31,PW,0.0
3,barra_31,PW,0.0
4,barra_31,PW,0.0
5,barra_31,PW,0.0
6,barra_31,PW,0.0
7,barra_31,PW,0.0
8,barra_31,PW,0.0
9,barra_31,PW,0.0
10,barra_31,PW,0.0
11,barra_31,PW,0.0
12,barra_31,PW,0.0
13,barra_31,PW,0.0
14,barra_31,PW,0.0
15,barra_31,PW,0.0
16,barra_31,PW,0.0
17,barra_31,PW,0.0
18,barra_31,PW,0.0
19,barra_31,PW,0.0
20,barra_31,PW,0.0
21,barra_31,PW,0.0
22,barra_31,PW,0.0
23,barra_31,PW,0.0
24,barra_31,PW,0.0
1,barra_32,PW,0.030109419
2,barra_32,PW,0.0
3,barra_32,PW,0.039109419
4,barra_32,PW,0.0
5,barra_32,PW,0.038498196
6,barra_32,PW,0.0
7,barra_32,PW,0.0
8,barra_32,PW,0.0057776929
9,barra_32,PW,0.0
10,barra_32,PW,0.0
11,barra_32,PW,0.0
12,barra_32,PW,0.05851644
13,barra_32,PW,0.0
14,barra_32,PW,0.0
15,barra_32,PW,0.053365662
16,barra_32,PW,0.0
17,barra_32,PW,0.0
18,barra_32,PW,0.013614429
19,barra_32,PW,0.045747568
20,barra_32,PW,0.0080673092
21,barra_32,PW,0.025227163
22,barra_32,PW,0.0
23,barra_32,PW,0.063269739
24,barra_32,PW,0.062666533
1,barra_33,PW,0.0
2,barra_33,PW,0.118028
3,barra_33,PW,0.0
4,barra_33,PW,0.120783
5,barra_33,PW,0.119611
6,barra_33,PW,0.11276
7,barra_33,PW,0.104228
8,barra_33,PW,0.102265
9,barra_33,PW,0.098709
10,barra_33,PW,0.0
11,barra_33,PW,0.0
12,barra_33,PW,0.095901
13,barra_33,PW,0.0
14,barra_33,PW,0.09057
15,barra_33,PW,0.0
16,barra_33,PW,0.0
17,barra_33,PW,0.100575
18,barra_33,PW,0.0
19,barra_33,PW,0.119811
20,barra_33,PW,0.0
21,barra_33,PW,0.124458
22,barra_33,PW,0.0
23,barra_33,PW,0.0
24,barra_33,PW,0.131671
1,barra_1,CS,
2,barra_1,CS,
3,barra_1,CS,
4,barra_1,CS,
5,barra_1,CS,
6,barra_1,CS,
7,barra_1,CS,
8,barra_1,CS,
9,barra_1,CS,
10,barra_1,CS,
11,barra_1,CS,
12,barra_1,CS,
13,barra_1,CS,
14,barra_1,CS,
15,barra_1,CS,
16,barra_1,CS,
17,barra_1,CS,
18,barra_1,CS,
19,barra_1,CS,
20,barra_1,CS,
21,barra_1,CS,
22,barra_1,CS,
23,barra_1,CS,
24,barra_1,CS,
1,barra_2,CS,
2,barra_2,CS,
3,barra_2,CS,
4,barra_2,CS,
5,barra_2,CS,
6,barra_2,CS,
7,barra_2,CS,
8,barra_2,CS,
9,barra_2,CS,
10,barra_2,CS,
11,barra_2,CS,
12,barra_2,CS,
13,barra_2,CS,
14,barra_2,CS,
15,barra_2,CS,
16,barra_2,CS,
17,barra_2,CS,
18,barra_2,CS,
19,barra_2,CS,
20,barra_2,CS,
21,barra_2,CS,
22,barra_2,CS,
23,barra_2,CS,
24,barra_2,CS,
1,barra_3,CS,
2,barra_3,CS,
3,barra_3,CS,
4,barra_3,CS,
5,barra_3,CS,
6,barra_3,CS,
7,barra_3,CS,
8,barra_3,CS,
9,barra_3,CS,
10,barra_3,CS,
11,barra_3,CS,
12,barra_3,CS,
13,barra_3,CS,
14,barra_3,CS,
15,barra_3,CS,
16,barra_3,CS,
17,barra_3,CS,
18,barra_3,CS,
19,barra_3,CS,
20,barra_3,CS,
21,barra_3,CS,
22,barra_3,CS,
23,barra_3,CS,
24,barra_3,CS,
1,barra_4,CS,
2,barra_4,CS,
3,barra_4,CS,
4,barra_4,CS,
5,barra_4,CS,
6,barra_4,CS,
7,barra_4,CS,
8,barra_4,CS,
9,barra_4,CS,
10,barra_4,CS,
11,barra_4,CS,
12,barra_4,CS,
13,barra_4,CS,
14,barra_4,CS,
15,barra_4,CS,
16,barra_4,CS,
17,barra_4,CS,
18,barra_4,CS,
19,barra_4,CS,
20,barra_4,CS,
21,barra_4,CS,
22,barra_4,CS,
23,barra_4,CS,
24,barra_4,CS,
1,barra_5,CS,
2,barra_5,CS,
3,barra_5,CS,
4,barra_5,CS,
5,barra_5,CS,
6,barra_5,CS,
7,barra_5,CS,
8,barra_5,CS,
9,barra_5,CS,
10,barra_5,CS,
11,barra_5,CS,
12,barra_5,CS,
13,barra_5,CS,
14,barra_5,CS,
15,barra_5,CS,
16,barra_5,CS,
17,barra_5,CS,
18,barra_5,CS,
19,barra_5,CS,
20,barra_5,CS,
21,barra_5,CS,
22,barra_5,CS,
23,barra_5,CS,
24,barra_5,CS,
1,barra_6,CS,0.0
2,barra_6,CS,0.0
3,barra_6,CS,0.0
4,barra_6,CS,0.0
5,barra_6,CS,0.0
6,barra_6,CS,-0.0
7,barra_6,CS,-0.0
8,barra_6,CS,-0.0
9,barra_6,CS,-0.0
10,barra_6,CS,-0.0
11,barra_6,CS,-0.0
12,barra_6,CS,-0.0
13,barra_6,CS,-0.0
14,barra_6,CS,-0.0
15,barra_6,CS,-0.0
16,barra_6,CS,-0.0
17,barra_6,CS,-0.0
18,barra_6,CS,-0.0
19,barra_6,CS,-0.0
20,barra_6,CS,0.0
21,barra_6,CS,0.0
22,barra_6,CS,0.0
23,barra_6,CS,0.0
24,barra_6,CS,0.0
1,barra_7,CS,
2,barra_7,CS,
3,barra_7,CS,
4,barra_7,CS,
5,barra_7,CS,
6,barra_7,CS,
7,barra_7,CS,
8,barra_7,CS,
9,barra_7,CS,
10,barra_7,CS,
11,barra_7,CS,
12,barra_7,CS,
13,barra_7,CS,
14,barra_7,CS,
15,barra_7,CS,
16,barra_7,CS,
17,barra_7,CS,
18,barra_7,CS,
19,barra_7,CS,
20,barra_7,CS,
21,barra_7,CS,
22,barra_7,CS,
23,barra_7,CS,
24,barra_7,CS,
1,barra_8,CS,
2,barra_8,CS,
3,barra_8,CS,
4,barra_8,CS,
5,barra_8,CS,
6,barra_8,CS,
7,barra_8,CS,
8,barra_8,CS,
9,barra_8,CS,
10,barra_8,CS,
11,barra_8,CS,
12,barra_8,CS,
13,barra_8,CS,
14,barra_8,CS,
15,barra_8,CS,
16,barra_8,CS,
17,barra_8,CS,
18,barra_8,CS,
19,barra_8,CS,
20,barra_8,CS,
21,barra_8,CS,
22,barra_8,CS,
23,barra_8,CS,
24,barra_8,CS,
1,barra_9,CS,
2,barra_9,CS,
3,barra_9,CS,
4,barra_9,CS,
5,barra_9,CS,
6,barra_9,CS,
7,barra_9,CS,
8,barra_9,CS,
9,barra_9,CS,
10,barra_9,CS,
11,barra_9,CS,
12,barra_9,CS,
13,barra_9,CS,
14,barra_9,CS,
15,barra_9,CS,
16,barra_9,CS,
17,barra_9,CS,
18,barra_9,CS,
19,barra_9,CS,
20,barra_9,CS,
21,barra_9,CS,
22,barra_9,CS,
23,barra_9,CS,
24,barra_9,CS,
1,barra_10,CS,
2,barra_10,CS,
3,barra_10,CS,
4,barra_10,CS,
5,barra_10,CS,
6,barra_10,CS,
7,barra_10,CS,
8,barra_10,CS,
9,barra_10,CS,
10,barra_10,CS,
11,barra_10,CS,
12,barra_10,CS,
13,barra_10,CS,
14,barra_10,CS,
15,barra_10,CS,
16,barra_10,CS,
17,barra_10,CS,
18,barra_10,CS,
19,barra_10,CS,
20,barra_10,CS,
21,barra_10,CS,
22,barra_10,CS,
23,barra_10,CS,
24,barra_10,CS,
1,barra_11,CS,
2,barra_11,CS,
3,barra_11,CS,
4,barra_11,CS,
5,barra_11,CS,
6,barra_11,CS,
7,barra_11,CS,
8,barra_11,CS,
9,barra_11,CS,
10,barra_11,CS,
11,barra_11,CS,
12,barra_11,CS,
13,barra_11,CS,
14,barra_11,CS,
15,barra_11,CS,
16,barra_11,CS,
17,barra_11,CS,
18,barra_11,CS,
19,barra_11,CS,
20,barra_11,CS,
21,barra_11,CS,
22,barra_11,CS,
23,barra_11,CS,
24,barra_11,CS,
1,barra_12,CS,
2,barra_12,CS,
3,barra_12,CS,
4,barra_12,CS,
5,barra_12,CS,
6,barra_12,CS,
7,barra_12,CS,
8,barra_12,CS,
9,barra_12,CS,
10,barra_12,CS,
11,barra_12,CS,
12,barra_12,CS,
13,barra_12,CS,
14,barra_12,CS,
15,barra_12,CS,
16,barra_12,CS,
17,barra_12,CS,
18,barra_12,CS,
19,barra_12,CS,
20,barra_12,CS,
21,barra_12,CS,
22,barra_12,CS,
23,barra_12,CS,
24,barra_12,CS,
1,barra_13,CS,
2,barra_13,CS,
3,barra_13,CS,
4,barra_13,CS,
5,barra_13,CS,
6,barra_13,CS,
7,barra_13,CS,
8,barra_13,CS,
9,barra_13,CS,
10,barra_13,CS,
11,barra_13,CS,
12,barra_13,CS,
13,barra_13,CS,
14,barra_13,CS,
15,barra_13,CS,
16,barra_13,CS,
17,barra_13,CS,
18,barra_13,CS,
19,barra_13,CS,
20,barra_13,CS,
21,barra_13,CS,
22,barra_13,CS,
23,barra_13,CS,
24,barra_13,CS,
1,barra_14,CS,0.0
2,barra_14,CS,0.0
3,barra_14,CS,0.0
4,barra_14,CS,0.0
5,barra_14,CS,0.0
6,barra_14,CS,-0.0
7,barra_14,CS,-0.0
8,barra_14,CS,-0.0
9,barra_14,CS,-0.0
10,barra_14,CS,-0.0
11,barra_14,CS,-0.0
12,barra_14,CS,-0.0
13,barra_14,CS,-0.0
14,barra_14,CS,-0.0
15,barra_14,CS,-0.0
16,barra_14,CS,-0.0
17,barra_14,CS,-0.0
18,barra_14,CS,-0.0
19,barra_14,CS,-0.0
20,barra_14,CS,0.0
21,barra_14,CS,0.0
22,barra_14,CS,0.0
23,barra_14,CS,0.0
24,barra_14,CS,0.0
1,barra_15,CS,
2,barra_15,CS,
3,barra_15,CS,
4,barra_15,CS,
5,barra_15,CS,
6,barra_15,CS,
7,barra_15,CS,
8,barra_15,CS,
9,barra_15,CS,
10,barra_15,CS,
11,barra_15,CS,
12,barra_15,CS,
13,barra_15,CS,
14,barra_15,CS,
15,barra_15,CS,
16,barra_15,CS,
17,barra_15,CS,
18,barra_15,CS,
19,barra_15,CS,
20,barra_15,CS,
21,barra_15,CS,
22,barra_15,CS,
23,barra_15,CS,
24,barra_15,CS,
1,barra_16,CS,
2,barra_16,CS,
3,barra_16,CS,
4,barra_16,CS,
5,barra_16,CS,
6,barra_16,CS,
7,barra_16,CS,
8,barra_16,CS,
9,barra_16,CS,
10,barra_16,CS,
11,barra_16,CS,
12,barra_16,CS,
13,barra_16,CS,
14,barra_16,CS,
15,barra_16,CS,
16,barra_16,CS,
17,barra_16,CS,
18,barra_16,CS,
19,barra_16,CS,
20,barra_16,CS,
21,barra_16,CS,
22,barra_16,CS,
23,barra_16,CS,
24,barra_16,CS,
1,barra_17,CS,
2,barra_17,CS,
3,barra_17,CS,
4,barra_17,CS,
5,barra_17,CS,
6,barra_17,CS,
7,barra_17,CS,
8,barra_17,CS,
9,barra_17,CS,
10,barra_17,CS,
11,barra_17,CS,
12,barra_17,CS,
13,barra_17,CS,
14,barra_17,CS,
15,barra_17,CS,
16,barra_17,CS,
17,barra_17,CS,
18,barra_17,CS,
19,barra_17,CS,
20,barra_17,CS,
21,barra_17,CS,
22,barra_17,CS,
23,barra_17,CS,
24,barra_17,CS,
1,barra_18,CS,0.0
2,barra_18,CS,0.0
3,barra_18,CS,0.0
4,barra_18,CS,0.0
5,barra_18,CS,0.0
6,barra_18,CS,0.0
7,barra_18,CS,0.0
8,barra_18,CS,0.0
9,barra_18,CS,0.0
10,barra_18,CS,0.0
11,barra_18,CS,0.0
12,barra_18,CS,0.0
13,barra_18,CS,0.0
14,barra_18,CS,0.0
15,barra_18,CS,0.0
16,barra_18,CS,0.0
17,barra_18,CS,0.0
18,barra_18,CS,0.0
19,barra_18,CS,0.0
20,barra_18,CS,0.0
21,barra_18,CS,0.0
22,barra_18,CS,0.0
23,barra_18,CS,0.0
24,barra_18,CS,0.0
1,barra_19,CS,
2,barra_19,CS,
3,barra_19,CS,
4,barra_19,CS,
5,barra_19,CS,
6,barra_19,CS,
7,barra_19,CS,
8,barra_19,CS,
9,barra_19,CS,
10,barra_19,CS,
11,barra_19,CS,
12,barra_19,CS,
13,barra_19,CS,
14,barra_19,CS,
15,barra_19,CS,
16,barra_19,CS,
17,barra_19,CS,
18,barra_19,CS,
19,barra_19,CS,
20,barra_19,CS,
21,barra_19,CS,
22,barra_19,CS,
23,barra_19,CS,
24,barra_19,CS,
1,barra_20,CS,
2,barra_20,CS,
3,barra_20,CS,
4,barra_20,CS,
5,barra_20,CS,
6,barra_20,CS,
7,barra_20,CS,
8,barra_20,CS,
9,barra_20,CS,
10,barra_20,CS,
11,barra_20,CS,
12,barra_20,CS,
13,barra_20,CS,
14,barra_20,CS,
15,barra_20,CS,
16,barra_20,CS,
17,barra_20,CS,
18,barra_20,CS,
19,barra_20,CS,
20,barra_20,CS,
21,barra_20,CS,
22,barra_20,CS,
23,barra_20,CS,
24,barra_20,CS,
1,barra_21,CS,
2,barra_21,CS,
3,barra_21,CS,
4,barra_21,CS,
5,barra_21,CS,
6,barra_21,CS,
7,barra_21,CS,
8,barra_21,CS,
9,barra_21,CS,
10,barra_21,CS,
11,barra_21,CS,
12,barra_21,CS,
13,barra_21,CS,
14,barra_21,CS,
15,barra_21,CS,
16,barra_21,CS,
17,barra_21,CS,
18,barra_21,CS,
19,barra_21,CS,
20,barra_21,CS,
21,barra_21,CS,
22,barra_21,CS,
23,barra_21,CS,
24,barra_21,CS,
1,barra_22,CS,
2,barra_22,CS,
3,barra_22,CS,
4,barra_22,CS,
5,barra_22,CS,
6,barra_22,CS,
7,barra_22,CS,
8,barra_22,CS,
9,barra_22,CS,
10,barra_22,CS,
11,barra_22,CS,
12,barra_22,CS,
13,barra_22,CS,
14,barra_22,CS,
15,barra_22,CS,
16,barra_22,CS,
17,barra_22,CS,
18,barra_22,CS,
19,barra_22,CS,
20,barra_22,CS,
21,barra_22,CS,
22,barra_22,CS,
23,barra_22,CS,
24,barra_22,CS,
1,barra_23,CS,
2,barra_23,CS,
3,barra_23,CS,
4,barra_23,CS,
5,barra_23,CS,
6,barra_23,CS,
7,barra_23,CS,
8,barra_23,CS,
9,barra_23,CS,
10,barra_23,CS,
11,barra_23,CS,
12,barra_23,CS,
13,barra_23,CS,
14,barra_23,CS,
15,barra_23,CS,
16,barra_23,CS,
17,barra_23,CS,
18,barra_23,CS,
19,barra_23,CS,
20,barra_23,CS,
21,barra_23,CS,
22,barra_23,CS,
23,barra_23,CS,
24,barra_23,CS,
1,barra_24,CS,
2,barra_24,CS,
3,barra_24,CS,
4,barra_24,CS,
5,barra_24,CS,
6,barra_24,CS,
7,barra_24,CS,
8,barra_24,CS,
9,barra_24,CS,
10,barra_24,CS,
11,barra_24,CS,
12,barra_24,CS,
13,barra_24,CS,
14,barra_24,CS,
15,barra_24,CS,
16,barra_24,CS,
17,barra_24,CS,
18,barra_24,CS,
19,barra_24,CS,
20,barra_24,CS,
21,barra_24,CS,
22,barra_24,CS,
23,barra_24,CS,
24,barra_24,CS,
1,barra_25,CS,0.0
2,barra_25,CS,0.0
3,barra_25,CS,0.0
4,barra_25,CS,0.0
5,barra_25,CS,0.0
6,barra_25,CS,-0.0
7,barra_25,CS,-0.0
8,barra_25,CS,-0.0
9,barra_25,CS,-0.0
10,barra_25,CS,-0.0
11,barra_25,CS,-0.0
12,barra_25,CS,-0.0
13,barra_25,CS,-0.0
14,barra_25,CS,-0.0
15,barra_25,CS,-0.0
16,barra_25,CS,-0.0
17,barra_25,CS,-0.0
18,barra_25,CS,-0.0
19,barra_25,CS,-0.0
20,barra_25,CS,0.0
21,barra_25,CS,0.0
22,barra_25,CS,0.0
23,barra_25,CS,0.0
24,barra_25,CS,0.0
1,barra_26,CS,
2,barra_26,CS,
3,barra_26,CS,
4,barra_26,CS,
5,barra_26,CS,
6,barra_26,CS,
7,barra_26,CS,
8,barra_26,CS,
9,barra_26,CS,
10,barra_26,CS,
11,barra_26,CS,
12,barra_26,CS,
13,barra_26,CS,
14,barra_26,CS,
15,barra_26,CS,
16,barra_26,CS,
17,barra_26,CS,
18,barra_26,CS,
19,barra_26,CS,
20,barra_26,CS,
21,barra_26,CS,
22,barra_26,CS,
23,barra_26,CS,
24,barra_26,CS,
1,barra_27,CS,
2,barra_27,CS,
3,barra_27,CS,
4,barra_27,CS,
5,barra_27,CS,
6,barra_27,CS,
7,barra_27,CS,
8,barra_27,CS,
9,barra_27,CS,
10,barra_27,CS,
11,barra_27,CS,
12,barra_27,CS,
13,barra_27,CS,
14,barra_27,CS,
15,barra_27,CS,
16,barra_27,CS,
17,barra_27,CS,
18,barra_27,CS,
19,barra_27,CS,
20,barra_27,CS,
21,barra_27,CS,
22,barra_27,CS,
23,barra_27,CS,
24,barra_27,CS,
1,barra_28,CS,
2,barra_28,CS,
3,barra_28,CS,
4,barra_28,CS,
5,barra_28,CS,
6,barra_28,CS,
7,barra_28,CS,
8,barra_28,CS,
9,barra_28,CS,
10,barra_28,CS,
11,barra_28,CS,
12,barra_28,CS,
13,barra_28,CS,
14,barra_28,CS,
15,barra_28,CS,
16,barra_28,CS,
17,barra_28,CS,
18,barra_28,CS,
19,barra_28,CS,
20,barra_28,CS,
21,barra_28,CS,
22,barra_28,CS,
23,barra_28,CS,
24,barra_28,CS,
1,barra_29,CS,
2,barra_29,CS,
3,barra_29,CS,
4,barra_29,CS,
5,barra_29,CS,
6,barra_29,CS,
7,barra_29,CS,
8,barra_29,CS,
9,barra_29,CS,
10,barra_29,CS,
11,barra_29,CS,
12,barra_29,CS,
13,barra_29,CS,
14,barra_29,CS,
15,barra_29,CS,
16,barra_29,CS,
17,barra_29,CS,
18,barra_29,CS,
19,barra_29,CS,
20,barra_29,CS,
21,barra_29,CS,
22,barra_29,CS,
23,barra_29,CS,
24,barra_29,CS,
1,barra_30,CS,0.0
2,barra_30,CS,0.0
3,barra_30,CS,0.0
4,barra_30,CS,0.0
5,barra_30,CS,0.0
6,barra_30,CS,0.0
7,barra_30,CS,0.0
8,barra_30,CS,0.0
9,barra_30,CS,0.0
10,barra_30,CS,0.0
11,barra_30,CS,0.0
12,barra_30,CS,0.0
13,barra_30,CS,0.0
14,barra_30,CS,0.0
15,barra_30,CS,0.0
16,barra_30,CS,0.0
17,barra_30,CS,0.0
18,barra_30,CS,0.0
19,barra_30,CS,0.0
20,barra_30,CS,0.0
21,barra_30,CS,0.0
22,barra_30,CS,0.0
23,barra_30,CS,0.0
24,barra_30,CS,0.0
1,barra_31,CS,
2,barra_31,CS,
3,barra_31,CS,
4,barra_31,CS,
5,barra_31,CS,
6,barra_31,CS,
7,barra_31,CS,
8,barra_31,CS,
9,barra_31,CS,
10,barra_31,CS,
11,barra_31,CS,
12,barra_31,CS,
13,barra_31,CS,
14,barra_31,CS,
15,barra_31,CS,
16,barra_31,CS,
17,barra_31,CS,
18,barra_31,CS,
19,barra_31,CS,
20,barra_31,CS,
21,barra_31,CS,
22,barra_31,CS,
23,barra_31,CS,
24,barra_31,CS,
1,barra_32,CS,
2,barra_32,CS,
3,barra_32,CS,
4,barra_32,CS,
5,barra_32,CS,
6,barra_32,CS,
7,barra_32,CS,
8,barra_32,CS,
9,barra_32,CS,
10,barra_32,CS,
11,barra_32,CS,
12,barra_32,CS,
13,barra_32,CS,
14,barra_32,CS,
15,barra_32,CS,
16,barra_32,CS,
17,barra_32,CS,
18,barra_32,CS,
19,barra_32,CS,
20,barra_32,CS,
21,barra_32,CS,
22,barra_32,CS,
23,barra_32,CS,
24,barra_32,CS,
1,barra_33,CS,
2,barra_33,CS,
3,barra_33,CS,
4,barra_33,CS,
5,barra_33,CS,
6,barra_33,CS,
7,barra_33,CS,
8,barra_33,CS,
9,barra_33,CS,
10,barra_33,CS,
11,barra_33,CS,
12,barra_33,CS,
13,barra_33,CS,
14,barra_33,CS,
15,barra_33,CS,
16,barra_33,CS,
17,barra_33,CS,
18,barra_33,CS,
19,barra_33,CS,
20,barra_33,CS,
21,barra_33,CS,
22,barra_33,CS,
23,barra_33,CS,
24,barra_33,CS,
1,barra_1,CW,
2,barra_1,CW,
3,barra_1,CW,
4,barra_1,CW,
5,barra_1,CW,
6,barra_1,CW,
7,barra_1,CW,
8,barra_1,CW,
9,barra_1,CW,
10,barra_1,CW,
11,barra_1,CW,
12,barra_1,CW,
13,barra_1,CW,
14,barra_1,CW,
15,barra_1,CW,
16,barra_1,CW,
17,barra_1,CW,
18,barra_1,CW,
19,barra_1,CW,
20,barra_1,CW,
21,barra_1,CW,
22,barra_1,CW,
23,barra_1,CW,
24,barra_1,CW,
1,barra_2,CW,
2,barra_2,CW,
3,barra_2,CW,
4,barra_2,CW,
5,barra_2,CW,
6,barra_2,CW,
7,barra_2,CW,
8,barra_2,CW,
9,barra_2,CW,
10,barra_2,CW,
11,barra_2,CW,
12,barra_2,CW,
13,barra_2,CW,
14,barra_2,CW,
15,barra_2,CW,
16,barra_2,CW,
17,barra_2,CW,
18,barra_2,CW,
19,barra_2,CW,
20,barra_2,CW,
21,barra_2,CW,
22,barra_2,CW,
23,barra_2,CW,
24,barra_2,CW,
1,barra_3,CW,
2,barra_3,CW,
3,barra_3,CW,
4,barra_3,CW,
5,barra_3,CW,
6,barra_3,CW,
7,barra_3,CW,
8,barra_3,CW,
9,barra_3,CW,
10,barra_3,CW,
11,barra_3,CW,
12,barra_3,CW,
13,barra_3,CW,
14,barra_3,CW,
15,barra_3,CW,
16,barra_3,CW,
17,barra_3,CW,
18,barra_3,CW,
19,barra_3,CW,
20,barra_3,CW,
21,barra_3,CW,
22,barra_3,CW,
23,barra_3,CW,
24,barra_3,CW,
1,barra_4,CW,
2,barra_4,CW,
3,barra_4,CW,
4,barra_4,CW,
5,barra_4,CW,
6,barra_4,CW,
7,barra_4,CW,
8,barra_4,CW,
9,barra_4,CW,
10,barra_4,CW,
11,barra_4,CW,
12,barra_4,CW,
13,barra_4,CW,
14,barra_4,CW,
15,barra_4,CW,
16,barra_4,CW,
17,barra_4,CW,
18,barra_4,CW,
19,barra_4,CW,
20,barra_4,CW,
21,barra_4,CW,
22,barra_4,CW,
23,barra_4,CW,
24,barra_4,CW,
1,barra_5,CW,
2,barra_5,CW,
3,barra_5,CW,
4,barra_5,CW,
5,barra_5,CW,
6,barra_5,CW,
7,barra_5,CW,
8,barra_5,CW,
9,barra_5,CW,
10,barra_5,CW,
11,barra_5,CW,
12,barra_5,CW,
13,barra_5,CW,
14,barra_5,CW,
15,barra_5,CW,
16,barra_5,CW,
17,barra_5,CW,
18,barra_5,CW,
19,barra_5,CW,
20,barra_5,CW,
21,barra_5,CW,
22,barra_5,CW,
23,barra_5,CW,
24,barra_5,CW,
1,barra_6,CW,0.0
2,barra_6,CW,0.0
3,barra_6,CW,0.0
4,barra_6,CW,0.0
5,barra_6,CW,0.0
6,barra_6,CW,0.0
7,barra_6,CW,0.0
8,barra_6,CW,0.0
9,barra_6,CW,0.0
10,barra_6,CW,0.0
11,barra_6,CW,0.0
12,barra_6,CW,0.0
13,barra_6,CW,0.0
14,barra_6,CW,0.0
15,barra_6,CW,0.0
16,barra_6,CW,0.0
17,barra_6,CW,0.0
18,barra_6,CW,0.0
19,barra_6,CW,0.0
20,barra_6,CW,0.0
21,barra_6,CW,0.0
22,barra_6,CW,0.0
23,barra_6,CW,0.0
24,barra_6,CW,0.0
1,barra_7,CW,
2,barra_7,CW,
3,barra_7,CW,
4,barra_7,CW,
5,barra_7,CW,
6,barra_7,CW,
7,barra_7,CW,
8,barra_7,CW,
9,barra_7,CW,
10,barra_7,CW,
11,barra_7,CW,
12,barra_7,CW,
13,barra_7,CW,
14,barra_7,CW,
15,barra_7,CW,
16,barra_7,CW,
17,barra_7,CW,
18,barra_7,CW,
19,barra_7,CW,
20,barra_7,CW,
21,barra_7,CW,
22,barra_7,CW,
23,barra_7,CW,
24,barra_7,CW,
1,barra_8,CW,
2,barra_8,CW,
3,barra_8,CW,
4,barra_8,CW,
5,barra_8,CW,
6,barra_8,CW,
7,barra_8,CW,
8,barra_8,CW,
9,barra_8,CW,
10,barra_8,CW,
11,barra_8,CW,
12,barra_8,CW,
13,barra_8,CW,
14,barra_8,CW,
15,barra_8,CW,
16,barra_8,CW,
17,barra_8,CW,
18,barra_8,CW,
19,barra_8,CW,
20,barra_8,CW,
21,barra_8,CW,
22,barra_8,CW,
23,barra_8,CW,
24,barra_8,CW,
1,barra_9,CW,
2,barra_9,CW,
3,barra_9,CW,
4,barra_9,CW,
5,barra_9,CW,
6,barra_9,CW,
7,barra_9,CW,
8,barra_9,CW,
9,barra_9,CW,
10,barra_9,CW,
11,barra_9,CW,
12,barra_9,CW,
13,barra_9,CW,
14,barra_9,CW,
15,barra_9,CW,
16,barra_9,CW,
17,barra_9,CW,
18,barra_9,CW,
19,barra_9,CW,
20,barra_9,CW,
21,barra_9,CW,
22,barra_9,CW,
23,barra_9,CW,
24,barra_9,CW,
1,barra_10,CW,
2,barra_10,CW,
3,barra_10,CW,
4,barra_10,CW,
5,barra_10,CW,
6,barra_10,CW,
7,barra_10,CW,
8,barra_10,CW,
9,barra_10,CW,
10,barra_10,CW,
11,barra_10,CW,
12,barra_10,CW,
13,barra_10,CW,
14,barra_10,CW,
15,barra_10,CW,
16,barra_10,CW,
17,barra_10,CW,
18,barra_10,CW,
19,barra_10,CW,
20,barra_10,CW,
21,barra_10,CW,
22,barra_10,CW,
23,barra_10,CW,
24,barra_10,CW,
1,barra_11,CW,
2,barra_11,CW,
3,barra_11,CW,
4,barra_11,CW,
5,barra_11,CW,
6,barra_11,CW,
7,barra_11,CW,
8,barra_11,CW,
9,barra_11,CW,
10,barra_11,CW,
11,barra_11,CW,
12,barra_11,CW,
13,barra_11,CW,
14,barra_11,CW,
15,barra_11,CW,
16,barra_11,CW,
17,barra_11,CW,
18,barra_11,CW,
19,barra_11,CW,
20,barra_11,CW,
21,barra_11,CW,
22,barra_11,CW,
23,barra_11,CW,
24,barra_11,CW,
1,barra_12,CW,
2,barra_12,CW,
3,barra_12,CW,
4,barra_12,CW,
5,barra_12,CW,
6,barra_12,CW,
7,barra_12,CW,
8,barra_12,CW,
9,barra_12,CW,
10,barra_12,CW,
11,barra_12,CW,
12,barra_12,CW,
13,barra_12,CW,
14,barra_12,CW,
15,barra_12,CW,
16,barra_12,CW,
17,barra_12,CW,
18,barra_12,CW,
19,barra_12,CW,
20,barra_12,CW,
21,barra_12,CW,
22,barra_12,CW,
23,barra_12,CW,
24,barra_12,CW,
1,barra_13,CW,
2,barra_13,CW,
3,barra_13,CW,
4,barra_13,CW,
5,barra_13,CW,
6,barra_13,CW,
7,barra_13,CW,
8,barra_13,CW,
9,barra_13,CW,
10,barra_13,CW,
11,barra_13,CW,
12,barra_13,CW,
13,barra_13,CW,
14,barra_13,CW,
15,barra_13,CW,
16,barra_13,CW,
17,barra_13,CW,
18,barra_13,CW,
19,barra_13,CW,
20,barra_13,CW,
21,barra_13,CW,
22,barra_13,CW,
23,barra_13,CW,
24,barra_13,CW,
1,barra_14,CW,0.0
2,barra_14,CW,0.0
3,barra_14,CW,0.0
4,barra_14,CW,0.0
5,barra_14,CW,0.0
6,barra_14,CW,0.0
7,barra_14,CW,0.0
8,barra_14,CW,0.0
9,barra_14,CW,0.0
10,barra_14,CW,0.0
11,barra_14,CW,0.0
12,barra_14,CW,0.0
13,barra_14,CW,0.0
14,barra_14,CW,0.0
15,barra_14,CW,0.0
16,barra_14,CW,0.0
17,barra_14,CW,0.0
18,barra_14,CW,0.0
19,barra_14,CW,0.0
20,barra_14,CW,0.0
21,barra_14,CW,0.0
22,barra_14,CW,0.0
23,barra_14,CW,0.0
24,barra_14,CW,0.0
1,barra_15,CW,
2,barra_15,CW,
3,barra_15,CW,
4,barra_15,CW,
5,barra_15,CW,
6,barra_15,CW,
7,barra_15,CW,
8,barra_15,CW,
9,barra_15,CW,
10,barra_15,CW,
11,barra_15,CW,
12,barra_15,CW,
13,barra_15,CW,
14,barra_15,CW,
15,barra_15,CW,
16,barra_15,CW,
17,barra_15,CW,
18,barra_15,CW,
19,barra_15,CW,
20,barra_15,CW,
21,barra_15,CW,
22,barra_15,CW,
23,barra_15,CW,
24,barra_15,CW,
1,barra_16,CW,
2,barra_16,CW,
3,barra_16,CW,
4,barra_16,CW,
5,barra_16,CW,
6,barra_16,CW,
7,barra_16,CW,
8,barra_16,CW,
9,barra_16,CW,
10,barra_16,CW,
11,barra_16,CW,
12,barra_16,CW,
13,barra_16,CW,
14,barra_16,CW,
15,barra_16,CW,
16,barra_16,CW,
17,barra_16,CW,
18,barra_16,CW,
19,barra_16,CW,
20,barra_16,CW,
21,barra_16,CW,
22,barra_16,CW,
23,barra_16,CW,
24,barra_16,CW,
1,barra_17,CW,
2,barra_17,CW,
3,barra_17,CW,
4,barra_17,CW,
5,barra_17,CW,
6,barra_17,CW,
7,barra_17,CW,
8,barra_17,CW,
9,barra_17,CW,
10,barra_17,CW,
11,barra_17,CW,
12,barra_17,CW,
13,barra_17,CW,
14,barra_17,CW,
15,barra_17,CW,
16,barra_17,CW,
17,barra_17,CW,
18,barra_17,CW,
19,barra_17,CW,
20,barra_17,CW,
21,barra_17,CW,
22,barra_17,CW,
23,barra_17,CW,
24,barra_17,CW,
1,barra_18,CW,-0.0
2,barra_18,CW,-0.0
3,barra_18,CW,-0.0
4,barra_18,CW,-0.0
5,barra_18,CW,-0.0
6,barra_18,CW,-0.0
7,barra_18,CW,-0.0
8,barra_18,CW,-0.0
9,barra_18,CW,-0.0
10,barra_18,CW,-0.0
11,barra_18,CW,-0.0
12,barra_18,CW,-0.0
13,barra_18,CW,-0.0
14,barra_18,CW,-0.0
15,barra_18,CW,-0.0
16,barra_18,CW,-0.0
17,barra_18,CW,-0.0
18,barra_18,CW,-0.0
19,barra_18,CW,-0.0
20,barra_18,CW,-0.0
21,barra_18,CW,-0.0
22,barra_18,CW,-0.0
23,barra_18,CW,-0.0
24,barra_18,CW,-0.0
1,barra_19,CW,
2,barra_19,CW,
3,barra_19,CW,
4,barra_19,CW,
5,barra_19,CW,
6,barra_19,CW,
7,barra_19,CW,
8,barra_19,CW,
9,barra_19,CW,
10,barra_19,CW,
11,barra_19,CW,
12,barra_19,CW,
13,barra_19,CW,
14,barra_19,CW,
15,barra_19,CW,
16,barra_19,CW,
17,barra_19,CW,
18,barra_19,CW,
19,barra_19,CW,
20,barra_19,CW,
21,barra_19,CW,
22,barra_19,CW,
23,barra_19,CW,
24,barra_19,CW,
1,barra_20,CW,
2,barra_20,CW,
3,barra_20,CW,
4,barra_20,CW,
5,barra_20,CW,
6,barra_20,CW,
7,barra_20,CW,
8,barra_20,CW,
9,barra_20,CW,
10,barra_20,CW,
11,barra_20,CW,
12,barra_20,CW,
13,barra_20,CW,
14,barra_20,CW,
15,barra_20,CW,
16,barra_20,CW,
17,barra_20,CW,
18,barra_20,CW,
19,barra_20,CW,
20,barra_20,CW,
21,barra_20,CW,
22,barra_20,CW,
23,barra_20,CW,
24,barra_20,CW,
1,barra_21,CW,
2,barra_21,CW,
3,barra_21,CW,
4,barra_21,CW,
5,barra_21,CW,
6,barra_21,CW,
7,barra_21,CW,
8,barra_21,CW,
9,barra_21,CW,
10,barra_21,CW,
11,barra_21,CW,
12,barra_21,CW,
13,barra_21,CW,
14,barra_21,CW,
15,barra_21,CW,
16,barra_21,CW,
17,barra_21,CW,
18,barra_21,CW,
19,barra_21,CW,
20,barra_21,CW,
21,barra_21,CW,
22,barra_21,CW,
23,barra_21,CW,
24,barra_21,CW,
1,barra_22,CW,
2,barra_22,CW,
3,barra_22,CW,
4,barra_22,CW,
5,barra_22,CW,
6,barra_22,CW,
7,barra_22,CW,
8,barra_22,CW,
9,barra_22,CW,
10,barra_22,CW,
11,barra_22,CW,
12,barra_22,CW,
13,barra_22,CW,
14,barra_22,CW,
15,barra_22,CW,
16,barra_22,CW,
17,barra_22,CW,
18,barra_22,CW,
19,barra_22,CW,
20,barra_22,CW,
21,barra_22,CW,
22,barra_22,CW,
23,barra_22,CW,
24,barra_22,CW,
1,barra_23,CW,
2,barra_23,CW,
3,barra_23,CW,
4,barra_23,CW,
5,barra_23,CW,
6,barra_23,CW,
7,barra_23,CW,
8,barra_23,CW,
9,barra_23,CW,
10,barra_23,CW,
11,barra_23,CW,
12,barra_23,CW,
13,barra_23,CW,
14,barra_23,CW,
15,barra_23,CW,
16,barra_23,CW,
17,barra_23,CW,
18,barra_23,CW,
19,barra_23,CW,
20,barra_23,CW,
21,barra_23,CW,
22,barra_23,CW,
23,barra_23,CW,
24,barra_23,CW,
1,barra_24,CW,
2,barra_24,CW,
3,barra_24,CW,
4,barra_24,CW,
5,barra_24,CW,
6,barra_24,CW,
7,barra_24,CW,
8,barra_24,CW,
9,barra_24,CW,
10,barra_24,CW,
11,barra_24,CW,
12,barra_24,CW,
13,barra_24,CW,
14,barra_24,CW,
15,barra_24,CW,
16,barra_24,CW,
17,barra_24,CW,
18,barra_24,CW,
19,barra_24,CW,
20,barra_24,CW,
21,barra_24,CW,
22,barra_24,CW,
23,barra_24,CW,
24,barra_24,CW,
1,barra_25,CW,0.0
2,barra_25,CW,0.0
3,barra_25,CW,0.0
4,barra_25,CW,0.0
5,barra_25,CW,0.0
6,barra_25,CW,0.0
7,barra_25,CW,0.0
8,barra_25,CW,0.0
9,barra_25,CW,0.0
10,barra_25,CW,0.0
11,barra_25,CW,0.0
12,barra_25,CW,0.0
13,barra_25,CW,0.0
14,barra_25,CW,0.0
15,barra_25,CW,0.0
16,barra_25,CW,0.0
17,barra_25,CW,0.0
18,barra_25,CW,0.0
19,barra_25,CW,0.0
20,barra_25,CW,0.0
21,barra_25,CW,0.0
22,barra_25,CW,0.0
23,barra_25,CW,0.0
24,barra_25,CW,0.0
1,barra_26,CW,
2,barra_26,CW,
3,barra_26,CW,
4,barra_26,CW,
5,barra_26,CW,
6,barra_26,CW,
7,barra_26,CW,
8,barra_26,CW,
9,barra_26,CW,
10,barra_26,CW,
11,barra_26,CW,
12,barra_26,CW,
13,barra_26,CW,
14,barra_26,CW,
15,barra_26,CW,
16,barra_26,CW,
17,barra_26,CW,
18,barra_26,CW,
19,barra_26,CW,
20,barra_26,CW,
21,barra_26,CW,
22,barra_26,CW,
23,barra_26,CW,
24,barra_26,CW,
1,barra_27,CW,
2,barra_27,CW,
3,barra_27,CW,
4,barra_27,CW,
5,barra_27,CW,
6,barra_27,CW,
7,barra_27,CW,
8,barra_27,CW,
9,barra_27,CW,
10,barra_27,CW,
11,barra_27,CW,
12,barra_27,CW,
13,barra_27,CW,
14,barra_27,CW,
15,barra_27,CW,
16,barra_27,CW,
17,barra_27,CW,
18,barra_27,CW,
19,barra_27,CW,
20,barra_27,CW,
21,barra_27,CW,
22,barra_27,CW,
23,barra_27,CW,
24,barra_27,CW,
1,barra_28,CW,
2,barra_28,CW,
3,barra_28,CW,
4,barra_28,CW,
5,barra_28,CW,
6,barra_28,CW,
7,barra_28,CW,
8,barra_28,CW,
9,barra_28,CW,
10,barra_28,CW,
11,barra_28,CW,
12,barra_28,CW,
13,barra_28,CW,
14,barra_28,CW,
15,barra_28,CW,
16,barra_28,CW,
17,barra_28,CW,
18,barra_28,CW,
19,barra_28,CW,
20,barra_28,CW,
21,barra_28,CW,
22,barra_28,CW,
23,barra_28,CW,
24,barra_28,CW,
1,barra_29,CW,
2,barra_29,CW,
3,barra_29,CW,
4,barra_29,CW,
5,barra_29,CW,
6,barra_29,CW,
7,barra_29,CW,
8,barra_29,CW,
9,barra_29,CW,
10,barra_29,CW,
11,barra_29,CW,
12,barra_29,CW,
13,barra_29,CW,
14,barra_29,CW,
15,barra_29,CW,
16,barra_29,CW,
17,barra_29,CW,
18,barra_29,CW,
19,barra_29,CW,
20,barra_29,CW,
21,barra_29,CW,
22,barra_29,CW,
23,barra_29,CW,
24,barra_29,CW,
1,barra_30,CW,-0.0
2,barra_30,CW,-0.0
3,barra_30,CW,-0.0
4,barra_30,CW,-0.0
5,barra_30,CW,-0.0
6,barra_30,CW,-0.0
7,barra_30,CW,-0.0
8,barra_30,CW,-0.0
9,barra_30,CW,-0.0
10,barra_30,CW,-0.0
11,barra_30,CW,-0.0
12,barra_30,CW,-0.0
13,barra_30,CW,-0.0
14,barra_30,CW,-0.0
15,barra_30,CW,-0.0
16,barra_30,CW,-0.0
17,barra_30,CW,-0.0
18,barra_30,CW,-0.0
19,barra_30,CW,-0.0
20,barra_30,CW,-0.0
21,barra_30,CW,-0.0
22,barra_30,CW,-0.0
23,barra_30,CW,-0.0
24,barra_30,CW,-0.0
1,barra_31,CW,
2,barra_31,CW,
3,barra_31,CW,
4,barra_31,CW,
5,barra_31,CW,
6,barra_31,CW,
7,barra_31,CW,
8,barra_31,CW,
9,barra_31,CW,
10,barra_31,CW,
11,barra_31,CW,
12,barra_31,CW,
13,barra_31,CW,
14,barra_31,CW,
15,barra_31,CW,
16,barra_31,CW,
17,barra_31,CW,
18,barra_31,CW,
19,barra_31,CW,
20,barra_31,CW,
21,barra_31,CW,
22,barra_31,CW,
23,barra_31,CW,
24,barra_31,CW,
1,barra_32,CW,
2,barra_32,CW,
3,barra_32,CW,
4,barra_32,CW,
5,barra_32,CW,
6,barra_32,CW,
7,barra_32,CW,
8,barra_32,CW,
9,barra_32,CW,
10,barra_32,CW,
11,barra_32,CW,
12,barra_32,CW,
13,barra_32,CW,
14,barra_32,CW,
15,barra_32,CW,
16,barra_32,CW,
17,barra_32,CW,
18,barra_32,CW,
19,barra_32,CW,
20,barra_32,CW,
21,barra_32,CW,
22,barra_32,CW,
23,barra_32,CW,
24,barra_32,CW,
1,barra_33,CW,
2,barra_33,CW,
3,barra_33,CW,
4,barra_33,CW,
5,barra_33,CW,
6,barra_33,CW,
7,barra_33,CW,
8,barra_33,CW,
9,barra_33,CW,
10,barra_33,CW,
11,barra_33,CW,
12,barra_33,CW,
13,barra_33,CW,
14,barra_33,CW,
15,barra_33,CW,
16,barra_33,CW,
17,barra_33,CW,
18,barra_33,CW,
19,barra_33,CW,
20,barra_33,CW,
21,barra_33,CW,
22,barra_33,CW,
23,barra_33,CW,
24,barra_33,CW,
1,bateria_25,P_ch,0.0
2,bateria_25,P_ch,0.0
3,bateria_25,P_ch,0.0
4,bateria_25,P_ch,0.0
5,bateria_25,P_ch,0.0
6,bateria_25,P_ch,0.0
7,bateria_25,P_ch,0.0
8,bateria_25,P_ch,0.0
9,bateria_25,P_ch,0.0
10,bateria_25,P_ch,0.0
11,bateria_25,P_ch,0.0
12,bateria_25,P_ch,0.0
13,bateria_25,P_ch,0.0
14,bateria_25,P_ch,0.0
15,bateria_25,P_ch,0.0
16,bateria_25,P_ch,0.0
17,bateria_25,P_ch,0.0
18,bateria_25,P_ch,0.0
19,bateria_25,P_ch,0.0
20,bateria_25,P_ch,0.0
21,bateria_25,P_ch,0.0
22,bateria_25,P_ch,0.0
23,bateria_25,P_ch,0.0
24,bateria_25,P_ch,0.0
1,bateria_6,P_ch,0.0
2,bateria_6,P_ch,0.0
3,bateria_6,P_ch,0.0
4,bateria_6,P_ch,0.0
5,bateria_6,P_ch,0.0
6,bateria_6,P_ch,0.0
7,bateria_6,P_ch,0.0
8,bateria_6,P_ch,0.0
9,bateria_6,P_ch,0.0
10,bateria_6,P_ch,0.0
11,bateria_6,P_ch,0.0
12,bateria_6,P_ch,0.0
13,bateria_6,P_ch,0.0
14,bateria_6,P_ch,0.0
15,bateria_6,P_ch,0.0
16,bateria_6,P_ch,0.0
17,bateria_6,P_ch,0.0
18,bateria_6,P_ch,0.0
19,bateria_6,P_ch,0.0
20,bateria_6,P_ch,0.0
21,bateria_6,P_ch,0.0
22,bateria_6,P_ch,0.0
23,bateria_6,P_ch,0.0
24,bateria_6,P_ch,0.0
1,bateria_25,P_dis,0.0
2,bateria_25,P_dis,0.0
3,bateria_25,P_dis,0.0
4,bateria_25,P_dis,0.0
5,bateria_25,P_dis,0.0
6,bateria_25,P_dis,0.0
7,bateria_25,P_dis,0.0
8,bateria_25,P_dis,0.0
9,bateria_25,P_dis,0.0
10,bateria_25,P_dis,0.0
11,bateria_25,P_dis,0.0
12,bateria_25,P_dis,0.0
13,bateria_25,P_dis,0.0
14,bateria_25,P_dis,0.0
15,bateria_25,P_dis,0.0
16,bateria_25,P_dis,0.0
17,bateria_25,P_dis,0.0
18,bateria_25,P_dis,0.0
19,bateria_25,P_dis,0.0
20,bateria_25,P_dis,0.0
21,bateria_25,P_dis,0.0
22,bateria_25,P_dis,0.0
23,bateria_25,P_dis,0.0
24,bateria_25,P_dis,0.0
1,bateria_6,P_dis,0.0
2,bateria_6,P_dis,0.0
3,bateria_6,P_dis,0.0
4,bateria_6,P_dis,0.0
5,bateria_6,P_dis,0.0
6,bateria_6,P_dis,0.0
7,bateria_6,P_dis,0.0
8,bateria_6,P_dis,0.0
9,bateria_6,P_dis,0.0
10,bateria_6,P_dis,0.0
11,bateria_6,P_dis,0.0
12,bateria_6,P_dis,0.0
13,bateria_6,P_dis,0.0
14,bateria_6,P_dis,0.0
15,bateria_6,P_dis,0.0
16,bateria_6,P_dis,0.0
17,bateria_6,P_dis,0.0
18,bateria_6,P_dis,0.0
19,bateria_6,P_dis,0.0
20,bateria_6,P_dis,0.0
21,bateria_6,P_dis,0.0
22,bateria_6,P_dis,0.0
23,bateria_6,P_dis,0.0
24,bateria_6,P_dis,0.0
1,bateria_25,E,0.25
2,bateria_25,E,0.25
3,bateria_25,E,0.25
4,bateria_25,E,0.25
5,bateria_25,E,0.25
6,bateria_25,E,0.25
7,bateria_25,E,0.25
8,bateria_25,E,0.25
9,bateria_25,E,0.25
10,bateria_25,E,0.25
11,bateria_25,E,0.25
12,bateria_25,E,0.25
13,bateria_25,E,0.25
14,bateria_25,E,0.25
15,bateria_25,E,0.25
16,bateria_25,E,0.25
17,bateria_25,E,0.25
18,bateria_25,E,0.25
19,bateria_25,E,0.25
20,bateria_25,E,0.25
21,bateria_25,E,0.25
22,bateria_25,E,0.25
23,bateria_25,E,0.25
24,bateria_25,E,0.25
1,bateria_6,E,0.25
2,bateria_6,E,0.25
3,bateria_6,E,0.25
4,bateria_6,E,0.25
5,bateria_6,E,0.25
6,bateria_6,E,0.25
7,bateria_6,E,0.25
8,bateria_6,E,0.25
9,bateria_6,E,0.25
10,bateria_6,E,0.25
11,bateria_6,E,0.25
12,bateria_6,E,0.25
13,bateria_6,E,0.25
14,bateria_6,E,0.25
15,bateria_6,E,0.25
16,bateria_6,E,0.25
17,bateria_6,E,0.25
18,bateria_6,E,0.25
19,bateria_6,E,0.25
20,bateria_6,E,0.25
21,bateria_6,E,0.25
22,bateria_6,E,0.25
23,bateria_6,E,0.25
24,bateria_6,E,0.25
1,linha_1-2,F,0.0
2,linha_1-2,F,0.0
3,linha_1-2,F,0.0
4,linha_1-2,F,0.0
5,linha_1-2,F,0.0
6,linha_1-2,F,0.0
7,linha_1-2,F,0.0
8,linha_1-2,F,0.0
9,linha_1-2,F,0.0
10,linha_1-2,F,0.0
11,linha_1-2,F,0.0
12,linha_1-2,F,0.0
13,linha_1-2,F,0.0
14,linha_1-2,F,0.0
15,linha_1-2,F,0.0
16,linha_1-2,F,0.0
17,linha_1-2,F,0.0
18,linha_1-2,F,0.0
19,linha_1-2,F,0.0
20,linha_1-2,F,0.0
21,linha_1-2,F,0.0
22,linha_1-2,F,0.0
23,linha_1-2,F,0.0
24,linha_1-2,F,0.0
1,linha_2-3,F,0.0
2,linha_2-3,F,0.0
3,linha_2-3,F,0.0
4,linha_2-3,F,0.0
5,linha_2-3,F,0.0
6,linha_2-3,F,0.0
7,linha_2-3,F,0.0
8,linha_2-3,F,0.0
9,linha_2-3,F,0.0
10,linha_2-3,F,0.0
11,linha_2-3,F,0.0
12,linha_2-3,F,0.0
13,linha_2-3,F,0.0
14,linha_2-3,F,0.0
15,linha_2-3,F,0.0
16,linha_2-3,F,0.0
17,linha_2-3,F,0.0
18,linha_2-3,F,0.0
19,linha_2-3,F,0.0
20,linha_2-3,F,0.0
21,linha_2-3,F,0.0
22,linha_2-3,F,0.0
23,linha_2-3,F,0.0
24,linha_2-3,F,0.0
1,linha_3-4,F,0.0
2,linha_3-4,F,0.0
3,linha_3-4,F,0.0
4,linha_3-4,F,0.0
5,linha_3-4,F,0.0
6,linha_3-4,F,0.0
7,linha_3-4,F,0.0
8,linha_3-4,F,0.0
9,linha_3-4,F,0.0
10,linha_3-4,F,0.0
11,linha_3-4,F,0.0
12,linha_3-4,F,0.0
13,linha_3-4,F,-0.012631275
14,linha_3-4,F,-0.0016425745
15,linha_3-4,F,0.0
16,linha_3-4,F,0.0
17,linha_3-4,F,0.0
18,linha_3-4,F,0.0
19,linha_3-4,F,0.0
20,linha_3-4,F,0.0
21,linha_3-4,F,0.0
22,linha_3-4,F,0.0
23,linha_3-4,F,0.0
24,linha_3-4,F,0.0
1,linha_4-5,F,0.0
2,linha_4-5,F,0.0
3,linha_4-5,F,0.0
4,linha_4-5,F,0.0
5,linha_4-5,F,0.0
6,linha_4-5,F,0.0
7,linha_4-5,F,0.0
8,linha_4-5,F,0.0
9,linha_4-5,F,0.0
10,linha_4-5,F,0.0
11,linha_4-5,F,-0.030711839
12,linha_4-5,F,-0.079425107
13,linha_4-5,F,-0.10650301
14,linha_4-5,F,-0.092025239
15,linha_4-5,F,-0.063439183
16,linha_4-5,F,0.0
17,linha_4-5,F,0.0
18,linha_4-5,F,0.0
19,linha_4-5,F,0.0
20,linha_4-5,F,0.0
21,linha_4-5,F,0.0
22,linha_4-5,F,0.0
23,linha_4-5,F,0.0
24,linha_4-5,F,0.0
1,linha_5-6,F,0.0
2,linha_5-6,F,0.0
3,linha_5-6,F,0.0
4,linha_5-6,F,0.0
5,linha_5-6,F,0.0
6,linha_5-6,F,-0.0086342685
7,linha_5-6,F,-0.044962926
8,linha_5-6,F,-0.097126253
9,linha_5-6,F,-0.098511976
10,linha_5-6,F,-0.096244511
11,linha_5-6,F,-0.12643854
12,linha_5-6,F,-0.17481762
13,linha_5-6,F,-0.2
14,linha_5-6,F,-0.18204709
15,linha_5-6,F,-0.15356118
16,linha_5-6,F,-0.094255489
17,linha_5-6,F,-0.10037425
18,linha_5-6,F,-0.056897796
19,linha_5-6,F,-0.0084228457
20,linha_5-6,F,0.0
21,linha_5-6,F,0.0
22,linha_5-6,F,0.0
23,linha_5-6,F,0.0
24,linha_5-6,F,0.0
1,linha_6-7,F,0.0
2,linha_6-7,F,0.0
3,linha_6-7,F,0.0
4,linha_6-7,F,0.0
5,linha_6-7,F,0.0
6,linha_6-7,F,0.0
7,linha_6-7,F,0.0
8,linha_6-7,F,0.0
9,linha_6-7,F,0.078881812
10,linha_6-7,F,0.16137773
11,linha_6-7,F,0.19131597
12,linha_6-7,F,0.19103709
13,linha_6-7,F,0.19797295
14,linha_6-7,F,0.2
15,linha_6-7,F,0.18038972
16,linha_6-7,F,0.16342688
17,linha_6-7,F,0.048907312
18,linha_6-7,F,0.0
19,linha_6-7,F,0.0
20,linha_6-7,F,0.0
21,linha_6-7,F,0.0
22,linha_6-7,F,0.0
23,linha_6-7,F,0.0
24,linha_6-7,F,0.0
1,linha_7-8,F,0.0
2,linha_7-8,F,0.0
3,linha_7-8,F,0.0
4,linha_7-8,F,0.0
5,linha_7-8,F,0.0
6,linha_7-8,F,0.0
7,linha_7-8,F,0.0
8,linha_7-8,F,0.0
9,linha_7-8,F,0.0
10,linha_7-8,F,0.065394278
11,linha_7-8,F,0.095849301
12,linha_7-8,F,0.095709581
13,linha_7-8,F,0.10446783
14,linha_7-8,F,0.1100501
15,linha_7-8,F,0.09037525
16,linha_7-8,F,0.069448627
17,linha_7-8,F,0.0
18,linha_7-8,F,0.0
19,linha_7-8,F,0.0
20,linha_7-8,F,0.0
21,linha_7-8,F,0.0
22,linha_7-8,F,0.0
23,linha_7-8,F,0.0
24,linha_7-8,F,0.0
1,linha_8-9,F,0.0
2,linha_8-9,F,0.0
3,linha_8-9,F,0.0
4,linha_8-9,F,0.0
5,linha_8-9,F,0.0
6,linha_8-9,F,0.0
7,linha_8-9,F,0.0
8,linha_8-9,F,0.0
9,linha_8-9,F,0.0
10,linha_8-9,F,0.0
11,linha_8-9,F,0.0
12,linha_8-9,F,0.0
13,linha_8-9,F,0.010587939
14,linha_8-9,F,0.01973968
15,linha_8-9,F,0.0
16,linha_8-9,F,0.0
17,linha_8-9,F,0.0
18,linha_8-9,F,0.0
19,linha_8-9,F,0.0
20,linha_8-9,F,0.0
21,linha_8-9,F,0.0
22,linha_8-9,F,0.0
23,linha_8-9,F,0.0
24,linha_8-9,F,0.0
1,linha_9-10,F,0.0
2,linha_9-10,F,0.0
3,linha_9-10,F,0.0
4,linha_9-10,F,0.0
5,linha_9-10,F,0.0
6,linha_9-10,F,0.0
7,linha_9-10,F,0.0
8,linha_9-10,F,0.0
9,linha_9-10,F,0.0
10,linha_9-10,F,0.0
11,linha_9-10,F,0.0
12,linha_9-10,F,0.0
13,linha_9-10,F,0.0
14,linha_9-10,F,0.0
15,linha_9-10,F,0.0
16,linha_9-10,F,0.0
17,linha_9-10,F,0.0
18,linha_9-10,F,0.0
19,linha_9-10,F,0.0
20,linha_9-10,F,0.0
21,linha_9-10,F,0.0
22,linha_9-10,F,0.0
23,linha_9-10,F,0.0
24,linha_9-10,F,0.0
1,linha_10-11,F,0.0
2,linha_10-11,F,0.0
3,linha_10-11,F,0.0
4,linha_10-11,F,0.0
5,linha_10-11,F,0.0
6,linha_10-11,F,0.0
7,linha_10-11,F,0.0
8,linha_10-11,F,0.0
9,linha_10-11,F,0.0
10,linha_10-11,F,0.0
11,linha_10-11,F,0.0
12,linha_10-11,F,0.0
13,linha_10-11,F,0.0
14,linha_10-11,F,0.0
15,linha_10-11,F,0.0
16,linha_10-11,F,0.0
17,linha_10-11,F,0.0
18,linha_10-11,F,0.0
19,linha_10-11,F,0.0
20,linha_10-11,F,0.0
21,linha_10-11,F,0.0
22,linha_10-11,F,0.0
23,linha_10-11,F,0.0
24,linha_10-11,F,0.0
1,linha_11-12,F,0.0
2,linha_11-12,F,0.0
3,linha_11-12,F,0.0
4,linha_11-12,F,0.0
5,linha_11-12,F,0.0
6,linha_11-12,F,0.0
7,linha_11-12,F,0.0
8,linha_11-12,F,0.0
9,linha_11-12,F,0.0
10,linha_11-12,F,0.0
11,linha_11-12,F,0.0
12,linha_11-12,F,0.0
13,linha_11-12,F,0.0
14,linha_11-12,F,0.0
15,linha_11-12,F,0.0
16,linha_11-12,F,0.0
17,linha_11-12,F,0.0
18,linha_11-12,F,0.0
19,linha_11-12,F,0.0
20,linha_11-12,F,0.0
21,linha_11-12,F,0.0
22,linha_11-12,F,0.0
23,linha_11-12,F,0.0
24,linha_11-12,F,0.0
1,linha_12-13,F,0.0
2,linha_12-13,F,0.0
3,linha_12-13,F,0.0
4,linha_12-13,F,0.0
5,linha_12-13,F,0.0
6,linha_12-13,F,0.0
7,linha_12-13,F,0.0
8,linha_12-13,F,0.0
9,linha_12-13,F,0.0
10,linha_12-13,F,-0.032698626
11,linha_12-13,F,-0.086320338
12,linha_12-13,F,-0.095709581
13,linha_12-13,F,-0.093922156
14,linha_12-13,F,-0.090389222
15,linha_12-13,F,-0.09037525
16,linha_12-13,F,-0.036752975
17,linha_12-13,F,0.0
18,linha_12-13,F,0.0
19,linha_12-13,F,0.0
20,linha_12-13,F,0.0
21,linha_12-13,F,0.0
22,linha_12-13,F,0.0
23,linha_12-13,F,0.0
24,linha_12-13,F,0.0
1,linha_13-14,F,0.0
2,linha_13-14,F,0.0
3,linha_13-14,F,0.0
4,linha_13-14,F,0.0
5,linha_13-14,F,0.0
6,linha_13-14,F,0.0
7,linha_13-14,F,0.0
8,linha_13-14,F,0.0
9,linha_13-14,F,-0.056336721
10,linha_13-14,F,-0.1288126
11,linha_13-14,F,-0.18182505
12,linha_13-14,F,-0.19103709
13,linha_13-14,F,-0.18746937
14,linha_13-14,F,-0.18041761
15,linha_13-14,F,-0.18038972
16,linha_13-14,F,-0.13086175
17,linha_13-14,F,-0.029869235
18,linha_13-14,F,0.0
19,linha_13-14,F,0.0
20,linha_13-14,F,0.0
21,linha_13-14,F,0.0
22,linha_13-14,F,0.0
23,linha_13-14,F,0.0
24,linha_13-14,F,0.0
1,linha_14-15,F,0.0
2,linha_14-15,F,0.0
3,linha_14-15,F,0.0
4,linha_14-15,F,0.0
5,linha_14-15,F,0.0
6,linha_14-15,F,0.0071312625
7,linha_14-15,F,0.038950902
8,linha_14-15,F,0.084601202
9,linha_14-15,F,0.098511976
10,linha_14-15,F,0.096244511
11,linha_14-15,F,0.095849301
12,linha_14-15,F,0.12872544
13,linha_14-15,F,0.16040337
14,linha_14-15,F,0.15353329
15,linha_14-15,F,0.11147701
16,linha_14-15,F,0.094255489
17,linha_14-15,F,0.10037425
18,linha_14-15,F,0.049382766
19,linha_14-15,F,0.0069198397
20,linha_14-15,F,0.0
21,linha_14-15,F,0.0
22,linha_14-15,F,0.0
23,linha_14-15,F,0.0
24,linha_14-15,F,0.0
1,linha_15-16,F,0.0
2,linha_15-16,F,0.0
3,linha_15-16,F,0.0
4,linha_15-16,F,0.0
5,linha_15-16,F,0.0
6,linha_15-16,F,0.0
7,linha_15-16,F,0.0
8,linha_15-16,F,0.0
9,linha_15-16,F,0.0
10,linha_15-16,F,0.0
11,linha_15-16,F,0.0
12,linha_15-16,F,0.033148185
13,linha_15-16,F,0.066747675
14,linha_15-16,F,0.063397155
15,linha_15-16,F,0.021186341
16,linha_15-16,F,0.0
17,linha_15-16,F,0.0
18,linha_15-16,F,0.0
19,linha_15-16,F,0.0
20,linha_15-16,F,0.0
21,linha_15-16,F,-0.018503383
22,linha_15-16,F,-0.025341193
23,linha_15-16,F,0.0
24,linha_15-16,F,0.0
1,linha_16-17,F,-0.090557546
2,linha_16-17,F,-0.10003944
3,linha_16-17,F,-0.11026007
4,linha_16-17,F,-0.080768812
5,linha_16-17,F,-0.080950902
6,linha_16-17,F,-0.087815631
7,linha_16-17,F,-0.096364729
8,linha_16-17,F,-0.025628606
9,linha_16-17,F,-0.098511976
10,linha_16-17,F,-0.081490598
11,linha_16-17,F,0.0
12,linha_16-17,F,0.0
13,linha_16-17,F,-0.027174481
14,linha_16-17,F,0.0
15,linha_16-17,F,0.0
16,linha_16-17,F,0.0
17,linha_16-17,F,-0.0092649387
18,linha_16-17,F,-0.093392786
19,linha_16-17,F,-0.11036832
20,linha_16-17,F,-0.10982845
21,linha_16-17,F,-0.1426391
22,linha_16-17,F,-0.15378993
23,linha_16-17,F,-0.13170858
24,linha_16-17,F,-0.12246195
1,linha_17-18,F,-0.20536922
2,linha_17-18,F,-0.21736318
3,linha_17-18,F,-0.22937928
4,linha_17-18,F,-0.20098437
5,linha_17-18,F,-0.2
6,linha_17-18,F,-0.2
7,linha_17-18,F,-0.2
8,linha_17-18,F,-0.12758717
9,linha_17-18,F,-0.19663069
10,linha_17-18,F,-0.1774098
11,linha_17-18,F,-0.095849301
12,linha_17-18,F,-0.095709581
13,linha_17-18,F,-0.12098816
14,linha_17-18,F,-0.090389222
15,linha_17-18,F,-0.09037525
16,linha_17-18,F,-0.094255489
17,linha_17-18,F,-0.1096022
18,linha_17-18,F,-0.2
19,linha_17-18,F,-0.22938229
20,linha_17-18,F,-0.23225427
21,linha_17-18,F,-0.26601573
22,linha_17-18,F,-0.28140094
23,linha_17-18,F,-0.26264132
24,linha_17-18,F,-0.25316901
1,linha_18-19,F,0.2
2,linha_18-19,F,0.2
3,linha_18-19,F,0.2
4,linha_18-19,F,0.24044119
5,linha_18-19,F,0.2173159
6,linha_18-19,F,0.19340381
7,linha_18-19,F,0.15758818
8,linha_18-19,F,0.2
9,linha_18-19,F,0.10100358
10,linha_18-19,F,0.096244511
11,linha_18-19,F,0.16579298
12,linha_18-19,F,0.15391266
13,linha_18-19,F,0.11666415
14,linha_18-19,F,0.13534525
15,linha_18-19,F,0.14738327
16,linha_18-19,F,0.17344692
17,linha_18-19,F,0.2
18,linha_18-19,F,0.16952305
19,linha_18-19,F,0.2
20,linha_18-19,F,0.24531414
21,linha_18-19,F,0.24773277
22,linha_18-19,F,0.25636163
23,linha_18-19,F,0.23880838
24,linha_18-19,F,0.2
1,linha_19-20,F,0.085145291
2,linha_19-20,F,0.082537074
3,linha_19-20,F,0.080645291
4,linha_19-20,F,0.12054192
5,linha_19-20,F,0.098405602
6,linha_19-20,F,0.081193001
7,linha_19-20,F,0.053782919
8,linha_19-20,F,0.098331663
9,linha_19-20,F,0.0025015882
10,linha_19-20,F,0.0
11,linha_19-20,F,0.070224017
12,linha_19-20,F,0.058436362
13,linha_19-20,F,0.022833144
14,linha_19-20,F,0.04513621
15,linha_19-20,F,0.057236507
16,linha_19-20,F,0.079508827
17,linha_19-20,F,0.10002505
18,linha_19-20,F,0.06279368
19,linha_19-20,F,0.080750501
20,linha_19-20,F,0.12299301
21,linha_19-20,F,0.12420958
22,linha_19-20,F,0.1285499
23,linha_19-20,F,0.1076846
24,linha_19-20,F,0.068866733
1,linha_20-21,F,0.0
2,linha_20-21,F,0.0
3,linha_20-21,F,0.0
4,linha_20-21,F,0.0
5,linha_20-21,F,0.0
6,linha_20-21,F,0.0
7,linha_20-21,F,0.0
8,linha_20-21,F,0.0
9,linha_20-21,F,0.0
10,linha_20-21,F,0.0
11,linha_20-21,F,0.0
12,linha_20-21,F,0.0
13,linha_20-21,F,0.0
14,linha_20-21,F,0.0
15,linha_20-21,F,0.0
16,linha_20-21,F,0.0
17,linha_20-21,F,0.0
18,linha_20-21,F,0.0
19,linha_20-21,F,0.0
20,linha_20-21,F,0.0
21,linha_20-21,F,0.0
22,linha_20-21,F,0.0
23,linha_20-21,F,0.0
24,linha_20-21,F,0.0
1,linha_21-22,F,0.0
2,linha_21-22,F,0.0
3,linha_21-22,F,0.0
4,linha_21-22,F,0.0
5,linha_21-22,F,0.0
6,linha_21-22,F,0.0
7,linha_21-22,F,0.0
8,linha_21-22,F,0.0
9,linha_21-22,F,0.0
10,linha_21-22,F,0.0
11,linha_21-22,F,0.0
12,linha_21-22,F,0.0
13,linha_21-22,F,0.0
14,linha_21-22,F,0.0
15,linha_21-22,F,0.0
16,linha_21-22,F,0.0
17,linha_21-22,F,0.0
18,linha_21-22,F,0.0
19,linha_21-22,F,0.0
20,linha_21-22,F,0.0
21,linha_21-22,F,0.0
22,linha_21-22,F,0.0
23,linha_21-22,F,0.0
24,linha_21-22,F,0.0
1,linha_22-23,F,0.0
2,linha_22-23,F,0.0
3,linha_22-23,F,0.0
4,linha_22-23,F,0.0
5,linha_22-23,F,0.0
6,linha_22-23,F,0.0
7,linha_22-23,F,0.0
8,linha_22-23,F,0.0
9,linha_22-23,F,0.0
10,linha_22-23,F,0.0
11,linha_22-23,F,0.0
12,linha_22-23,F,-0.021174487
13,linha_22-23,F,-0.061479785
14,linha_22-23,F,-0.01973968
15,linha_22-23,F,-0.015378166
16,linha_22-23,F,0.0
17,linha_22-23,F,0.0
18,linha_22-23,F,0.0
19,linha_22-23,F,0.0
20,linha_22-23,F,0.0
21,linha_22-23,F,0.0
22,linha_22-23,F,0.0
23,linha_22-23,F,0.0
24,linha_22-23,F,0.0
1,linha_23-24,F,0.0
2,linha_23-24,F,0.0
3,linha_23-24,F,0.0
4,linha_23-24,F,0.0
5,linha_23-24,F,0.0
6,linha_23-24,F,0.0
7,linha_23-24,F,0.0
8,linha_23-24,F,0.0
9,linha_23-24,F,0.0
10,linha_23-24,F,-0.0018454184
11,linha_23-24,F,-0.095849301
12,linha_23-24,F,-0.11679954
13,linha_23-24,F,-0.15515651
14,linha_23-24,F,-0.1100501
15,linha_23-24,F,-0.10569203
16,linha_23-24,F,-0.0078887895
17,linha_23-24,F,0.0
18,linha_23-24,F,0.0
19,linha_23-24,F,0.0
20,linha_23-24,F,0.0
21,linha_23-24,F,0.0
22,linha_23-24,F,0.0
23,linha_23-24,F,0.0
24,linha_23-24,F,0.0
1,linha_24-25,F,0.0
2,linha_24-25,F,0.0
3,linha_24-25,F,0.0
4,linha_24-25,F,0.0
5,linha_24-25,F,0.0
6,linha_24-25,F,-0.010137275
7,linha_24-25,F,-0.05097495
8,linha_24-25,F,-0.0075904244
9,linha_24-25,F,-0.098511976
10,linha_24-25,F,-0.098082562
11,linha_24-25,F,-0.19131597
12,linha_24-25,F,-0.21199497
13,linha_24-25,F,-0.2482666
14,linha_24-25,F,-0.2
15,linha_24-25,F,-0.19564535
16,linha_24-25,F,-0.10211279
17,linha_24-25,F,-0.067945388
18,linha_24-25,F,0.0
19,linha_24-25,F,0.0
20,linha_24-25,F,0.0
21,linha_24-25,F,0.0
22,linha_24-25,F,0.0
23,linha_24-25,F,0.0
24,linha_24-25,F,0.0
1,linha_25-26,F,0.0
2,linha_25-26,F,0.0
3,linha_25-26,F,0.0
4,linha_25-26,F,0.0
5,linha_25-26,F,0.0
6,linha_25-26,F,0.0
7,linha_25-26,F,0.0
8,linha_25-26,F,0.10206088
9,linha_25-26,F,0.1014269
10,linha_25-26,F,0.19210481
11,linha_25-26,F,0.1665187
12,linha_25-26,F,0.2
13,linha_25-26,F,0.2
14,linha_25-26,F,0.23026459
15,linha_25-26,F,0.18038972
16,linha_25-26,F,0.18813471
17,linha_25-26,F,0.10037425
18,linha_25-26,F,0.064412826
19,linha_25-26,F,0.0099258517
20,linha_25-26,F,0.0
21,linha_25-26,F,0.0
22,linha_25-26,F,0.0
23,linha_25-26,F,0.0
24,linha_25-26,F,0.0
1,linha_26-27,F,0.0
2,linha_26-27,F,0.0
3,linha_26-27,F,0.0
4,linha_26-27,F,0.0
5,linha_26-27,F,0.0
6,linha_26-27,F,0.0
7,linha_26-27,F,0.0
8,linha_26-27,F,0.0
9,linha_26-27,F,0.0029266087
10,linha_26-27,F,0.096244511
11,linha_26-27,F,0.070952641
12,linha_26-27,F,0.10470842
13,linha_26-27,F,0.10650301
14,linha_26-27,F,0.14055729
15,linha_26-27,F,0.09037525
16,linha_26-27,F,0.094255489
17,linha_26-27,F,0.0
18,linha_26-27,F,0.0
19,linha_26-27,F,0.0
20,linha_26-27,F,0.0
21,linha_26-27,F,0.0
22,linha_26-27,F,0.0
23,linha_26-27,F,0.0
24,linha_26-27,F,0.0
1,linha_27-28,F,0.0
2,linha_27-28,F,0.0
3,linha_27-28,F,0.0
4,linha_27-28,F,0.0
5,linha_27-28,F,0.0
6,linha_27-28,F,0.0
7,linha_27-28,F,0.0
8,linha_27-28,F,0.0
9,linha_27-28,F,0.0
10,linha_27-28,F,0.0
11,linha_27-28,F,0.0
12,linha_27-28,F,0.0090349035
13,linha_27-28,F,0.012631275
14,linha_27-28,F,0.050369142
15,linha_27-28,F,0.0
16,linha_27-28,F,0.0
17,linha_27-28,F,0.0
18,linha_27-28,F,0.0
19,linha_27-28,F,0.0
20,linha_27-28,F,0.0
21,linha_27-28,F,0.0
22,linha_27-28,F,0.0
23,linha_27-28,F,0.0
24,linha_27-28,F,0.0
1,linha_28-29,F,-0.056309738
2,linha_28-29,F,-0.064689272
3,linha_28-29,F,-0.073807372
4,linha_28-29,F,-0.079776553
5,linha_28-29,F,-0.063055817
6,linha_28-29,F,-0.047994339
7,linha_28-29,F,-0.023602317
8,linha_28-29,F,0.0
9,linha_28-29,F,0.0
10,linha_28-29,F,0.0
11,linha_28-29,F,0.0
12,linha_28-29,F,0.0
13,linha_28-29,F,0.0
14,linha_28-29,F,0.0
15,linha_28-29,F,0.0
16,linha_28-29,F,-0.056873376
17,linha_28-29,F,0.0
18,linha_28-29,F,-0.031607058
19,linha_28-29,F,-0.080750501
20,linha_28-29,F,-0.077315631
21,linha_28-29,F,-0.12420958
22,linha_28-29,F,-0.1081554
23,linha_28-29,F,-0.12823583
24,linha_28-29,F,-0.083926128
1,linha_29-30,F,-0.17127956
2,linha_29-30,F,-0.18222345
3,linha_29-30,F,-0.19318938
4,linha_29-30,F,-0.2
5,linha_29-30,F,-0.18217635
6,linha_29-30,F,-0.16033768
7,linha_29-30,F,-0.12752806
8,linha_29-30,F,-0.10206088
9,linha_29-30,F,-0.098511976
10,linha_29-30,F,-0.096244511
11,linha_29-30,F,-0.095849301
12,linha_29-30,F,-0.095709581
13,linha_29-30,F,-0.093922156
14,linha_29-30,F,-0.090389222
15,linha_29-30,F,-0.09037525
16,linha_29-30,F,-0.15090183
17,linha_29-30,F,-0.10037425
18,linha_29-30,F,-0.13846092
19,linha_29-30,F,-0.2
20,linha_29-30,F,-0.2
21,linha_29-30,F,-0.24773277
22,linha_29-30,F,-0.23612932
23,linha_29-30,F,-0.25919618
24,linha_29-30,F,-0.21493964
1,linha_30-31,F,0.2
2,linha_30-31,F,0.2
3,linha_30-31,F,0.2
4,linha_30-31,F,0.20420221
5,linha_30-31,F,0.2
6,linha_30-31,F,0.2
7,linha_30-31,F,0.2
8,linha_30-31,F,0.19797119
9,linha_30-31,F,0.17407219
10,linha_30-31,F,0.15436371
11,linha_30-31,F,0.14374889
12,linha_30-31,F,0.13287058
13,linha_30-31,F,0.12369007
14,linha_30-31,F,0.11630717
15,linha_30-31,F,0.12734319
16,linha_30-31,F,0.094255489
17,linha_30-31,F,0.18317585
18,linha_30-31,F,0.2
19,linha_30-31,F,0.19319238
20,linha_30-31,F,0.23732696
21,linha_30-31,F,0.22275617
22,linha_30-31,F,0.25636163
23,linha_30-31,F,0.2
24,linha_30-31,F,0.2
1,linha_31-32,F,0.085145291
2,linha_31-32,F,0.082537074
3,linha_31-32,F,0.080645291
4,linha_31-32,F,0.084012451
5,linha_31-32,F,0.080950902
6,linha_31-32,F,0.087815631
7,linha_31-32,F,0.096364729
8,linha_31-32,F,0.096294718
9,linha_31-32,F,0.075863063
10,linha_31-32,F,0.058352137
11,linha_31-32,F,0.048091576
12,linha_31-32,F,0.037309941
13,linha_31-32,F,0.029887223
14,linha_31-32,F,0.026021829
15,linha_31-32,F,0.037116106
16,linha_31-32,F,0.0
17,linha_31-32,F,0.083133467
18,linha_31-32,F,0.093392786
19,linha_31-32,F,0.073915601
20,linha_31-32,F,0.11494181
21,linha_31-32,F,0.099032771
22,linha_31-32,F,0.1285499
23,linha_31-32,F,0.06856513
24,linha_31-32,F,0.068866733
1,linha_32-33,F,0.0
2,linha_32-33,F,0.0
3,linha_32-33,F,0.0
4,linha_32-33,F,0.0
5,linha_32-33,F,0.0
6,linha_32-33,F,0.0
7,linha_32-33,F,0.0
8,linha_32-33,F,0.0
9,linha_32-33,F,0.0
10,linha_32-33,F,0.0
11,linha_32-33,F,0.0
12,linha_32-33,F,0.0
13,linha_32-33,F,0.0
14,linha_32-33,F,0.0
15,linha_32-33,F,0.0
16,linha_32-33,F,0.0
17,linha_32-33,F,0.0
18,linha_32-33,F,0.0
19,linha_32-33,F,0.0
20,linha_32-33,F,0.0
21,linha_32-33,F,0.0
22,linha_32-33,F,0.0
23,linha_32-33,F,0.0
24,linha_32-33,F,0.0
1,linha_1-2,Ploss,1.3877788e-17
2,linha_1-2,Ploss,2.7755576e-17
3,linha_1-2,Ploss,0.0
4,linha_1-2,Ploss,1.3877788e-17
5,linha_1-2,Ploss,1.3877788e-17
6,linha_1-2,Ploss,2.7755576e-17
7,linha_1-2,Ploss,1.3877788e-17
8,linha_1-2,Ploss,0.0
9,linha_1-2,Ploss,2.7755576e-17
10,linha_1-2,Ploss,1.3877788e-17
11,linha_1-2,Ploss,0.0
12,linha_1-2,Ploss,0.0
13,linha_1-2,Ploss,0.0
14,linha_1-2,Ploss,0.0
15,linha_1-2,Ploss,1.3877788e-17
16,linha_1-2,Ploss,0.0
17,linha_1-2,Ploss,1.3877788e-17
18,linha_1-2,Ploss,0.0
19,linha_1-2,Ploss,-1.3877788e-17
20,linha_1-2,Ploss,1.3877788e-17
21,linha_1-2,Ploss,0.0
22,linha_1-2,Ploss,0.0
23,linha_1-2,Ploss,0.0
24,linha_1-2,Ploss,0.0
1,linha_2-3,Ploss,0.0
2,linha_2-3,Ploss,0.0
3,linha_2-3,Ploss,0.0
4,linha_2-3,Ploss,0.0
5,linha_2-3,Ploss,0.0
6,linha_2-3,Ploss,0.0
7,linha_2-3,Ploss,0.0
8,linha_2-3,Ploss,0.0
9,linha_2-3,Ploss,0.0
10,linha_2-3,Ploss,0.0
11,linha_2-3,Ploss,0.0
12,linha_2-3,Ploss,0.0
13,linha_2-3,Ploss,0.0
14,linha_2-3,Ploss,0.0
15,linha_2-3,Ploss,0.0
16,linha_2-3,Ploss,0.0
17,linha_2-3,Ploss,0.0
18,linha_2-3,Ploss,0.0
19,linha_2-3,Ploss,0.0
20,linha_2-3,Ploss,0.0
21,linha_2-3,Ploss,0.0
22,linha_2-3,Ploss,0.0
23,linha_2-3,Ploss,0.0
24,linha_2-3,Ploss,0.0
1,linha_3-4,Ploss,1.3877788e-17
2,linha_3-4,Ploss,2.7755576e-17
3,linha_3-4,Ploss,0.0
4,linha_3-4,Ploss,1.3877788e-17
5,linha_3-4,Ploss,1.3877788e-17
6,linha_3-4,Ploss,2.7755576e-17
7,linha_3-4,Ploss,1.3877788e-17
8,linha_3-4,Ploss,0.0
9,linha_3-4,Ploss,2.7755576e-17
10,linha_3-4,Ploss,1.3877788e-17
11,linha_3-4,Ploss,0.0
12,linha_3-4,Ploss,0.0
13,linha_3-4,Ploss,2.5262549e-05
14,linha_3-4,Ploss,3.285149e-06
15,linha_3-4,Ploss,1.3877788e-17
16,linha_3-4,Ploss,0.0
17,linha_3-4,Ploss,1.3877788e-17
18,linha_3-4,Ploss,0.0
19,linha_3-4,Ploss,-1.3877788e-17
20,linha_3-4,Ploss,1.3877788e-17
21,linha_3-4,Ploss,0.0
22,linha_3-4,Ploss,0.0
23,linha_3-4,Ploss,0.0
24,linha_3-4,Ploss,0.0
1,linha_4-5,Ploss,0.0
2,linha_4-5,Ploss,0.0
3,linha_4-5,Ploss,0.0
4,linha_4-5,Ploss,0.0
5,linha_4-5,Ploss,0.0
6,linha_4-5,Ploss,0.0
7,linha_4-5,Ploss,0.0
8,linha_4-5,Ploss,0.0
9,linha_4-5,Ploss,0.0
10,linha_4-5,Ploss,0.0
11,linha_4-5,Ploss,6.1423678e-05
12,linha_4-5,Ploss,0.00015885021
13,linha_4-5,Ploss,0.00021300601
14,linha_4-5,Ploss,0.00018405048
15,linha_4-5,Ploss,0.00012687837
16,linha_4-5,Ploss,0.0
17,linha_4-5,Ploss,0.0
18,linha_4-5,Ploss,0.0
19,linha_4-5,Ploss,0.0
20,linha_4-5,Ploss,0.0
21,linha_4-5,Ploss,0.0
22,linha_4-5,Ploss,0.0
23,linha_4-5,Ploss,0.0
24,linha_4-5,Ploss,0.0
1,linha_5-6,Ploss,1.3877788e-17
2,linha_5-6,Ploss,2.7755576e-17
3,linha_5-6,Ploss,0.0
4,linha_5-6,Ploss,1.3877788e-17
5,linha_5-6,Ploss,1.3877788e-17
6,linha_5-6,Ploss,1.7268537e-05
7,linha_5-6,Ploss,8.9925852e-05
8,linha_5-6,Ploss,0.00019425251
9,linha_5-6,Ploss,0.00019702395
10,linha_5-6,Ploss,0.00019248902
11,linha_5-6,Ploss,0.00025287708
12,linha_5-6,Ploss,0.00034963524
13,linha_5-6,Ploss,0.0004
14,linha_5-6,Ploss,0.00036409419
15,linha_5-6,Ploss,0.00030712236
16,linha_5-6,Ploss,0.00018851098
17,linha_5-6,Ploss,0.0002007485
18,linha_5-6,Ploss,0.00011379559
19,linha_5-6,Ploss,1.6845691e-05
20,linha_5-6,Ploss,1.3877788e-17
21,linha_5-6,Ploss,0.0
22,linha_5-6,Ploss,0.0
23,linha_5-6,Ploss,0.0
24,linha_5-6,Ploss,0.0
1,linha_6-7,Ploss,0.0
2,linha_6-7,Ploss,0.0
3,linha_6-7,Ploss,0.0
4,linha_6-7,Ploss,0.0
5,linha_6-7,Ploss,0.0
6,linha_6-7,Ploss,0.0
7,linha_6-7,Ploss,0.0
8,linha_6-7,Ploss,0.0
9,linha_6-7,Ploss,0.00015776362
10,linha_6-7,Ploss,0.00032275547
11,linha_6-7,Ploss,0.00038263194
12,linha_6-7,Ploss,0.00038207418
13,linha_6-7,Ploss,0.00039594589
14,linha_6-7,Ploss,0.0004
15,linha_6-7,Ploss,0.00036077944
16,linha_6-7,Ploss,0.00032685375
17,linha_6-7,Ploss,9.7814623e-05
18,linha_6-7,Ploss,0.0
19,linha_6-7,Ploss,0.0
20,linha_6-7,Ploss,0.0
21,linha_6-7,Ploss,0.0
22,linha_6-7,Ploss,0.0
23,linha_6-7,Ploss,0.0
24,linha_6-7,Ploss,0.0
1,linha_7-8,Ploss,-1.3877788e-17
2,linha_7-8,Ploss,-1.3877788e-17
3,linha_7-8,Ploss,1.3877788e-17
4,linha_7-8,Ploss,0.0
5,linha_7-8,Ploss,0.0
6,linha_7-8,Ploss,-1.3877788e-17
7,linha_7-8,Ploss,-1.3877788e-17
8,linha_7-8,Ploss,0.0
9,linha_7-8,Ploss,-1.3877788e-17
10,linha_7-8,Ploss,0.00013078856
11,linha_7-8,Ploss,0.0001916986
12,linha_7-8,Ploss,0.00019141916
13,linha_7-8,Ploss,0.00020893565
14,linha_7-8,Ploss,0.0002201002
15,linha_7-8,Ploss,0.0001807505
16,linha_7-8,Ploss,0.00013889725
17,linha_7-8,Ploss,0.0
18,linha_7-8,Ploss,-2.7755576e-17
19,linha_7-8,Ploss,0.0
20,linha_7-8,Ploss,0.0
21,linha_7-8,Ploss,0.0
22,linha_7-8,Ploss,0.0
23,linha_7-8,Ploss,0.0
24,linha_7-8,Ploss,0.0
1,linha_8-9,Ploss,0.0
2,linha_8-9,Ploss,0.0
3,linha_8-9,Ploss,0.0
4,linha_8-9,Ploss,-1.3877788e-17
5,linha_8-9,Ploss,0.0
6,linha_8-9,Ploss,0.0
7,linha_8-9,Ploss,0.0
8,linha_8-9,Ploss,0.0
9,linha_8-9,Ploss,0.0
10,linha_8-9,Ploss,0.0
11,linha_8-9,Ploss,0.0
12,linha_8-9,Ploss,0.0
13,linha_8-9,Ploss,2.1175878e-05
14,linha_8-9,Ploss,3.947936e-05
15,linha_8-9,Ploss,0.0
16,linha_8-9,Ploss,0.0
17,linha_8-9,Ploss,0.0
18,linha_8-9,Ploss,1.3877788e-17
19,linha_8-9,Ploss,0.0
20,linha_8-9,Ploss,0.0
21,linha_8-9,Ploss,-2.7755576e-17
22,linha_8-9,Ploss,0.0
23,linha_8-9,Ploss,0.0
24,linha_8-9,Ploss,0.0
1,linha_9-10,Ploss,0.0
2,linha_9-10,Ploss,0.0
3,linha_9-10,Ploss,0.0
4,linha_9-10,Ploss,0.0
5,linha_9-10,Ploss,0.0
6,linha_9-10,Ploss,0.0
7,linha_9-10,Ploss,0.0
8,linha_9-10,Ploss,0.0
9,linha_9-10,Ploss,0.0
10,linha_9-10,Ploss,0.0
11,linha_9-10,Ploss,0.0
12,linha_9-10,Ploss,0.0
13,linha_9-10,Ploss,0.0
14,linha_9-10,Ploss,0.0
15,linha_9-10,Ploss,0.0
16,linha_9-10,Ploss,0.0
17,linha_9-10,Ploss,0.0
18,linha_9-10,Ploss,0.0
19,linha_9-10,Ploss,0.0
20,linha_9-10,Ploss,0.0
21,linha_9-10,Ploss,0.0
22,linha_9-10,Ploss,0.0
23,linha_9-10,Ploss,0.0
24,linha_9-10,Ploss,0.0
1,linha_10-11,Ploss,-1.3877788e-17
2,linha_10-11,Ploss,-1.3877788e-17
3,linha_10-11,Ploss,1.3877788e-17
4,linha_10-11,Ploss,-1.3877788e-17
5,linha_10-11,Ploss,0.0
6,linha_10-11,Ploss,-1.3877788e-17
7,linha_10-11,Ploss,-1.3877788e-17
8,linha_10-11,Ploss,0.0
9,linha_10-11,Ploss,0.0
10,linha_10-11,Ploss,0.0
11,linha_10-11,Ploss,0.0
12,linha_10-11,Ploss,0.0
13,linha_10-11,Ploss,0.0
14,linha_10-11,Ploss,0.0
15,linha_10-11,Ploss,0.0
16,linha_10-11,Ploss,0.0
17,linha_10-11,Ploss,0.0
18,linha_10-11,Ploss,1.3877788e-17
19,linha_10-11,Ploss,0.0
20,linha_10-11,Ploss,0.0
21,linha_10-11,Ploss,-2.7755576e-17
22,linha_10-11,Ploss,0.0
23,linha_10-11,Ploss,0.0
24,linha_10-11,Ploss,0.0
1,linha_11-12,Ploss,0.0
2,linha_11-12,Ploss,0.0
3,linha_11-12,Ploss,0.0
4,linha_11-12,Ploss,0.0
5,linha_11-12,Ploss,0.0
6,linha_11-12,Ploss,0.0
7,linha_11-12,Ploss,0.0
8,linha_11-12,Ploss,0.0
9,linha_11-12,Ploss,0.0
10,linha_11-12,Ploss,0.0
11,linha_11-12,Ploss,0.0
12,linha_11-12,Ploss,0.0
13,linha_11-12,Ploss,0.0
14,linha_11-12,Ploss,0.0
15,linha_11-12,Ploss,0.0
16,linha_11-12,Ploss,0.0
17,linha_11-12,Ploss,0.0
18,linha_11-12,Ploss,0.0
19,linha_11-12,Ploss,0.0
20,linha_11-12,Ploss,0.0
21,linha_11-12,Ploss,0.0
22,linha_11-12,Ploss,0.0
23,linha_11-12,Ploss,0.0
24,linha_11-12,Ploss,0.0
1,linha_12-13,Ploss,-1.3877788e-17
2,linha_12-13,Ploss,-1.3877788e-17
3,linha_12-13,Ploss,1.3877788e-17
4,linha_12-13,Ploss,-1.3877788e-17
5,linha_12-13,Ploss,0.0
6,linha_12-13,Ploss,-1.3877788e-17
7,linha_12-13,Ploss,-1.3877788e-17
8,linha_12-13,Ploss,0.0
9,linha_12-13,Ploss,0.0
10,linha_12-13,Ploss,6.5397251e-05
11,linha_12-13,Ploss,0.00017264068
12,linha_12-13,Ploss,0.00019141916
13,linha_12-13,Ploss,0.00018784431
14,linha_12-13,Ploss,0.00018077844
15,linha_12-13,Ploss,0.0001807505
16,linha_12-13,Ploss,7.350595e-05
17,linha_12-13,Ploss,0.0
18,linha_12-13,Ploss,1.3877788e-17
19,linha_12-13,Ploss,0.0
20,linha_12-13,Ploss,0.0
21,linha_12-13,Ploss,-2.7755576e-17
22,linha_12-13,Ploss,0.0
23,linha_12-13,Ploss,0.0
24,linha_12-13,Ploss,0.0
1,linha_13-14,Ploss,0.0
2,linha_13-14,Ploss,0.0
3,linha_13-14,Ploss,0.0
4,linha_13-14,Ploss,0.0
5,linha_13-14,Ploss,0.0
6,linha_13-14,Ploss,0.0
7,linha_13-14,Ploss,0.0
8,linha_13-14,Ploss,0.0
9,linha_13-14,Ploss,0.00011267344
10,linha_13-14,Ploss,0.00025762521
11,linha_13-14,Ploss,0.00036365009
12,linha_13-14,Ploss,0.00038207418
13,linha_13-14,Ploss,0.00037493875
14,linha_13-14,Ploss,0.00036083522
15,linha_13-14,Ploss,0.00036077944
16,linha_13-14,Ploss,0.00026172349
17,linha_13-14,Ploss,5.9738471e-05
18,linha_13-14,Ploss,0.0
19,linha_13-14,Ploss,0.0
20,linha_13-14,Ploss,0.0
21,linha_13-14,Ploss,0.0
22,linha_13-14,Ploss,0.0
23,linha_13-14,Ploss,0.0
24,linha_13-14,Ploss,0.0
1,linha_14-15,Ploss,-1.3877788e-17
2,linha_14-15,Ploss,-1.3877788e-17
3,linha_14-15,Ploss,1.3877788e-17
4,linha_14-15,Ploss,-1.3877788e-17
5,linha_14-15,Ploss,0.0
6,linha_14-15,Ploss,1.4262525e-05
7,linha_14-15,Ploss,7.7901804e-05
8,linha_14-15,Ploss,0.0001692024
9,linha_14-15,Ploss,0.00019702395
10,linha_14-15,Ploss,0.00019248902
11,linha_14-15,Ploss,0.0001916986
12,linha_14-15,Ploss,0.00025745088
13,linha_14-15,Ploss,0.00032080675
14,linha_14-15,Ploss,0.00030706659
15,linha_14-15,Ploss,0.00022295403
16,linha_14-15,Ploss,0.00018851098
17,linha_14-15,Ploss,0.0002007485
18,linha_14-15,Ploss,9.8765531e-05
19,linha_14-15,Ploss,1.3839679e-05
20,linha_14-15,Ploss,0.0
21,linha_14-15,Ploss,-1.2149841e-17
22,linha_14-15,Ploss,-2.9686811e-17
23,linha_14-15,Ploss,0.0
24,linha_14-15,Ploss,0.0
1,linha_15-16,Ploss,0.0
2,linha_15-16,Ploss,0.0
3,linha_15-16,Ploss,0.0
4,linha_15-16,Ploss,0.0
5,linha_15-16,Ploss,0.0
6,linha_15-16,Ploss,0.0
7,linha_15-16,Ploss,0.0
8,linha_15-16,Ploss,0.0
9,linha_15-16,Ploss,0.0
10,linha_15-16,Ploss,0.0
11,linha_15-16,Ploss,0.0
12,linha_15-16,Ploss,6.629637e-05
13,linha_15-16,Ploss,0.00013349535
14,linha_15-16,Ploss,0.00012679431
15,linha_15-16,Ploss,4.2372681e-05
16,linha_15-16,Ploss,0.0
17,linha_15-16,Ploss,0.0
18,linha_15-16,Ploss,0.0
19,linha_15-16,Ploss,0.0
20,linha_15-16,Ploss,0.0
21,linha_15-16,Ploss,3.7006767e-05
22,linha_15-16,Ploss,5.0682385e-05
23,linha_15-16,Ploss,0.0
24,linha_15-16,Ploss,0.0
1,linha_16-17,Ploss,0.00018111509
2,linha_16-17,Ploss,0.00020007887
3,linha_16-17,Ploss,0.00022052014
4,linha_16-17,Ploss,0.00016153762
5,linha_16-17,Ploss,0.0001619018
6,linha_16-17,Ploss,0.00017563126
7,linha_16-17,Ploss,0.00019272946
8,linha_16-17,Ploss,5.1257212e-05
9,linha_16-17,Ploss,0.00019702395
10,linha_16-17,Ploss,0.0001629812
11,linha_16-17,Ploss,4.472334e-18
12,linha_16-17,Ploss,9.7307145e-18
13,linha_16-17,Ploss,5.4348961e-05
14,linha_16-17,Ploss,1.8702487e-18
15,linha_16-17,Ploss,3.7947076e-18
16,linha_16-17,Ploss,4.3368087e-19
17,linha_16-17,Ploss,1.8529877e-05
18,linha_16-17,Ploss,0.00018678557
19,linha_16-17,Ploss,0.00022073665
20,linha_16-17,Ploss,0.0002196569
21,linha_16-17,Ploss,0.0002852782
22,linha_16-17,Ploss,0.00030757986
23,linha_16-17,Ploss,0.00026341717
24,linha_16-17,Ploss,0.0002449239
1,linha_17-18,Ploss,0.00043221529
2,linha_17-18,Ploss,0.00050417907
3,linha_17-18,Ploss,0.00057627565
4,linha_17-18,Ploss,0.00040590621
5,linha_17-18,Ploss,0.0004
6,linha_17-18,Ploss,0.0004
7,linha_17-18,Ploss,0.0004
8,linha_17-18,Ploss,0.00025517435
9,linha_17-18,Ploss,0.00039326138
10,linha_17-18,Ploss,0.0003548196
11,linha_17-18,Ploss,0.0001916986
12,linha_17-18,Ploss,0.00019141916
13,linha_17-18,Ploss,0.00024197631
14,linha_17-18,Ploss,0.00018077844
15,linha_17-18,Ploss,0.0001807505
16,linha_17-18,Ploss,0.00018851098
17,linha_17-18,Ploss,0.00021920441
18,linha_17-18,Ploss,0.0004
19,linha_17-18,Ploss,0.00057629376
20,linha_17-18,Ploss,0.0005935256
21,linha_17-18,Ploss,0.00079609436
22,linha_17-18,Ploss,0.00088840567
23,linha_17-18,Ploss,0.00077584791
24,linha_17-18,Ploss,0.00071901408
1,linha_18-19,Ploss,0.0004
2,linha_18-19,Ploss,0.0004
3,linha_18-19,Ploss,0.0004
4,linha_18-19,Ploss,0.00064264711
5,linha_18-19,Ploss,0.00050389537
6,linha_18-19,Ploss,0.00038680762
7,linha_18-19,Ploss,0.00031517635
8,linha_18-19,Ploss,0.0004
9,linha_18-19,Ploss,0.00020200716
10,linha_18-19,Ploss,0.00019248902
11,linha_18-19,Ploss,0.00033158597
12,linha_18-19,Ploss,0.00030782533
13,linha_18-19,Ploss,0.0002333283
14,linha_18-19,Ploss,0.00027069049
15,linha_18-19,Ploss,0.00029476654
16,linha_18-19,Ploss,0.00034689383
17,linha_18-19,Ploss,0.0004
18,linha_18-19,Ploss,0.00033904609
19,linha_18-19,Ploss,0.0004
20,linha_18-19,Ploss,0.00067188486
21,linha_18-19,Ploss,0.00068639659
22,linha_18-19,Ploss,0.00073816978
23,linha_18-19,Ploss,0.00063285028
24,linha_18-19,Ploss,0.0004
1,linha_19-20,Ploss,0.00017029058
2,linha_19-20,Ploss,0.00016507415
3,linha_19-20,Ploss,0.00016129058
4,linha_19-20,Ploss,0.00024108383
5,linha_19-20,Ploss,0.0001968112
6,linha_19-20,Ploss,0.000162386
7,linha_19-20,Ploss,0.00010756584
8,linha_19-20,Ploss,0.00019666333
9,linha_19-20,Ploss,5.0031763e-06
10,linha_19-20,Ploss,0.0
11,linha_19-20,Ploss,0.00014044803
12,linha_19-20,Ploss,0.00011687272
13,linha_19-20,Ploss,4.5666287e-05
14,linha_19-20,Ploss,9.0272421e-05
15,linha_19-20,Ploss,0.00011447301
16,linha_19-20,Ploss,0.00015901765
17,linha_19-20,Ploss,0.0002000501
18,linha_19-20,Ploss,0.00012558736
19,linha_19-20,Ploss,0.000161501
20,linha_19-20,Ploss,0.00024598603
21,linha_19-20,Ploss,0.00024841916
22,linha_19-20,Ploss,0.0002570998
23,linha_19-20,Ploss,0.0002153692
24,linha_19-20,Ploss,0.00013773347
1,linha_20-21,Ploss,-1.3877788e-17
2,linha_20-21,Ploss,-1.3877788e-17
3,linha_20-21,Ploss,1.3877788e-17
4,linha_20-21,Ploss,-1.3877788e-17
5,linha_20-21,Ploss,0.0
6,linha_20-21,Ploss,-1.3877788e-17
7,linha_20-21,Ploss,-1.3877788e-17
8,linha_20-21,Ploss,0.0
9,linha_20-21,Ploss,0.0
10,linha_20-21,Ploss,0.0
11,linha_20-21,Ploss,0.0
12,linha_20-21,Ploss,0.0
13,linha_20-21,Ploss,0.0
14,linha_20-21,Ploss,0.0
15,linha_20-21,Ploss,0.0
16,linha_20-21,Ploss,0.0
17,linha_20-21,Ploss,0.0
18,linha_20-21,Ploss,1.3877788e-17
19,linha_20-21,Ploss,0.0
20,linha_20-21,Ploss,0.0
21,linha_20-21,Ploss,-2.7755576e-17
22,linha_20-21,Ploss,0.0
23,linha_20-21,Ploss,0.0
24,linha_20-21,Ploss,0.0
1,linha_21-22,Ploss,0.0
2,linha_21-22,Ploss,0.0
3,linha_21-22,Ploss,0.0
4,linha_21-22,Ploss,0.0
5,linha_21-22,Ploss,0.0
6,linha_21-22,Ploss,0.0
7,linha_21-22,Ploss,0.0
8,linha_21-22,Ploss,0.0
9,linha_21-22,Ploss,0.0
10,linha_21-22,Ploss,0.0
11,linha_21-22,Ploss,0.0
12,linha_21-22,Ploss,0.0
13,linha_21-22,Ploss,0.0
14,linha_21-22,Ploss,0.0
15,linha_21-22,Ploss,0.0
16,linha_21-22,Ploss,0.0
17,linha_21-22,Ploss,0.0
18,linha_21-22,Ploss,0.0
19,linha_21-22,Ploss,0.0
20,linha_21-22,Ploss,0.0
21,linha_21-22,Ploss,0.0
22,linha_21-22,Ploss,0.0
23,linha_21-22,Ploss,0.0
24,linha_21-22,Ploss,0.0
1,linha_22-23,Ploss,-1.3877788e-17
2,linha_22-23,Ploss,-1.3877788e-17
3,linha_22-23,Ploss,1.3877788e-17
4,linha_22-23,Ploss,-1.3877788e-17
5,linha_22-23,Ploss,0.0
6,linha_22-23,Ploss,-1.3877788e-17
7,linha_22-23,Ploss,-1.3877788e-17
8,linha_22-23,Ploss,0.0
9,linha_22-23,Ploss,0.0
10,linha_22-23,Ploss,3.9259977e-18
11,linha_22-23,Ploss,4.472334e-18
12,linha_22-23,Ploss,4.2348974e-05
13,linha_22-23,Ploss,0.00012295957
14,linha_22-23,Ploss,3.947936e-05
15,linha_22-23,Ploss,3.0756331e-05
16,linha_22-23,Ploss,-4.0589819e-18
17,linha_22-23,Ploss,0.0
18,linha_22-23,Ploss,1.3877788e-17
19,linha_22-23,Ploss,0.0
20,linha_22-23,Ploss,0.0
21,linha_22-23,Ploss,-2.7755576e-17
22,linha_22-23,Ploss,0.0
23,linha_22-23,Ploss,0.0
24,linha_22-23,Ploss,0.0
1,linha_23-24,Ploss,0.0
2,linha_23-24,Ploss,0.0
3,linha_23-24,Ploss,0.0
4,linha_23-24,Ploss,0.0
5,linha_23-24,Ploss,0.0
6,linha_23-24,Ploss,0.0
7,linha_23-24,Ploss,0.0
8,linha_23-24,Ploss,0.0
9,linha_23-24,Ploss,0.0
10,linha_23-24,Ploss,3.6908368e-06
11,linha_23-24,Ploss,0.0001916986
12,linha_23-24,Ploss,0.00023359908
13,linha_23-24,Ploss,0.00031031302
14,linha_23-24,Ploss,0.0002201002
15,linha_23-24,Ploss,0.00021138405
16,linha_23-24,Ploss,1.5777579e-05
17,linha_23-24,Ploss,0.0
18,linha_23-24,Ploss,0.0
19,linha_23-24,Ploss,0.0
20,linha_23-24,Ploss,0.0
21,linha_23-24,Ploss,0.0
22,linha_23-24,Ploss,0.0
23,linha_23-24,Ploss,0.0
24,linha_23-24,Ploss,0.0
1,linha_24-25,Ploss,0.0
2,linha_24-25,Ploss,0.0
3,linha_24-25,Ploss,0.0
4,linha_24-25,Ploss,0.0
5,linha_24-25,Ploss,0.0
6,linha_24-25,Ploss,2.0274549e-05
7,linha_24-25,Ploss,0.0001019499
8,linha_24-25,Ploss,1.5180849e-05
9,linha_24-25,Ploss,0.00019702395
10,linha_24-25,Ploss,0.00019616512
11,linha_24-25,Ploss,0.00038263194
12,linha_24-25,Ploss,0.00047196982
13,linha_24-25,Ploss,0.0006895996
14,linha_24-25,Ploss,0.0004
15,linha_24-25,Ploss,0.0003912907
16,linha_24-25,Ploss,0.00020422557
17,linha_24-25,Ploss,0.00013589078
18,linha_24-25,Ploss,0.0
19,linha_24-25,Ploss,0.0
20,linha_24-25,Ploss,0.0
21,linha_24-25,Ploss,0.0
22,linha_24-25,Ploss,0.0
23,linha_24-25,Ploss,0.0
24,linha_24-25,Ploss,0.0
1,linha_25-26,Ploss,0.0
2,linha_25-26,Ploss,0.0
3,linha_25-26,Ploss,0.0
4,linha_25-26,Ploss,0.0
5,linha_25-26,Ploss,0.0
6,linha_25-26,Ploss,0.0
7,linha_25-26,Ploss,0.0
8,linha_25-26,Ploss,0.00020412176
9,linha_25-26,Ploss,0.0002028538
10,linha_25-26,Ploss,0.00038420962
11,linha_25-26,Ploss,0.0003330374
12,linha_25-26,Ploss,0.0004
13,linha_25-26,Ploss,0.0004
14,linha_25-26,Ploss,0.00058158753
15,linha_25-26,Ploss,0.00036077944
16,linha_25-26,Ploss,0.00037626942
17,linha_25-26,Ploss,0.0002007485
18,linha_25-26,Ploss,0.00012882565
19,linha_25-26,Ploss,1.9851703e-05
20,linha_25-26,Ploss,0.0
21,linha_25-26,Ploss,0.0
22,linha_25-26,Ploss,0.0
23,linha_25-26,Ploss,0.0
24,linha_25-26,Ploss,0.0
1,linha_26-27,Ploss,-1.3877788e-17
2,linha_26-27,Ploss,-1.3877788e-17
3,linha_26-27,Ploss,1.3877788e-17
4,linha_26-27,Ploss,-1.3877788e-17
5,linha_26-27,Ploss,0.0
6,linha_26-27,Ploss,-1.3877788e-17
7,linha_26-27,Ploss,-1.3877788e-17
8,linha_26-27,Ploss,0.0
9,linha_26-27,Ploss,5.8532175e-06
10,linha_26-27,Ploss,0.00019248902
11,linha_26-27,Ploss,0.00014190528
12,linha_26-27,Ploss,0.00020941683
13,linha_26-27,Ploss,0.00021300601
14,linha_26-27,Ploss,0.00028111458
15,linha_26-27,Ploss,0.0001807505
16,linha_26-27,Ploss,0.00018851098
17,linha_26-27,Ploss,0.0
18,linha_26-27,Ploss,1.3877788e-17
19,linha_26-27,Ploss,0.0
20,linha_26-27,Ploss,0.0
21,linha_26-27,Ploss,-2.7755576e-17
22,linha_26-27,Ploss,0.0
23,linha_26-27,Ploss,0.0
24,linha_26-27,Ploss,0.0
1,linha_27-28,Ploss,0.0
2,linha_27-28,Ploss,0.0
3,linha_27-28,Ploss,0.0
4,linha_27-28,Ploss,0.0
5,linha_27-28,Ploss,0.0
6,linha_27-28,Ploss,0.0
7,linha_27-28,Ploss,0.0
8,linha_27-28,Ploss,0.0
9,linha_27-28,Ploss,0.0
10,linha_27-28,Ploss,0.0
11,linha_27-28,Ploss,0.0
12,linha_27-28,Ploss,1.8069807e-05
13,linha_27-28,Ploss,2.5262549e-05
14,linha_27-28,Ploss,0.00010073828
15,linha_27-28,Ploss,0.0
16,linha_27-28,Ploss,0.0
17,linha_27-28,Ploss,0.0
18,linha_27-28,Ploss,0.0
19,linha_27-28,Ploss,0.0
20,linha_27-28,Ploss,0.0
21,linha_27-28,Ploss,0.0
22,linha_27-28,Ploss,0.0
23,linha_27-28,Ploss,0.0
24,linha_27-28,Ploss,0.0
1,linha_28-29,Ploss,0.00011261948
2,linha_28-29,Ploss,0.00012937854
3,linha_28-29,Ploss,0.00014761474
4,linha_28-29,Ploss,0.00015955311
5,linha_28-29,Ploss,0.00012611163
6,linha_28-29,Ploss,9.5988679e-05
7,linha_28-29,Ploss,4.7204634e-05
8,linha_28-29,Ploss,1.3823578e-18
9,linha_28-29,Ploss,1.0842022e-18
10,linha_28-29,Ploss,1.9813795e-17
11,linha_28-29,Ploss,4.472334e-18
12,linha_28-29,Ploss,9.7307145e-18
13,linha_28-29,Ploss,4.3910188e-18
14,linha_28-29,Ploss,1.8702487e-18
15,linha_28-29,Ploss,3.7947076e-18
16,linha_28-29,Ploss,0.00011374675
17,linha_28-29,Ploss,1.008308e-17
18,linha_28-29,Ploss,6.3214116e-05
19,linha_28-29,Ploss,0.000161501
20,linha_28-29,Ploss,0.00015463126
21,linha_28-29,Ploss,0.00024841916
22,linha_28-29,Ploss,0.0002163108
23,linha_28-29,Ploss,0.00025647165
24,linha_28-29,Ploss,0.00016785226
1,linha_29-30,Ploss,0.00034255912
2,linha_29-30,Ploss,0.00036444689
3,linha_29-30,Ploss,0.00038637876
4,linha_29-30,Ploss,0.0004
5,linha_29-30,Ploss,0.00036435271
6,linha_29-30,Ploss,0.00032067535
7,linha_29-30,Ploss,0.00025505611
8,linha_29-30,Ploss,0.00020412176
9,linha_29-30,Ploss,0.00019702395
10,linha_29-30,Ploss,0.00019248902
11,linha_29-30,Ploss,0.0001916986
12,linha_29-30,Ploss,0.00019141916
13,linha_29-30,Ploss,0.00018784431
14,linha_29-30,Ploss,0.00018077844
15,linha_29-30,Ploss,0.0001807505
16,linha_29-30,Ploss,0.00030180365
17,linha_29-30,Ploss,0.0002007485
18,linha_29-30,Ploss,0.00027692184
19,linha_29-30,Ploss,0.0004
20,linha_29-30,Ploss,0.0004
21,linha_29-30,Ploss,0.00068639659
22,linha_29-30,Ploss,0.00061677589
23,linha_29-30,Ploss,0.00075517706
24,linha_29-30,Ploss,0.00048963783
1,linha_30-31,Ploss,0.0004
2,linha_30-31,Ploss,0.0004
3,linha_30-31,Ploss,0.0004
4,linha_30-31,Ploss,0.00042521328
5,linha_30-31,Ploss,0.0004
6,linha_30-31,Ploss,0.0004
7,linha_30-31,Ploss,0.0004
8,linha_30-31,Ploss,0.00039594237
9,linha_30-31,Ploss,0.00034814438
10,linha_30-31,Ploss,0.00030872741
11,linha_30-31,Ploss,0.00028749779
12,linha_30-31,Ploss,0.00026574116
13,linha_30-31,Ploss,0.00024738014
14,linha_30-31,Ploss,0.00023261434
15,linha_30-31,Ploss,0.00025468637
16,linha_30-31,Ploss,0.00018851098
17,linha_30-31,Ploss,0.0003663517
18,linha_30-31,Ploss,0.0004
19,linha_30-31,Ploss,0.00038638477
20,linha_30-31,Ploss,0.00062396177
21,linha_30-31,Ploss,0.00053653701
22,linha_30-31,Ploss,0.00073816978
23,linha_30-31,Ploss,0.0004
24,linha_30-31,Ploss,0.0004
1,linha_31-32,Ploss,0.00017029058
2,linha_31-32,Ploss,0.00016507415
3,linha_31-32,Ploss,0.00016129058
4,linha_31-32,Ploss,0.0001680249
5,linha_31-32,Ploss,0.0001619018
6,linha_31-32,Ploss,0.00017563126
7,linha_31-32,Ploss,0.00019272946
8,linha_31-32,Ploss,0.00019258944
9,linha_31-32,Ploss,0.00015172613
10,linha_31-32,Ploss,0.00011670427
11,linha_31-32,Ploss,9.6183152e-05
12,linha_31-32,Ploss,7.4619881e-05
13,linha_31-32,Ploss,5.9774447e-05
14,linha_31-32,Ploss,5.2043658e-05
15,linha_31-32,Ploss,7.4232212e-05
16,linha_31-32,Ploss,0.0
17,linha_31-32,Ploss,0.00016626693
18,linha_31-32,Ploss,0.00018678557
19,linha_31-32,Ploss,0.0001478312
20,linha_31-32,Ploss,0.00022988361
21,linha_31-32,Ploss,0.00019806554
22,linha_31-32,Ploss,0.0002570998
23,linha_31-32,Ploss,0.00013713026
24,linha_31-32,Ploss,0.00013773347
1,linha_32-33,Ploss,1.3877788e-17
2,linha_32-33,Ploss,2.7755576e-17
3,linha_32-33,Ploss,0.0
4,linha_32-33,Ploss,1.3877788e-17
5,linha_32-33,Ploss,1.3877788e-17
6,linha_32-33,Ploss,2.7755576e-17
7,linha_32-33,Ploss,1.3877788e-17
8,linha_32-33,Ploss,0.0
9,linha_32-33,Ploss,2.7755576e-17
10,linha_32-33,Ploss,0.0
11,linha_32-33,Ploss,0.0
12,linha_32-33,Ploss,0.0
13,linha_32-33,Ploss,0.0
14,linha_32-33,Ploss,0.0
15,linha_32-33,Ploss,1.3877788e-17
16,linha_32-33,Ploss,0.0
17,linha_32-33,Ploss,1.3877788e-17
18,linha_32-33,Ploss,0.0
19,linha_32-33,Ploss,-1.3877788e-17
20,linha_32-33,Ploss,1.3877788e-17
21,linha_32-33,Ploss,0.0
22,linha_32-33,Ploss,0.0
23,linha_32-33,Ploss,0.0
24,linha_32-33,Ploss,0.0
1,barra_1,theta,0.0
2,barra_1,theta,0.0
3,barra_1,theta,0.0
4,barra_1,theta,0.0
5,barra_1,theta,0.0
6,barra_1,theta,0.0
7,barra_1,theta,0.0
8,barra_1,theta,0.0
9,barra_1,theta,0.0
10,barra_1,theta,0.0
11,barra_1,theta,0.0
12,barra_1,theta,0.0
13,barra_1,theta,0.0
14,barra_1,theta,0.0
15,barra_1,theta,0.0
16,barra_1,theta,0.0
17,barra_1,theta,0.0
18,barra_1,theta,0.0
19,barra_1,theta,0.0
20,barra_1,theta,0.0
21,barra_1,theta,0.0
22,barra_1,theta,0.0
23,barra_1,theta,0.0
24,barra_1,theta,0.0
1,barra_2,theta,0.0
2,barra_2,theta,0.0
3,barra_2,theta,0.0
4,barra_2,theta,0.0
5,barra_2,theta,0.0
6,barra_2,theta,0.0
7,barra_2,theta,0.0
8,barra_2,theta,0.0
9,barra_2,theta,0.0
10,barra_2,theta,0.0
11,barra_2,theta,0.0
12,barra_2,theta,0.0
13,barra_2,theta,0.0
14,barra_2,theta,0.0
15,barra_2,theta,0.0
16,barra_2,theta,0.0
17,barra_2,theta,0.0
18,barra_2,theta,0.0
19,barra_2,theta,0.0
20,barra_2,theta,0.0
21,barra_2,theta,0.0
22,barra_2,theta,0.0
23,barra_2,theta,0.0
24,barra_2,theta,0.0
1,barra_3,theta,0.0
2,barra_3,theta,0.0
3,barra_3,theta,0.0
4,barra_3,theta,0.0
5,barra_3,theta,0.0
6,barra_3,theta,0.0
7,barra_3,theta,0.0
8,barra_3,theta,0.0
9,barra_3,theta,0.0
10,barra_3,theta,0.0
11,barra_3,theta,0.0
12,barra_3,theta,0.0
13,barra_3,theta,0.0
14,barra_3,theta,0.0
15,barra_3,theta,0.0
16,barra_3,theta,0.0
17,barra_3,theta,0.0
18,barra_3,theta,0.0
19,barra_3,theta,0.0
20,barra_3,theta,0.0
21,barra_3,theta,0.0
22,barra_3,theta,0.0
23,barra_3,theta,0.0
24,barra_3,theta,0.0
1,barra_4,theta,0.0
2,barra_4,theta,0.0
3,barra_4,theta,0.0
4,barra_4,theta,0.0
5,barra_4,theta,0.0
6,barra_4,theta,0.0
7,barra_4,theta,0.0
8,barra_4,theta,0.0
9,barra_4,theta,0.0
10,barra_4,theta,0.0
11,barra_4,theta,0.0
12,barra_4,theta,0.0
13,barra_4,theta,0.0010526062
14,barra_4,theta,0.00013688121
15,barra_4,theta,0.0
16,barra_4,theta,0.0
17,barra_4,theta,0.0
18,barra_4,theta,0.0
19,barra_4,theta,0.0
20,barra_4,theta,0.0
21,barra_4,theta,0.0
22,barra_4,theta,0.0
23,barra_4,theta,0.0
24,barra_4,theta,0.0
1,barra_5,theta,0.0
2,barra_5,theta,0.0
3,barra_5,theta,0.0
4,barra_5,theta,0.0
5,barra_5,theta,0.0
6,barra_5,theta,0.0
7,barra_5,theta,0.0
8,barra_5,theta,0.0
9,barra_5,theta,0.0
10,barra_5,theta,0.0
11,barra_5,theta,0.0025593199
12,barra_5,theta,0.0066187589
13,barra_5,theta,0.0099278567
14,barra_5,theta,0.0078056511
15,barra_5,theta,0.0052865986
16,barra_5,theta,0.0
17,barra_5,theta,0.0
18,barra_5,theta,0.0
19,barra_5,theta,0.0
20,barra_5,theta,0.0
21,barra_5,theta,0.0
22,barra_5,theta,0.0
23,barra_5,theta,0.0
24,barra_5,theta,0.0
1,barra_6,theta,0.0
2,barra_6,theta,0.0
3,barra_6,theta,0.0
4,barra_6,theta,0.0
5,barra_6,theta,0.0
6,barra_6,theta,0.00071952238
7,barra_6,theta,0.0037469105
8,barra_6,theta,0.0080938544
9,barra_6,theta,0.0082093313
10,barra_6,theta,0.0080203759
11,barra_6,theta,0.013095865
12,barra_6,theta,0.021186894
13,barra_6,theta,0.026594523
14,barra_6,theta,0.022976242
15,barra_6,theta,0.018083364
16,barra_6,theta,0.0078546241
17,barra_6,theta,0.008364521
18,barra_6,theta,0.004741483
19,barra_6,theta,0.00070190381
20,barra_6,theta,0.0
21,barra_6,theta,0.0
22,barra_6,theta,0.0
23,barra_6,theta,0.0
24,barra_6,theta,0.0
1,barra_7,theta,0.0
2,barra_7,theta,0.0
3,barra_7,theta,0.0
4,barra_7,theta,0.0
5,barra_7,theta,0.0
6,barra_7,theta,0.00071952238
7,barra_7,theta,0.0037469105
8,barra_7,theta,0.0080938544
9,barra_7,theta,0.001635847
10,barra_7,theta,-0.0054277685
11,barra_7,theta,-0.0028471328
12,barra_7,theta,0.0052671368
13,barra_7,theta,0.010096778
14,barra_7,theta,0.0063095756
15,barra_7,theta,0.0030508871
16,barra_7,theta,-0.0057642822
17,barra_7,theta,0.0042889117
18,barra_7,theta,0.004741483
19,barra_7,theta,0.00070190381
20,barra_7,theta,0.0
21,barra_7,theta,0.0
22,barra_7,theta,0.0
23,barra_7,theta,0.0
24,barra_7,theta,0.0
1,barra_8,theta,0.0
2,barra_8,theta,0.0
3,barra_8,theta,0.0
4,barra_8,theta,0.0
5,barra_8,theta,0.0
6,barra_8,theta,0.00071952238
7,barra_8,theta,0.0037469105
8,barra_8,theta,0.0080938544
9,barra_8,theta,0.001635847
10,barra_8,theta,-0.010877292
11,barra_8,theta,-0.010834575
12,barra_8,theta,-0.0027086616
13,barra_8,theta,0.0013911256
14,barra_8,theta,-0.0028612661
15,barra_8,theta,-0.0044803837
16,barra_8,theta,-0.011551668
17,barra_8,theta,0.0042889117
18,barra_8,theta,0.004741483
19,barra_8,theta,0.00070190381
20,barra_8,theta,0.0
21,barra_8,theta,0.0
22,barra_8,theta,0.0
23,barra_8,theta,0.0
24,barra_8,theta,0.0
1,barra_9,theta,0.0
2,barra_9,theta,0.0
3,barra_9,theta,0.0
4,barra_9,theta,0.0
5,barra_9,theta,0.0
6,barra_9,theta,0.00071952238
7,barra_9,theta,0.0037469105
8,barra_9,theta,0.0080938544
9,barra_9,theta,0.001635847
10,barra_9,theta,-0.010877292
11,barra_9,theta,-0.010834575
12,barra_9,theta,-0.0027086616
13,barra_9,theta,0.00050879736
14,barra_9,theta,-0.0045062394
15,barra_9,theta,-0.0044803837
16,barra_9,theta,-0.011551668
17,barra_9,theta,0.0042889117
18,barra_9,theta,0.004741483
19,barra_9,theta,0.00070190381
20,barra_9,theta,0.0
21,barra_9,theta,0.0
22,barra_9,theta,0.0
23,barra_9,theta,0.0
24,barra_9,theta,0.0
1,barra_10,theta,0.0
2,barra_10,theta,0.0
3,barra_10,theta,0.0
4,barra_10,theta,0.0
5,barra_10,theta,0.0
6,barra_10,theta,0.00071952238
7,barra_10,theta,0.0037469105
8,barra_10,theta,0.0080938544
9,barra_10,theta,0.001635847
10,barra_10,theta,-0.010877292
11,barra_10,theta,-0.010834575
12,barra_10,theta,-0.0027086616
13,barra_10,theta,0.00050879736
14,barra_10,theta,-0.0045062394
15,barra_10,theta,-0.0044803837
16,barra_10,theta,-0.011551668
17,barra_10,theta,0.0042889117
18,barra_10,theta,0.004741483
19,barra_10,theta,0.00070190381
20,barra_10,theta,0.0
21,barra_10,theta,0.0
22,barra_10,theta,0.0
23,barra_10,theta,0.0
24,barra_10,theta,0.0
1,barra_11,theta,0.0
2,barra_11,theta,0.0
3,barra_11,theta,0.0
4,barra_11,theta,0.0
5,barra_11,theta,0.0
6,barra_11,theta,0.00071952238
7,barra_11,theta,0.0037469105
8,barra_11,theta,0.0080938544
9,barra_11,theta,0.001635847
10,barra_11,theta,-0.010877292
11,barra_11,theta,-0.010834575
12,barra_11,theta,-0.0027086616
13,barra_11,theta,0.00050879736
14,barra_11,theta,-0.0045062394
15,barra_11,theta,-0.0044803837
16,barra_11,theta,-0.011551668
17,barra_11,theta,0.0042889117
18,barra_11,theta,0.004741483
19,barra_11,theta,0.00070190381
20,barra_11,theta,0.0
21,barra_11,theta,0.0
22,barra_11,theta,0.0
23,barra_11,theta,0.0
24,barra_11,theta,0.0
1,barra_12,theta,0.0
2,barra_12,theta,0.0
3,barra_12,theta,0.0
4,barra_12,theta,0.0
5,barra_12,theta,0.0
6,barra_12,theta,0.00071952238
7,barra_12,theta,0.0037469105
8,barra_12,theta,0.0080938544
9,barra_12,theta,0.001635847
10,barra_12,theta,-0.010877292
11,barra_12,theta,-0.010834575
12,barra_12,theta,-0.0027086616
13,barra_12,theta,0.00050879736
14,barra_12,theta,-0.0045062394
15,barra_12,theta,-0.0044803837
16,barra_12,theta,-0.011551668
17,barra_12,theta,0.0042889117
18,barra_12,theta,0.004741483
19,barra_12,theta,0.00070190381
20,barra_12,theta,0.0
21,barra_12,theta,0.0
22,barra_12,theta,0.0
23,barra_12,theta,0.0
24,barra_12,theta,0.0
1,barra_13,theta,0.0
2,barra_13,theta,0.0
3,barra_13,theta,0.0
4,barra_13,theta,0.0
5,barra_13,theta,0.0
6,barra_13,theta,0.00071952238
7,barra_13,theta,0.0037469105
8,barra_13,theta,0.0080938544
9,barra_13,theta,0.001635847
10,barra_13,theta,-0.0081524062
11,barra_13,theta,-0.0036412131
12,barra_13,theta,0.0052671368
13,barra_13,theta,0.0083356437
14,barra_13,theta,0.0030261958
15,barra_13,theta,0.0030508871
16,barra_13,theta,-0.0084889199
17,barra_13,theta,0.0042889117
18,barra_13,theta,0.004741483
19,barra_13,theta,0.00070190381
20,barra_13,theta,0.0
21,barra_13,theta,0.0
22,barra_13,theta,0.0
23,barra_13,theta,0.0
24,barra_13,theta,0.0
1,barra_14,theta,0.0
2,barra_14,theta,0.0
3,barra_14,theta,0.0
4,barra_14,theta,0.0
5,barra_14,theta,0.0
6,barra_14,theta,0.00071952238
7,barra_14,theta,0.0037469105
8,barra_14,theta,0.0080938544
9,barra_14,theta,0.0063305738
10,barra_14,theta,0.0025819774
11,barra_14,theta,0.011510874
12,barra_14,theta,0.021186894
13,barra_14,theta,0.023958091
14,barra_14,theta,0.018060996
15,barra_14,theta,0.018083364
16,barra_14,theta,0.0024162256
17,barra_14,theta,0.0067780146
18,barra_14,theta,0.004741483
19,barra_14,theta,0.00070190381
20,barra_14,theta,0.0
21,barra_14,theta,0.0
22,barra_14,theta,0.0
23,barra_14,theta,0.0
24,barra_14,theta,0.0
1,barra_15,theta,0.0
2,barra_15,theta,0.0
3,barra_15,theta,0.0
4,barra_15,theta,0.0
5,barra_15,theta,0.0
6,barra_15,theta,0.0001252505
7,barra_15,theta,0.000501002
8,barra_15,theta,0.0010437542
9,barra_15,theta,-0.0018787575
10,barra_15,theta,-0.0054383985
11,barra_15,theta,0.0035234324
12,barra_15,theta,0.010459774
13,barra_15,theta,0.010591144
14,barra_15,theta,0.0052665553
15,barra_15,theta,0.0087936126
16,barra_15,theta,-0.0054383985
17,barra_15,theta,-0.0015865063
18,barra_15,theta,0.00062625251
19,barra_15,theta,0.0001252505
20,barra_15,theta,0.0
21,barra_15,theta,0.0
22,barra_15,theta,0.0
23,barra_15,theta,0.0
24,barra_15,theta,0.0
1,barra_16,theta,0.0
2,barra_16,theta,0.0
3,barra_16,theta,0.0
4,barra_16,theta,0.0
5,barra_16,theta,0.0
6,barra_16,theta,0.0001252505
7,barra_16,theta,0.000501002
8,barra_16,theta,0.0010437542
9,barra_16,theta,-0.0018787575
10,barra_16,theta,-0.0054383985
11,barra_16,theta,0.0035234324
12,barra_16,theta,0.0076974256
13,barra_16,theta,0.0050288374
14,barra_16,theta,-1.6540974e-05
15,barra_16,theta,0.0070280842
16,barra_16,theta,-0.0054383985
17,barra_16,theta,-0.0015865063
18,barra_16,theta,0.00062625251
19,barra_16,theta,0.0001252505
20,barra_16,theta,0.0
21,barra_16,theta,0.0015419486
22,barra_16,theta,0.0021117661
23,barra_16,theta,0.0
24,barra_16,theta,0.0
1,barra_17,theta,0.0075464621
2,barra_17,theta,0.0083366198
3,barra_17,theta,0.0091883393
4,barra_17,theta,0.0067307343
5,barra_17,theta,0.0067459085
6,barra_17,theta,0.0074432198
7,barra_17,theta,0.0085313961
8,barra_17,theta,0.0031794713
9,barra_17,theta,0.0063305738
10,barra_17,theta,0.0013524847
11,barra_17,theta,0.0035234324
12,barra_17,theta,0.0076974256
13,barra_17,theta,0.0072933775
14,barra_17,theta,-1.6540974e-05
15,barra_17,theta,0.0070280842
16,barra_17,theta,-0.0054383985
17,barra_17,theta,-0.00081442812
18,barra_17,theta,0.0084089846
19,barra_17,theta,0.0093226108
20,barra_17,theta,0.0091523708
21,barra_17,theta,0.01342854
22,barra_17,theta,0.014927594
23,barra_17,theta,0.010975715
24,barra_17,theta,0.010205163
1,barra_18,theta,0.024660563
2,barra_18,theta,0.026450218
3,barra_18,theta,0.028303279
4,barra_18,theta,0.023479432
5,barra_18,theta,0.023412575
6,barra_18,theta,0.024109886
7,barra_18,theta,0.025198063
8,barra_18,theta,0.013811736
9,barra_18,theta,0.022716465
10,barra_18,theta,0.016136634
11,barra_18,theta,0.011510874
12,barra_18,theta,0.015673224
13,barra_18,theta,0.017375724
14,barra_18,theta,0.0075158942
15,barra_18,theta,0.014559355
16,barra_18,theta,0.0024162256
17,barra_18,theta,0.0083190889
18,barra_18,theta,0.025075651
19,barra_18,theta,0.028437802
20,barra_18,theta,0.028506893
21,barra_18,theta,0.035596517
22,barra_18,theta,0.038377672
23,barra_18,theta,0.032862492
24,barra_18,theta,0.031302581
1,barra_19,theta,0.0079938967
2,barra_19,theta,0.0097835513
3,barra_19,theta,0.011636612
4,barra_19,theta,0.0034426662
5,barra_19,theta,0.0053029172
6,barra_19,theta,0.0079929025
7,barra_19,theta,0.012065715
8,barra_19,theta,-0.0028549308
9,barra_19,theta,0.0142995
10,barra_19,theta,0.0081162586
11,barra_19,theta,-0.0023052077
12,barra_19,theta,0.0028471687
13,barra_19,theta,0.0076537113
14,barra_19,theta,-0.0037628765
15,barra_19,theta,0.0022774161
16,barra_19,theta,-0.012037684
17,barra_19,theta,-0.0083475778
18,barra_19,theta,0.010948731
19,barra_19,theta,0.011771135
20,barra_19,theta,0.0080640478
21,barra_19,theta,0.01495212
22,barra_19,theta,0.017014203
23,barra_19,theta,0.012961793
24,barra_19,theta,0.014635914
1,barra_20,theta,0.00089845587
2,barra_20,theta,0.0029054618
3,barra_20,theta,0.0049161714
4,barra_20,theta,-0.0066024934
5,barra_20,theta,-0.0028975496
6,barra_20,theta,0.001226819
7,barra_20,theta,0.0075838049
8,barra_20,theta,-0.011049236
9,barra_20,theta,0.014091034
10,barra_20,theta,0.0081162586
11,barra_20,theta,-0.0081572092
12,barra_20,theta,-0.0020225281
13,barra_20,theta,0.0057509493
14,barra_20,theta,-0.0075242273
15,barra_20,theta,-0.0024922929
16,barra_20,theta,-0.01866342
17,barra_20,theta,-0.016682999
18,barra_20,theta,0.0057159242
19,barra_20,theta,0.0050419269
20,barra_20,theta,-0.00218537
21,barra_20,theta,0.0046013218
22,barra_20,theta,0.0063017114
23,barra_20,theta,0.0039880767
24,barra_20,theta,0.0088970194
1,barra_21,theta,0.00089845587
2,barra_21,theta,0.0029054618
3,barra_21,theta,0.0049161714
4,barra_21,theta,-0.0066024934
5,barra_21,theta,-0.0028975496
6,barra_21,theta,0.001226819
7,barra_21,theta,0.0075838049
8,barra_21,theta,-0.011049236
9,barra_21,theta,0.014091034
10,barra_21,theta,0.0081162586
11,barra_21,theta,-0.0081572092
12,barra_21,theta,-0.0020225281
13,barra_21,theta,0.0057509493
14,barra_21,theta,-0.0075242273
15,barra_21,theta,-0.0024922929
16,barra_21,theta,-0.01866342
17,barra_21,theta,-0.016682999
18,barra_21,theta,0.0057159242
19,barra_21,theta,0.0050419269
20,barra_21,theta,-0.00218537
21,barra_21,theta,0.0046013218
22,barra_21,theta,0.0063017114
23,barra_21,theta,0.0039880767
24,barra_21,theta,0.0088970194
1,barra_22,theta,0.00089845587
2,barra_22,theta,0.0029054618
3,barra_22,theta,0.0049161714
4,barra_22,theta,-0.0066024934
5,barra_22,theta,-0.0028975496
6,barra_22,theta,0.001226819
7,barra_22,theta,0.0075838049
8,barra_22,theta,-0.011049236
9,barra_22,theta,0.014091034
10,barra_22,theta,0.0081162586
11,barra_22,theta,-0.0081572092
12,barra_22,theta,-0.0020225281
13,barra_22,theta,0.0057509493
14,barra_22,theta,-0.0075242273
15,barra_22,theta,-0.0024922929
16,barra_22,theta,-0.01866342
17,barra_22,theta,-0.016682999
18,barra_22,theta,0.0057159242
19,barra_22,theta,0.0050419269
20,barra_22,theta,-0.00218537
21,barra_22,theta,0.0046013218
22,barra_22,theta,0.0063017114
23,barra_22,theta,0.0039880767
24,barra_22,theta,0.0088970194
1,barra_23,theta,0.00089845587
2,barra_23,theta,0.0029054618
3,barra_23,theta,0.0049161714
4,barra_23,theta,-0.0066024934
5,barra_23,theta,-0.0028975496
6,barra_23,theta,0.001226819
7,barra_23,theta,0.0075838049
8,barra_23,theta,-0.011049236
9,barra_23,theta,0.014091034
10,barra_23,theta,0.0081162586
11,barra_23,theta,-0.0081572092
12,barra_23,theta,-0.00025798757
13,barra_23,theta,0.010874265
14,barra_23,theta,-0.005879254
15,barra_23,theta,-0.0012107791
16,barra_23,theta,-0.01866342
17,barra_23,theta,-0.016682999
18,barra_23,theta,0.0057159242
19,barra_23,theta,0.0050419269
20,barra_23,theta,-0.00218537
21,barra_23,theta,0.0046013218
22,barra_23,theta,0.0063017114
23,barra_23,theta,0.0039880767
24,barra_23,theta,0.0088970194
1,barra_24,theta,0.00089845587
2,barra_24,theta,0.0029054618
3,barra_24,theta,0.0049161714
4,barra_24,theta,-0.0066024934
5,barra_24,theta,-0.0028975496
6,barra_24,theta,0.001226819
7,barra_24,theta,0.0075838049
8,barra_24,theta,-0.011049236
9,barra_24,theta,0.014091034
10,barra_24,theta,0.0082700434
11,barra_24,theta,-0.0001697674
12,barra_24,theta,0.0094753073
13,barra_24,theta,0.023803974
14,barra_24,theta,0.0032915877
15,barra_24,theta,0.0075968897
16,barra_24,theta,-0.018006021
17,barra_24,theta,-0.016682999
18,barra_24,theta,0.0057159242
19,barra_24,theta,0.0050419269
20,barra_24,theta,-0.00218537
21,barra_24,theta,0.0046013218
22,barra_24,theta,0.0063017114
23,barra_24,theta,0.0039880767
24,barra_24,theta,0.0088970194
1,barra_25,theta,0.00089845587
2,barra_25,theta,0.0029054618
3,barra_25,theta,0.0049161714
4,barra_25,theta,-0.0066024934
5,barra_25,theta,-0.0028975496
6,barra_25,theta,0.0020715919
7,barra_25,theta,0.011831717
8,barra_25,theta,-0.010416701
9,barra_25,theta,0.022300366
10,barra_25,theta,0.01644359
11,barra_25,theta,0.01577323
12,barra_25,theta,0.027141555
13,barra_25,theta,0.044492857
14,barra_25,theta,0.019958254
15,barra_25,theta,0.023900669
16,barra_25,theta,-0.0094966217
17,barra_25,theta,-0.011020883
18,barra_25,theta,0.0057159242
19,barra_25,theta,0.0050419269
20,barra_25,theta,-0.00218537
21,barra_25,theta,0.0046013218
22,barra_25,theta,0.0063017114
23,barra_25,theta,0.0039880767
24,barra_25,theta,0.0088970194
1,barra_26,theta,0.00089845587
2,barra_26,theta,0.0029054618
3,barra_26,theta,0.0049161714
4,barra_26,theta,-0.0066024934
5,barra_26,theta,-0.0028975496
6,barra_26,theta,0.0020715919
7,barra_26,theta,0.011831717
8,barra_26,theta,-0.018921774
9,barra_26,theta,0.013848124
10,barra_26,theta,0.00043485596
11,barra_26,theta,0.001896672
12,barra_26,theta,0.010474888
13,barra_26,theta,0.027826191
14,barra_26,theta,0.00076953872
15,barra_26,theta,0.0088681923
16,barra_26,theta,-0.025174514
17,barra_26,theta,-0.019385404
18,barra_26,theta,0.0003481887
19,barra_26,theta,0.0042147726
20,barra_26,theta,-0.00218537
21,barra_26,theta,0.0046013218
22,barra_26,theta,0.0063017114
23,barra_26,theta,0.0039880767
24,barra_26,theta,0.0088970194
1,barra_27,theta,0.00089845587
2,barra_27,theta,0.0029054618
3,barra_27,theta,0.0049161714
4,barra_27,theta,-0.0066024934
5,barra_27,theta,-0.0028975496
6,barra_27,theta,0.0020715919
7,barra_27,theta,0.011831717
8,barra_27,theta,-0.018921774
9,barra_27,theta,0.01360424
10,barra_27,theta,-0.00758552
11,barra_27,theta,-0.0040160481
12,barra_27,theta,0.0017491867
13,barra_27,theta,0.01895094
14,barra_27,theta,-0.010943569
15,barra_27,theta,0.0013369215
16,barra_27,theta,-0.033029138
17,barra_27,theta,-0.019385404
18,barra_27,theta,0.0003481887
19,barra_27,theta,0.0042147726
20,barra_27,theta,-0.00218537
21,barra_27,theta,0.0046013218
22,barra_27,theta,0.0063017114
23,barra_27,theta,0.0039880767
24,barra_27,theta,0.0088970194
1,barra_28,theta,0.00089845587
2,barra_28,theta,0.0029054618
3,barra_28,theta,0.0049161714
4,barra_28,theta,-0.0066024934
5,barra_28,theta,-0.0028975496
6,barra_28,theta,0.0020715919
7,barra_28,theta,0.011831717
8,barra_28,theta,-0.018921774
9,barra_28,theta,0.01360424
10,barra_28,theta,-0.00758552
11,barra_28,theta,-0.0040160481
12,barra_28,theta,0.00099627812
13,barra_28,theta,0.017898334
14,barra_28,theta,-0.015140997
15,barra_28,theta,0.0013369215
16,barra_28,theta,-0.033029138
17,barra_28,theta,-0.019385404
18,barra_28,theta,0.0003481887
19,barra_28,theta,0.0042147726
20,barra_28,theta,-0.00218537
21,barra_28,theta,0.0046013218
22,barra_28,theta,0.0063017114
23,barra_28,theta,0.0039880767
24,barra_28,theta,0.0088970194
1,barra_29,theta,0.005590934
2,barra_29,theta,0.0082962345
3,barra_29,theta,0.011066786
4,barra_29,theta,4.5552645e-05
5,barra_29,theta,0.0023571018
6,barra_29,theta,0.0060711202
7,barra_29,theta,0.013798577
8,barra_29,theta,-0.018921774
9,barra_29,theta,0.01360424
10,barra_29,theta,-0.00758552
11,barra_29,theta,-0.0040160481
12,barra_29,theta,0.00099627812
13,barra_29,theta,0.017898334
14,barra_29,theta,-0.015140997
15,barra_29,theta,0.0013369215
16,barra_29,theta,-0.02828969
17,barra_29,theta,-0.019385404
18,barra_29,theta,0.0029821102
19,barra_29,theta,0.010943981
20,barra_29,theta,0.0042575993
21,barra_29,theta,0.01495212
22,barra_29,theta,0.015314662
23,barra_29,theta,0.014674396
24,barra_29,theta,0.015890863
1,barra_30,theta,0.019864231
2,barra_30,theta,0.023481522
3,barra_30,theta,0.027165901
4,barra_30,theta,0.016712219
5,barra_30,theta,0.017538465
6,barra_30,theta,0.019432593
7,barra_30,theta,0.024425915
8,barra_30,theta,-0.010416701
9,barra_30,theta,0.021813571
10,barra_30,theta,0.00043485596
11,barra_30,theta,0.0039713937
12,barra_30,theta,0.0089720765
13,barra_30,theta,0.02572518
14,barra_30,theta,-0.0076085622
15,barra_30,theta,0.0088681923
16,barra_30,theta,-0.015714538
17,barra_30,theta,-0.011020883
18,barra_30,theta,0.01452052
19,barra_30,theta,0.027610648
20,barra_30,theta,0.020924266
21,barra_30,theta,0.035596517
22,barra_30,theta,0.034992104
23,barra_30,theta,0.036274077
24,barra_30,theta,0.0338025
1,barra_31,theta,0.0031975639
2,barra_31,theta,0.0068148551
3,barra_31,theta,0.010499234
4,barra_31,theta,-0.0003046318
5,barra_31,theta,0.00087179785
6,barra_31,theta,0.0027659265
7,barra_31,theta,0.0077592485
8,barra_31,theta,-0.0269143
9,barra_31,theta,0.007307555
10,barra_31,theta,-0.012428786
11,barra_31,theta,-0.0080076809
12,barra_31,theta,-0.0021004718
13,barra_31,theta,0.015417675
14,barra_31,theta,-0.017300826
15,barra_31,theta,-0.00174374
16,barra_31,theta,-0.023569162
17,barra_31,theta,-0.026285537
18,barra_31,theta,-0.0021461463
19,barra_31,theta,0.011511282
20,barra_31,theta,0.0011470191
21,barra_31,theta,0.017033503
22,barra_31,theta,0.013628635
23,barra_31,theta,0.01960741
24,barra_31,theta,0.017135833
1,barra_32,theta,-0.0038978769
2,barra_32,theta,-6.3234414e-05
3,barra_32,theta,0.0037787931
4,barra_32,theta,-0.0073056694
5,barra_32,theta,-0.0058741106
6,barra_32,theta,-0.0045520428
7,barra_32,theta,-0.00027114566
8,barra_32,theta,-0.034938859
9,barra_32,theta,0.0009856331
10,barra_32,theta,-0.017291464
11,barra_32,theta,-0.012015312
12,barra_32,theta,-0.0052096335
13,barra_32,theta,0.012927073
14,barra_32,theta,-0.019469312
15,barra_32,theta,-0.0048367488
16,barra_32,theta,-0.023569162
17,barra_32,theta,-0.033213326
18,barra_32,theta,-0.0099288785
19,barra_32,theta,0.0053516489
20,barra_32,theta,-0.0084314648
21,barra_32,theta,0.0087807723
22,barra_32,theta,0.0029161436
23,barra_32,theta,0.013893649
24,barra_32,theta,0.011396939
1,barra_33,theta,-0.0038978769
2,barra_33,theta,-6.3234414e-05
3,barra_33,theta,0.0037787931
4,barra_33,theta,-0.0073056694
5,barra_33,theta,-0.0058741106
6,barra_33,theta,-0.0045520428
7,barra_33,theta,-0.00027114566
8,barra_33,theta,-0.034938859
9,barra_33,theta,0.0009856331
10,barra_33,theta,-0.017291464
11,barra_33,theta,-0.012015312
12,barra_33,theta,-0.0052096335
13,barra_33,theta,0.012927073
14,barra_33,theta,-0.019469312
15,barra_33,theta,-0.0048367488
16,barra_33,theta,-0.023569162
17,barra_33,theta,-0.033213326
18,barra_33,theta,-0.0099288785
19,barra_33,theta,0.0053516489
20,barra_33,theta,-0.0084314648
21,barra_33,theta,0.0087807723
22,barra_33,theta,0.0029161436
23,barra_33,theta,0.013893649
24,barra_33,theta,0.011396939
