tempo,entidade,variavel,valor
INFO,GERAL,custo_total,23920.31674510721
INFO,GERAL,num_barras,33.0
INFO,GERAL,num_baterias,2.0
INFO,GERAL,periodos_tempo,24.0
1,barra_1,PS,0.0
2,barra_1,PS,0.0
3,barra_1,PS,0.0
4,barra_1,PS,0.0
5,barra_1,PS,0.0
6,barra_1,PS,0.0
7,barra_1,PS,0.0
8,barra_1,PS,0.0
9,barra_1,PS,0.0
10,barra_1,PS,0.0
11,barra_1,PS,0.0
12,barra_1,PS,0.0
13,barra_1,PS,0.0
14,barra_1,PS,0.0
15,barra_1,PS,0.0
16,barra_1,PS,0.0
17,barra_1,PS,0.0
18,barra_1,PS,0.0
19,barra_1,PS,0.0
20,barra_1,PS,0.0
21,barra_1,PS,0.0
22,barra_1,PS,0.0
23,barra_1,PS,0.0
24,barra_1,PS,0.0
1,barra_2,PS,0.0
2,barra_2,PS,0.0
3,barra_2,PS,0.0
4,barra_2,PS,0.0
5,barra_2,PS,0.0
6,barra_2,PS,0.0
7,barra_2,PS,0.0
8,barra_2,PS,0.0
9,barra_2,PS,0.0
10,barra_2,PS,0.0
11,barra_2,PS,0.0
12,barra_2,PS,0.0
13,barra_2,PS,0.0
14,barra_2,PS,0.0
15,barra_2,PS,0.0
16,barra_2,PS,0.0
17,barra_2,PS,0.0
18,barra_2,PS,0.0
19,barra_2,PS,0.0
20,barra_2,PS,0.0
21,barra_2,PS,0.0
22,barra_2,PS,0.0
23,barra_2,PS,0.0
24,barra_2,PS,0.0
1,barra_3,PS,0.0
2,barra_3,PS,0.0
3,barra_3,PS,0.0
4,barra_3,PS,0.0
5,barra_3,PS,0.0
6,barra_3,PS,0.0
7,barra_3,PS,0.0
8,barra_3,PS,0.0
9,barra_3,PS,0.0
10,barra_3,PS,0.0
11,barra_3,PS,0.0
12,barra_3,PS,0.0
13,barra_3,PS,0.0
14,barra_3,PS,0.0
15,barra_3,PS,0.0
16,barra_3,PS,0.0
17,barra_3,PS,0.0
18,barra_3,PS,0.0
19,barra_3,PS,0.0
20,barra_3,PS,0.0
21,barra_3,PS,0.0
22,barra_3,PS,0.0
23,barra_3,PS,0.0
24,barra_3,PS,0.0
1,barra_4,PS,0.0
2,barra_4,PS,0.0
3,barra_4,PS,0.0
4,barra_4,PS,0.0
5,barra_4,PS,0.0
6,barra_4,PS,0.0
7,barra_4,PS,0.0
8,barra_4,PS,0.0
9,barra_4,PS,0.0
10,barra_4,PS,0.0
11,barra_4,PS,0.0
12,barra_4,PS,0.0
13,barra_4,PS,0.0
14,barra_4,PS,0.0
15,barra_4,PS,0.0
16,barra_4,PS,0.0
17,barra_4,PS,0.0
18,barra_4,PS,0.0
19,barra_4,PS,0.0
20,barra_4,PS,0.0
21,barra_4,PS,0.0
22,barra_4,PS,0.0
23,barra_4,PS,0.0
24,barra_4,PS,0.0
1,barra_5,PS,0.0
2,barra_5,PS,0.0
3,barra_5,PS,0.0
4,barra_5,PS,0.0
5,barra_5,PS,0.0
6,barra_5,PS,0.0
7,barra_5,PS,0.0
8,barra_5,PS,0.0
9,barra_5,PS,0.0
10,barra_5,PS,0.0
11,barra_5,PS,0.0
12,barra_5,PS,0.0
13,barra_5,PS,0.0
14,barra_5,PS,0.0
15,barra_5,PS,0.0
16,barra_5,PS,0.0
17,barra_5,PS,0.0
18,barra_5,PS,0.0
19,barra_5,PS,0.0
20,barra_5,PS,0.0
21,barra_5,PS,0.0
22,barra_5,PS,0.0
23,barra_5,PS,0.0
24,barra_5,PS,0.0
1,barra_6,PS,0.0
2,barra_6,PS,0.0
3,barra_6,PS,0.0
4,barra_6,PS,0.0
5,barra_6,PS,0.0
6,barra_6,PS,0.012
7,barra_6,PS,0.048
8,barra_6,PS,0.1
9,barra_6,PS,0.18
10,barra_6,PS,0.26
11,barra_6,PS,0.32
12,barra_6,PS,0.368
13,barra_6,PS,0.4
14,barra_6,PS,0.384
15,barra_6,PS,0.336
16,barra_6,PS,0.26
17,barra_6,PS,0.152
18,barra_6,PS,0.06
19,barra_6,PS,0.012
20,barra_6,PS,0.0
21,barra_6,PS,0.0
22,barra_6,PS,0.0
23,barra_6,PS,0.0
24,barra_6,PS,0.0
1,barra_7,PS,0.0
2,barra_7,PS,0.0
3,barra_7,PS,0.0
4,barra_7,PS,0.0
5,barra_7,PS,0.0
6,barra_7,PS,0.0
7,barra_7,PS,0.0
8,barra_7,PS,0.0
9,barra_7,PS,0.0
10,barra_7,PS,0.0
11,barra_7,PS,0.0
12,barra_7,PS,0.0
13,barra_7,PS,0.0
14,barra_7,PS,0.0
15,barra_7,PS,0.0
16,barra_7,PS,0.0
17,barra_7,PS,0.0
18,barra_7,PS,0.0
19,barra_7,PS,0.0
20,barra_7,PS,0.0
21,barra_7,PS,0.0
22,barra_7,PS,0.0
23,barra_7,PS,0.0
24,barra_7,PS,0.0
1,barra_8,PS,0.0
2,barra_8,PS,0.0
3,barra_8,PS,0.0
4,barra_8,PS,0.0
5,barra_8,PS,0.0
6,barra_8,PS,0.0
7,barra_8,PS,0.0
8,barra_8,PS,0.0
9,barra_8,PS,0.0
10,barra_8,PS,0.0
11,barra_8,PS,0.0
12,barra_8,PS,0.0
13,barra_8,PS,0.0
14,barra_8,PS,0.0
15,barra_8,PS,0.0
16,barra_8,PS,0.0
17,barra_8,PS,0.0
18,barra_8,PS,0.0
19,barra_8,PS,0.0
20,barra_8,PS,0.0
21,barra_8,PS,0.0
22,barra_8,PS,0.0
23,barra_8,PS,0.0
24,barra_8,PS,0.0
1,barra_9,PS,0.0
2,barra_9,PS,0.0
3,barra_9,PS,0.0
4,barra_9,PS,0.0
5,barra_9,PS,0.0
6,barra_9,PS,0.0
7,barra_9,PS,0.0
8,barra_9,PS,0.0
9,barra_9,PS,0.0
10,barra_9,PS,0.0
11,barra_9,PS,0.0
12,barra_9,PS,0.0
13,barra_9,PS,0.0
14,barra_9,PS,0.0
15,barra_9,PS,0.0
16,barra_9,PS,0.0
17,barra_9,PS,0.0
18,barra_9,PS,0.0
19,barra_9,PS,0.0
20,barra_9,PS,0.0
21,barra_9,PS,0.0
22,barra_9,PS,0.0
23,barra_9,PS,0.0
24,barra_9,PS,0.0
1,barra_10,PS,0.0
2,barra_10,PS,0.0
3,barra_10,PS,0.0
4,barra_10,PS,0.0
5,barra_10,PS,0.0
6,barra_10,PS,0.0
7,barra_10,PS,0.0
8,barra_10,PS,0.0
9,barra_10,PS,0.0
10,barra_10,PS,0.0
11,barra_10,PS,0.0
12,barra_10,PS,0.0
13,barra_10,PS,0.0
14,barra_10,PS,0.0
15,barra_10,PS,0.0
16,barra_10,PS,0.0
17,barra_10,PS,0.0
18,barra_10,PS,0.0
19,barra_10,PS,0.0
20,barra_10,PS,0.0
21,barra_10,PS,0.0
22,barra_10,PS,0.0
23,barra_10,PS,0.0
24,barra_10,PS,0.0
1,barra_11,PS,0.0
2,barra_11,PS,0.0
3,barra_11,PS,0.0
4,barra_11,PS,0.0
5,barra_11,PS,0.0
6,barra_11,PS,0.0
7,barra_11,PS,0.0
8,barra_11,PS,0.0
9,barra_11,PS,0.0
10,barra_11,PS,0.0
11,barra_11,PS,0.0
12,barra_11,PS,0.0
13,barra_11,PS,0.0
14,barra_11,PS,0.0
15,barra_11,PS,0.0
16,barra_11,PS,0.0
17,barra_11,PS,0.0
18,barra_11,PS,0.0
19,barra_11,PS,0.0
20,barra_11,PS,0.0
21,barra_11,PS,0.0
22,barra_11,PS,0.0
23,barra_11,PS,0.0
24,barra_11,PS,0.0
1,barra_12,PS,0.0
2,barra_12,PS,0.0
3,barra_12,PS,0.0
4,barra_12,PS,0.0
5,barra_12,PS,0.0
6,barra_12,PS,0.0
7,barra_12,PS,0.0
8,barra_12,PS,0.0
9,barra_12,PS,0.0
10,barra_12,PS,0.0
11,barra_12,PS,0.0
12,barra_12,PS,0.0
13,barra_12,PS,0.0
14,barra_12,PS,0.0
15,barra_12,PS,0.0
16,barra_12,PS,0.0
17,barra_12,PS,0.0
18,barra_12,PS,0.0
19,barra_12,PS,0.0
20,barra_12,PS,0.0
21,barra_12,PS,0.0
22,barra_12,PS,0.0
23,barra_12,PS,0.0
24,barra_12,PS,0.0
1,barra_13,PS,0.0
2,barra_13,PS,0.0
3,barra_13,PS,0.0
4,barra_13,PS,0.0
5,barra_13,PS,0.0
6,barra_13,PS,0.0
7,barra_13,PS,0.0
8,barra_13,PS,0.0
9,barra_13,PS,0.0
10,barra_13,PS,0.0
11,barra_13,PS,0.0
12,barra_13,PS,0.0
13,barra_13,PS,0.0
14,barra_13,PS,0.0
15,barra_13,PS,0.0
16,barra_13,PS,0.0
17,barra_13,PS,0.0
18,barra_13,PS,0.0
19,barra_13,PS,0.0
20,barra_13,PS,0.0
21,barra_13,PS,0.0
22,barra_13,PS,0.0
23,barra_13,PS,0.0
24,barra_13,PS,0.0
1,barra_14,PS,0.0
2,barra_14,PS,0.0
3,barra_14,PS,0.0
4,barra_14,PS,0.0
5,barra_14,PS,0.0
6,barra_14,PS,0.0105
7,barra_14,PS,0.042
8,barra_14,PS,0.0875
9,barra_14,PS,0.1575
10,barra_14,PS,0.2275
11,barra_14,PS,0.24233277
12,barra_14,PS,0.24197782
13,barra_14,PS,0.23745807
14,barra_14,PS,0.22853099
15,barra_14,PS,0.22848958
16,barra_14,PS,0.2275
17,barra_14,PS,0.133
18,barra_14,PS,0.0525
19,barra_14,PS,0.0105
20,barra_14,PS,0.0
21,barra_14,PS,0.0
22,barra_14,PS,0.0
23,barra_14,PS,0.0
24,barra_14,PS,0.0
1,barra_15,PS,0.0
2,barra_15,PS,0.0
3,barra_15,PS,0.0
4,barra_15,PS,0.0
5,barra_15,PS,0.0
6,barra_15,PS,0.0
7,barra_15,PS,0.0
8,barra_15,PS,0.0
9,barra_15,PS,0.0
10,barra_15,PS,0.0
11,barra_15,PS,0.0
12,barra_15,PS,0.0
13,barra_15,PS,0.0
14,barra_15,PS,0.0
15,barra_15,PS,0.0
16,barra_15,PS,0.0
17,barra_15,PS,0.0
18,barra_15,PS,0.0
19,barra_15,PS,0.0
20,barra_15,PS,0.0
21,barra_15,PS,0.0
22,barra_15,PS,0.0
23,barra_15,PS,0.0
24,barra_15,PS,0.0
1,barra_16,PS,0.0
2,barra_16,PS,0.0
3,barra_16,PS,0.0
4,barra_16,PS,0.0
5,barra_16,PS,0.0
6,barra_16,PS,0.0
7,barra_16,PS,0.0
8,barra_16,PS,0.0
9,barra_16,PS,0.0
10,barra_16,PS,0.0
11,barra_16,PS,0.0
12,barra_16,PS,0.0
13,barra_16,PS,0.0
14,barra_16,PS,0.0
15,barra_16,PS,0.0
16,barra_16,PS,0.0
17,barra_16,PS,0.0
18,barra_16,PS,0.0
19,barra_16,PS,0.0
20,barra_16,PS,0.0
21,barra_16,PS,0.0
22,barra_16,PS,0.0
23,barra_16,PS,0.0
24,barra_16,PS,0.0
1,barra_17,PS,0.0
2,barra_17,PS,0.0
3,barra_17,PS,0.0
4,barra_17,PS,0.0
5,barra_17,PS,0.0
6,barra_17,PS,0.0
7,barra_17,PS,0.0
8,barra_17,PS,0.0
9,barra_17,PS,0.0
10,barra_17,PS,0.0
11,barra_17,PS,0.0
12,barra_17,PS,0.0
13,barra_17,PS,0.0
14,barra_17,PS,0.0
15,barra_17,PS,0.0
16,barra_17,PS,0.0
17,barra_17,PS,0.0
18,barra_17,PS,0.0
19,barra_17,PS,0.0
20,barra_17,PS,0.0
21,barra_17,PS,0.0
22,barra_17,PS,0.0
23,barra_17,PS,0.0
24,barra_17,PS,0.0
1,barra_18,PS,0.0
2,barra_18,PS,0.0
3,barra_18,PS,0.0
4,barra_18,PS,0.0
5,barra_18,PS,0.0
6,barra_18,PS,0.0
7,barra_18,PS,0.0
8,barra_18,PS,0.0
9,barra_18,PS,0.0
10,barra_18,PS,0.0
11,barra_18,PS,0.0
12,barra_18,PS,0.0
13,barra_18,PS,0.0
14,barra_18,PS,0.0
15,barra_18,PS,0.0
16,barra_18,PS,0.0
17,barra_18,PS,0.0
18,barra_18,PS,0.0
19,barra_18,PS,0.0
20,barra_18,PS,0.0
21,barra_18,PS,0.0
22,barra_18,PS,0.0
23,barra_18,PS,0.0
24,barra_18,PS,0.0
1,barra_19,PS,0.0
2,barra_19,PS,0.0
3,barra_19,PS,0.0
4,barra_19,PS,0.0
5,barra_19,PS,0.0
6,barra_19,PS,0.0
7,barra_19,PS,0.0
8,barra_19,PS,0.0
9,barra_19,PS,0.0
10,barra_19,PS,0.0
11,barra_19,PS,0.0
12,barra_19,PS,0.0
13,barra_19,PS,0.0
14,barra_19,PS,0.0
15,barra_19,PS,0.0
16,barra_19,PS,0.0
17,barra_19,PS,0.0
18,barra_19,PS,0.0
19,barra_19,PS,0.0
20,barra_19,PS,0.0
21,barra_19,PS,0.0
22,barra_19,PS,0.0
23,barra_19,PS,0.0
24,barra_19,PS,0.0
1,barra_20,PS,0.0
2,barra_20,PS,0.0
3,barra_20,PS,0.0
4,barra_20,PS,0.0
5,barra_20,PS,0.0
6,barra_20,PS,0.0
7,barra_20,PS,0.0
8,barra_20,PS,0.0
9,barra_20,PS,0.0
10,barra_20,PS,0.0
11,barra_20,PS,0.0
12,barra_20,PS,0.0
13,barra_20,PS,0.0
14,barra_20,PS,0.0
15,barra_20,PS,0.0
16,barra_20,PS,0.0
17,barra_20,PS,0.0
18,barra_20,PS,0.0
19,barra_20,PS,0.0
20,barra_20,PS,0.0
21,barra_20,PS,0.0
22,barra_20,PS,0.0
23,barra_20,PS,0.0
24,barra_20,PS,0.0
1,barra_21,PS,0.0
2,barra_21,PS,0.0
3,barra_21,PS,0.0
4,barra_21,PS,0.0
5,barra_21,PS,0.0
6,barra_21,PS,0.0
7,barra_21,PS,0.0
8,barra_21,PS,0.0
9,barra_21,PS,0.0
10,barra_21,PS,0.0
11,barra_21,PS,0.0
12,barra_21,PS,0.0
13,barra_21,PS,0.0
14,barra_21,PS,0.0
15,barra_21,PS,0.0
16,barra_21,PS,0.0
17,barra_21,PS,0.0
18,barra_21,PS,0.0
19,barra_21,PS,0.0
20,barra_21,PS,0.0
21,barra_21,PS,0.0
22,barra_21,PS,0.0
23,barra_21,PS,0.0
24,barra_21,PS,0.0
1,barra_22,PS,0.0
2,barra_22,PS,0.0
3,barra_22,PS,0.0
4,barra_22,PS,0.0
5,barra_22,PS,0.0
6,barra_22,PS,0.0
7,barra_22,PS,0.0
8,barra_22,PS,0.0
9,barra_22,PS,0.0
10,barra_22,PS,0.0
11,barra_22,PS,0.0
12,barra_22,PS,0.0
13,barra_22,PS,0.0
14,barra_22,PS,0.0
15,barra_22,PS,0.0
16,barra_22,PS,0.0
17,barra_22,PS,0.0
18,barra_22,PS,0.0
19,barra_22,PS,0.0
20,barra_22,PS,0.0
21,barra_22,PS,0.0
22,barra_22,PS,0.0
23,barra_22,PS,0.0
24,barra_22,PS,0.0
1,barra_23,PS,0.0
2,barra_23,PS,0.0
3,barra_23,PS,0.0
4,barra_23,PS,0.0
5,barra_23,PS,0.0
6,barra_23,PS,0.0
7,barra_23,PS,0.0
8,barra_23,PS,0.0
9,barra_23,PS,0.0
10,barra_23,PS,0.0
11,barra_23,PS,0.0
12,barra_23,PS,0.0
13,barra_23,PS,0.0
14,barra_23,PS,0.0
15,barra_23,PS,0.0
16,barra_23,PS,0.0
17,barra_23,PS,0.0
18,barra_23,PS,0.0
19,barra_23,PS,0.0
20,barra_23,PS,0.0
21,barra_23,PS,0.0
22,barra_23,PS,0.0
23,barra_23,PS,0.0
24,barra_23,PS,0.0
1,barra_24,PS,0.0
2,barra_24,PS,0.0
3,barra_24,PS,0.0
4,barra_24,PS,0.0
5,barra_24,PS,0.0
6,barra_24,PS,0.0
7,barra_24,PS,0.0
8,barra_24,PS,0.0
9,barra_24,PS,0.0
10,barra_24,PS,0.0
11,barra_24,PS,0.0
12,barra_24,PS,0.0
13,barra_24,PS,0.0
14,barra_24,PS,0.0
15,barra_24,PS,0.0
16,barra_24,PS,0.0
17,barra_24,PS,0.0
18,barra_24,PS,0.0
19,barra_24,PS,0.0
20,barra_24,PS,0.0
21,barra_24,PS,0.0
22,barra_24,PS,0.0
23,barra_24,PS,0.0
24,barra_24,PS,0.0
1,barra_25,PS,0.0
2,barra_25,PS,0.0
3,barra_25,PS,0.0
4,barra_25,PS,0.0
5,barra_25,PS,0.0
6,barra_25,PS,0.0135
7,barra_25,PS,0.054
8,barra_25,PS,0.1125
9,barra_25,PS,0.2025
10,barra_25,PS,0.242712
11,barra_25,PS,0.242543
12,barra_25,PS,0.242483
13,barra_25,PS,0.422219
14,barra_25,PS,0.251275
15,barra_25,PS,0.378
16,barra_25,PS,0.2925
17,barra_25,PS,0.171
18,barra_25,PS,0.0675
19,barra_25,PS,0.0135
20,barra_25,PS,0.0
21,barra_25,PS,0.0
22,barra_25,PS,0.0
23,barra_25,PS,0.0
24,barra_25,PS,0.0
1,barra_26,PS,0.0
2,barra_26,PS,0.0
3,barra_26,PS,0.0
4,barra_26,PS,0.0
5,barra_26,PS,0.0
6,barra_26,PS,0.0
7,barra_26,PS,0.0
8,barra_26,PS,0.0
9,barra_26,PS,0.0
10,barra_26,PS,0.0
11,barra_26,PS,0.0
12,barra_26,PS,0.0
13,barra_26,PS,0.0
14,barra_26,PS,0.0
15,barra_26,PS,0.0
16,barra_26,PS,0.0
17,barra_26,PS,0.0
18,barra_26,PS,0.0
19,barra_26,PS,0.0
20,barra_26,PS,0.0
21,barra_26,PS,0.0
22,barra_26,PS,0.0
23,barra_26,PS,0.0
24,barra_26,PS,0.0
1,barra_27,PS,0.0
2,barra_27,PS,0.0
3,barra_27,PS,0.0
4,barra_27,PS,0.0
5,barra_27,PS,0.0
6,barra_27,PS,0.0
7,barra_27,PS,0.0
8,barra_27,PS,0.0
9,barra_27,PS,0.0
10,barra_27,PS,0.0
11,barra_27,PS,0.0
12,barra_27,PS,0.0
13,barra_27,PS,0.0
14,barra_27,PS,0.0
15,barra_27,PS,0.0
16,barra_27,PS,0.0
17,barra_27,PS,0.0
18,barra_27,PS,0.0
19,barra_27,PS,0.0
20,barra_27,PS,0.0
21,barra_27,PS,0.0
22,barra_27,PS,0.0
23,barra_27,PS,0.0
24,barra_27,PS,0.0
1,barra_28,PS,0.0
2,barra_28,PS,0.0
3,barra_28,PS,0.0
4,barra_28,PS,0.0
5,barra_28,PS,0.0
6,barra_28,PS,0.0
7,barra_28,PS,0.0
8,barra_28,PS,0.0
9,barra_28,PS,0.0
10,barra_28,PS,0.0
11,barra_28,PS,0.0
12,barra_28,PS,0.0
13,barra_28,PS,0.0
14,barra_28,PS,0.0
15,barra_28,PS,0.0
16,barra_28,PS,0.0
17,barra_28,PS,0.0
18,barra_28,PS,0.0
19,barra_28,PS,0.0
20,barra_28,PS,0.0
21,barra_28,PS,0.0
22,barra_28,PS,0.0
23,barra_28,PS,0.0
24,barra_28,PS,0.0
1,barra_29,PS,0.0
2,barra_29,PS,0.0
3,barra_29,PS,0.0
4,barra_29,PS,0.0
5,barra_29,PS,0.0
6,barra_29,PS,0.0
7,barra_29,PS,0.0
8,barra_29,PS,0.0
9,barra_29,PS,0.0
10,barra_29,PS,0.0
11,barra_29,PS,0.0
12,barra_29,PS,0.0
13,barra_29,PS,0.0
14,barra_29,PS,0.0
15,barra_29,PS,0.0
16,barra_29,PS,0.0
17,barra_29,PS,0.0
18,barra_29,PS,0.0
19,barra_29,PS,0.0
20,barra_29,PS,0.0
21,barra_29,PS,0.0
22,barra_29,PS,0.0
23,barra_29,PS,0.0
24,barra_29,PS,0.0
1,barra_30,PS,0.0
2,barra_30,PS,0.0
3,barra_30,PS,0.0
4,barra_30,PS,0.0
5,barra_30,PS,0.0
6,barra_30,PS,0.0
7,barra_30,PS,0.0
8,barra_30,PS,0.0
9,barra_30,PS,0.0
10,barra_30,PS,0.0
11,barra_30,PS,0.0
12,barra_30,PS,0.0
13,barra_30,PS,0.0
14,barra_30,PS,0.0
15,barra_30,PS,0.0
16,barra_30,PS,0.0
17,barra_30,PS,0.0
18,barra_30,PS,0.0
19,barra_30,PS,0.0
20,barra_30,PS,0.0
21,barra_30,PS,0.0
22,barra_30,PS,0.0
23,barra_30,PS,0.0
24,barra_30,PS,0.0
1,barra_31,PS,0.0
2,barra_31,PS,0.0
3,barra_31,PS,0.0
4,barra_31,PS,0.0
5,barra_31,PS,0.0
6,barra_31,PS,0.0
7,barra_31,PS,0.0
8,barra_31,PS,0.0
9,barra_31,PS,0.0
10,barra_31,PS,0.0
11,barra_31,PS,0.0
12,barra_31,PS,0.0
13,barra_31,PS,0.0
14,barra_31,PS,0.0
15,barra_31,PS,0.0
16,barra_31,PS,0.0
17,barra_31,PS,0.0
18,barra_31,PS,0.0
19,barra_31,PS,0.0
20,barra_31,PS,0.0
21,barra_31,PS,0.0
22,barra_31,PS,0.0
23,barra_31,PS,0.0
24,barra_31,PS,0.0
1,barra_32,PS,0.0
2,barra_32,PS,0.0
3,barra_32,PS,0.0
4,barra_32,PS,0.0
5,barra_32,PS,0.0
6,barra_32,PS,0.0
7,barra_32,PS,0.0
8,barra_32,PS,0.0
9,barra_32,PS,0.0
10,barra_32,PS,0.0
11,barra_32,PS,0.0
12,barra_32,PS,0.0
13,barra_32,PS,0.0
14,barra_32,PS,0.0
15,barra_32,PS,0.0
16,barra_32,PS,0.0
17,barra_32,PS,0.0
18,barra_32,PS,0.0
19,barra_32,PS,0.0
20,barra_32,PS,0.0
21,barra_32,PS,0.0
22,barra_32,PS,0.0
23,barra_32,PS,0.0
24,barra_32,PS,0.0
1,barra_33,PS,0.0
2,barra_33,PS,0.0
3,barra_33,PS,0.0
4,barra_33,PS,0.0
5,barra_33,PS,0.0
6,barra_33,PS,0.0
7,barra_33,PS,0.0
8,barra_33,PS,0.0
9,barra_33,PS,0.0
10,barra_33,PS,0.0
11,barra_33,PS,0.0
12,barra_33,PS,0.0
13,barra_33,PS,0.0
14,barra_33,PS,0.0
15,barra_33,PS,0.0
16,barra_33,PS,0.0
17,barra_33,PS,0.0
18,barra_33,PS,0.0
19,barra_33,PS,0.0
20,barra_33,PS,0.0
21,barra_33,PS,0.0
22,barra_33,PS,0.0
23,barra_33,PS,0.0
24,barra_33,PS,0.0
1,barra_1,PW,0.0
2,barra_1,PW,0.0
3,barra_1,PW,0.0
4,barra_1,PW,0.0
5,barra_1,PW,0.0
6,barra_1,PW,0.0
7,barra_1,PW,0.0
8,barra_1,PW,0.0
9,barra_1,PW,0.0
10,barra_1,PW,0.0
11,barra_1,PW,0.0
12,barra_1,PW,0.0
13,barra_1,PW,0.0
14,barra_1,PW,0.0
15,barra_1,PW,0.0
16,barra_1,PW,0.0
17,barra_1,PW,0.0
18,barra_1,PW,0.0
19,barra_1,PW,0.0
20,barra_1,PW,0.0
21,barra_1,PW,0.0
22,barra_1,PW,0.0
23,barra_1,PW,0.0
24,barra_1,PW,0.0
1,barra_2,PW,0.0
2,barra_2,PW,0.0
3,barra_2,PW,0.0
4,barra_2,PW,0.0
5,barra_2,PW,0.0
6,barra_2,PW,0.0
7,barra_2,PW,0.0
8,barra_2,PW,0.0
9,barra_2,PW,0.0
10,barra_2,PW,0.0
11,barra_2,PW,0.0
12,barra_2,PW,0.0
13,barra_2,PW,0.0
14,barra_2,PW,0.0
15,barra_2,PW,0.0
16,barra_2,PW,0.0
17,barra_2,PW,0.0
18,barra_2,PW,0.0
19,barra_2,PW,0.0
20,barra_2,PW,0.0
21,barra_2,PW,0.0
22,barra_2,PW,0.0
23,barra_2,PW,0.0
24,barra_2,PW,0.0
1,barra_3,PW,0.0
2,barra_3,PW,0.0
3,barra_3,PW,0.0
4,barra_3,PW,0.0
5,barra_3,PW,0.0
6,barra_3,PW,0.0
7,barra_3,PW,0.0
8,barra_3,PW,0.0
9,barra_3,PW,0.0
10,barra_3,PW,0.0
11,barra_3,PW,0.0
12,barra_3,PW,0.0
13,barra_3,PW,0.0
14,barra_3,PW,0.0
15,barra_3,PW,0.0
16,barra_3,PW,0.0
17,barra_3,PW,0.0
18,barra_3,PW,0.0
19,barra_3,PW,0.0
20,barra_3,PW,0.0
21,barra_3,PW,0.0
22,barra_3,PW,0.0
23,barra_3,PW,0.0
24,barra_3,PW,0.0
1,barra_4,PW,0.0
2,barra_4,PW,0.0
3,barra_4,PW,0.0
4,barra_4,PW,0.0
5,barra_4,PW,0.0
6,barra_4,PW,0.0
7,barra_4,PW,0.0
8,barra_4,PW,0.0
9,barra_4,PW,0.0
10,barra_4,PW,0.0
11,barra_4,PW,0.0
12,barra_4,PW,0.0
13,barra_4,PW,0.0
14,barra_4,PW,0.0
15,barra_4,PW,0.0
16,barra_4,PW,0.0
17,barra_4,PW,0.0
18,barra_4,PW,0.0
19,barra_4,PW,0.0
20,barra_4,PW,0.0
21,barra_4,PW,0.0
22,barra_4,PW,0.0
23,barra_4,PW,0.0
24,barra_4,PW,0.0
1,barra_5,PW,0.0
2,barra_5,PW,0.0
3,barra_5,PW,0.0
4,barra_5,PW,0.0
5,barra_5,PW,0.0
6,barra_5,PW,0.0
7,barra_5,PW,0.0
8,barra_5,PW,0.0
9,barra_5,PW,0.0
10,barra_5,PW,0.0
11,barra_5,PW,0.0
12,barra_5,PW,0.0
13,barra_5,PW,0.0
14,barra_5,PW,0.0
15,barra_5,PW,0.0
16,barra_5,PW,0.0
17,barra_5,PW,0.0
18,barra_5,PW,0.0
19,barra_5,PW,0.0
20,barra_5,PW,0.0
21,barra_5,PW,0.0
22,barra_5,PW,0.0
23,barra_5,PW,0.0
24,barra_5,PW,0.0
1,barra_6,PW,0.12032088
2,barra_6,PW,0.0
3,barra_6,PW,0.08359354
4,barra_6,PW,0.0041353866
5,barra_6,PW,0.13459866
6,barra_6,PW,0.10764021
7,barra_6,PW,0.036694013
8,barra_6,PW,0.0
9,barra_6,PW,0.0
10,barra_6,PW,0.0
11,barra_6,PW,0.0
12,barra_6,PW,0.0
13,barra_6,PW,0.0
14,barra_6,PW,0.0
15,barra_6,PW,0.0
16,barra_6,PW,0.0
17,barra_6,PW,0.0
18,barra_6,PW,0.0
19,barra_6,PW,0.0
20,barra_6,PW,0.0
21,barra_6,PW,0.0
22,barra_6,PW,0.0
23,barra_6,PW,0.0
24,barra_6,PW,0.12756826
1,barra_7,PW,0.0
2,barra_7,PW,0.0
3,barra_7,PW,0.0
4,barra_7,PW,0.0
5,barra_7,PW,0.0
6,barra_7,PW,0.0
7,barra_7,PW,0.0
8,barra_7,PW,0.0
9,barra_7,PW,0.0
10,barra_7,PW,0.0
11,barra_7,PW,0.0
12,barra_7,PW,0.0
13,barra_7,PW,0.0
14,barra_7,PW,0.0
15,barra_7,PW,0.0
16,barra_7,PW,0.0
17,barra_7,PW,0.0
18,barra_7,PW,0.0
19,barra_7,PW,0.0
20,barra_7,PW,0.0
21,barra_7,PW,0.0
22,barra_7,PW,0.0
23,barra_7,PW,0.0
24,barra_7,PW,0.0
1,barra_8,PW,0.0
2,barra_8,PW,0.0
3,barra_8,PW,0.0
4,barra_8,PW,0.0
5,barra_8,PW,0.0
6,barra_8,PW,0.0
7,barra_8,PW,0.0
8,barra_8,PW,0.0
9,barra_8,PW,0.0
10,barra_8,PW,0.0
11,barra_8,PW,0.0
12,barra_8,PW,0.0
13,barra_8,PW,0.0
14,barra_8,PW,0.0
15,barra_8,PW,0.0
16,barra_8,PW,0.0
17,barra_8,PW,0.0
18,barra_8,PW,0.0
19,barra_8,PW,0.0
20,barra_8,PW,0.0
21,barra_8,PW,0.0
22,barra_8,PW,0.0
23,barra_8,PW,0.0
24,barra_8,PW,0.0
1,barra_9,PW,0.0
2,barra_9,PW,0.0
3,barra_9,PW,0.0
4,barra_9,PW,0.0
5,barra_9,PW,0.0
6,barra_9,PW,0.0
7,barra_9,PW,0.0
8,barra_9,PW,0.0
9,barra_9,PW,0.0
10,barra_9,PW,0.0
11,barra_9,PW,0.0
12,barra_9,PW,0.0
13,barra_9,PW,0.0
14,barra_9,PW,0.0
15,barra_9,PW,0.0
16,barra_9,PW,0.0
17,barra_9,PW,0.0
18,barra_9,PW,0.0
19,barra_9,PW,0.0
20,barra_9,PW,0.0
21,barra_9,PW,0.0
22,barra_9,PW,0.0
23,barra_9,PW,0.0
24,barra_9,PW,0.0
1,barra_10,PW,0.0
2,barra_10,PW,0.0
3,barra_10,PW,0.0
4,barra_10,PW,0.0
5,barra_10,PW,0.0
6,barra_10,PW,0.0
7,barra_10,PW,0.0
8,barra_10,PW,0.0
9,barra_10,PW,0.0
10,barra_10,PW,0.0
11,barra_10,PW,0.0
12,barra_10,PW,0.0
13,barra_10,PW,0.0
14,barra_10,PW,0.0
15,barra_10,PW,0.0
16,barra_10,PW,0.0
17,barra_10,PW,0.0
18,barra_10,PW,0.0
19,barra_10,PW,0.0
20,barra_10,PW,0.0
21,barra_10,PW,0.0
22,barra_10,PW,0.0
23,barra_10,PW,0.0
24,barra_10,PW,0.0
1,barra_11,PW,0.0
2,barra_11,PW,0.0
3,barra_11,PW,0.0
4,barra_11,PW,0.0
5,barra_11,PW,0.0
6,barra_11,PW,0.0
7,barra_11,PW,0.0
8,barra_11,PW,0.0
9,barra_11,PW,0.0
10,barra_11,PW,0.0
11,barra_11,PW,0.0
12,barra_11,PW,0.0
13,barra_11,PW,0.0
14,barra_11,PW,0.0
15,barra_11,PW,0.0
16,barra_11,PW,0.0
17,barra_11,PW,0.0
18,barra_11,PW,0.0
19,barra_11,PW,0.0
20,barra_11,PW,0.0
21,barra_11,PW,0.0
22,barra_11,PW,0.0
23,barra_11,PW,0.0
24,barra_11,PW,0.0
1,barra_12,PW,0.0
2,barra_12,PW,0.0
3,barra_12,PW,0.0
4,barra_12,PW,0.0
5,barra_12,PW,0.0
6,barra_12,PW,0.0
7,barra_12,PW,0.0
8,barra_12,PW,0.0
9,barra_12,PW,0.0
10,barra_12,PW,0.0
11,barra_12,PW,0.0
12,barra_12,PW,0.0
13,barra_12,PW,0.0
14,barra_12,PW,0.0
15,barra_12,PW,0.0
16,barra_12,PW,0.0
17,barra_12,PW,0.0
18,barra_12,PW,0.0
19,barra_12,PW,0.0
20,barra_12,PW,0.0
21,barra_12,PW,0.0
22,barra_12,PW,0.0
23,barra_12,PW,0.0
24,barra_12,PW,0.0
1,barra_13,PW,0.0
2,barra_13,PW,0.0
3,barra_13,PW,0.0
4,barra_13,PW,0.0
5,barra_13,PW,0.0
6,barra_13,PW,0.0
7,barra_13,PW,0.0
8,barra_13,PW,0.0
9,barra_13,PW,0.0
10,barra_13,PW,0.0
11,barra_13,PW,0.0
12,barra_13,PW,0.0
13,barra_13,PW,0.0
14,barra_13,PW,0.0
15,barra_13,PW,0.0
16,barra_13,PW,0.0
17,barra_13,PW,0.0
18,barra_13,PW,0.0
19,barra_13,PW,0.0
20,barra_13,PW,0.0
21,barra_13,PW,0.0
22,barra_13,PW,0.0
23,barra_13,PW,0.0
24,barra_13,PW,0.0
1,barra_14,PW,0.0
2,barra_14,PW,0.0
3,barra_14,PW,0.0
4,barra_14,PW,0.0
5,barra_14,PW,0.0
6,barra_14,PW,0.0
7,barra_14,PW,0.0
8,barra_14,PW,0.0
9,barra_14,PW,0.0
10,barra_14,PW,0.0
11,barra_14,PW,0.0
12,barra_14,PW,0.0
13,barra_14,PW,0.0
14,barra_14,PW,0.0
15,barra_14,PW,0.0
16,barra_14,PW,0.0
17,barra_14,PW,0.0
18,barra_14,PW,0.0
19,barra_14,PW,0.0
20,barra_14,PW,0.0
21,barra_14,PW,0.0
22,barra_14,PW,0.0
23,barra_14,PW,0.0
24,barra_14,PW,0.0
1,barra_15,PW,0.0
2,barra_15,PW,0.0
3,barra_15,PW,0.0
4,barra_15,PW,0.0
5,barra_15,PW,0.0
6,barra_15,PW,0.0
7,barra_15,PW,0.0
8,barra_15,PW,0.0
9,barra_15,PW,0.0
10,barra_15,PW,0.0
11,barra_15,PW,0.0
12,barra_15,PW,0.0
13,barra_15,PW,0.0
14,barra_15,PW,0.0
15,barra_15,PW,0.0
16,barra_15,PW,0.0
17,barra_15,PW,0.0
18,barra_15,PW,0.0
19,barra_15,PW,0.0
20,barra_15,PW,0.0
21,barra_15,PW,0.0
22,barra_15,PW,0.0
23,barra_15,PW,0.0
24,barra_15,PW,0.0
1,barra_16,PW,0.0
2,barra_16,PW,0.0
3,barra_16,PW,0.0
4,barra_16,PW,0.0
5,barra_16,PW,0.0
6,barra_16,PW,0.0
7,barra_16,PW,0.0
8,barra_16,PW,0.0
9,barra_16,PW,0.0
10,barra_16,PW,0.0
11,barra_16,PW,0.0
12,barra_16,PW,0.0
13,barra_16,PW,0.0
14,barra_16,PW,0.0
15,barra_16,PW,0.0
16,barra_16,PW,0.0
17,barra_16,PW,0.0
18,barra_16,PW,0.0
19,barra_16,PW,0.0
20,barra_16,PW,0.0
21,barra_16,PW,0.0
22,barra_16,PW,0.0
23,barra_16,PW,0.0
24,barra_16,PW,0.0
1,barra_17,PW,0.0
2,barra_17,PW,0.0
3,barra_17,PW,0.0
4,barra_17,PW,0.0
5,barra_17,PW,0.0
6,barra_17,PW,0.0
7,barra_17,PW,0.0
8,barra_17,PW,0.0
9,barra_17,PW,0.0
10,barra_17,PW,0.0
11,barra_17,PW,0.0
12,barra_17,PW,0.0
13,barra_17,PW,0.0
14,barra_17,PW,0.0
15,barra_17,PW,0.0
16,barra_17,PW,0.0
17,barra_17,PW,0.0
18,barra_17,PW,0.0
19,barra_17,PW,0.0
20,barra_17,PW,0.0
21,barra_17,PW,0.0
22,barra_17,PW,0.0
23,barra_17,PW,0.0
24,barra_17,PW,0.0
1,barra_18,PW,0.25000778
2,barra_18,PW,0.25248282
3,barra_18,PW,0.25427616
4,barra_18,PW,0.25510043
5,barra_18,PW,0.25398655
6,barra_18,PW,0.24616027
7,barra_18,PW,0.23390559
8,barra_18,PW,0.21392665
9,barra_18,PW,0.15847461
10,barra_18,PW,0.090444324
11,barra_18,PW,0.076338054
12,barra_18,PW,0.076226239
13,barra_18,PW,0.07480246
14,barra_18,PW,0.071990309
15,barra_18,PW,0.071977264
16,barra_18,PW,0.083754967
17,barra_18,PW,0.18463735
18,barra_18,PW,0.23447137
19,barra_18,PW,0.24989037
20,barra_18,PW,0.25521549
21,barra_18,PW,0.25658668
22,barra_18,PW,0.26147812
23,barra_18,PW,0.26503793
24,barra_18,PW,0.26688885
1,barra_19,PW,0.0
2,barra_19,PW,0.0
3,barra_19,PW,0.0
4,barra_19,PW,0.0
5,barra_19,PW,0.0
6,barra_19,PW,0.0
7,barra_19,PW,0.0
8,barra_19,PW,0.0
9,barra_19,PW,0.0
10,barra_19,PW,0.0
11,barra_19,PW,0.0
12,barra_19,PW,0.0
13,barra_19,PW,0.0
14,barra_19,PW,0.0
15,barra_19,PW,0.0
16,barra_19,PW,0.0
17,barra_19,PW,0.0
18,barra_19,PW,0.0
19,barra_19,PW,0.0
20,barra_19,PW,0.0
21,barra_19,PW,0.0
22,barra_19,PW,0.0
23,barra_19,PW,0.0
24,barra_19,PW,0.0
1,barra_20,PW,0.0
2,barra_20,PW,0.0
3,barra_20,PW,0.0
4,barra_20,PW,0.0
5,barra_20,PW,0.0
6,barra_20,PW,0.0
7,barra_20,PW,0.0
8,barra_20,PW,0.0
9,barra_20,PW,0.0
10,barra_20,PW,0.0
11,barra_20,PW,0.0
12,barra_20,PW,0.0
13,barra_20,PW,0.0
14,barra_20,PW,0.0
15,barra_20,PW,0.0
16,barra_20,PW,0.0
17,barra_20,PW,0.0
18,barra_20,PW,0.0
19,barra_20,PW,0.0
20,barra_20,PW,0.0
21,barra_20,PW,0.0
22,barra_20,PW,0.0
23,barra_20,PW,0.0
24,barra_20,PW,0.0
1,barra_21,PW,0.0
2,barra_21,PW,0.0
3,barra_21,PW,0.0
4,barra_21,PW,0.0
5,barra_21,PW,0.0
6,barra_21,PW,0.0
7,barra_21,PW,0.0
8,barra_21,PW,0.0
9,barra_21,PW,0.0
10,barra_21,PW,0.0
11,barra_21,PW,0.0
12,barra_21,PW,0.0
13,barra_21,PW,0.0
14,barra_21,PW,0.0
15,barra_21,PW,0.0
16,barra_21,PW,0.0
17,barra_21,PW,0.0
18,barra_21,PW,0.0
19,barra_21,PW,0.0
20,barra_21,PW,0.0
21,barra_21,PW,0.0
22,barra_21,PW,0.0
23,barra_21,PW,0.0
24,barra_21,PW,0.0
1,barra_22,PW,0.0
2,barra_22,PW,0.0
3,barra_22,PW,0.0
4,barra_22,PW,0.0
5,barra_22,PW,0.0
6,barra_22,PW,0.0
7,barra_22,PW,0.0
8,barra_22,PW,0.0
9,barra_22,PW,0.0
10,barra_22,PW,0.0
11,barra_22,PW,0.0
12,barra_22,PW,0.0
13,barra_22,PW,0.0
14,barra_22,PW,0.0
15,barra_22,PW,0.0
16,barra_22,PW,0.0
17,barra_22,PW,0.0
18,barra_22,PW,0.0
19,barra_22,PW,0.0
20,barra_22,PW,0.0
21,barra_22,PW,0.0
22,barra_22,PW,0.0
23,barra_22,PW,0.0
24,barra_22,PW,0.0
1,barra_23,PW,0.0
2,barra_23,PW,0.0
3,barra_23,PW,0.0
4,barra_23,PW,0.0
5,barra_23,PW,0.0
6,barra_23,PW,0.0
7,barra_23,PW,0.0
8,barra_23,PW,0.0
9,barra_23,PW,0.0
10,barra_23,PW,0.0
11,barra_23,PW,0.0
12,barra_23,PW,0.0
13,barra_23,PW,0.0
14,barra_23,PW,0.0
15,barra_23,PW,0.0
16,barra_23,PW,0.0
17,barra_23,PW,0.0
18,barra_23,PW,0.0
19,barra_23,PW,0.0
20,barra_23,PW,0.0
21,barra_23,PW,0.0
22,barra_23,PW,0.0
23,barra_23,PW,0.0
24,barra_23,PW,0.0
1,barra_24,PW,0.0
2,barra_24,PW,0.0
3,barra_24,PW,0.0
4,barra_24,PW,0.0
5,barra_24,PW,0.0
6,barra_24,PW,0.0
7,barra_24,PW,0.0
8,barra_24,PW,0.0
9,barra_24,PW,0.0
10,barra_24,PW,0.0
11,barra_24,PW,0.0
12,barra_24,PW,0.0
13,barra_24,PW,0.0
14,barra_24,PW,0.0
15,barra_24,PW,0.0
16,barra_24,PW,0.0
17,barra_24,PW,0.0
18,barra_24,PW,0.0
19,barra_24,PW,0.0
20,barra_24,PW,0.0
21,barra_24,PW,0.0
22,barra_24,PW,0.0
23,barra_24,PW,0.0
24,barra_24,PW,0.0
1,barra_25,PW,0.2020553
2,barra_25,PW,0.067236265
3,barra_25,PW,0.21530168
4,barra_25,PW,0.21785969
5,barra_25,PW,0.21440292
6,barra_25,PW,0.1807015
7,barra_25,PW,0.11504307
8,barra_25,PW,0.0
9,barra_25,PW,0.0
10,barra_25,PW,0.0
11,barra_25,PW,0.0
12,barra_25,PW,0.0
13,barra_25,PW,0.0
14,barra_25,PW,0.0
15,barra_25,PW,0.0
16,barra_25,PW,0.0
17,barra_25,PW,0.0
18,barra_25,PW,0.016420705
19,barra_25,PW,0.080297724
20,barra_25,PW,0.096481278
21,barra_25,PW,0.097435756
22,barra_25,PW,0.10084068
23,barra_25,PW,0.1075263
24,barra_25,PW,0.23824
1,barra_26,PW,0.0
2,barra_26,PW,0.0
3,barra_26,PW,0.0
4,barra_26,PW,0.0
5,barra_26,PW,0.0
6,barra_26,PW,0.0
7,barra_26,PW,0.0
8,barra_26,PW,0.0
9,barra_26,PW,0.0
10,barra_26,PW,0.0
11,barra_26,PW,0.0
12,barra_26,PW,0.0
13,barra_26,PW,0.0
14,barra_26,PW,0.0
15,barra_26,PW,0.0
16,barra_26,PW,0.0
17,barra_26,PW,0.0
18,barra_26,PW,0.0
19,barra_26,PW,0.0
20,barra_26,PW,0.0
21,barra_26,PW,0.0
22,barra_26,PW,0.0
23,barra_26,PW,0.0
24,barra_26,PW,0.0
1,barra_27,PW,0.0
2,barra_27,PW,0.0
3,barra_27,PW,0.0
4,barra_27,PW,0.0
5,barra_27,PW,0.0
6,barra_27,PW,0.0
7,barra_27,PW,0.0
8,barra_27,PW,0.0
9,barra_27,PW,0.0
10,barra_27,PW,0.0
11,barra_27,PW,0.0
12,barra_27,PW,0.0
13,barra_27,PW,0.0
14,barra_27,PW,0.0
15,barra_27,PW,0.0
16,barra_27,PW,0.0
17,barra_27,PW,0.0
18,barra_27,PW,0.0
19,barra_27,PW,0.0
20,barra_27,PW,0.0
21,barra_27,PW,0.0
22,barra_27,PW,0.0
23,barra_27,PW,0.0
24,barra_27,PW,0.0
1,barra_28,PW,0.0
2,barra_28,PW,0.0
3,barra_28,PW,0.0
4,barra_28,PW,0.0
5,barra_28,PW,0.0
6,barra_28,PW,0.0
7,barra_28,PW,0.0
8,barra_28,PW,0.0
9,barra_28,PW,0.0
10,barra_28,PW,0.0
11,barra_28,PW,0.0
12,barra_28,PW,0.0
13,barra_28,PW,0.0
14,barra_28,PW,0.0
15,barra_28,PW,0.0
16,barra_28,PW,0.0
17,barra_28,PW,0.0
18,barra_28,PW,0.0
19,barra_28,PW,0.0
20,barra_28,PW,0.0
21,barra_28,PW,0.0
22,barra_28,PW,0.0
23,barra_28,PW,0.0
24,barra_28,PW,0.0
1,barra_29,PW,0.0
2,barra_29,PW,0.0
3,barra_29,PW,0.0
4,barra_29,PW,0.0
5,barra_29,PW,0.0
6,barra_29,PW,0.0
7,barra_29,PW,0.0
8,barra_29,PW,0.0
9,barra_29,PW,0.0
10,barra_29,PW,0.0
11,barra_29,PW,0.0
12,barra_29,PW,0.0
13,barra_29,PW,0.0
14,barra_29,PW,0.0
15,barra_29,PW,0.0
16,barra_29,PW,0.0
17,barra_29,PW,0.0
18,barra_29,PW,0.0
19,barra_29,PW,0.0
20,barra_29,PW,0.0
21,barra_29,PW,0.0
22,barra_29,PW,0.0
23,barra_29,PW,0.0
24,barra_29,PW,0.0
1,barra_30,PW,0.374
2,barra_30,PW,0.385
3,barra_30,PW,0.396
4,barra_30,PW,0.407
5,barra_30,PW,0.385
6,barra_30,PW,0.363
7,barra_30,PW,0.33
8,barra_30,PW,0.3025
9,barra_30,PW,0.275
10,barra_30,PW,0.23586582
11,barra_30,PW,0.20438671
12,barra_30,PW,0.20408734
13,barra_30,PW,0.20027533
14,barra_30,PW,0.1927461
15,barra_30,PW,0.20844868
16,barra_30,PW,0.22603028
17,barra_30,PW,0.286
18,barra_30,PW,0.341
19,barra_30,PW,0.396
20,barra_30,PW,0.44
21,barra_30,PW,0.45937007
22,barra_30,PW,0.47472047
23,barra_30,PW,0.462
24,barra_30,PW,0.418
1,barra_31,PW,0.0
2,barra_31,PW,0.0
3,barra_31,PW,0.0
4,barra_31,PW,0.0
5,barra_31,PW,0.0
6,barra_31,PW,0.0
7,barra_31,PW,0.0
8,barra_31,PW,0.0
9,barra_31,PW,0.0
10,barra_31,PW,0.0
11,barra_31,PW,0.0
12,barra_31,PW,0.0
13,barra_31,PW,0.0
14,barra_31,PW,0.0
15,barra_31,PW,0.0
16,barra_31,PW,0.0
17,barra_31,PW,0.0
18,barra_31,PW,0.0
19,barra_31,PW,0.0
20,barra_31,PW,0.0
21,barra_31,PW,0.0
22,barra_31,PW,0.0
23,barra_31,PW,0.0
24,barra_31,PW,0.0
1,barra_32,PW,0.0
2,barra_32,PW,0.0
3,barra_32,PW,0.0
4,barra_32,PW,0.0
5,barra_32,PW,0.0
6,barra_32,PW,0.0
7,barra_32,PW,0.0
8,barra_32,PW,0.0
9,barra_32,PW,0.0
10,barra_32,PW,0.0
11,barra_32,PW,0.0
12,barra_32,PW,0.0
13,barra_32,PW,0.0
14,barra_32,PW,0.0
15,barra_32,PW,0.0
16,barra_32,PW,0.0
17,barra_32,PW,0.0
18,barra_32,PW,0.0
19,barra_32,PW,0.0
20,barra_32,PW,0.0
21,barra_32,PW,0.0
22,barra_32,PW,0.0
23,barra_32,PW,0.0
24,barra_32,PW,0.0
1,barra_33,PW,0.0
2,barra_33,PW,0.0
3,barra_33,PW,0.0
4,barra_33,PW,0.0
5,barra_33,PW,0.0
6,barra_33,PW,0.0
7,barra_33,PW,0.0
8,barra_33,PW,0.0
9,barra_33,PW,0.0
10,barra_33,PW,0.0
11,barra_33,PW,0.0
12,barra_33,PW,0.0
13,barra_33,PW,0.0
14,barra_33,PW,0.0
15,barra_33,PW,0.0
16,barra_33,PW,0.0
17,barra_33,PW,0.0
18,barra_33,PW,0.0
19,barra_33,PW,0.0
20,barra_33,PW,0.0
21,barra_33,PW,0.0
22,barra_33,PW,0.0
23,barra_33,PW,0.0
24,barra_33,PW,0.0
1,barra_1,CS,0.0
2,barra_1,CS,0.0
3,barra_1,CS,0.0
4,barra_1,CS,0.0
5,barra_1,CS,0.0
6,barra_1,CS,0.0
7,barra_1,CS,0.0
8,barra_1,CS,0.0
9,barra_1,CS,0.0
10,barra_1,CS,0.0
11,barra_1,CS,0.0
12,barra_1,CS,0.0
13,barra_1,CS,0.0
14,barra_1,CS,0.0
15,barra_1,CS,0.0
16,barra_1,CS,0.0
17,barra_1,CS,0.0
18,barra_1,CS,0.0
19,barra_1,CS,0.0
20,barra_1,CS,0.0
21,barra_1,CS,0.0
22,barra_1,CS,0.0
23,barra_1,CS,0.0
24,barra_1,CS,0.0
1,barra_2,CS,0.0
2,barra_2,CS,0.0
3,barra_2,CS,0.0
4,barra_2,CS,0.0
5,barra_2,CS,0.0
6,barra_2,CS,0.0
7,barra_2,CS,0.0
8,barra_2,CS,0.0
9,barra_2,CS,0.0
10,barra_2,CS,0.0
11,barra_2,CS,0.0
12,barra_2,CS,0.0
13,barra_2,CS,0.0
14,barra_2,CS,0.0
15,barra_2,CS,0.0
16,barra_2,CS,0.0
17,barra_2,CS,0.0
18,barra_2,CS,0.0
19,barra_2,CS,0.0
20,barra_2,CS,0.0
21,barra_2,CS,0.0
22,barra_2,CS,0.0
23,barra_2,CS,0.0
24,barra_2,CS,0.0
1,barra_3,CS,0.0
2,barra_3,CS,0.0
3,barra_3,CS,0.0
4,barra_3,CS,0.0
5,barra_3,CS,0.0
6,barra_3,CS,0.0
7,barra_3,CS,0.0
8,barra_3,CS,0.0
9,barra_3,CS,0.0
10,barra_3,CS,0.0
11,barra_3,CS,0.0
12,barra_3,CS,0.0
13,barra_3,CS,0.0
14,barra_3,CS,0.0
15,barra_3,CS,0.0
16,barra_3,CS,0.0
17,barra_3,CS,0.0
18,barra_3,CS,0.0
19,barra_3,CS,0.0
20,barra_3,CS,0.0
21,barra_3,CS,0.0
22,barra_3,CS,0.0
23,barra_3,CS,0.0
24,barra_3,CS,0.0
1,barra_4,CS,0.0
2,barra_4,CS,0.0
3,barra_4,CS,0.0
4,barra_4,CS,0.0
5,barra_4,CS,0.0
6,barra_4,CS,0.0
7,barra_4,CS,0.0
8,barra_4,CS,0.0
9,barra_4,CS,0.0
10,barra_4,CS,0.0
11,barra_4,CS,0.0
12,barra_4,CS,0.0
13,barra_4,CS,0.0
14,barra_4,CS,0.0
15,barra_4,CS,0.0
16,barra_4,CS,0.0
17,barra_4,CS,0.0
18,barra_4,CS,0.0
19,barra_4,CS,0.0
20,barra_4,CS,0.0
21,barra_4,CS,0.0
22,barra_4,CS,0.0
23,barra_4,CS,0.0
24,barra_4,CS,0.0
1,barra_5,CS,0.0
2,barra_5,CS,0.0
3,barra_5,CS,0.0
4,barra_5,CS,0.0
5,barra_5,CS,0.0
6,barra_5,CS,0.0
7,barra_5,CS,0.0
8,barra_5,CS,0.0
9,barra_5,CS,0.0
10,barra_5,CS,0.0
11,barra_5,CS,0.0
12,barra_5,CS,0.0
13,barra_5,CS,0.0
14,barra_5,CS,0.0
15,barra_5,CS,0.0
16,barra_5,CS,0.0
17,barra_5,CS,0.0
18,barra_5,CS,0.0
19,barra_5,CS,0.0
20,barra_5,CS,0.0
21,barra_5,CS,0.0
22,barra_5,CS,0.0
23,barra_5,CS,0.0
24,barra_5,CS,0.0
1,barra_6,CS,0.0
2,barra_6,CS,0.0
3,barra_6,CS,0.0
4,barra_6,CS,0.0
5,barra_6,CS,0.0
6,barra_6,CS,0.0
7,barra_6,CS,0.0
8,barra_6,CS,0.0
9,barra_6,CS,0.0
10,barra_6,CS,0.0
11,barra_6,CS,0.0
12,barra_6,CS,0.0
13,barra_6,CS,0.0
14,barra_6,CS,0.0
15,barra_6,CS,0.0
16,barra_6,CS,0.0
17,barra_6,CS,0.0
18,barra_6,CS,0.0
19,barra_6,CS,0.0
20,barra_6,CS,0.0
21,barra_6,CS,0.0
22,barra_6,CS,0.0
23,barra_6,CS,0.0
24,barra_6,CS,0.0
1,barra_7,CS,0.0
2,barra_7,CS,0.0
3,barra_7,CS,0.0
4,barra_7,CS,0.0
5,barra_7,CS,0.0
6,barra_7,CS,0.0
7,barra_7,CS,0.0
8,barra_7,CS,0.0
9,barra_7,CS,0.0
10,barra_7,CS,0.0
11,barra_7,CS,0.0
12,barra_7,CS,0.0
13,barra_7,CS,0.0
14,barra_7,CS,0.0
15,barra_7,CS,0.0
16,barra_7,CS,0.0
17,barra_7,CS,0.0
18,barra_7,CS,0.0
19,barra_7,CS,0.0
20,barra_7,CS,0.0
21,barra_7,CS,0.0
22,barra_7,CS,0.0
23,barra_7,CS,0.0
24,barra_7,CS,0.0
1,barra_8,CS,0.0
2,barra_8,CS,0.0
3,barra_8,CS,0.0
4,barra_8,CS,0.0
5,barra_8,CS,0.0
6,barra_8,CS,0.0
7,barra_8,CS,0.0
8,barra_8,CS,0.0
9,barra_8,CS,0.0
10,barra_8,CS,0.0
11,barra_8,CS,0.0
12,barra_8,CS,0.0
13,barra_8,CS,0.0
14,barra_8,CS,0.0
15,barra_8,CS,0.0
16,barra_8,CS,0.0
17,barra_8,CS,0.0
18,barra_8,CS,0.0
19,barra_8,CS,0.0
20,barra_8,CS,0.0
21,barra_8,CS,0.0
22,barra_8,CS,0.0
23,barra_8,CS,0.0
24,barra_8,CS,0.0
1,barra_9,CS,0.0
2,barra_9,CS,0.0
3,barra_9,CS,0.0
4,barra_9,CS,0.0
5,barra_9,CS,0.0
6,barra_9,CS,0.0
7,barra_9,CS,0.0
8,barra_9,CS,0.0
9,barra_9,CS,0.0
10,barra_9,CS,0.0
11,barra_9,CS,0.0
12,barra_9,CS,0.0
13,barra_9,CS,0.0
14,barra_9,CS,0.0
15,barra_9,CS,0.0
16,barra_9,CS,0.0
17,barra_9,CS,0.0
18,barra_9,CS,0.0
19,barra_9,CS,0.0
20,barra_9,CS,0.0
21,barra_9,CS,0.0
22,barra_9,CS,0.0
23,barra_9,CS,0.0
24,barra_9,CS,0.0
1,barra_10,CS,0.0
2,barra_10,CS,0.0
3,barra_10,CS,0.0
4,barra_10,CS,0.0
5,barra_10,CS,0.0
6,barra_10,CS,0.0
7,barra_10,CS,0.0
8,barra_10,CS,0.0
9,barra_10,CS,0.0
10,barra_10,CS,0.0
11,barra_10,CS,0.0
12,barra_10,CS,0.0
13,barra_10,CS,0.0
14,barra_10,CS,0.0
15,barra_10,CS,0.0
16,barra_10,CS,0.0
17,barra_10,CS,0.0
18,barra_10,CS,0.0
19,barra_10,CS,0.0
20,barra_10,CS,0.0
21,barra_10,CS,0.0
22,barra_10,CS,0.0
23,barra_10,CS,0.0
24,barra_10,CS,0.0
1,barra_11,CS,0.0
2,barra_11,CS,0.0
3,barra_11,CS,0.0
4,barra_11,CS,0.0
5,barra_11,CS,0.0
6,barra_11,CS,0.0
7,barra_11,CS,0.0
8,barra_11,CS,0.0
9,barra_11,CS,0.0
10,barra_11,CS,0.0
11,barra_11,CS,0.0
12,barra_11,CS,0.0
13,barra_11,CS,0.0
14,barra_11,CS,0.0
15,barra_11,CS,0.0
16,barra_11,CS,0.0
17,barra_11,CS,0.0
18,barra_11,CS,0.0
19,barra_11,CS,0.0
20,barra_11,CS,0.0
21,barra_11,CS,0.0
22,barra_11,CS,0.0
23,barra_11,CS,0.0
24,barra_11,CS,0.0
1,barra_12,CS,0.0
2,barra_12,CS,0.0
3,barra_12,CS,0.0
4,barra_12,CS,0.0
5,barra_12,CS,0.0
6,barra_12,CS,0.0
7,barra_12,CS,0.0
8,barra_12,CS,0.0
9,barra_12,CS,0.0
10,barra_12,CS,0.0
11,barra_12,CS,0.0
12,barra_12,CS,0.0
13,barra_12,CS,0.0
14,barra_12,CS,0.0
15,barra_12,CS,0.0
16,barra_12,CS,0.0
17,barra_12,CS,0.0
18,barra_12,CS,0.0
19,barra_12,CS,0.0
20,barra_12,CS,0.0
21,barra_12,CS,0.0
22,barra_12,CS,0.0
23,barra_12,CS,0.0
24,barra_12,CS,0.0
1,barra_13,CS,0.0
2,barra_13,CS,0.0
3,barra_13,CS,0.0
4,barra_13,CS,0.0
5,barra_13,CS,0.0
6,barra_13,CS,0.0
7,barra_13,CS,0.0
8,barra_13,CS,0.0
9,barra_13,CS,0.0
10,barra_13,CS,0.0
11,barra_13,CS,0.0
12,barra_13,CS,0.0
13,barra_13,CS,0.0
14,barra_13,CS,0.0
15,barra_13,CS,0.0
16,barra_13,CS,0.0
17,barra_13,CS,0.0
18,barra_13,CS,0.0
19,barra_13,CS,0.0
20,barra_13,CS,0.0
21,barra_13,CS,0.0
22,barra_13,CS,0.0
23,barra_13,CS,0.0
24,barra_13,CS,0.0
1,barra_14,CS,0.0
2,barra_14,CS,0.0
3,barra_14,CS,0.0
4,barra_14,CS,0.0
5,barra_14,CS,0.0
6,barra_14,CS,0.0
7,barra_14,CS,0.0
8,barra_14,CS,0.0
9,barra_14,CS,0.0
10,barra_14,CS,0.0
11,barra_14,CS,0.037667231
12,barra_14,CS,0.080022184
13,barra_14,CS,0.11254193
14,barra_14,CS,0.10746901
15,barra_14,CS,0.065510423
16,barra_14,CS,0.0
17,barra_14,CS,0.0
18,barra_14,CS,0.0
19,barra_14,CS,0.0
20,barra_14,CS,0.0
21,barra_14,CS,0.0
22,barra_14,CS,0.0
23,barra_14,CS,0.0
24,barra_14,CS,0.0
1,barra_15,CS,0.0
2,barra_15,CS,0.0
3,barra_15,CS,0.0
4,barra_15,CS,0.0
5,barra_15,CS,0.0
6,barra_15,CS,0.0
7,barra_15,CS,0.0
8,barra_15,CS,0.0
9,barra_15,CS,0.0
10,barra_15,CS,0.0
11,barra_15,CS,0.0
12,barra_15,CS,0.0
13,barra_15,CS,0.0
14,barra_15,CS,0.0
15,barra_15,CS,0.0
16,barra_15,CS,0.0
17,barra_15,CS,0.0
18,barra_15,CS,0.0
19,barra_15,CS,0.0
20,barra_15,CS,0.0
21,barra_15,CS,0.0
22,barra_15,CS,0.0
23,barra_15,CS,0.0
24,barra_15,CS,0.0
1,barra_16,CS,0.0
2,barra_16,CS,0.0
3,barra_16,CS,0.0
4,barra_16,CS,0.0
5,barra_16,CS,0.0
6,barra_16,CS,0.0
7,barra_16,CS,0.0
8,barra_16,CS,0.0
9,barra_16,CS,0.0
10,barra_16,CS,0.0
11,barra_16,CS,0.0
12,barra_16,CS,0.0
13,barra_16,CS,0.0
14,barra_16,CS,0.0
15,barra_16,CS,0.0
16,barra_16,CS,0.0
17,barra_16,CS,0.0
18,barra_16,CS,0.0
19,barra_16,CS,0.0
20,barra_16,CS,0.0
21,barra_16,CS,0.0
22,barra_16,CS,0.0
23,barra_16,CS,0.0
24,barra_16,CS,0.0
1,barra_17,CS,0.0
2,barra_17,CS,0.0
3,barra_17,CS,0.0
4,barra_17,CS,0.0
5,barra_17,CS,0.0
6,barra_17,CS,0.0
7,barra_17,CS,0.0
8,barra_17,CS,0.0
9,barra_17,CS,0.0
10,barra_17,CS,0.0
11,barra_17,CS,0.0
12,barra_17,CS,0.0
13,barra_17,CS,0.0
14,barra_17,CS,0.0
15,barra_17,CS,0.0
16,barra_17,CS,0.0
17,barra_17,CS,0.0
18,barra_17,CS,0.0
19,barra_17,CS,0.0
20,barra_17,CS,0.0
21,barra_17,CS,0.0
22,barra_17,CS,0.0
23,barra_17,CS,0.0
24,barra_17,CS,0.0
1,barra_18,CS,0.0
2,barra_18,CS,0.0
3,barra_18,CS,0.0
4,barra_18,CS,0.0
5,barra_18,CS,0.0
6,barra_18,CS,0.0
7,barra_18,CS,0.0
8,barra_18,CS,0.0
9,barra_18,CS,0.0
10,barra_18,CS,0.0
11,barra_18,CS,0.0
12,barra_18,CS,0.0
13,barra_18,CS,0.0
14,barra_18,CS,0.0
15,barra_18,CS,0.0
16,barra_18,CS,0.0
17,barra_18,CS,0.0
18,barra_18,CS,0.0
19,barra_18,CS,0.0
20,barra_18,CS,0.0
21,barra_18,CS,0.0
22,barra_18,CS,0.0
23,barra_18,CS,0.0
24,barra_18,CS,0.0
1,barra_19,CS,0.0
2,barra_19,CS,0.0
3,barra_19,CS,0.0
4,barra_19,CS,0.0
5,barra_19,CS,0.0
6,barra_19,CS,0.0
7,barra_19,CS,0.0
8,barra_19,CS,0.0
9,barra_19,CS,0.0
10,barra_19,CS,0.0
11,barra_19,CS,0.0
12,barra_19,CS,0.0
13,barra_19,CS,0.0
14,barra_19,CS,0.0
15,barra_19,CS,0.0
16,barra_19,CS,0.0
17,barra_19,CS,0.0
18,barra_19,CS,0.0
19,barra_19,CS,0.0
20,barra_19,CS,0.0
21,barra_19,CS,0.0
22,barra_19,CS,0.0
23,barra_19,CS,0.0
24,barra_19,CS,0.0
1,barra_20,CS,0.0
2,barra_20,CS,0.0
3,barra_20,CS,0.0
4,barra_20,CS,0.0
5,barra_20,CS,0.0
6,barra_20,CS,0.0
7,barra_20,CS,0.0
8,barra_20,CS,0.0
9,barra_20,CS,0.0
10,barra_20,CS,0.0
11,barra_20,CS,0.0
12,barra_20,CS,0.0
13,barra_20,CS,0.0
14,barra_20,CS,0.0
15,barra_20,CS,0.0
16,barra_20,CS,0.0
17,barra_20,CS,0.0
18,barra_20,CS,0.0
19,barra_20,CS,0.0
20,barra_20,CS,0.0
21,barra_20,CS,0.0
22,barra_20,CS,0.0
23,barra_20,CS,0.0
24,barra_20,CS,0.0
1,barra_21,CS,0.0
2,barra_21,CS,0.0
3,barra_21,CS,0.0
4,barra_21,CS,0.0
5,barra_21,CS,0.0
6,barra_21,CS,0.0
7,barra_21,CS,0.0
8,barra_21,CS,0.0
9,barra_21,CS,0.0
10,barra_21,CS,0.0
11,barra_21,CS,0.0
12,barra_21,CS,0.0
13,barra_21,CS,0.0
14,barra_21,CS,0.0
15,barra_21,CS,0.0
16,barra_21,CS,0.0
17,barra_21,CS,0.0
18,barra_21,CS,0.0
19,barra_21,CS,0.0
20,barra_21,CS,0.0
21,barra_21,CS,0.0
22,barra_21,CS,0.0
23,barra_21,CS,0.0
24,barra_21,CS,0.0
1,barra_22,CS,0.0
2,barra_22,CS,0.0
3,barra_22,CS,0.0
4,barra_22,CS,0.0
5,barra_22,CS,0.0
6,barra_22,CS,0.0
7,barra_22,CS,0.0
8,barra_22,CS,0.0
9,barra_22,CS,0.0
10,barra_22,CS,0.0
11,barra_22,CS,0.0
12,barra_22,CS,0.0
13,barra_22,CS,0.0
14,barra_22,CS,0.0
15,barra_22,CS,0.0
16,barra_22,CS,0.0
17,barra_22,CS,0.0
18,barra_22,CS,0.0
19,barra_22,CS,0.0
20,barra_22,CS,0.0
21,barra_22,CS,0.0
22,barra_22,CS,0.0
23,barra_22,CS,0.0
24,barra_22,CS,0.0
1,barra_23,CS,0.0
2,barra_23,CS,0.0
3,barra_23,CS,0.0
4,barra_23,CS,0.0
5,barra_23,CS,0.0
6,barra_23,CS,0.0
7,barra_23,CS,0.0
8,barra_23,CS,0.0
9,barra_23,CS,0.0
10,barra_23,CS,0.0
11,barra_23,CS,0.0
12,barra_23,CS,0.0
13,barra_23,CS,0.0
14,barra_23,CS,0.0
15,barra_23,CS,0.0
16,barra_23,CS,0.0
17,barra_23,CS,0.0
18,barra_23,CS,0.0
19,barra_23,CS,0.0
20,barra_23,CS,0.0
21,barra_23,CS,0.0
22,barra_23,CS,0.0
23,barra_23,CS,0.0
24,barra_23,CS,0.0
1,barra_24,CS,0.0
2,barra_24,CS,0.0
3,barra_24,CS,0.0
4,barra_24,CS,0.0
5,barra_24,CS,0.0
6,barra_24,CS,0.0
7,barra_24,CS,0.0
8,barra_24,CS,0.0
9,barra_24,CS,0.0
10,barra_24,CS,0.0
11,barra_24,CS,0.0
12,barra_24,CS,0.0
13,barra_24,CS,0.0
14,barra_24,CS,0.0
15,barra_24,CS,0.0
16,barra_24,CS,0.0
17,barra_24,CS,0.0
18,barra_24,CS,0.0
19,barra_24,CS,0.0
20,barra_24,CS,0.0
21,barra_24,CS,0.0
22,barra_24,CS,0.0
23,barra_24,CS,0.0
24,barra_24,CS,0.0
1,barra_25,CS,0.0
2,barra_25,CS,0.0
3,barra_25,CS,0.0
4,barra_25,CS,0.0
5,barra_25,CS,0.0
6,barra_25,CS,0.0
7,barra_25,CS,0.0
8,barra_25,CS,0.0
9,barra_25,CS,0.0
10,barra_25,CS,0.049788
11,barra_25,CS,0.117457
12,barra_25,CS,0.171517
13,barra_25,CS,0.027781
14,barra_25,CS,0.180725
15,barra_25,CS,0.0
16,barra_25,CS,0.0
17,barra_25,CS,0.0
18,barra_25,CS,0.0
19,barra_25,CS,0.0
20,barra_25,CS,0.0
21,barra_25,CS,0.0
22,barra_25,CS,0.0
23,barra_25,CS,0.0
24,barra_25,CS,0.0
1,barra_26,CS,0.0
2,barra_26,CS,0.0
3,barra_26,CS,0.0
4,barra_26,CS,0.0
5,barra_26,CS,0.0
6,barra_26,CS,0.0
7,barra_26,CS,0.0
8,barra_26,CS,0.0
9,barra_26,CS,0.0
10,barra_26,CS,0.0
11,barra_26,CS,0.0
12,barra_26,CS,0.0
13,barra_26,CS,0.0
14,barra_26,CS,0.0
15,barra_26,CS,0.0
16,barra_26,CS,0.0
17,barra_26,CS,0.0
18,barra_26,CS,0.0
19,barra_26,CS,0.0
20,barra_26,CS,0.0
21,barra_26,CS,0.0
22,barra_26,CS,0.0
23,barra_26,CS,0.0
24,barra_26,CS,0.0
1,barra_27,CS,0.0
2,barra_27,CS,0.0
3,barra_27,CS,0.0
4,barra_27,CS,0.0
5,barra_27,CS,0.0
6,barra_27,CS,0.0
7,barra_27,CS,0.0
8,barra_27,CS,0.0
9,barra_27,CS,0.0
10,barra_27,CS,0.0
11,barra_27,CS,0.0
12,barra_27,CS,0.0
13,barra_27,CS,0.0
14,barra_27,CS,0.0
15,barra_27,CS,0.0
16,barra_27,CS,0.0
17,barra_27,CS,0.0
18,barra_27,CS,0.0
19,barra_27,CS,0.0
20,barra_27,CS,0.0
21,barra_27,CS,0.0
22,barra_27,CS,0.0
23,barra_27,CS,0.0
24,barra_27,CS,0.0
1,barra_28,CS,0.0
2,barra_28,CS,0.0
3,barra_28,CS,0.0
4,barra_28,CS,0.0
5,barra_28,CS,0.0
6,barra_28,CS,0.0
7,barra_28,CS,0.0
8,barra_28,CS,0.0
9,barra_28,CS,0.0
10,barra_28,CS,0.0
11,barra_28,CS,0.0
12,barra_28,CS,0.0
13,barra_28,CS,0.0
14,barra_28,CS,0.0
15,barra_28,CS,0.0
16,barra_28,CS,0.0
17,barra_28,CS,0.0
18,barra_28,CS,0.0
19,barra_28,CS,0.0
20,barra_28,CS,0.0
21,barra_28,CS,0.0
22,barra_28,CS,0.0
23,barra_28,CS,0.0
24,barra_28,CS,0.0
1,barra_29,CS,0.0
2,barra_29,CS,0.0
3,barra_29,CS,0.0
4,barra_29,CS,0.0
5,barra_29,CS,0.0
6,barra_29,CS,0.0
7,barra_29,CS,0.0
8,barra_29,CS,0.0
9,barra_29,CS,0.0
10,barra_29,CS,0.0
11,barra_29,CS,0.0
12,barra_29,CS,0.0
13,barra_29,CS,0.0
14,barra_29,CS,0.0
15,barra_29,CS,0.0
16,barra_29,CS,0.0
17,barra_29,CS,0.0
18,barra_29,CS,0.0
19,barra_29,CS,0.0
20,barra_29,CS,0.0
21,barra_29,CS,0.0
22,barra_29,CS,0.0
23,barra_29,CS,0.0
24,barra_29,CS,0.0
1,barra_30,CS,0.0
2,barra_30,CS,0.0
3,barra_30,CS,0.0
4,barra_30,CS,0.0
5,barra_30,CS,0.0
6,barra_30,CS,0.0
7,barra_30,CS,0.0
8,barra_30,CS,0.0
9,barra_30,CS,0.0
10,barra_30,CS,0.0
11,barra_30,CS,0.0
12,barra_30,CS,0.0
13,barra_30,CS,0.0
14,barra_30,CS,0.0
15,barra_30,CS,0.0
16,barra_30,CS,0.0
17,barra_30,CS,0.0
18,barra_30,CS,0.0
19,barra_30,CS,0.0
20,barra_30,CS,0.0
21,barra_30,CS,0.0
22,barra_30,CS,0.0
23,barra_30,CS,0.0
24,barra_30,CS,0.0
1,barra_31,CS,0.0
2,barra_31,CS,0.0
3,barra_31,CS,0.0
4,barra_31,CS,0.0
5,barra_31,CS,0.0
6,barra_31,CS,0.0
7,barra_31,CS,0.0
8,barra_31,CS,0.0
9,barra_31,CS,0.0
10,barra_31,CS,0.0
11,barra_31,CS,0.0
12,barra_31,CS,0.0
13,barra_31,CS,0.0
14,barra_31,CS,0.0
15,barra_31,CS,0.0
16,barra_31,CS,0.0
17,barra_31,CS,0.0
18,barra_31,CS,0.0
19,barra_31,CS,0.0
20,barra_31,CS,0.0
21,barra_31,CS,0.0
22,barra_31,CS,0.0
23,barra_31,CS,0.0
24,barra_31,CS,0.0
1,barra_32,CS,0.0
2,barra_32,CS,0.0
3,barra_32,CS,0.0
4,barra_32,CS,0.0
5,barra_32,CS,0.0
6,barra_32,CS,0.0
7,barra_32,CS,0.0
8,barra_32,CS,0.0
9,barra_32,CS,0.0
10,barra_32,CS,0.0
11,barra_32,CS,0.0
12,barra_32,CS,0.0
13,barra_32,CS,0.0
14,barra_32,CS,0.0
15,barra_32,CS,0.0
16,barra_32,CS,0.0
17,barra_32,CS,0.0
18,barra_32,CS,0.0
19,barra_32,CS,0.0
20,barra_32,CS,0.0
21,barra_32,CS,0.0
22,barra_32,CS,0.0
23,barra_32,CS,0.0
24,barra_32,CS,0.0
1,barra_33,CS,0.0
2,barra_33,CS,0.0
3,barra_33,CS,0.0
4,barra_33,CS,0.0
5,barra_33,CS,0.0
6,barra_33,CS,0.0
7,barra_33,CS,0.0
8,barra_33,CS,0.0
9,barra_33,CS,0.0
10,barra_33,CS,0.0
11,barra_33,CS,0.0
12,barra_33,CS,0.0
13,barra_33,CS,0.0
14,barra_33,CS,0.0
15,barra_33,CS,0.0
16,barra_33,CS,0.0
17,barra_33,CS,0.0
18,barra_33,CS,0.0
19,barra_33,CS,0.0
20,barra_33,CS,0.0
21,barra_33,CS,0.0
22,barra_33,CS,0.0
23,barra_33,CS,0.0
24,barra_33,CS,0.0
1,barra_1,CW,0.0
2,barra_1,CW,0.0
3,barra_1,CW,0.0
4,barra_1,CW,0.0
5,barra_1,CW,0.0
6,barra_1,CW,0.0
7,barra_1,CW,0.0
8,barra_1,CW,0.0
9,barra_1,CW,0.0
10,barra_1,CW,0.0
11,barra_1,CW,0.0
12,barra_1,CW,0.0
13,barra_1,CW,0.0
14,barra_1,CW,0.0
15,barra_1,CW,0.0
16,barra_1,CW,0.0
17,barra_1,CW,0.0
18,barra_1,CW,0.0
19,barra_1,CW,0.0
20,barra_1,CW,0.0
21,barra_1,CW,0.0
22,barra_1,CW,0.0
23,barra_1,CW,0.0
24,barra_1,CW,0.0
1,barra_2,CW,0.0
2,barra_2,CW,0.0
3,barra_2,CW,0.0
4,barra_2,CW,0.0
5,barra_2,CW,0.0
6,barra_2,CW,0.0
7,barra_2,CW,0.0
8,barra_2,CW,0.0
9,barra_2,CW,0.0
10,barra_2,CW,0.0
11,barra_2,CW,0.0
12,barra_2,CW,0.0
13,barra_2,CW,0.0
14,barra_2,CW,0.0
15,barra_2,CW,0.0
16,barra_2,CW,0.0
17,barra_2,CW,0.0
18,barra_2,CW,0.0
19,barra_2,CW,0.0
20,barra_2,CW,0.0
21,barra_2,CW,0.0
22,barra_2,CW,0.0
23,barra_2,CW,0.0
24,barra_2,CW,0.0
1,barra_3,CW,0.0
2,barra_3,CW,0.0
3,barra_3,CW,0.0
4,barra_3,CW,0.0
5,barra_3,CW,0.0
6,barra_3,CW,0.0
7,barra_3,CW,0.0
8,barra_3,CW,0.0
9,barra_3,CW,0.0
10,barra_3,CW,0.0
11,barra_3,CW,0.0
12,barra_3,CW,0.0
13,barra_3,CW,0.0
14,barra_3,CW,0.0
15,barra_3,CW,0.0
16,barra_3,CW,0.0
17,barra_3,CW,0.0
18,barra_3,CW,0.0
19,barra_3,CW,0.0
20,barra_3,CW,0.0
21,barra_3,CW,0.0
22,barra_3,CW,0.0
23,barra_3,CW,0.0
24,barra_3,CW,0.0
1,barra_4,CW,0.0
2,barra_4,CW,0.0
3,barra_4,CW,0.0
4,barra_4,CW,0.0
5,barra_4,CW,0.0
6,barra_4,CW,0.0
7,barra_4,CW,0.0
8,barra_4,CW,0.0
9,barra_4,CW,0.0
10,barra_4,CW,0.0
11,barra_4,CW,0.0
12,barra_4,CW,0.0
13,barra_4,CW,0.0
14,barra_4,CW,0.0
15,barra_4,CW,0.0
16,barra_4,CW,0.0
17,barra_4,CW,0.0
18,barra_4,CW,0.0
19,barra_4,CW,0.0
20,barra_4,CW,0.0
21,barra_4,CW,0.0
22,barra_4,CW,0.0
23,barra_4,CW,0.0
24,barra_4,CW,0.0
1,barra_5,CW,0.0
2,barra_5,CW,0.0
3,barra_5,CW,0.0
4,barra_5,CW,0.0
5,barra_5,CW,0.0
6,barra_5,CW,0.0
7,barra_5,CW,0.0
8,barra_5,CW,0.0
9,barra_5,CW,0.0
10,barra_5,CW,0.0
11,barra_5,CW,0.0
12,barra_5,CW,0.0
13,barra_5,CW,0.0
14,barra_5,CW,0.0
15,barra_5,CW,0.0
16,barra_5,CW,0.0
17,barra_5,CW,0.0
18,barra_5,CW,0.0
19,barra_5,CW,0.0
20,barra_5,CW,0.0
21,barra_5,CW,0.0
22,barra_5,CW,0.0
23,barra_5,CW,0.0
24,barra_5,CW,0.0
1,barra_6,CW,0.0
2,barra_6,CW,0.0
3,barra_6,CW,0.0
4,barra_6,CW,0.0
5,barra_6,CW,0.0
6,barra_6,CW,0.0
7,barra_6,CW,0.0
8,barra_6,CW,0.0
9,barra_6,CW,0.0
10,barra_6,CW,0.0
11,barra_6,CW,0.0
12,barra_6,CW,0.0
13,barra_6,CW,0.0
14,barra_6,CW,0.0
15,barra_6,CW,0.0
16,barra_6,CW,0.0
17,barra_6,CW,0.0
18,barra_6,CW,0.0
19,barra_6,CW,0.0
20,barra_6,CW,0.0
21,barra_6,CW,0.0
22,barra_6,CW,0.0
23,barra_6,CW,0.0
24,barra_6,CW,0.0
1,barra_7,CW,0.0
2,barra_7,CW,0.0
3,barra_7,CW,0.0
4,barra_7,CW,0.0
5,barra_7,CW,0.0
6,barra_7,CW,0.0
7,barra_7,CW,0.0
8,barra_7,CW,0.0
9,barra_7,CW,0.0
10,barra_7,CW,0.0
11,barra_7,CW,0.0
12,barra_7,CW,0.0
13,barra_7,CW,0.0
14,barra_7,CW,0.0
15,barra_7,CW,0.0
16,barra_7,CW,0.0
17,barra_7,CW,0.0
18,barra_7,CW,0.0
19,barra_7,CW,0.0
20,barra_7,CW,0.0
21,barra_7,CW,0.0
22,barra_7,CW,0.0
23,barra_7,CW,0.0
24,barra_7,CW,0.0
1,barra_8,CW,0.0
2,barra_8,CW,0.0
3,barra_8,CW,0.0
4,barra_8,CW,0.0
5,barra_8,CW,0.0
6,barra_8,CW,0.0
7,barra_8,CW,0.0
8,barra_8,CW,0.0
9,barra_8,CW,0.0
10,barra_8,CW,0.0
11,barra_8,CW,0.0
12,barra_8,CW,0.0
13,barra_8,CW,0.0
14,barra_8,CW,0.0
15,barra_8,CW,0.0
16,barra_8,CW,0.0
17,barra_8,CW,0.0
18,barra_8,CW,0.0
19,barra_8,CW,0.0
20,barra_8,CW,0.0
21,barra_8,CW,0.0
22,barra_8,CW,0.0
23,barra_8,CW,0.0
24,barra_8,CW,0.0
1,barra_9,CW,0.0
2,barra_9,CW,0.0
3,barra_9,CW,0.0
4,barra_9,CW,0.0
5,barra_9,CW,0.0
6,barra_9,CW,0.0
7,barra_9,CW,0.0
8,barra_9,CW,0.0
9,barra_9,CW,0.0
10,barra_9,CW,0.0
11,barra_9,CW,0.0
12,barra_9,CW,0.0
13,barra_9,CW,0.0
14,barra_9,CW,0.0
15,barra_9,CW,0.0
16,barra_9,CW,0.0
17,barra_9,CW,0.0
18,barra_9,CW,0.0
19,barra_9,CW,0.0
20,barra_9,CW,0.0
21,barra_9,CW,0.0
22,barra_9,CW,0.0
23,barra_9,CW,0.0
24,barra_9,CW,0.0
1,barra_10,CW,0.0
2,barra_10,CW,0.0
3,barra_10,CW,0.0
4,barra_10,CW,0.0
5,barra_10,CW,0.0
6,barra_10,CW,0.0
7,barra_10,CW,0.0
8,barra_10,CW,0.0
9,barra_10,CW,0.0
10,barra_10,CW,0.0
11,barra_10,CW,0.0
12,barra_10,CW,0.0
13,barra_10,CW,0.0
14,barra_10,CW,0.0
15,barra_10,CW,0.0
16,barra_10,CW,0.0
17,barra_10,CW,0.0
18,barra_10,CW,0.0
19,barra_10,CW,0.0
20,barra_10,CW,0.0
21,barra_10,CW,0.0
22,barra_10,CW,0.0
23,barra_10,CW,0.0
24,barra_10,CW,0.0
1,barra_11,CW,0.0
2,barra_11,CW,0.0
3,barra_11,CW,0.0
4,barra_11,CW,0.0
5,barra_11,CW,0.0
6,barra_11,CW,0.0
7,barra_11,CW,0.0
8,barra_11,CW,0.0
9,barra_11,CW,0.0
10,barra_11,CW,0.0
11,barra_11,CW,0.0
12,barra_11,CW,0.0
13,barra_11,CW,0.0
14,barra_11,CW,0.0
15,barra_11,CW,0.0
16,barra_11,CW,0.0
17,barra_11,CW,0.0
18,barra_11,CW,0.0
19,barra_11,CW,0.0
20,barra_11,CW,0.0
21,barra_11,CW,0.0
22,barra_11,CW,0.0
23,barra_11,CW,0.0
24,barra_11,CW,0.0
1,barra_12,CW,0.0
2,barra_12,CW,0.0
3,barra_12,CW,0.0
4,barra_12,CW,0.0
5,barra_12,CW,0.0
6,barra_12,CW,0.0
7,barra_12,CW,0.0
8,barra_12,CW,0.0
9,barra_12,CW,0.0
10,barra_12,CW,0.0
11,barra_12,CW,0.0
12,barra_12,CW,0.0
13,barra_12,CW,0.0
14,barra_12,CW,0.0
15,barra_12,CW,0.0
16,barra_12,CW,0.0
17,barra_12,CW,0.0
18,barra_12,CW,0.0
19,barra_12,CW,0.0
20,barra_12,CW,0.0
21,barra_12,CW,0.0
22,barra_12,CW,0.0
23,barra_12,CW,0.0
24,barra_12,CW,0.0
1,barra_13,CW,0.0
2,barra_13,CW,0.0
3,barra_13,CW,0.0
4,barra_13,CW,0.0
5,barra_13,CW,0.0
6,barra_13,CW,0.0
7,barra_13,CW,0.0
8,barra_13,CW,0.0
9,barra_13,CW,0.0
10,barra_13,CW,0.0
11,barra_13,CW,0.0
12,barra_13,CW,0.0
13,barra_13,CW,0.0
14,barra_13,CW,0.0
15,barra_13,CW,0.0
16,barra_13,CW,0.0
17,barra_13,CW,0.0
18,barra_13,CW,0.0
19,barra_13,CW,0.0
20,barra_13,CW,0.0
21,barra_13,CW,0.0
22,barra_13,CW,0.0
23,barra_13,CW,0.0
24,barra_13,CW,0.0
1,barra_14,CW,0.0
2,barra_14,CW,0.0
3,barra_14,CW,0.0
4,barra_14,CW,0.0
5,barra_14,CW,0.0
6,barra_14,CW,0.0
7,barra_14,CW,0.0
8,barra_14,CW,0.0
9,barra_14,CW,0.0
10,barra_14,CW,0.0
11,barra_14,CW,0.0
12,barra_14,CW,0.0
13,barra_14,CW,0.0
14,barra_14,CW,0.0
15,barra_14,CW,0.0
16,barra_14,CW,0.0
17,barra_14,CW,0.0
18,barra_14,CW,0.0
19,barra_14,CW,0.0
20,barra_14,CW,0.0
21,barra_14,CW,0.0
22,barra_14,CW,0.0
23,barra_14,CW,0.0
24,barra_14,CW,0.0
1,barra_15,CW,0.0
2,barra_15,CW,0.0
3,barra_15,CW,0.0
4,barra_15,CW,0.0
5,barra_15,CW,0.0
6,barra_15,CW,0.0
7,barra_15,CW,0.0
8,barra_15,CW,0.0
9,barra_15,CW,0.0
10,barra_15,CW,0.0
11,barra_15,CW,0.0
12,barra_15,CW,0.0
13,barra_15,CW,0.0
14,barra_15,CW,0.0
15,barra_15,CW,0.0
16,barra_15,CW,0.0
17,barra_15,CW,0.0
18,barra_15,CW,0.0
19,barra_15,CW,0.0
20,barra_15,CW,0.0
21,barra_15,CW,0.0
22,barra_15,CW,0.0
23,barra_15,CW,0.0
24,barra_15,CW,0.0
1,barra_16,CW,0.0
2,barra_16,CW,0.0
3,barra_16,CW,0.0
4,barra_16,CW,0.0
5,barra_16,CW,0.0
6,barra_16,CW,0.0
7,barra_16,CW,0.0
8,barra_16,CW,0.0
9,barra_16,CW,0.0
10,barra_16,CW,0.0
11,barra_16,CW,0.0
12,barra_16,CW,0.0
13,barra_16,CW,0.0
14,barra_16,CW,0.0
15,barra_16,CW,0.0
16,barra_16,CW,0.0
17,barra_16,CW,0.0
18,barra_16,CW,0.0
19,barra_16,CW,0.0
20,barra_16,CW,0.0
21,barra_16,CW,0.0
22,barra_16,CW,0.0
23,barra_16,CW,0.0
24,barra_16,CW,0.0
1,barra_17,CW,0.0
2,barra_17,CW,0.0
3,barra_17,CW,0.0
4,barra_17,CW,0.0
5,barra_17,CW,0.0
6,barra_17,CW,0.0
7,barra_17,CW,0.0
8,barra_17,CW,0.0
9,barra_17,CW,0.0
10,barra_17,CW,0.0
11,barra_17,CW,0.0
12,barra_17,CW,0.0
13,barra_17,CW,0.0
14,barra_17,CW,0.0
15,barra_17,CW,0.0
16,barra_17,CW,0.0
17,barra_17,CW,0.0
18,barra_17,CW,0.0
19,barra_17,CW,0.0
20,barra_17,CW,0.0
21,barra_17,CW,0.0
22,barra_17,CW,0.0
23,barra_17,CW,0.0
24,barra_17,CW,0.0
1,barra_18,CW,0.15799222
2,barra_18,CW,0.16751718
3,barra_18,CW,0.17772384
4,barra_18,CW,0.18889957
5,barra_18,CW,0.16601345
6,barra_18,CW,0.14983973
7,barra_18,CW,0.12609441
8,barra_18,CW,0.11607335
9,barra_18,CW,0.14152539
10,barra_18,CW,0.18555568
11,barra_18,CW,0.18766195
12,barra_18,CW,0.17577376
13,barra_18,CW,0.16519754
14,barra_18,CW,0.15600969
15,barra_18,CW,0.16802274
16,barra_18,CW,0.18624503
17,barra_18,CW,0.12736265
18,barra_18,CW,0.13752863
19,barra_18,CW,0.18210963
20,barra_18,CW,0.22478451
21,barra_18,CW,0.25941332
22,barra_18,CW,0.27852188
23,barra_18,CW,0.23896207
24,barra_18,CW,0.18911115
1,barra_19,CW,0.0
2,barra_19,CW,0.0
3,barra_19,CW,0.0
4,barra_19,CW,0.0
5,barra_19,CW,0.0
6,barra_19,CW,0.0
7,barra_19,CW,0.0
8,barra_19,CW,0.0
9,barra_19,CW,0.0
10,barra_19,CW,0.0
11,barra_19,CW,0.0
12,barra_19,CW,0.0
13,barra_19,CW,0.0
14,barra_19,CW,0.0
15,barra_19,CW,0.0
16,barra_19,CW,0.0
17,barra_19,CW,0.0
18,barra_19,CW,0.0
19,barra_19,CW,0.0
20,barra_19,CW,0.0
21,barra_19,CW,0.0
22,barra_19,CW,0.0
23,barra_19,CW,0.0
24,barra_19,CW,0.0
1,barra_20,CW,0.0
2,barra_20,CW,0.0
3,barra_20,CW,0.0
4,barra_20,CW,0.0
5,barra_20,CW,0.0
6,barra_20,CW,0.0
7,barra_20,CW,0.0
8,barra_20,CW,0.0
9,barra_20,CW,0.0
10,barra_20,CW,0.0
11,barra_20,CW,0.0
12,barra_20,CW,0.0
13,barra_20,CW,0.0
14,barra_20,CW,0.0
15,barra_20,CW,0.0
16,barra_20,CW,0.0
17,barra_20,CW,0.0
18,barra_20,CW,0.0
19,barra_20,CW,0.0
20,barra_20,CW,0.0
21,barra_20,CW,0.0
22,barra_20,CW,0.0
23,barra_20,CW,0.0
24,barra_20,CW,0.0
1,barra_21,CW,0.0
2,barra_21,CW,0.0
3,barra_21,CW,0.0
4,barra_21,CW,0.0
5,barra_21,CW,0.0
6,barra_21,CW,0.0
7,barra_21,CW,0.0
8,barra_21,CW,0.0
9,barra_21,CW,0.0
10,barra_21,CW,0.0
11,barra_21,CW,0.0
12,barra_21,CW,0.0
13,barra_21,CW,0.0
14,barra_21,CW,0.0
15,barra_21,CW,0.0
16,barra_21,CW,0.0
17,barra_21,CW,0.0
18,barra_21,CW,0.0
19,barra_21,CW,0.0
20,barra_21,CW,0.0
21,barra_21,CW,0.0
22,barra_21,CW,0.0
23,barra_21,CW,0.0
24,barra_21,CW,0.0
1,barra_22,CW,0.0
2,barra_22,CW,0.0
3,barra_22,CW,0.0
4,barra_22,CW,0.0
5,barra_22,CW,0.0
6,barra_22,CW,0.0
7,barra_22,CW,0.0
8,barra_22,CW,0.0
9,barra_22,CW,0.0
10,barra_22,CW,0.0
11,barra_22,CW,0.0
12,barra_22,CW,0.0
13,barra_22,CW,0.0
14,barra_22,CW,0.0
15,barra_22,CW,0.0
16,barra_22,CW,0.0
17,barra_22,CW,0.0
18,barra_22,CW,0.0
19,barra_22,CW,0.0
20,barra_22,CW,0.0
21,barra_22,CW,0.0
22,barra_22,CW,0.0
23,barra_22,CW,0.0
24,barra_22,CW,0.0
1,barra_23,CW,0.0
2,barra_23,CW,0.0
3,barra_23,CW,0.0
4,barra_23,CW,0.0
5,barra_23,CW,0.0
6,barra_23,CW,0.0
7,barra_23,CW,0.0
8,barra_23,CW,0.0
9,barra_23,CW,0.0
10,barra_23,CW,0.0
11,barra_23,CW,0.0
12,barra_23,CW,0.0
13,barra_23,CW,0.0
14,barra_23,CW,0.0
15,barra_23,CW,0.0
16,barra_23,CW,0.0
17,barra_23,CW,0.0
18,barra_23,CW,0.0
19,barra_23,CW,0.0
20,barra_23,CW,0.0
21,barra_23,CW,0.0
22,barra_23,CW,0.0
23,barra_23,CW,0.0
24,barra_23,CW,0.0
1,barra_24,CW,0.0
2,barra_24,CW,0.0
3,barra_24,CW,0.0
4,barra_24,CW,0.0
5,barra_24,CW,0.0
6,barra_24,CW,0.0
7,barra_24,CW,0.0
8,barra_24,CW,0.0
9,barra_24,CW,0.0
10,barra_24,CW,0.0
11,barra_24,CW,0.0
12,barra_24,CW,0.0
13,barra_24,CW,0.0
14,barra_24,CW,0.0
15,barra_24,CW,0.0
16,barra_24,CW,0.0
17,barra_24,CW,0.0
18,barra_24,CW,0.0
19,barra_24,CW,0.0
20,barra_24,CW,0.0
21,barra_24,CW,0.0
22,barra_24,CW,0.0
23,barra_24,CW,0.0
24,barra_24,CW,0.0
1,barra_25,CW,0.0
2,barra_25,CW,0.0
3,barra_25,CW,0.0
4,barra_25,CW,0.0
5,barra_25,CW,0.0
6,barra_25,CW,0.0
7,barra_25,CW,0.0
8,barra_25,CW,0.0
9,barra_25,CW,0.0
10,barra_25,CW,0.0
11,barra_25,CW,0.0
12,barra_25,CW,0.0
13,barra_25,CW,0.0
14,barra_25,CW,0.0
15,barra_25,CW,0.0
16,barra_25,CW,0.0
17,barra_25,CW,0.0
18,barra_25,CW,0.0
19,barra_25,CW,0.0
20,barra_25,CW,0.0
21,barra_25,CW,0.0
22,barra_25,CW,0.0
23,barra_25,CW,0.0
24,barra_25,CW,0.0
1,barra_26,CW,0.0
2,barra_26,CW,0.0
3,barra_26,CW,0.0
4,barra_26,CW,0.0
5,barra_26,CW,0.0
6,barra_26,CW,0.0
7,barra_26,CW,0.0
8,barra_26,CW,0.0
9,barra_26,CW,0.0
10,barra_26,CW,0.0
11,barra_26,CW,0.0
12,barra_26,CW,0.0
13,barra_26,CW,0.0
14,barra_26,CW,0.0
15,barra_26,CW,0.0
16,barra_26,CW,0.0
17,barra_26,CW,0.0
18,barra_26,CW,0.0
19,barra_26,CW,0.0
20,barra_26,CW,0.0
21,barra_26,CW,0.0
22,barra_26,CW,0.0
23,barra_26,CW,0.0
24,barra_26,CW,0.0
1,barra_27,CW,0.0
2,barra_27,CW,0.0
3,barra_27,CW,0.0
4,barra_27,CW,0.0
5,barra_27,CW,0.0
6,barra_27,CW,0.0
7,barra_27,CW,0.0
8,barra_27,CW,0.0
9,barra_27,CW,0.0
10,barra_27,CW,0.0
11,barra_27,CW,0.0
12,barra_27,CW,0.0
13,barra_27,CW,0.0
14,barra_27,CW,0.0
15,barra_27,CW,0.0
16,barra_27,CW,0.0
17,barra_27,CW,0.0
18,barra_27,CW,0.0
19,barra_27,CW,0.0
20,barra_27,CW,0.0
21,barra_27,CW,0.0
22,barra_27,CW,0.0
23,barra_27,CW,0.0
24,barra_27,CW,0.0
1,barra_28,CW,0.0
2,barra_28,CW,0.0
3,barra_28,CW,0.0
4,barra_28,CW,0.0
5,barra_28,CW,0.0
6,barra_28,CW,0.0
7,barra_28,CW,0.0
8,barra_28,CW,0.0
9,barra_28,CW,0.0
10,barra_28,CW,0.0
11,barra_28,CW,0.0
12,barra_28,CW,0.0
13,barra_28,CW,0.0
14,barra_28,CW,0.0
15,barra_28,CW,0.0
16,barra_28,CW,0.0
17,barra_28,CW,0.0
18,barra_28,CW,0.0
19,barra_28,CW,0.0
20,barra_28,CW,0.0
21,barra_28,CW,0.0
22,barra_28,CW,0.0
23,barra_28,CW,0.0
24,barra_28,CW,0.0
1,barra_29,CW,0.0
2,barra_29,CW,0.0
3,barra_29,CW,0.0
4,barra_29,CW,0.0
5,barra_29,CW,0.0
6,barra_29,CW,0.0
7,barra_29,CW,0.0
8,barra_29,CW,0.0
9,barra_29,CW,0.0
10,barra_29,CW,0.0
11,barra_29,CW,0.0
12,barra_29,CW,0.0
13,barra_29,CW,0.0
14,barra_29,CW,0.0
15,barra_29,CW,0.0
16,barra_29,CW,0.0
17,barra_29,CW,0.0
18,barra_29,CW,0.0
19,barra_29,CW,0.0
20,barra_29,CW,0.0
21,barra_29,CW,0.0
22,barra_29,CW,0.0
23,barra_29,CW,0.0
24,barra_29,CW,0.0
1,barra_30,CW,0.0
2,barra_30,CW,0.0
3,barra_30,CW,0.0
4,barra_30,CW,0.0
5,barra_30,CW,0.0
6,barra_30,CW,0.0
7,barra_30,CW,0.0
8,barra_30,CW,0.0
9,barra_30,CW,0.0
10,barra_30,CW,0.017134178
11,barra_30,CW,0.037613288
12,barra_30,CW,0.02691266
13,barra_30,CW,0.019724672
14,barra_30,CW,0.016253895
15,barra_30,CW,0.011551324
16,barra_30,CW,0.021469723
17,barra_30,CW,0.0
18,barra_30,CW,0.0
19,barra_30,CW,0.0
20,barra_30,CW,0.0
21,barra_30,CW,0.013629935
22,barra_30,CW,0.020279532
23,barra_30,CW,0.0
24,barra_30,CW,0.0
1,barra_31,CW,0.0
2,barra_31,CW,0.0
3,barra_31,CW,0.0
4,barra_31,CW,0.0
5,barra_31,CW,0.0
6,barra_31,CW,0.0
7,barra_31,CW,0.0
8,barra_31,CW,0.0
9,barra_31,CW,0.0
10,barra_31,CW,0.0
11,barra_31,CW,0.0
12,barra_31,CW,0.0
13,barra_31,CW,0.0
14,barra_31,CW,0.0
15,barra_31,CW,0.0
16,barra_31,CW,0.0
17,barra_31,CW,0.0
18,barra_31,CW,0.0
19,barra_31,CW,0.0
20,barra_31,CW,0.0
21,barra_31,CW,0.0
22,barra_31,CW,0.0
23,barra_31,CW,0.0
24,barra_31,CW,0.0
1,barra_32,CW,0.0
2,barra_32,CW,0.0
3,barra_32,CW,0.0
4,barra_32,CW,0.0
5,barra_32,CW,0.0
6,barra_32,CW,0.0
7,barra_32,CW,0.0
8,barra_32,CW,0.0
9,barra_32,CW,0.0
10,barra_32,CW,0.0
11,barra_32,CW,0.0
12,barra_32,CW,0.0
13,barra_32,CW,0.0
14,barra_32,CW,0.0
15,barra_32,CW,0.0
16,barra_32,CW,0.0
17,barra_32,CW,0.0
18,barra_32,CW,0.0
19,barra_32,CW,0.0
20,barra_32,CW,0.0
21,barra_32,CW,0.0
22,barra_32,CW,0.0
23,barra_32,CW,0.0
24,barra_32,CW,0.0
1,barra_33,CW,0.0
2,barra_33,CW,0.0
3,barra_33,CW,0.0
4,barra_33,CW,0.0
5,barra_33,CW,0.0
6,barra_33,CW,0.0
7,barra_33,CW,0.0
8,barra_33,CW,0.0
9,barra_33,CW,0.0
10,barra_33,CW,0.0
11,barra_33,CW,0.0
12,barra_33,CW,0.0
13,barra_33,CW,0.0
14,barra_33,CW,0.0
15,barra_33,CW,0.0
16,barra_33,CW,0.0
17,barra_33,CW,0.0
18,barra_33,CW,0.0
19,barra_33,CW,0.0
20,barra_33,CW,0.0
21,barra_33,CW,0.0
22,barra_33,CW,0.0
23,barra_33,CW,0.0
24,barra_33,CW,0.0
1,bateria_25,P_ch,0.0
2,bateria_25,P_ch,0.0
3,bateria_25,P_ch,0.0
4,bateria_25,P_ch,0.0
5,bateria_25,P_ch,0.0
6,bateria_25,P_ch,0.0
7,bateria_25,P_ch,0.0
8,bateria_25,P_ch,0.0
9,bateria_25,P_ch,0.2
10,bateria_25,P_ch,0.2
11,bateria_25,P_ch,0.2
12,bateria_25,P_ch,0.2
13,bateria_25,P_ch,0.2
14,bateria_25,P_ch,0.2
15,bateria_25,P_ch,0.2
16,bateria_25,P_ch,0.2
17,bateria_25,P_ch,0.17044163
18,bateria_25,P_ch,0.0
19,bateria_25,P_ch,0.0
20,bateria_25,P_ch,0.0
21,bateria_25,P_ch,0.0
22,bateria_25,P_ch,0.0
23,bateria_25,P_ch,0.0
24,bateria_25,P_ch,0.0
1,bateria_6,P_ch,0.0
2,bateria_6,P_ch,0.0
3,bateria_6,P_ch,0.0
4,bateria_6,P_ch,0.0
5,bateria_6,P_ch,0.0
6,bateria_6,P_ch,0.0
7,bateria_6,P_ch,0.0
8,bateria_6,P_ch,0.0
9,bateria_6,P_ch,0.2
10,bateria_6,P_ch,0.2
11,bateria_6,P_ch,0.2
12,bateria_6,P_ch,0.2
13,bateria_6,P_ch,0.2
14,bateria_6,P_ch,0.2
15,bateria_6,P_ch,0.2
16,bateria_6,P_ch,0.2
17,bateria_6,P_ch,0.2
18,bateria_6,P_ch,0.0
19,bateria_6,P_ch,0.0
20,bateria_6,P_ch,0.0
21,bateria_6,P_ch,0.13392615
22,bateria_6,P_ch,0.2
23,bateria_6,P_ch,0.0
24,bateria_6,P_ch,0.0
1,bateria_25,P_dis,0.0
2,bateria_25,P_dis,0.1425
3,bateria_25,P_dis,0.0
4,bateria_25,P_dis,0.0
5,bateria_25,P_dis,0.0
6,bateria_25,P_dis,0.0
7,bateria_25,P_dis,0.0
8,bateria_25,P_dis,0.0
9,bateria_25,P_dis,0.1805
10,bateria_25,P_dis,0.1805
11,bateria_25,P_dis,0.1805
12,bateria_25,P_dis,0.1805
13,bateria_25,P_dis,0.0
14,bateria_25,P_dis,0.169435
15,bateria_25,P_dis,0.042703
16,bateria_25,P_dis,0.129862
17,bateria_25,P_dis,0.15382357
18,bateria_25,P_dis,0.0
19,bateria_25,P_dis,0.0
20,bateria_25,P_dis,0.0
21,bateria_25,P_dis,0.0
22,bateria_25,P_dis,0.0
23,bateria_25,P_dis,0.0
24,bateria_25,P_dis,0.0
1,bateria_6,P_dis,0.0
2,bateria_6,P_dis,0.11045981
3,bateria_6,P_dis,0.0
4,bateria_6,P_dis,0.032040189
5,bateria_6,P_dis,0.0
6,bateria_6,P_dis,0.0
7,bateria_6,P_dis,0.0
8,bateria_6,P_dis,0.0
9,bateria_6,P_dis,0.1805
10,bateria_6,P_dis,0.1805
11,bateria_6,P_dis,0.16406223
12,bateria_6,P_dis,0.11534048
13,bateria_6,P_dis,0.074150142
14,bateria_6,P_dis,0.071998019
15,bateria_6,P_dis,0.096949124
16,bateria_6,P_dis,0.1805
17,bateria_6,P_dis,0.1805
18,bateria_6,P_dis,0.10074128
19,bateria_6,P_dis,0.19574445
20,bateria_6,P_dis,0.0048826129
21,bateria_6,P_dis,0.0
22,bateria_6,P_dis,0.0
23,bateria_6,P_dis,0.0
24,bateria_6,P_dis,0.0
1,bateria_25,E,0.25
2,bateria_25,E,0.25
3,bateria_25,E,0.1
4,bateria_25,E,0.1
5,bateria_25,E,0.1
6,bateria_25,E,0.1
7,bateria_25,E,0.1
8,bateria_25,E,0.1
9,bateria_25,E,0.1
10,bateria_25,E,0.1
11,bateria_25,E,0.1
12,bateria_25,E,0.1
13,bateria_25,E,0.1
14,bateria_25,E,0.29
15,bateria_25,E,0.30164737
16,bateria_25,E,0.44669684
17,bateria_25,E,0.5
18,bateria_25,E,0.5
19,bateria_25,E,0.5
20,bateria_25,E,0.5
21,bateria_25,E,0.5
22,bateria_25,E,0.5
23,bateria_25,E,0.5
24,bateria_25,E,0.5
1,bateria_6,E,0.25
2,bateria_6,E,0.25
3,bateria_6,E,0.13372651
4,bateria_6,E,0.13372651
5,bateria_6,E,0.1
6,bateria_6,E,0.1
7,bateria_6,E,0.1
8,bateria_6,E,0.1
9,bateria_6,E,0.1
10,bateria_6,E,0.1
11,bateria_6,E,0.1
12,bateria_6,E,0.11730291
13,bateria_6,E,0.18589188
14,bateria_6,E,0.2978391
15,bateria_6,E,0.41205171
16,bateria_6,E,0.5
17,bateria_6,E,0.5
18,bateria_6,E,0.5
19,bateria_6,E,0.39395655
20,bateria_6,E,0.18790975
21,bateria_6,E,0.18277016
22,bateria_6,E,0.31
23,bateria_6,E,0.5
24,bateria_6,E,0.5
1,linha_1-2,F,-0.048780246
2,linha_1-2,F,-0.049881096
3,linha_1-2,F,-0.050678742
4,linha_1-2,F,-0.051045362
5,linha_1-2,F,-0.05054993
6,linha_1-2,F,-0.047654624
7,linha_1-2,F,-0.044048869
8,linha_1-2,F,-0.043219516
9,linha_1-2,F,-0.041716375
10,linha_1-2,F,-0.040756228
11,linha_1-2,F,-0.040588772
12,linha_1-2,F,-0.04052932
13,linha_1-2,F,-0.039772299
14,linha_1-2,F,-0.038277085
15,linha_1-2,F,-0.038270149
16,linha_1-2,F,-0.039913993
17,linha_1-2,F,-0.042505103
18,linha_1-2,F,-0.045302313
19,linha_1-2,F,-0.050634153
20,linha_1-2,F,-0.052082797
21,linha_1-2,F,-0.052598046
22,linha_1-2,F,-0.054436099
23,linha_1-2,F,-0.055773766
24,linha_1-2,F,-0.055646935
1,linha_2-3,F,-0.22706046
2,linha_2-3,F,-0.23179696
3,linha_2-3,F,-0.2352289
4,linha_2-3,F,-0.23680631
5,linha_2-3,F,-0.23467467
6,linha_2-3,F,-0.22221737
7,linha_2-3,F,-0.20670329
8,linha_2-3,F,-0.20313493
9,linha_2-3,F,-0.19635439
10,linha_2-3,F,-0.19183508
11,linha_2-3,F,-0.19104689
12,linha_2-3,F,-0.19076705
13,linha_2-3,F,-0.18720384
14,linha_2-3,F,-0.18016603
15,linha_2-3,F,-0.18013339
16,linha_2-3,F,-0.18787078
17,linha_2-3,F,-0.2000611
18,linha_2-3,F,-0.21209634
19,linha_2-3,F,-0.23503705
20,linha_2-3,F,-0.24126997
21,linha_2-3,F,-0.24348687
22,linha_2-3,F,-0.25139526
23,linha_2-3,F,-0.25715068
24,linha_2-3,F,-0.25660498
1,linha_3-4,F,-0.13614795
2,linha_3-4,F,-0.13375016
3,linha_3-4,F,-0.13201278
4,linha_3-4,F,-0.13121424
5,linha_3-4,F,-0.13229335
6,linha_3-4,F,-0.1385997
7,linha_3-4,F,-0.14645351
8,linha_3-4,F,-0.22340386
9,linha_3-4,F,-0.10518836
10,linha_3-4,F,-0.035552044
11,linha_3-4,F,-0.034274039
12,linha_3-4,F,-0.033820309
13,linha_3-4,F,-0.02804282
14,linha_3-4,F,-0.016631522
15,linha_3-4,F,-0.016578587
16,linha_3-4,F,-0.029124208
17,linha_3-4,F,-0.15570146
18,linha_3-4,F,-0.27264339
19,linha_3-4,F,-0.29953577
20,linha_3-4,F,-0.30684234
21,linha_3-4,F,-0.30944112
22,linha_3-4,F,-0.31871177
23,linha_3-4,F,-0.32049471
24,linha_3-4,F,-0.13893373
1,linha_4-5,F,-0.17377247
2,linha_4-5,F,-0.17261745
3,linha_4-5,F,-0.17178056
4,linha_4-5,F,-0.1713959
5,linha_4-5,F,-0.17191571
6,linha_4-5,F,-0.17495348
7,linha_4-5,F,-0.17873665
8,linha_4-5,F,-0.24443039
9,linha_4-5,F,-0.13817366
10,linha_4-5,F,-0.072615464
11,linha_4-5,F,-0.071266637
12,linha_4-5,F,-0.070787764
13,linha_4-5,F,-0.064690112
14,linha_4-5,F,-0.052646452
15,linha_4-5,F,-0.052590583
16,linha_4-5,F,-0.065831427
17,linha_4-5,F,-0.18581826
18,linha_4-5,F,-0.2856525
19,linha_4-5,F,-0.31196481
20,linha_4-5,F,-0.31911377
21,linha_4-5,F,-0.3216565
22,linha_4-5,F,-0.33072718
23,linha_4-5,F,-0.333363
24,linha_4-5,F,-0.18303335
1,linha_5-6,F,-0.2
2,linha_5-6,F,-0.2
3,linha_5-6,F,-0.2
4,linha_5-6,F,-0.2
5,linha_5-6,F,-0.2
6,linha_5-6,F,-0.2
7,linha_5-6,F,-0.2
8,linha_5-6,F,-0.24733617
9,linha_5-6,F,-0.16176067
10,linha_5-6,F,-0.10257888
11,linha_5-6,F,-0.10122346
12,linha_5-6,F,-0.10074225
13,linha_5-6,F,-0.094614819
14,linha_5-6,F,-0.082512335
15,linha_5-6,F,-0.082456194
16,linha_5-6,F,-0.095761707
17,linha_5-6,F,-0.20421749
18,linha_5-6,F,-0.27833174
19,linha_5-6,F,-0.30135897
20,linha_5-6,F,-0.30761539
21,linha_5-6,F,-0.30984066
22,linha_5-6,F,-0.31777887
23,linha_5-6,F,-0.32073662
24,linha_5-6,F,-0.2127141
1,linha_6-7,F,0.021740981
2,linha_6-7,F,0.034537368
3,linha_6-7,F,0.043809277
4,linha_6-7,F,0.0480709
5,linha_6-7,F,0.04231195
6,linha_6-7,F,0.0086566471
7,linha_6-7,F,-0.045972167
8,linha_6-7,F,-0.10401359
9,linha_6-7,F,-0.0051254983
10,linha_6-7,F,0.075389134
11,linha_6-7,F,0.075079381
12,linha_6-7,F,0.074969409
13,linha_6-7,F,0.073569105
14,linha_6-7,F,0.070803322
15,linha_6-7,F,0.070790492
16,linha_6-7,F,0.075024546
17,linha_6-7,F,-0.060418453
18,linha_6-7,F,-0.025065269
19,linha_6-7,F,0.0936609
20,linha_6-7,F,0.096340539
21,linha_6-7,F,0.097293625
22,linha_6-7,F,0.10069358
23,linha_6-7,F,0.10316794
24,linha_6-7,F,0.058988079
1,linha_7-8,F,-0.025283369
2,linha_7-8,F,-0.014150431
3,linha_7-8,F,-0.0060838108
4,linha_7-8,F,-0.0023761717
5,linha_7-8,F,-0.0073864948
6,linha_7-8,F,-0.036666823
7,linha_7-8,F,-0.083617985
8,linha_7-8,F,-0.13600879
9,linha_7-8,F,-0.044000363
10,linha_7-8,F,0.038400209
11,linha_7-8,F,0.038242433
12,linha_7-8,F,0.038186418
13,linha_7-8,F,0.037473159
14,linha_7-8,F,0.03606438
15,linha_7-8,F,0.036057845
16,linha_7-8,F,0.038915451
17,linha_7-8,F,-0.095397818
18,linha_7-8,F,-0.065645991
19,linha_7-8,F,0.047707116
20,linha_7-8,F,0.049072017
21,linha_7-8,F,0.049557481
22,linha_7-8,F,0.051289281
23,linha_7-8,F,0.05254962
24,linha_7-8,F,0.0042335081
1,linha_8-9,F,-0.065924488
2,linha_8-9,F,-0.057556454
3,linha_8-9,F,-0.051493208
4,linha_8-9,F,-0.048706374
5,linha_8-9,F,-0.052472366
6,linha_8-9,F,-0.07448082
7,linha_8-9,F,-0.11072022
8,linha_8-9,F,-0.1540808
9,linha_8-9,F,-0.075223189
10,linha_8-9,F,0.0
11,linha_8-9,F,0.0
12,linha_8-9,F,0.0
13,linha_8-9,F,0.0
14,linha_8-9,F,0.0
15,linha_8-9,F,0.0
16,linha_8-9,F,0.0015628718
17,linha_8-9,F,-0.11922776
18,linha_8-9,F,-0.096732489
19,linha_8-9,F,0.0
20,linha_8-9,F,0.0
21,linha_8-9,F,0.0
22,linha_8-9,F,0.0
23,linha_8-9,F,0.0
24,linha_8-9,F,-0.046804461
1,linha_9-10,F,-0.098120487
2,linha_9-10,F,-0.092329898
3,linha_9-10,F,-0.088134197
4,linha_9-10,F,-0.086205739
5,linha_9-10,F,-0.088811764
6,linha_9-10,F,-0.10404138
7,linha_9-10,F,-0.13018022
8,linha_9-10,F,-0.16464006
9,linha_9-10,F,-0.099217856
10,linha_9-10,F,-0.037243752
11,linha_9-10,F,-0.037090728
12,linha_9-10,F,-0.0370364
13,linha_9-10,F,-0.036344622
14,linha_9-10,F,-0.034978269
15,linha_9-10,F,-0.03497193
16,linha_9-10,F,-0.034913213
17,linha_9-10,F,-0.13567937
18,linha_9-10,F,-0.11996473
19,linha_9-10,F,-0.046270373
20,linha_9-10,F,-0.047594169
21,linha_9-10,F,-0.048065013
22,linha_9-10,F,-0.049744658
23,linha_9-10,F,-0.050967041
24,linha_9-10,F,-0.088865992
1,linha_10-11,F,-0.13446316
2,linha_10-11,F,-0.13046668
3,linha_10-11,F,-0.12757094
4,linha_10-11,F,-0.12623998
5,linha_10-11,F,-0.12803858
6,linha_10-11,F,-0.13854957
7,linha_10-11,F,-0.15793932
8,linha_10-11,F,-0.18738563
9,linha_10-11,F,-0.12843547
10,linha_10-11,F,-0.073051316
11,linha_10-11,F,-0.072751168
12,linha_10-11,F,-0.072644607
13,linha_10-11,F,-0.071287726
14,linha_10-11,F,-0.06860771
15,linha_10-11,F,-0.068595278
16,linha_10-11,F,-0.070170717
17,linha_10-11,F,-0.16124144
18,linha_10-11,F,-0.15020733
19,linha_10-11,F,-0.090756474
20,linha_10-11,F,-0.093353017
21,linha_10-11,F,-0.094276548
22,linha_10-11,F,-0.097571068
23,linha_10-11,F,-0.099968697
24,linha_10-11,F,-0.13313103
1,linha_11-12,F,-0.17451575
2,linha_11-12,F,-0.17181014
3,linha_11-12,F,-0.16984972
4,linha_11-12,F,-0.16894867
5,linha_11-12,F,-0.17016631
6,linha_11-12,F,-0.17728224
7,linha_11-12,F,-0.19209712
8,linha_11-12,F,-0.21782907
9,linha_11-12,F,-0.16194809
10,linha_11-12,F,-0.10867821
11,linha_11-12,F,-0.10823169
12,linha_11-12,F,-0.10807315
13,linha_11-12,F,-0.10605453
14,linha_11-12,F,-0.10206748
15,linha_11-12,F,-0.10204898
16,linha_11-12,F,-0.10513684
17,linha_11-12,F,-0.19371572
18,linha_11-12,F,-0.18601004
19,linha_11-12,F,-0.13501812
20,linha_11-12,F,-0.13888099
21,linha_11-12,F,-0.14025493
22,linha_11-12,F,-0.14515617
23,linha_11-12,F,-0.14872312
24,linha_11-12,F,-0.17993684
1,linha_12-13,F,-0.18940694
2,linha_12-13,F,-0.18810478
3,linha_12-13,F,-0.18716128
4,linha_12-13,F,-0.18672761
5,linha_12-13,F,-0.18731364
6,linha_12-13,F,-0.1907384
7,linha_12-13,F,-0.2
8,linha_12-13,F,-0.21568766
9,linha_12-13,F,-0.17264192
10,linha_12-13,F,-0.1270852
11,linha_12-13,F,-0.12656304
12,linha_12-13,F,-0.12637766
13,linha_12-13,F,-0.12401713
14,linha_12-13,F,-0.11935479
15,linha_12-13,F,-0.11933316
16,linha_12-13,F,-0.12337157
17,linha_12-13,F,-0.2
18,linha_12-13,F,-0.19599392
19,linha_12-13,F,-0.15788633
20,linha_12-13,F,-0.16240346
21,linha_12-13,F,-0.1640101
22,linha_12-13,F,-0.16974148
23,linha_12-13,F,-0.17391256
24,linha_12-13,F,-0.2
1,linha_13-14,F,-0.2
2,linha_13-14,F,-0.2
3,linha_13-14,F,-0.2
4,linha_13-14,F,-0.2
5,linha_13-14,F,-0.2
6,linha_13-14,F,-0.2
7,linha_13-14,F,-0.20366716
8,linha_13-14,F,-0.21049895
9,linha_13-14,F,-0.17966826
10,linha_13-14,F,-0.14187703
11,linha_13-14,F,-0.1412941
12,linha_13-14,F,-0.14108714
13,linha_13-14,F,-0.13845186
14,linha_13-14,F,-0.13324685
15,linha_13-14,F,-0.13322271
16,linha_13-14,F,-0.13806502
17,linha_13-14,F,-0.20232692
18,linha_13-14,F,-0.20181509
19,linha_13-14,F,-0.1762632
20,linha_13-14,F,-0.18130609
21,linha_13-14,F,-0.18309974
22,linha_13-14,F,-0.18949821
23,linha_13-14,F,-0.19415477
24,linha_13-14,F,-0.21373615
1,linha_14-15,F,-0.22257538
2,linha_14-15,F,-0.22351907
3,linha_14-15,F,-0.22420284
4,linha_14-15,F,-0.22451712
5,linha_14-15,F,-0.22409241
6,linha_14-15,F,-0.21269175
7,linha_14-15,F,-0.18382997
8,linha_14-15,F,-0.14548114
9,linha_14-15,F,-0.051495064
10,linha_14-15,F,0.05545226
11,linha_14-15,F,0.071982317
12,linha_14-15,F,0.071876882
13,linha_14-15,F,0.070534341
14,linha_14-15,F,0.067882648
15,linha_14-15,F,0.067870347
16,linha_14-15,F,0.060187672
17,linha_14-15,F,-0.095377059
18,linha_14-15,F,-0.17364572
19,linha_14-15,F,-0.19574902
20,linha_14-15,F,-0.2103878
21,linha_14-15,F,-0.2122705
22,linha_14-15,F,-0.21898665
23,linha_14-15,F,-0.22387442
24,linha_14-15,F,-0.2382335
1,linha_15-16,F,-0.23354613
2,linha_15-16,F,-0.23508823
3,linha_15-16,F,-0.2362056
4,linha_15-16,F,-0.23671917
5,linha_15-16,F,-0.23602516
6,linha_15-16,F,-0.22597415
7,linha_15-16,F,-0.20203827
8,linha_15-16,F,-0.16796591
9,linha_15-16,F,-0.084264078
10,linha_15-16,F,0.019016705
11,linha_15-16,F,0.038118236
12,linha_15-16,F,0.038062403
13,linha_15-16,F,0.037351461
14,linha_15-16,F,0.035947256
15,linha_15-16,F,0.035940742
16,linha_15-16,F,0.025355008
17,linha_15-16,F,-0.12342599
18,linha_15-16,F,-0.19458163
19,linha_15-16,F,-0.2166316
20,linha_15-16,F,-0.2280769
21,linha_15-16,F,-0.22976733
22,linha_15-16,F,-0.23579759
23,linha_15-16,F,-0.2401862
24,linha_15-16,F,-0.2497338
1,linha_16-17,F,-0.22492211
2,linha_16-17,F,-0.22658638
3,linha_16-17,F,-0.22779226
4,linha_16-17,F,-0.22834652
5,linha_16-17,F,-0.22759752
6,linha_16-17,F,-0.219865
7,linha_16-17,F,-0.20384432
8,linha_16-17,F,-0.17632086
9,linha_16-17,F,-0.10636589
10,linha_16-17,F,-0.01833296
11,linha_16-17,F,0.0
12,linha_16-17,F,0.0
13,linha_16-17,F,0.0
14,linha_16-17,F,0.0
15,linha_16-17,F,0.0
16,linha_16-17,F,-0.011546415
17,linha_16-17,F,-0.13917239
18,linha_16-17,F,-0.2
19,linha_16-17,F,-0.21680461
20,linha_16-17,F,-0.22426463
21,linha_16-17,F,-0.22558572
22,linha_16-17,F,-0.23029846
23,linha_16-17,F,-0.23372821
24,linha_16-17,F,-0.23897952
1,linha_17-18,F,-0.21975625
2,linha_17-18,F,-0.22150412
3,linha_17-18,F,-0.22277058
4,linha_17-18,F,-0.22335267
5,linha_17-18,F,-0.22256606
6,linha_17-18,F,-0.21628174
7,linha_17-18,F,-0.20524166
8,linha_17-18,F,-0.18375988
9,linha_17-18,F,-0.12556497
10,linha_17-18,F,-0.053207083
11,linha_17-18,F,-0.038169027
12,linha_17-18,F,-0.03811312
13,linha_17-18,F,-0.03740123
14,linha_17-18,F,-0.035995155
15,linha_17-18,F,-0.035988632
16,linha_17-18,F,-0.046906524
17,linha_17-18,F,-0.15293521
18,linha_17-18,F,-0.20434569
19,linha_17-18,F,-0.21720832
20,linha_17-18,F,-0.22215849
21,linha_17-18,F,-0.2232492
22,linha_17-18,F,-0.22714008
23,linha_17-18,F,-0.22997172
24,linha_17-18,F,-0.23250749
1,linha_2-19,F,0.14575255
2,linha_2-19,F,0.14904182
3,linha_2-19,F,0.15142514
4,linha_2-19,F,0.15252058
5,linha_2-19,F,0.15104026
6,linha_2-19,F,0.14238925
7,linha_2-19,F,0.13161547
8,linha_2-19,F,0.12913741
9,linha_2-19,F,0.12464611
10,linha_2-19,F,0.12177724
11,linha_2-19,F,0.12127689
12,linha_2-19,F,0.12109926
13,linha_2-19,F,0.11883732
14,linha_2-19,F,0.11436971
15,linha_2-19,F,0.11434899
16,linha_2-19,F,0.1192607
17,linha_2-19,F,0.12700278
18,linha_2-19,F,0.13536068
19,linha_2-19,F,0.15129191
20,linha_2-19,F,0.15562038
21,linha_2-19,F,0.15715991
22,linha_2-19,F,0.16265191
23,linha_2-19,F,0.16664878
24,linha_2-19,F,0.16626981
1,linha_19-20,F,0.11642563
2,linha_19-20,F,0.11905307
3,linha_19-20,F,0.12095684
4,linha_19-20,F,0.12183187
5,linha_19-20,F,0.1206494
6,linha_19-20,F,0.11373907
7,linha_19-20,F,0.10513308
8,linha_19-20,F,0.10315363
9,linha_19-20,F,0.099566027
10,linha_19-20,F,0.097274407
11,linha_19-20,F,0.096874733
12,linha_19-20,F,0.096732838
13,linha_19-20,F,0.094926029
14,linha_19-20,F,0.091357346
15,linha_19-20,F,0.091340791
16,linha_19-20,F,0.095264214
17,linha_19-20,F,0.10144851
18,linha_19-20,F,0.10812472
19,linha_19-20,F,0.12085042
20,linha_19-20,F,0.12430795
21,linha_19-20,F,0.12553772
22,linha_19-20,F,0.12992467
23,linha_19-20,F,0.13311733
24,linha_19-20,F,0.13281461
1,linha_20-21,F,0.088325295
2,linha_20-21,F,0.09031858
3,linha_20-21,F,0.091762859
4,linha_20-21,F,0.092426689
5,linha_20-21,F,0.091529622
6,linha_20-21,F,0.086287157
7,linha_20-21,F,0.079758298
8,linha_20-21,F,0.078256606
9,linha_20-21,F,0.075534903
10,linha_20-21,F,0.073796385
11,linha_20-21,F,0.073493176
12,linha_20-21,F,0.073385528
13,linha_20-21,F,0.072014809
14,linha_20-21,F,0.069307458
15,linha_20-21,F,0.069294899
16,linha_20-21,F,0.07227137
17,linha_20-21,F,0.076963035
18,linha_20-21,F,0.082027879
19,linha_20-21,F,0.091682123
20,linha_20-21,F,0.094305149
21,linha_20-21,F,0.0952381
22,linha_20-21,F,0.098566221
23,linha_20-21,F,0.1009883
24,linha_20-21,F,0.10075866
1,linha_21-22,F,0.045971108
2,linha_21-22,F,0.047008563
3,linha_21-22,F,0.047760274
4,linha_21-22,F,0.048105781
5,linha_21-22,F,0.04763888
6,linha_21-22,F,0.044910308
7,linha_21-22,F,0.0415122
8,linha_21-22,F,0.040730607
9,linha_21-22,F,0.039314029
10,linha_21-22,F,0.038409174
11,linha_21-22,F,0.038251361
12,linha_21-22,F,0.038195333
13,linha_21-22,F,0.037481908
14,linha_21-22,F,0.036072799
15,linha_21-22,F,0.036066263
16,linha_21-22,F,0.037615441
17,linha_21-22,F,0.040057335
18,linha_21-22,F,0.042693461
19,linha_21-22,F,0.047718253
20,linha_21-22,F,0.049083473
21,linha_21-22,F,0.04956905
22,linha_21-22,F,0.051301254
23,linha_21-22,F,0.052561888
24,linha_21-22,F,0.052442361
1,linha_3-23,F,-0.11606059
2,linha_3-23,F,-0.12336361
3,linha_3-23,F,-0.12865517
4,linha_3-23,F,-0.13108732
5,linha_3-23,F,-0.12780064
6,linha_3-23,F,-0.10859324
7,linha_3-23,F,-0.084672739
8,linha_3-23,F,-0.0030002954
9,linha_3-23,F,-0.11456758
10,linha_3-23,F,-0.17859802
11,linha_3-23,F,-0.17898692
12,linha_3-23,F,-0.17912498
13,linha_3-23,F,-0.18088306
14,linha_3-23,F,-0.18435549
15,linha_3-23,F,-0.1843716
16,linha_3-23,F,-0.180554
17,linha_3-23,F,-0.068593971
18,linha_3-23,F,0.043746173
19,linha_3-23,F,0.048894864
20,linha_3-23,F,0.050293746
21,linha_3-23,F,0.050791297
22,linha_3-23,F,0.052566212
23,linha_3-23,F,0.048088693
24,linha_3-23,F,-0.14401638
1,linha_23-24,F,-0.14686542
2,linha_23-24,F,-0.15428376
3,linha_23-24,F,-0.15965888
4,linha_23-24,F,-0.16212944
5,linha_23-24,F,-0.15879085
6,linha_23-24,F,-0.13928016
7,linha_23-24,F,-0.11498193
8,linha_23-24,F,-0.042652709
9,linha_23-24,F,-0.13901568
10,linha_23-24,F,-0.19422984
11,linha_23-24,F,-0.19441551
12,linha_23-24,F,-0.19448143
13,linha_23-24,F,-0.19532081
14,linha_23-24,F,-0.19697869
15,linha_23-24,F,-0.19698638
16,linha_23-24,F,-0.1951637
17,linha_23-24,F,-0.099464132
18,linha_23-24,F,0.0
19,linha_23-24,F,0.0
20,linha_23-24,F,0.0
21,linha_23-24,F,0.0
22,linha_23-24,F,0.0
23,linha_23-24,F,-0.0055327077
24,linha_23-24,F,-0.17771918
1,linha_24-25,F,-0.16786611
2,linha_24-25,F,-0.17508267
3,linha_24-25,F,-0.1803116
4,linha_24-25,F,-0.18271495
5,linha_24-25,F,-0.17946717
6,linha_24-25,F,-0.16048715
7,linha_24-25,F,-0.13684981
8,linha_24-25,F,-0.075661248
9,linha_24-25,F,-0.15476604
10,linha_24-25,F,-0.2
11,linha_24-25,F,-0.2
12,linha_24-25,F,-0.2
13,linha_24-25,F,-0.2
14,linha_24-25,F,-0.2
15,linha_24-25,F,-0.2
16,linha_24-25,F,-0.2
17,linha_24-25,F,-0.1224571
18,linha_24-25,F,-0.041960352
19,linha_24-25,F,-0.046898862
20,linha_24-25,F,-0.048240639
21,linha_24-25,F,-0.048717878
22,linha_24-25,F,-0.050420338
23,linha_24-25,F,-0.056281085
24,linha_24-25,F,-0.2
1,linha_6-26,F,-0.13119975
2,linha_6-26,F,-0.15426053
3,linha_6-26,F,-0.19029857
4,linha_6-26,F,-0.23965636
5,linha_6-26,F,-0.13874077
6,linha_6-26,F,-0.11816954
7,linha_6-26,F,-0.094627287
8,linha_6-26,F,-0.055849207
9,linha_6-26,F,-0.024396767
10,linha_6-26,F,0.031859225
11,linha_6-26,F,0.078077042
12,linha_6-26,F,0.07796268
13,linha_6-26,F,0.076506466
14,linha_6-26,F,0.073630255
15,linha_6-26,F,0.050176379
16,linha_6-26,F,0.039480545
17,linha_6-26,F,-0.034939492
18,linha_6-26,F,-0.10011747
19,linha_6-26,F,-0.1914527
20,linha_6-26,F,-0.39130146
21,linha_6-26,F,-0.52048502
22,linha_6-26,F,-0.59061933
23,linha_6-26,F,-0.4145041
24,linha_6-26,F,-0.17611076
1,linha_26-27,F,-0.17285389
2,linha_26-27,F,-0.19590249
3,linha_26-27,F,-0.22939158
4,linha_26-27,F,-0.27280586
5,linha_26-27,F,-0.18177431
6,linha_26-27,F,-0.15933636
7,linha_26-27,F,-0.13337095
8,linha_26-27,F,-0.09561606
9,linha_26-27,F,-0.064178558
10,linha_26-27,F,-0.0083876554
11,linha_26-27,F,0.039831003
12,linha_26-27,F,0.039772661
13,linha_26-27,F,0.039029774
14,linha_26-27,F,0.037562474
15,linha_26-27,F,0.012939706
16,linha_26-27,F,0.0
17,linha_26-27,F,-0.074995838
18,linha_26-27,F,-0.13983109
19,linha_26-27,F,-0.23039199
20,linha_26-27,F,-0.40474407
21,linha_26-27,F,-0.50713842
22,linha_26-27,F,-0.5639379
23,linha_26-27,F,-0.42656854
24,linha_26-27,F,-0.22120387
1,linha_27-28,F,-0.19637524
2,linha_27-28,F,-0.21479543
3,linha_27-28,F,-0.23883103
4,linha_27-28,F,-0.26924978
5,linha_27-28,F,-0.20489055
6,linha_27-28,F,-0.1834723
7,linha_27-28,F,-0.15737006
8,linha_27-28,F,-0.12344394
9,linha_27-28,F,-0.094453028
10,linha_27-28,F,-0.044562147
11,linha_27-28,F,0.0
12,linha_27-28,F,0.0
13,linha_27-28,F,0.0
14,linha_27-28,F,0.0
15,linha_27-28,F,-0.022891354
16,linha_27-28,F,-0.036424632
17,linha_27-28,F,-0.10467624
18,linha_27-28,F,-0.16418943
19,linha_27-28,F,-0.23949136
20,linha_27-28,F,-0.36143048
21,linha_27-28,F,-0.42454466
22,linha_27-28,F,-0.45761642
23,linha_27-28,F,-0.37846638
24,linha_27-28,F,-0.23695228
1,linha_28-29,F,-0.20702923
2,linha_28-29,F,-0.21866807
3,linha_28-29,F,-0.23252857
4,linha_28-29,F,-0.24954734
5,linha_28-29,F,-0.21376732
6,linha_28-29,F,-0.19634641
7,linha_28-29,F,-0.1713774
8,linha_28-29,F,-0.14252719
9,linha_28-29,F,-0.11713172
10,linha_28-29,F,-0.07494772
11,linha_28-29,F,-0.037913959
12,linha_28-29,F,-0.037858425
13,linha_28-29,F,-0.037151293
14,linha_28-29,F,-0.035754614
15,linha_28-29,F,-0.054691841
16,linha_28-29,F,-0.0674268
17,linha_28-29,F,-0.12632868
18,linha_28-29,F,-0.1781916
19,linha_28-29,F,-0.23285529
20,linha_28-29,F,-0.30106103
21,linha_28-29,F,-0.33198464
22,linha_28-29,F,-0.34601496
23,linha_28-29,F,-0.31342637
24,linha_28-29,F,-0.2355353
1,linha_29-30,F,-0.22458612
2,linha_29-30,F,-0.23321433
3,linha_29-30,F,-0.2430399
4,linha_29-30,F,-0.25456762
5,linha_29-30,F,-0.23057307
6,linha_29-30,F,-0.21605574
7,linha_29-30,F,-0.19229144
8,linha_29-30,F,-0.16624616
9,linha_29-30,F,-0.14257719
10,linha_29-30,F,-0.10473702
11,linha_29-30,F,-0.072165519
12,linha_29-30,F,-0.072059815
13,linha_29-30,F,-0.070713858
14,linha_29-30,F,-0.068055416
15,linha_29-30,F,-0.084621959
16,linha_29-30,F,-0.097346026
17,linha_29-30,F,-0.15138361
18,linha_29-30,F,-0.19945889
19,linha_29-30,F,-0.24321599
20,linha_29-30,F,-0.28939731
21,linha_29-30,F,-0.31021135
22,linha_29-30,F,-0.32106
23,linha_29-30,F,-0.30077251
24,linha_29-30,F,-0.24937128
1,linha_30-31,F,0.12639283
2,linha_30-31,F,0.12924521
3,linha_30-31,F,0.13131196
4,linha_30-31,F,0.1322619
5,linha_30-31,F,0.1309782
6,linha_30-31,F,0.12347627
7,linha_30-31,F,0.11413352
8,linha_30-31,F,0.11198461
9,linha_30-31,F,0.10808988
10,linha_30-31,F,0.10560207
11,linha_30-31,F,0.10516818
12,linha_30-31,F,0.10501414
13,linha_30-31,F,0.10305265
14,linha_30-31,F,0.09917845
15,linha_30-31,F,0.099160478
16,linha_30-31,F,0.10341979
17,linha_30-31,F,0.11013352
18,linha_30-31,F,0.11738128
19,linha_30-31,F,0.13119643
20,linha_30-31,F,0.13494996
21,linha_30-31,F,0.136285
22,linha_30-31,F,0.14104752
23,linha_30-31,F,0.1445135
24,linha_30-31,F,0.14418488
1,linha_31-32,F,0.092345889
2,linha_31-32,F,0.094429909
3,linha_31-32,F,0.095939932
4,linha_31-32,F,0.09663398
5,linha_31-32,F,0.095696077
6,linha_31-32,F,0.090214974
7,linha_31-32,F,0.083388919
8,linha_31-32,F,0.08181887
9,linha_31-32,F,0.078973274
10,linha_31-32,F,0.077155619
11,linha_31-32,F,0.076838608
12,linha_31-32,F,0.076726059
13,linha_31-32,F,0.075292944
14,linha_31-32,F,0.072462354
15,linha_31-32,F,0.072449223
16,linha_31-32,F,0.075561184
17,linha_31-32,F,0.080466415
18,linha_31-32,F,0.085761813
19,linha_31-32,F,0.095855521
20,linha_31-32,F,0.098597948
21,linha_31-32,F,0.099573366
22,linha_31-32,F,0.10305299
23,linha_31-32,F,0.10558532
24,linha_31-32,F,0.10534522
1,linha_32-33,F,0.047606614
2,linha_32-33,F,0.048680979
3,linha_32-33,F,0.049459433
4,linha_32-33,F,0.049817232
5,linha_32-33,F,0.04933372
6,linha_32-33,F,0.046508075
7,linha_32-33,F,0.042989073
8,linha_32-33,F,0.042179673
9,linha_32-33,F,0.040712697
10,linha_32-33,F,0.03977565
11,linha_32-33,F,0.039612223
12,linha_32-33,F,0.039554202
13,linha_32-33,F,0.038815395
14,linha_32-33,F,0.037356155
15,linha_32-33,F,0.037349386
16,linha_32-33,F,0.03895368
17,linha_32-33,F,0.041482449
18,linha_32-33,F,0.044212359
19,linha_32-33,F,0.049415917
20,linha_32-33,F,0.050829707
21,linha_32-33,F,0.05133256
22,linha_32-33,F,0.05312639
23,linha_32-33,F,0.054431873
24,linha_32-33,F,0.054308094
1,linha_1-2,Ploss,0.00089950774
2,linha_1-2,Ploss,0.00091980742
3,linha_1-2,Ploss,0.000934516
4,linha_1-2,Ploss,0.00094127647
5,linha_1-2,Ploss,0.0009321407
6,linha_1-2,Ploss,0.00087875127
7,linha_1-2,Ploss,0.00081226115
8,linha_1-2,Ploss,0.00079696788
9,linha_1-2,Ploss,0.00076924996
10,linha_1-2,Ploss,0.00075154484
11,linha_1-2,Ploss,0.00074845695
12,linha_1-2,Ploss,0.00074736065
13,linha_1-2,Ploss,0.0007334012
14,linha_1-2,Ploss,0.00070582945
15,linha_1-2,Ploss,0.00070570155
16,linha_1-2,Ploss,0.00073601403
17,linha_1-2,Ploss,0.0007837941
18,linha_1-2,Ploss,0.00083537465
19,linha_1-2,Ploss,0.00093369378
20,linha_1-2,Ploss,0.00096040677
21,linha_1-2,Ploss,0.00096990797
22,linha_1-2,Ploss,0.0010038017
23,linha_1-2,Ploss,0.0010284682
24,linha_1-2,Ploss,0.0010261295
1,linha_2-3,Ploss,0.027724483
2,linha_2-3,Ploss,0.02912554
3,linha_2-3,Ploss,0.030140708
4,linha_2-3,Ploss,0.030607307
5,linha_2-3,Ploss,0.029976768
6,linha_2-3,Ploss,0.026291898
7,linha_2-3,Ploss,0.021702835
8,linha_2-3,Ploss,0.020647312
9,linha_2-3,Ploss,0.019360543
10,linha_2-3,Ploss,0.018914939
11,linha_2-3,Ploss,0.018837223
12,linha_2-3,Ploss,0.018809631
13,linha_2-3,Ploss,0.018458299
14,linha_2-3,Ploss,0.017764371
15,linha_2-3,Ploss,0.017761152
16,linha_2-3,Ploss,0.018524059
17,linha_2-3,Ploss,0.019738075
18,linha_2-3,Ploss,0.023298098
19,linha_2-3,Ploss,0.03008396
20,linha_2-3,Ploss,0.031927656
21,linha_2-3,Ploss,0.032583417
22,linha_2-3,Ploss,0.034922717
23,linha_2-3,Ploss,0.036625172
24,linha_2-3,Ploss,0.036463754
1,linha_3-4,Ploss,0.0099660301
2,linha_3-4,Ploss,0.0097905116
3,linha_3-4,Ploss,0.0096633356
4,linha_3-4,Ploss,0.0096048821
5,linha_3-4,Ploss,0.0096838734
6,linha_3-4,Ploss,0.010145498
7,linha_3-4,Ploss,0.010720397
8,linha_3-4,Ploss,0.019779488
9,linha_3-4,Ploss,0.0076997877
10,linha_3-4,Ploss,0.0026024096
11,linha_3-4,Ploss,0.0025088596
12,linha_3-4,Ploss,0.0024756466
13,linha_3-4,Ploss,0.0020527344
14,linha_3-4,Ploss,0.0012174274
15,linha_3-4,Ploss,0.0012135525
16,linha_3-4,Ploss,0.0021318921
17,linha_3-4,Ploss,0.011397347
18,linha_3-4,Ploss,0.03059249
19,linha_3-4,Ploss,0.036498055
20,linha_3-4,Ploss,0.038102578
21,linha_3-4,Ploss,0.03867327
22,linha_3-4,Ploss,0.040709105
23,linha_3-4,Ploss,0.041100638
24,linha_3-4,Ploss,0.010169949
1,linha_4-5,Ploss,0.013244938
2,linha_4-5,Ploss,0.013156902
3,linha_4-5,Ploss,0.013093114
4,linha_4-5,Ploss,0.013063795
5,linha_4-5,Ploss,0.013103415
6,linha_4-5,Ploss,0.013334954
7,linha_4-5,Ploss,0.013623308
8,linha_4-5,Ploss,0.025403453
9,linha_4-5,Ploss,0.010531597
10,linha_4-5,Ploss,0.0055347506
11,linha_4-5,Ploss,0.0054319431
12,linha_4-5,Ploss,0.0053954434
13,linha_4-5,Ploss,0.0049306804
14,linha_4-5,Ploss,0.0040127126
15,linha_4-5,Ploss,0.0040084543
16,linha_4-5,Ploss,0.0050176713
17,linha_4-5,Ploss,0.014163067
18,linha_4-5,Ploss,0.034829301
19,linha_4-5,Ploss,0.040845873
20,linha_4-5,Ploss,0.042480556
21,linha_4-5,Ploss,0.043061975
22,linha_4-5,Ploss,0.045136077
23,linha_4-5,Ploss,0.045738783
24,linha_4-5,Ploss,0.013950802
1,linha_5-6,Ploss,0.03276
2,linha_5-6,Ploss,0.03276
3,linha_5-6,Ploss,0.03276
4,linha_5-6,Ploss,0.03276
5,linha_5-6,Ploss,0.03276
6,linha_5-6,Ploss,0.03276
7,linha_5-6,Ploss,0.03276
8,linha_5-6,Ploss,0.056020993
9,linha_5-6,Ploss,0.026496397
10,linha_5-6,Ploss,0.01680242
11,linha_5-6,Ploss,0.016580403
12,linha_5-6,Ploss,0.016501581
13,linha_5-6,Ploss,0.015497907
14,linha_5-6,Ploss,0.013515521
15,linha_5-6,Ploss,0.013506325
16,linha_5-6,Ploss,0.015685768
17,linha_5-6,Ploss,0.034832472
18,linha_5-6,Ploss,0.071252217
19,linha_5-6,Ploss,0.082567799
20,linha_5-6,Ploss,0.085642205
21,linha_5-6,Ploss,0.086735701
22,linha_5-6,Ploss,0.090636538
23,linha_5-6,Ploss,0.092089975
24,linha_5-6,Ploss,0.039007708
1,linha_6-7,Ploss,0.00081398234
2,linha_6-7,Ploss,0.0012930791
3,linha_6-7,Ploss,0.0016402193
4,linha_6-7,Ploss,0.0017997745
5,linha_6-7,Ploss,0.0015841594
6,linha_6-7,Ploss,0.00032410487
7,linha_6-7,Ploss,0.0017211979
8,linha_6-7,Ploss,0.0038942688
9,linha_6-7,Ploss,0.00019189866
10,linha_6-7,Ploss,0.0028225692
11,linha_6-7,Ploss,0.002810972
12,linha_6-7,Ploss,0.0028068547
13,linha_6-7,Ploss,0.0027544273
14,linha_6-7,Ploss,0.0026508764
15,linha_6-7,Ploss,0.002650396
16,linha_6-7,Ploss,0.002808919
17,linha_6-7,Ploss,0.0022620669
18,linha_6-7,Ploss,0.00093844367
19,linha_6-7,Ploss,0.0035066641
20,linha_6-7,Ploss,0.0036069898
21,linha_6-7,Ploss,0.0036426733
22,linha_6-7,Ploss,0.0037699675
23,linha_6-7,Ploss,0.0038626075
24,linha_6-7,Ploss,0.0022085137
1,linha_7-8,Ploss,0.0035973177
2,linha_7-8,Ploss,0.0020133233
3,linha_7-8,Ploss,0.0008656046
4,linha_7-8,Ploss,0.00033808171
5,linha_7-8,Ploss,0.0010509505
6,linha_7-8,Ploss,0.0052169555
7,linha_7-8,Ploss,0.011897167
8,linha_7-8,Ploss,0.019351331
9,linha_7-8,Ploss,0.0062603717
10,linha_7-8,Ploss,0.0054635818
11,linha_7-8,Ploss,0.0054411334
12,linha_7-8,Ploss,0.0054331636
13,linha_7-8,Ploss,0.0053316811
14,linha_7-8,Ploss,0.00513124
15,linha_7-8,Ploss,0.0051303102
16,linha_7-8,Ploss,0.0055368903
17,linha_7-8,Ploss,0.013573202
18,linha_7-8,Ploss,0.0093401117
19,linha_7-8,Ploss,0.0067877684
20,linha_7-8,Ploss,0.0069819665
21,linha_7-8,Ploss,0.0070510384
22,linha_7-8,Ploss,0.0072974388
23,linha_7-8,Ploss,0.0074767599
24,linha_7-8,Ploss,0.00060234353
1,linha_8-9,Ploss,0.013580444
2,linha_8-9,Ploss,0.01185663
3,linha_8-9,Ploss,0.010607601
4,linha_8-9,Ploss,0.010033513
5,linha_8-9,Ploss,0.010809307
6,linha_8-9,Ploss,0.015343049
7,linha_8-9,Ploss,0.022808365
8,linha_8-9,Ploss,0.031740645
9,linha_8-9,Ploss,0.015495977
10,linha_8-9,Ploss,0.0
11,linha_8-9,Ploss,0.0
12,linha_8-9,Ploss,0.0
13,linha_8-9,Ploss,0.0
14,linha_8-9,Ploss,0.0
15,linha_8-9,Ploss,0.0
16,linha_8-9,Ploss,0.00032195159
17,linha_8-9,Ploss,0.024560918
18,linha_8-9,Ploss,0.019926893
19,linha_8-9,Ploss,0.0
20,linha_8-9,Ploss,0.0
21,linha_8-9,Ploss,0.0
22,linha_8-9,Ploss,0.0
23,linha_8-9,Ploss,0.0
24,linha_8-9,Ploss,0.0096417189
1,linha_9-10,Ploss,0.020487558
2,linha_9-10,Ploss,0.019278483
3,linha_9-10,Ploss,0.01840242
4,linha_9-10,Ploss,0.017999758
5,linha_9-10,Ploss,0.018543896
6,linha_9-10,Ploss,0.021723839
7,linha_9-10,Ploss,0.02718163
8,linha_9-10,Ploss,0.034376844
9,linha_9-10,Ploss,0.020716688
10,linha_9-10,Ploss,0.0077764955
11,linha_9-10,Ploss,0.007744544
12,linha_9-10,Ploss,0.0077332003
13,linha_9-10,Ploss,0.007588757
14,linha_9-10,Ploss,0.0073034625
15,linha_9-10,Ploss,0.0073021391
16,linha_9-10,Ploss,0.0072898789
17,linha_9-10,Ploss,0.028329853
18,linha_9-10,Ploss,0.025048635
19,linha_9-10,Ploss,0.0096612539
20,linha_9-10,Ploss,0.0099376624
21,linha_9-10,Ploss,0.010035975
22,linha_9-10,Ploss,0.010386685
23,linha_9-10,Ploss,0.010641918
24,linha_9-10,Ploss,0.018555219
1,linha_10-11,Ploss,0.0052870915
2,linha_10-11,Ploss,0.0051299499
3,linha_10-11,Ploss,0.0050160895
4,linha_10-11,Ploss,0.0049637561
5,linha_10-11,Ploss,0.0050344769
6,linha_10-11,Ploss,0.0054477692
7,linha_10-11,Ploss,0.006210174
8,linha_10-11,Ploss,0.0073680031
9,linha_10-11,Ploss,0.0050500827
10,linha_10-11,Ploss,0.0028723777
11,linha_10-11,Ploss,0.0028605759
12,linha_10-11,Ploss,0.0028563859
13,linha_10-11,Ploss,0.0028030334
14,linha_10-11,Ploss,0.0026976552
15,linha_10-11,Ploss,0.0026971663
16,linha_10-11,Ploss,0.0027591126
17,linha_10-11,Ploss,0.0063400134
18,linha_10-11,Ploss,0.0059061523
19,linha_10-11,Ploss,0.0035685446
20,linha_10-11,Ploss,0.0036706406
21,linha_10-11,Ploss,0.0037069539
22,linha_10-11,Ploss,0.0038364944
23,linha_10-11,Ploss,0.0039307692
24,linha_10-11,Ploss,0.0052347119
1,linha_11-12,Ploss,0.013067739
2,linha_11-12,Ploss,0.012865143
3,linha_11-12,Ploss,0.012718347
4,linha_11-12,Ploss,0.012650876
5,linha_11-12,Ploss,0.012742053
6,linha_11-12,Ploss,0.013274894
7,linha_11-12,Ploss,0.014384232
8,linha_11-12,Ploss,0.018981123
9,linha_11-12,Ploss,0.012126673
10,linha_11-12,Ploss,0.0081378247
11,linha_11-12,Ploss,0.0081043886
12,linha_11-12,Ploss,0.0080925178
13,linha_11-12,Ploss,0.0079413631
14,linha_11-12,Ploss,0.0076428126
15,linha_11-12,Ploss,0.0076414277
16,linha_11-12,Ploss,0.0078726464
17,linha_11-12,Ploss,0.014505433
18,linha_11-12,Ploss,0.013928432
19,linha_11-12,Ploss,0.010110157
20,linha_11-12,Ploss,0.010399409
21,linha_11-12,Ploss,0.010502289
22,linha_11-12,Ploss,0.010869294
23,linha_11-12,Ploss,0.011136387
24,linha_11-12,Ploss,0.01347367
1,linha_12-13,Ploss,0.055609877
2,linha_12-13,Ploss,0.055227564
3,linha_12-13,Ploss,0.05495055
4,linha_12-13,Ploss,0.054823227
5,linha_12-13,Ploss,0.054995286
6,linha_12-13,Ploss,0.056000793
7,linha_12-13,Ploss,0.05872
8,linha_12-13,Ploss,0.072537694
9,linha_12-13,Ploss,0.050687668
10,linha_12-13,Ploss,0.037312213
11,linha_12-13,Ploss,0.037158908
12,linha_12-13,Ploss,0.03710448
13,linha_12-13,Ploss,0.03641143
14,linha_12-13,Ploss,0.035042565
15,linha_12-13,Ploss,0.035036216
16,linha_12-13,Ploss,0.036221892
17,linha_12-13,Ploss,0.05872
18,linha_12-13,Ploss,0.057543814
19,linha_12-13,Ploss,0.046355427
20,linha_12-13,Ploss,0.047681656
21,linha_12-13,Ploss,0.048153365
22,linha_12-13,Ploss,0.049836098
23,linha_12-13,Ploss,0.051060728
24,linha_12-13,Ploss,0.05872
1,linha_13-14,Ploss,0.021664
2,linha_13-14,Ploss,0.021664
3,linha_13-14,Ploss,0.021664
4,linha_13-14,Ploss,0.021664
5,linha_13-14,Ploss,0.021664
6,linha_13-14,Ploss,0.021664
7,linha_13-14,Ploss,0.02285568
8,linha_13-14,Ploss,0.025075738
9,linha_13-14,Ploss,0.019461665
10,linha_13-14,Ploss,0.01536812
11,linha_13-14,Ploss,0.015304976
12,linha_13-14,Ploss,0.015282559
13,linha_13-14,Ploss,0.014997106
14,linha_13-14,Ploss,0.014433299
15,linha_13-14,Ploss,0.014430684
16,linha_13-14,Ploss,0.014955203
17,linha_13-14,Ploss,0.022420156
18,linha_13-14,Ploss,0.022253833
19,linha_13-14,Ploss,0.01909283
20,linha_13-14,Ploss,0.019639076
21,linha_13-14,Ploss,0.019833363
22,linha_13-14,Ploss,0.020526446
23,linha_13-14,Ploss,0.021030845
24,linha_13-14,Ploss,0.026127699
1,linha_14-15,Ploss,0.031645231
2,linha_14-15,Ploss,0.031979862
3,linha_14-15,Ploss,0.032222326
4,linha_14-15,Ploss,0.032333769
5,linha_14-15,Ploss,0.03218317
6,linha_14-15,Ploss,0.028140495
7,linha_14-15,Ploss,0.021728702
8,linha_14-15,Ploss,0.017195871
9,linha_14-15,Ploss,0.0060867166
10,linha_14-15,Ploss,0.0065544571
11,linha_14-15,Ploss,0.0085083099
12,linha_14-15,Ploss,0.0084958475
13,linha_14-15,Ploss,0.0083371592
14,linha_14-15,Ploss,0.008023729
15,linha_14-15,Ploss,0.008022275
16,linha_14-15,Ploss,0.0071141829
17,linha_14-15,Ploss,0.011273568
18,linha_14-15,Ploss,0.020524924
19,linha_14-15,Ploss,0.023137534
20,linha_14-15,Ploss,0.027323514
21,linha_14-15,Ploss,0.027991118
22,linha_14-15,Ploss,0.030372666
23,linha_14-15,Ploss,0.032105869
24,linha_14-15,Ploss,0.037197599
1,linha_15-16,Ploss,0.044873285
2,linha_15-16,Ploss,0.045563809
3,linha_15-16,Ploss,0.046064144
4,linha_15-16,Ploss,0.046294112
5,linha_15-16,Ploss,0.045983345
6,linha_15-16,Ploss,0.041482706
7,linha_15-16,Ploss,0.030764696
8,linha_15-16,Ploss,0.025070592
9,linha_15-16,Ploss,0.012577256
10,linha_15-16,Ploss,0.0028384334
11,linha_15-16,Ploss,0.0056895279
12,linha_15-16,Ploss,0.0056811943
13,linha_15-16,Ploss,0.005575079
14,linha_15-16,Ploss,0.0053654875
15,linha_15-16,Ploss,0.0053645152
16,linha_15-16,Ploss,0.0037844885
17,linha_15-16,Ploss,0.018422564
18,linha_15-16,Ploss,0.029043254
19,linha_15-16,Ploss,0.037299299
20,linha_15-16,Ploss,0.042424276
21,linha_15-16,Ploss,0.043181215
22,linha_15-16,Ploss,0.045881447
23,linha_15-16,Ploss,0.047846575
24,linha_15-16,Ploss,0.052121801
1,linha_16-17,Ploss,0.070834757
2,linha_16-17,Ploss,0.072121904
3,linha_16-17,Ploss,0.073054535
4,linha_16-17,Ploss,0.073483198
5,linha_16-17,Ploss,0.072903924
6,linha_16-17,Ploss,0.066923593
7,linha_16-17,Ploss,0.054533199
8,linha_16-17,Ploss,0.045455517
9,linha_16-17,Ploss,0.027421126
10,linha_16-17,Ploss,0.0047262371
11,linha_16-17,Ploss,0.0
12,linha_16-17,Ploss,0.0
13,linha_16-17,Ploss,0.0
14,linha_16-17,Ploss,0.0
15,linha_16-17,Ploss,0.0
16,linha_16-17,Ploss,0.0029766657
17,linha_16-17,Ploss,0.035878642
18,linha_16-17,Ploss,0.05156
19,linha_16-17,Ploss,0.064556686
20,linha_16-17,Ploss,0.070326267
21,linha_16-17,Ploss,0.071347998
22,linha_16-17,Ploss,0.074992827
23,linha_16-17,Ploss,0.077645398
24,linha_16-17,Ploss,0.081706761
1,linha_17-18,Ploss,0.037956947
2,linha_17-18,Ploss,0.03872461
3,linha_17-18,Ploss,0.039280837
4,linha_17-18,Ploss,0.039536494
5,linha_17-18,Ploss,0.039191011
6,linha_17-18,Ploss,0.036430939
7,linha_17-18,Ploss,0.031582135
8,linha_17-18,Ploss,0.026902446
9,linha_17-18,Ploss,0.018382711
10,linha_17-18,Ploss,0.0077895169
11,linha_17-18,Ploss,0.0055879456
12,linha_17-18,Ploss,0.0055797607
13,linha_17-18,Ploss,0.0054755401
14,linha_17-18,Ploss,0.0052696906
15,linha_17-18,Ploss,0.0052687357
16,linha_17-18,Ploss,0.0068671152
17,linha_17-18,Ploss,0.022389715
18,linha_17-18,Ploss,0.031188626
19,linha_17-18,Ploss,0.036837894
20,linha_17-18,Ploss,0.039012011
21,linha_17-18,Ploss,0.039491048
22,linha_17-18,Ploss,0.041199924
23,linha_17-18,Ploss,0.04244358
24,linha_17-18,Ploss,0.043557291
1,linha_2-19,Ploss,0.0047806835
2,linha_2-19,Ploss,0.0048885718
3,linha_2-19,Ploss,0.0049667446
4,linha_2-19,Ploss,0.005002675
5,linha_2-19,Ploss,0.0049541205
6,linha_2-19,Ploss,0.0046703675
7,linha_2-19,Ploss,0.0043169873
8,linha_2-19,Ploss,0.004235707
9,linha_2-19,Ploss,0.0040883924
10,linha_2-19,Ploss,0.0039942936
11,linha_2-19,Ploss,0.0039778822
12,linha_2-19,Ploss,0.0039720556
13,linha_2-19,Ploss,0.0038978642
14,linha_2-19,Ploss,0.0037513265
15,linha_2-19,Ploss,0.0037506467
16,linha_2-19,Ploss,0.0039117508
17,linha_2-19,Ploss,0.0041656913
18,linha_2-19,Ploss,0.0044398304
19,linha_2-19,Ploss,0.0049623747
20,linha_2-19,Ploss,0.0051043483
21,linha_2-19,Ploss,0.0051548451
22,linha_2-19,Ploss,0.0053349825
23,linha_2-19,Ploss,0.0054660799
24,linha_2-19,Ploss,0.0054536499
1,linha_19-20,Ploss,0.035025487
2,linha_19-20,Ploss,0.035815926
3,linha_19-20,Ploss,0.036388656
4,linha_19-20,Ploss,0.036651899
5,linha_19-20,Ploss,0.036296166
6,linha_19-20,Ploss,0.034217261
7,linha_19-20,Ploss,0.031628235
8,linha_19-20,Ploss,0.031032738
9,linha_19-20,Ploss,0.029953443
10,linha_19-20,Ploss,0.029264033
11,linha_19-20,Ploss,0.029143795
12,linha_19-20,Ploss,0.029101107
13,linha_19-20,Ploss,0.028557547
14,linha_19-20,Ploss,0.027483944
15,linha_19-20,Ploss,0.027478964
16,linha_19-20,Ploss,0.028659286
17,linha_19-20,Ploss,0.030519771
18,linha_19-20,Ploss,0.03252824
19,linha_19-20,Ploss,0.03635664
20,linha_19-20,Ploss,0.037396804
21,linha_19-20,Ploss,0.037766767
22,linha_19-20,Ploss,0.039086537
23,linha_19-20,Ploss,0.040047016
24,linha_19-20,Ploss,0.039955948
1,linha_20-21,Ploss,0.0072338417
2,linha_20-21,Ploss,0.0073970917
3,linha_20-21,Ploss,0.0075153782
4,linha_20-21,Ploss,0.0075697459
5,linha_20-21,Ploss,0.007496276
6,linha_20-21,Ploss,0.0070669182
7,linha_20-21,Ploss,0.0065322046
8,linha_20-21,Ploss,0.0064092161
9,linha_20-21,Ploss,0.0061863085
10,linha_20-21,Ploss,0.006043924
11,linha_20-21,Ploss,0.0060190912
12,linha_20-21,Ploss,0.0060102748
13,linha_20-21,Ploss,0.0058980128
14,linha_20-21,Ploss,0.0056762808
15,linha_20-21,Ploss,0.0056752522
16,linha_20-21,Ploss,0.0059190252
17,linha_20-21,Ploss,0.0063032725
18,linha_20-21,Ploss,0.0067180833
19,linha_20-21,Ploss,0.0075087659
20,linha_20-21,Ploss,0.0077235917
21,linha_20-21,Ploss,0.0078000004
22,linha_20-21,Ploss,0.0080725735
23,linha_20-21,Ploss,0.0082709421
24,linha_20-21,Ploss,0.0082521339
1,linha_21-22,Ploss,0.0065177837
2,linha_21-22,Ploss,0.0066648741
3,linha_21-22,Ploss,0.0067714517
4,linha_21-22,Ploss,0.0068204377
5,linha_21-22,Ploss,0.0067542404
6,linha_21-22,Ploss,0.0063673835
7,linha_21-22,Ploss,0.0058855997
8,linha_21-22,Ploss,0.0057747855
9,linha_21-22,Ploss,0.005573943
10,linha_21-22,Ploss,0.0054456526
11,linha_21-22,Ploss,0.005423278
12,linha_21-22,Ploss,0.0054153343
13,linha_21-22,Ploss,0.0053141849
14,linha_21-22,Ploss,0.0051144015
15,linha_21-22,Ploss,0.0051134747
16,linha_21-22,Ploss,0.0053331173
17,linha_21-22,Ploss,0.005679329
18,linha_21-22,Ploss,0.0060530788
19,linha_21-22,Ploss,0.0067654939
20,linha_21-22,Ploss,0.0069590547
21,linha_21-22,Ploss,0.0070278999
22,linha_21-22,Ploss,0.0072734918
23,linha_21-22,Ploss,0.0074522244
24,linha_21-22,Ploss,0.0074352779
1,linha_3-23,Ploss,0.010473308
2,linha_3-23,Ploss,0.011132332
3,linha_3-23,Ploss,0.011609843
4,linha_3-23,Ploss,0.01182932
5,linha_3-23,Ploss,0.011532729
6,linha_3-23,Ploss,0.0097994541
7,linha_3-23,Ploss,0.007640868
8,linha_3-23,Ploss,0.00027074666
9,linha_3-23,Ploss,0.010338578
10,linha_3-23,Ploss,0.016116685
11,linha_3-23,Ploss,0.016151779
12,linha_3-23,Ploss,0.016164239
13,linha_3-23,Ploss,0.016322887
14,linha_3-23,Ploss,0.01663624
15,linha_3-23,Ploss,0.016637693
16,linha_3-23,Ploss,0.016293193
17,linha_3-23,Ploss,0.00618992
18,linha_3-23,Ploss,0.0039476546
19,linha_3-23,Ploss,0.0044122725
20,linha_3-23,Ploss,0.0045385077
21,linha_3-23,Ploss,0.0045834066
22,linha_3-23,Ploss,0.004743575
23,linha_3-23,Ploss,0.0043395237
24,linha_3-23,Ploss,0.012996039
1,linha_23-24,Ploss,0.02637703
2,linha_23-24,Ploss,0.027709364
3,linha_23-24,Ploss,0.028674736
4,linha_23-24,Ploss,0.029118447
5,linha_23-24,Ploss,0.028518837
6,linha_23-24,Ploss,0.025014716
7,linha_23-24,Ploss,0.020650754
8,linha_23-24,Ploss,0.0076604265
9,linha_23-24,Ploss,0.024967216
10,linha_23-24,Ploss,0.034883679
11,linha_23-24,Ploss,0.034917026
12,linha_23-24,Ploss,0.034928865
13,linha_23-24,Ploss,0.035079617
14,linha_23-24,Ploss,0.035377372
15,linha_23-24,Ploss,0.035378753
16,linha_23-24,Ploss,0.035051401
17,linha_23-24,Ploss,0.017863758
18,linha_23-24,Ploss,0.0
19,linha_23-24,Ploss,0.0
20,linha_23-24,Ploss,0.0
21,linha_23-24,Ploss,0.0
22,linha_23-24,Ploss,0.0
23,linha_23-24,Ploss,0.00099367431
24,linha_23-24,Ploss,0.031918365
1,linha_24-25,Ploss,0.030081606
2,linha_24-25,Ploss,0.031374815
3,linha_24-25,Ploss,0.032311838
4,linha_24-25,Ploss,0.03274252
5,linha_24-25,Ploss,0.032160518
6,linha_24-25,Ploss,0.028759297
7,linha_24-25,Ploss,0.024523486
8,linha_24-25,Ploss,0.013558496
9,linha_24-25,Ploss,0.027734074
10,linha_24-25,Ploss,0.03584
11,linha_24-25,Ploss,0.03584
12,linha_24-25,Ploss,0.03584
13,linha_24-25,Ploss,0.03584
14,linha_24-25,Ploss,0.03584
15,linha_24-25,Ploss,0.03584
16,linha_24-25,Ploss,0.03584
17,linha_24-25,Ploss,0.021944312
18,linha_24-25,Ploss,0.0075192952
19,linha_24-25,Ploss,0.0084042761
20,linha_24-25,Ploss,0.0086447225
21,linha_24-25,Ploss,0.0087302438
22,linha_24-25,Ploss,0.0090353245
23,linha_24-25,Ploss,0.01008557
24,linha_24-25,Ploss,0.03584
1,linha_6-26,Ploss,0.00532671
2,linha_6-26,Ploss,0.0062629775
3,linha_6-26,Ploss,0.0077261218
4,linha_6-26,Ploss,0.012950145
5,linha_6-26,Ploss,0.0056328752
6,linha_6-26,Ploss,0.0047976834
7,linha_6-26,Ploss,0.0038418678
8,linha_6-26,Ploss,0.0022674778
9,linha_6-26,Ploss,0.00099050875
10,linha_6-26,Ploss,0.0012934845
11,linha_6-26,Ploss,0.0031699279
12,linha_6-26,Ploss,0.0031652848
13,linha_6-26,Ploss,0.0031061625
14,linha_6-26,Ploss,0.0029893883
15,linha_6-26,Ploss,0.002037161
16,linha_6-26,Ploss,0.0016029101
17,linha_6-26,Ploss,0.0014185434
18,linha_6-26,Ploss,0.0040647695
19,linha_6-26,Ploss,0.0077729794
20,linha_6-26,Ploss,0.031420518
21,linha_6-26,Ploss,0.056938459
22,linha_6-26,Ploss,0.071175725
23,linha_6-26,Ploss,0.035424332
24,linha_6-26,Ploss,0.0071500968
1,linha_26-27,Ploss,0.0098250151
2,linha_26-27,Ploss,0.011135098
3,linha_26-27,Ploss,0.016379852
4,linha_26-27,Ploss,0.023782856
5,linha_26-27,Ploss,0.010332052
6,linha_26-27,Ploss,0.0090566787
7,linha_26-27,Ploss,0.0075808048
8,linha_26-27,Ploss,0.0054348168
9,linha_26-27,Ploss,0.0036479092
10,linha_26-27,Ploss,0.00047675433
11,linha_26-27,Ploss,0.0022639942
12,linha_26-27,Ploss,0.002260678
13,linha_26-27,Ploss,0.0022184523
14,linha_26-27,Ploss,0.002135051
15,linha_26-27,Ploss,0.00073549287
16,linha_26-27,Ploss,0.0
17,linha_26-27,Ploss,0.0042627635
18,linha_26-27,Ploss,0.0079479992
19,linha_26-27,Ploss,0.016550441
20,linha_26-27,Ploss,0.046820265
21,linha_26-27,Ploss,0.075920739
22,linha_26-27,Ploss,0.09206315
23,linha_26-27,Ploss,0.05302278
24,linha_26-27,Ploss,0.014983684
1,linha_27-28,Ploss,0.041592277
2,linha_27-28,Ploss,0.051761018
3,linha_27-28,Ploss,0.067033239
4,linha_27-28,Ploss,0.086361311
5,linha_27-28,Ploss,0.045467456
6,linha_27-28,Ploss,0.038859434
7,linha_27-28,Ploss,0.033330978
8,linha_27-28,Ploss,0.026145426
9,linha_27-28,Ploss,0.020005151
10,linha_27-28,Ploss,0.0094382627
11,linha_27-28,Ploss,0.0
12,linha_27-28,Ploss,0.0
13,linha_27-28,Ploss,0.0
14,linha_27-28,Ploss,0.0
15,linha_27-28,Ploss,0.0048483887
16,linha_27-28,Ploss,0.007714737
17,linha_27-28,Ploss,0.022170428
18,linha_27-28,Ploss,0.034775321
19,linha_27-28,Ploss,0.06745281
20,linha_27-28,Ploss,0.14493292
21,linha_27-28,Ploss,0.19543279
22,linha_27-28,Ploss,0.23045579
23,linha_27-28,Ploss,0.15575754
24,linha_27-28,Ploss,0.065839482
1,linha_28-29,Ploss,0.035559746
2,linha_28-29,Ploss,0.041175715
3,linha_28-29,Ploss,0.047863686
4,linha_28-29,Ploss,0.05607558
5,linha_28-29,Ploss,0.038811007
6,linha_28-29,Ploss,0.031580356
7,linha_28-29,Ploss,0.027564341
8,linha_28-29,Ploss,0.022924073
9,linha_28-29,Ploss,0.018839466
10,linha_28-29,Ploss,0.012054591
11,linha_28-29,Ploss,0.0060980812
12,linha_28-29,Ploss,0.0060891491
13,linha_28-29,Ploss,0.005975414
14,linha_28-29,Ploss,0.0057507721
15,linha_28-29,Ploss,0.0087966358
16,linha_28-29,Ploss,0.010844926
17,linha_28-29,Ploss,0.020318704
18,linha_28-29,Ploss,0.028660337
19,linha_28-29,Ploss,0.048021333
20,linha_28-29,Ploss,0.080931968
21,linha_28-29,Ploss,0.095853231
22,linha_28-29,Ploss,0.10262314
23,linha_28-29,Ploss,0.086898491
24,linha_28-29,Ploss,0.049314492
1,linha_29-30,Ploss,0.027786474
2,linha_29-30,Ploss,0.030413763
3,linha_29-30,Ploss,0.03340565
4,linha_29-30,Ploss,0.036915842
5,linha_29-30,Ploss,0.029609499
6,linha_29-30,Ploss,0.025188974
7,linha_29-30,Ploss,0.019517581
8,linha_29-30,Ploss,0.016873985
9,linha_29-30,Ploss,0.014471585
10,linha_29-30,Ploss,0.010630808
11,linha_29-30,Ploss,0.0073248001
12,linha_29-30,Ploss,0.0073140712
13,linha_29-30,Ploss,0.0071774566
14,linha_29-30,Ploss,0.0069076247
15,linha_29-30,Ploss,0.0085891288
16,linha_29-30,Ploss,0.0098806216
17,linha_29-30,Ploss,0.015365436
18,linha_29-30,Ploss,0.020245078
19,linha_29-30,Ploss,0.033459268
20,linha_29-30,Ploss,0.04752148
21,linha_29-30,Ploss,0.053859356
22,linha_29-30,Ploss,0.057162771
23,linha_29-30,Ploss,0.050985229
24,linha_29-30,Ploss,0.035333553
1,linha_30-31,Ploss,0.024631435
2,linha_30-31,Ploss,0.025187306
3,linha_30-31,Ploss,0.025590075
4,linha_30-31,Ploss,0.025775198
5,linha_30-31,Ploss,0.025525031
6,linha_30-31,Ploss,0.024063056
7,linha_30-31,Ploss,0.022242341
8,linha_30-31,Ploss,0.021823562
9,linha_30-31,Ploss,0.021064555
10,linha_30-31,Ploss,0.020579732
11,linha_30-31,Ploss,0.020495175
12,linha_30-31,Ploss,0.020465155
13,linha_30-31,Ploss,0.0200829
14,linha_30-31,Ploss,0.019327896
15,linha_30-31,Ploss,0.019324394
16,linha_30-31,Ploss,0.020154448
17,linha_30-31,Ploss,0.021462821
18,linha_30-31,Ploss,0.022875263
19,linha_30-31,Ploss,0.02556756
20,linha_30-31,Ploss,0.026299048
21,linha_30-31,Ploss,0.026559221
22,linha_30-31,Ploss,0.027487341
23,linha_30-31,Ploss,0.028162791
24,linha_30-31,Ploss,0.028098749
1,linha_31-32,Ploss,0.0057346797
2,linha_31-32,Ploss,0.0058640973
3,linha_31-32,Ploss,0.0059578698
4,linha_31-32,Ploss,0.0060009701
5,linha_31-32,Ploss,0.0059427264
6,linha_31-32,Ploss,0.0056023499
7,linha_31-32,Ploss,0.0051784519
8,linha_31-32,Ploss,0.0050809518
9,linha_31-32,Ploss,0.0049042403
10,linha_31-32,Ploss,0.0047913639
11,linha_31-32,Ploss,0.0047716775
12,linha_31-32,Ploss,0.0047646883
13,linha_31-32,Ploss,0.0046756918
14,linha_31-32,Ploss,0.0044999122
15,linha_31-32,Ploss,0.0044990968
16,linha_31-32,Ploss,0.0046923495
17,linha_31-32,Ploss,0.0049969644
18,linha_31-32,Ploss,0.0053258086
19,linha_31-32,Ploss,0.0059526278
20,linha_31-32,Ploss,0.0061229326
21,linha_31-32,Ploss,0.0061835061
22,linha_31-32,Ploss,0.0063995904
23,linha_31-32,Ploss,0.0065568485
24,linha_31-32,Ploss,0.0065419381
1,linha_32-33,Ploss,0.0032467711
2,linha_32-33,Ploss,0.0033200427
3,linha_32-33,Ploss,0.0033731334
4,linha_32-33,Ploss,0.0033975352
5,linha_32-33,Ploss,0.0033645597
6,linha_32-33,Ploss,0.0031718507
7,linha_32-33,Ploss,0.0029318548
8,linha_32-33,Ploss,0.0028766537
9,linha_32-33,Ploss,0.0027766059
10,linha_32-33,Ploss,0.0027126994
11,linha_32-33,Ploss,0.0027015536
12,linha_32-33,Ploss,0.0026975966
13,linha_32-33,Ploss,0.0026472099
14,linha_32-33,Ploss,0.0025476898
15,linha_32-33,Ploss,0.0025472281
16,linha_32-33,Ploss,0.0026566409
17,linha_32-33,Ploss,0.002829103
18,linha_32-33,Ploss,0.0030152829
19,linha_32-33,Ploss,0.0033701656
20,linha_32-33,Ploss,0.003466586
21,linha_32-33,Ploss,0.0035008806
22,linha_32-33,Ploss,0.0036232198
23,linha_32-33,Ploss,0.0037122537
24,linha_32-33,Ploss,0.003703812
1,barra_1,theta,0.0
2,barra_1,theta,0.0
3,barra_1,theta,0.0
4,barra_1,theta,0.0
5,barra_1,theta,0.0
6,barra_1,theta,0.0
7,barra_1,theta,0.0
8,barra_1,theta,0.0
9,barra_1,theta,0.0
10,barra_1,theta,0.0
11,barra_1,theta,0.0
12,barra_1,theta,0.0
13,barra_1,theta,0.0
14,barra_1,theta,0.0
15,barra_1,theta,0.0
16,barra_1,theta,0.0
17,barra_1,theta,0.0
18,barra_1,theta,0.0
19,barra_1,theta,0.0
20,barra_1,theta,0.0
21,barra_1,theta,0.0
22,barra_1,theta,0.0
23,barra_1,theta,0.0
24,barra_1,theta,0.0
1,barra_2,theta,0.0022926716
2,barra_2,theta,0.0023444115
3,barra_2,theta,0.0023819009
4,barra_2,theta,0.002399132
5,barra_2,theta,0.0023758467
6,barra_2,theta,0.0022397673
7,barra_2,theta,0.0020702969
8,barra_2,theta,0.0020313173
9,barra_2,theta,0.0019606696
10,barra_2,theta,0.0019155427
11,barra_2,theta,0.0019076723
12,barra_2,theta,0.001904878
13,barra_2,theta,0.0018692981
14,barra_2,theta,0.001799023
15,barra_2,theta,0.001798697
16,barra_2,theta,0.0018759577
17,barra_2,theta,0.0019977398
18,barra_2,theta,0.0021292087
19,barra_2,theta,0.0023798052
20,barra_2,theta,0.0024478914
21,barra_2,theta,0.0024721082
22,barra_2,theta,0.0025584967
23,barra_2,theta,0.002621367
24,barra_2,theta,0.002615406
1,barra_3,theta,0.059307552
2,barra_3,theta,0.060548628
3,barra_3,theta,0.061447877
4,barra_3,theta,0.061861197
5,barra_3,theta,0.061302657
6,barra_3,theta,0.058038549
7,barra_3,theta,0.053973494
8,barra_3,theta,0.053038498
9,barra_3,theta,0.051265257
10,barra_3,theta,0.050085332
11,barra_3,theta,0.049879545
12,barra_3,theta,0.049806485
13,barra_3,theta,0.048876183
14,barra_3,theta,0.047038714
15,barra_3,theta,0.04703019
16,barra_3,theta,0.04905031
17,barra_3,theta,0.052233083
18,barra_3,theta,0.055386601
19,barra_3,theta,0.061397609
20,barra_3,theta,0.06303078
21,barra_3,theta,0.063611662
22,barra_3,theta,0.065683845
23,barra_3,theta,0.067191904
24,barra_3,theta,0.067048917
1,barra_4,theta,0.08468553
2,barra_4,theta,0.085479657
3,barra_4,theta,0.08605506
4,barra_4,theta,0.086319531
5,barra_4,theta,0.085962138
6,barra_4,theta,0.083873533
7,barra_4,theta,0.081272428
8,barra_4,theta,0.094680978
9,barra_4,theta,0.070872367
10,barra_4,theta,0.056712233
11,barra_4,theta,0.056268226
12,barra_4,theta,0.05611059
13,barra_4,theta,0.054103364
14,barra_4,theta,0.050138829
15,barra_4,theta,0.050120439
16,barra_4,theta,0.054479062
17,barra_4,theta,0.081255836
18,barra_4,theta,0.10620733
19,barra_4,theta,0.11723108
20,barra_4,theta,0.12022619
21,barra_4,theta,0.12129149
22,barra_4,theta,0.12509172
23,barra_4,theta,0.12693212
24,barra_4,theta,0.092946164
1,barra_5,theta,0.11841477
2,barra_5,theta,0.1189847
3,barra_5,theta,0.11939767
4,barra_5,theta,0.11958747
5,barra_5,theta,0.11933098
6,barra_5,theta,0.117832
7,barra_5,theta,0.11596521
8,barra_5,theta,0.14212492
9,barra_5,theta,0.097691875
10,barra_5,theta,0.070806894
11,barra_5,theta,0.07010108
12,barra_5,theta,0.069850496
13,barra_5,theta,0.066659715
14,barra_5,theta,0.060357506
15,barra_5,theta,0.060328271
16,barra_5,theta,0.067256942
17,barra_5,theta,0.11732316
18,barra_5,theta,0.16165248
19,barra_5,theta,0.17778345
20,barra_5,theta,0.18216618
21,barra_5,theta,0.18372501
22,barra_5,theta,0.18928586
23,barra_5,theta,0.19163788
24,barra_5,theta,0.12847294
1,barra_6,theta,0.25981477
2,barra_6,theta,0.2603847
3,barra_6,theta,0.26079767
4,barra_6,theta,0.26098747
5,barra_6,theta,0.26073098
6,barra_6,theta,0.259232
7,barra_6,theta,0.25736521
8,barra_6,theta,0.31699159
9,barra_6,theta,0.21205667
10,barra_6,theta,0.14333016
11,barra_6,theta,0.14166607
12,barra_6,theta,0.14107527
13,barra_6,theta,0.13355239
14,barra_6,theta,0.11869373
15,barra_6,theta,0.1186248
16,barra_6,theta,0.13496047
17,barra_6,theta,0.26170492
18,barra_6,theta,0.35843302
19,barra_6,theta,0.39084424
20,barra_6,theta,0.39965026
21,barra_6,theta,0.40278236
22,barra_6,theta,0.41395553
23,barra_6,theta,0.41839867
24,barra_6,theta,0.2788618
1,barra_7,theta,0.24636145
2,barra_7,theta,0.23901298
3,barra_7,theta,0.23368849
4,barra_7,theta,0.2312412
5,barra_7,theta,0.23454834
6,barra_7,theta,0.25387527
7,barra_7,theta,0.28581279
8,barra_7,theta,0.3813552
9,barra_7,theta,0.21522833
10,barra_7,theta,0.096679365
11,barra_7,theta,0.095206949
12,barra_7,theta,0.094684197
13,barra_7,theta,0.088027829
14,barra_7,theta,0.074880631
15,barra_7,theta,0.074819644
16,barra_7,theta,0.08853528
17,barra_7,theta,0.29909186
18,barra_7,theta,0.37394341
19,barra_7,theta,0.33288687
20,barra_7,theta,0.34003473
21,barra_7,theta,0.34257707
22,barra_7,theta,0.35164634
23,barra_7,theta,0.35455835
24,barra_7,theta,0.24235998
1,barra_8,theta,0.25230557
2,barra_8,theta,0.24233975
3,barra_8,theta,0.23511879
4,barra_8,theta,0.23179984
5,barra_8,theta,0.23628491
6,barra_8,theta,0.26249564
7,barra_8,theta,0.30547138
8,barra_8,theta,0.41333086
9,barra_8,theta,0.22557281
10,barra_8,theta,0.087651476
11,barra_8,theta,0.086216153
12,barra_8,theta,0.08570657
13,barra_8,theta,0.07921789
14,barra_8,theta,0.066401895
15,barra_8,theta,0.066342444
16,barra_8,theta,0.079386258
17,barra_8,theta,0.32151989
18,barra_8,theta,0.38937678
19,barra_8,theta,0.32167093
20,barra_8,theta,0.3284979
21,barra_8,theta,0.3309261
22,barra_8,theta,0.33958823
23,barra_8,theta,0.34220393
24,barra_8,theta,0.24136468
1,barra_9,theta,0.30108969
2,barra_9,theta,0.28493152
3,barra_9,theta,0.27322376
4,barra_9,theta,0.26784256
5,barra_9,theta,0.27511446
6,barra_9,theta,0.31761145
7,barra_9,theta,0.38740434
8,barra_9,theta,0.52735066
9,barra_9,theta,0.28123797
10,barra_9,theta,0.087651476
11,barra_9,theta,0.086216153
12,barra_9,theta,0.08570657
13,barra_9,theta,0.07921789
14,barra_9,theta,0.066401895
15,barra_9,theta,0.066342444
16,barra_9,theta,0.078229732
17,barra_9,theta,0.40974843
18,barra_9,theta,0.46095882
19,barra_9,theta,0.32167093
20,barra_9,theta,0.3284979
21,barra_9,theta,0.3309261
22,barra_9,theta,0.33958823
23,barra_9,theta,0.34220393
24,barra_9,theta,0.27599998
1,barra_10,theta,0.37369885
2,barra_10,theta,0.35325565
3,barra_10,theta,0.33844307
4,barra_10,theta,0.3316348
5,barra_10,theta,0.34083516
6,barra_10,theta,0.39460207
7,barra_10,theta,0.4837377
8,barra_10,theta,0.6491843
9,barra_10,theta,0.35465918
10,barra_10,theta,0.11521185
11,barra_10,theta,0.11366329
12,barra_10,theta,0.11311351
13,barra_10,theta,0.10611291
14,barra_10,theta,0.092285814
15,barra_10,theta,0.092221673
16,barra_10,theta,0.10406551
17,barra_10,theta,0.51015116
18,barra_10,theta,0.54973272
19,barra_10,theta,0.35591101
20,barra_10,theta,0.36371759
21,barra_10,theta,0.36649421
22,barra_10,theta,0.37639928
23,barra_10,theta,0.37991954
24,barra_10,theta,0.34176082
1,barra_11,theta,0.38243895
2,barra_11,theta,0.36173598
3,barra_11,theta,0.34673518
4,barra_11,theta,0.3398404
5,barra_11,theta,0.34915767
6,barra_11,theta,0.40360779
7,barra_11,theta,0.49400376
8,barra_11,theta,0.66136437
9,barra_11,theta,0.36300749
10,barra_11,theta,0.11996019
11,barra_11,theta,0.11839212
12,barra_11,theta,0.11783541
13,barra_11,theta,0.11074661
14,barra_11,theta,0.096745315
15,barra_11,theta,0.096680366
16,barra_11,theta,0.10862661
17,barra_11,theta,0.52063186
18,barra_11,theta,0.5594962
19,barra_11,theta,0.36181018
20,barra_11,theta,0.36978553
21,barra_11,theta,0.37262219
22,barra_11,theta,0.3827414
23,barra_11,theta,0.38641751
24,barra_11,theta,0.35041434
1,barra_12,theta,0.404044
2,barra_12,theta,0.38300608
3,barra_12,theta,0.36776258
4,barra_12,theta,0.36075625
5,barra_12,theta,0.37022426
6,barra_12,theta,0.42555533
7,barra_12,theta,0.51778538
8,barra_12,theta,0.68833161
9,barra_12,theta,0.38305666
10,barra_12,theta,0.13341455
11,barra_12,theta,0.1317912
12,barra_12,theta,0.13121486
13,barra_12,theta,0.12387616
14,barra_12,theta,0.10938127
15,barra_12,theta,0.10931403
16,barra_12,theta,0.12164255
17,barra_12,theta,0.54461386
18,barra_12,theta,0.58252424
19,barra_12,theta,0.37852542
20,barra_12,theta,0.386979
21,barra_12,theta,0.38998575
22,barra_12,theta,0.40071173
23,barra_12,theta,0.40482943
24,barra_12,theta,0.37269052
1,barra_13,theta,0.62280902
2,barra_13,theta,0.6002671
3,barra_13,theta,0.58393385
4,barra_13,theta,0.57642664
5,barra_13,theta,0.58657152
6,barra_13,theta,0.64585818
7,barra_13,theta,0.74878538
8,barra_13,theta,0.93745086
9,barra_13,theta,0.58245808
10,barra_13,theta,0.28019795
11,barra_13,theta,0.27797151
12,barra_13,theta,0.27718106
13,barra_13,theta,0.26711595
14,barra_13,theta,0.24723605
15,barra_13,theta,0.24714383
16,barra_13,theta,0.26413671
17,barra_13,theta,0.77561386
18,barra_13,theta,0.80889721
19,barra_13,theta,0.56088413
20,barra_13,theta,0.574555
21,barra_13,theta,0.57941741
22,barra_13,theta,0.59676314
23,barra_13,theta,0.60569844
24,barra_13,theta,0.60369052
1,barra_14,theta,0.76538902
2,barra_14,theta,0.7428471
3,barra_14,theta,0.72651385
4,barra_14,theta,0.71900664
5,barra_14,theta,0.72915152
6,barra_14,theta,0.78843818
7,barra_14,theta,0.8939797
8,barra_14,theta,1.0875156
9,barra_14,theta,0.71054358
10,barra_14,theta,0.38134209
11,barra_14,theta,0.37870007
12,barra_14,theta,0.37776207
13,barra_14,theta,0.36581828
14,barra_14,theta,0.34222773
15,barra_14,theta,0.3421183
16,barra_14,theta,0.36256326
17,barra_14,theta,0.91985273
18,barra_14,theta,0.95277119
19,barra_14,theta,0.68654217
20,barra_14,theta,0.70380811
21,barra_14,theta,0.70994921
22,barra_14,theta,0.73185641
23,barra_14,theta,0.74411138
24,barra_14,theta,0.75606302
1,barra_15,theta,0.88246367
2,barra_15,theta,0.86041813
3,barra_15,theta,0.84444454
4,barra_15,theta,0.83710264
5,barra_15,theta,0.84702413
6,barra_15,theta,0.90031404
7,barra_15,theta,0.99067426
8,barra_15,theta,1.1640386
9,barra_15,theta,0.73762999
10,barra_15,theta,0.3521742
11,barra_15,theta,0.34083737
12,barra_15,theta,0.33995483
13,barra_15,theta,0.32871722
14,barra_15,theta,0.30652146
15,barra_15,theta,0.3064185
16,barra_15,theta,0.33090455
17,barra_15,theta,0.97002106
18,barra_15,theta,1.0441088
19,barra_15,theta,0.78950616
20,barra_15,theta,0.81447209
21,barra_15,theta,0.82160349
22,barra_15,theta,0.84704339
23,barra_15,theta,0.86186932
24,barra_15,theta,0.88137384
1,barra_16,theta,1.0097463
2,barra_16,theta,0.98854122
3,barra_16,theta,0.97317659
4,barra_16,theta,0.96611459
5,barra_16,theta,0.97565784
6,barra_16,theta,1.02347
7,barra_16,theta,1.1007851
8,barra_16,theta,1.2555801
9,barra_16,theta,0.78355391
10,barra_16,theta,0.34181009
11,barra_16,theta,0.32006293
12,barra_16,theta,0.31921083
13,barra_16,theta,0.30836067
14,barra_16,theta,0.2869302
15,barra_16,theta,0.28683079
16,barra_16,theta,0.31708607
17,barra_16,theta,1.0372882
18,barra_16,theta,1.1501558
19,barra_16,theta,0.90757038
20,barra_16,theta,0.93877401
21,barra_16,theta,0.94682669
22,barra_16,theta,0.97555308
23,barra_16,theta,0.9927708
24,barra_16,theta,1.0174788
1,barra_17,theta,1.3968373
2,barra_17,theta,1.3784964
3,barra_17,theta,1.3652071
4,barra_17,theta,1.359099
5,barra_17,theta,1.3673532
6,barra_17,theta,1.4018576
7,barra_17,theta,1.4516012
8,barra_17,theta,1.5590283
9,barra_17,theta,0.9666096
10,barra_17,theta,0.37336112
11,barra_17,theta,0.32006293
12,barra_17,theta,0.31921083
13,barra_17,theta,0.30836067
14,barra_17,theta,0.2869302
15,barra_17,theta,0.28683079
16,barra_17,theta,0.33695745
17,barra_17,theta,1.2768039
18,barra_17,theta,1.4943558
19,barra_17,theta,1.2806911
20,barra_17,theta,1.3247334
21,barra_17,theta,1.3350597
22,barra_17,theta,1.3718967
23,barra_17,theta,1.395017
24,barra_17,theta,1.4287625
1,barra_18,theta,1.5229773
2,barra_18,theta,1.5056397
3,barra_18,theta,1.4930774
4,barra_18,theta,1.4873034
5,barra_18,theta,1.4951061
6,barra_18,theta,1.5260033
7,barra_18,theta,1.5694099
8,barra_18,theta,1.6645064
9,barra_18,theta,1.0386839
10,barra_18,theta,0.40390198
11,barra_18,theta,0.34197195
12,barra_18,theta,0.34108776
13,barra_18,theta,0.32982898
14,barra_18,theta,0.30759142
15,barra_18,theta,0.30748827
16,barra_18,theta,0.36388179
17,barra_18,theta,1.3645887
18,barra_18,theta,1.6116503
19,barra_18,theta,1.4053687
20,barra_18,theta,1.4522524
21,barra_18,theta,1.4632048
22,barra_18,theta,1.5022751
23,barra_18,theta,1.5270208
24,barra_18,theta,1.5622218
1,barra_19,theta,-0.020517602
2,barra_19,theta,-0.020980634
3,barra_19,theta,-0.021316134
4,barra_19,theta,-0.021470339
5,barra_19,theta,-0.021261954
6,barra_19,theta,-0.020044151
7,barra_19,theta,-0.018527524
8,barra_19,theta,-0.018178687
9,barra_19,theta,-0.017546446
10,barra_19,theta,-0.017142596
11,barra_19,theta,-0.017072162
12,barra_19,theta,-0.017047156
13,barra_19,theta,-0.016728743
14,barra_19,theta,-0.016099837
15,barra_19,theta,-0.016096919
16,barra_19,theta,-0.016788341
17,barra_19,theta,-0.017878196
18,barra_19,theta,-0.019054738
19,barra_19,theta,-0.021297379
20,barra_19,theta,-0.021906697
21,barra_19,theta,-0.022123418
22,barra_19,theta,-0.022896527
23,barra_19,theta,-0.023459167
24,barra_19,theta,-0.02340582
1,barra_20,theta,-0.1783209
2,barra_20,theta,-0.18234517
3,barra_20,theta,-0.18526104
4,barra_20,theta,-0.18660125
5,barra_20,theta,-0.18479015
6,barra_20,theta,-0.17420608
7,barra_20,theta,-0.1610249
8,barra_20,theta,-0.15799312
9,barra_20,theta,-0.15249824
10,barra_20,theta,-0.14898833
11,barra_20,theta,-0.14837618
12,barra_20,theta,-0.14815884
13,barra_20,theta,-0.14539148
14,barra_20,theta,-0.13992558
15,barra_20,theta,-0.13990023
16,barra_20,theta,-0.14590946
17,barra_20,theta,-0.15538151
18,barra_20,theta,-0.16560698
19,barra_20,theta,-0.18509804
20,barra_20,theta,-0.19039369
21,barra_20,theta,-0.19227724
22,barra_20,theta,-0.19899642
23,barra_20,theta,-0.20388639
24,barra_20,theta,-0.20342275
1,barra_21,theta,-0.22057572
2,barra_21,theta,-0.22555358
3,barra_21,theta,-0.22916039
4,barra_21,theta,-0.23081818
5,barra_21,theta,-0.22857792
6,barra_21,theta,-0.21548586
7,barra_21,theta,-0.19918127
8,barra_21,theta,-0.19543108
9,barra_21,theta,-0.18863414
10,barra_21,theta,-0.18429252
11,barra_21,theta,-0.18353531
12,barra_21,theta,-0.18326648
13,barra_21,theta,-0.17984337
14,barra_21,theta,-0.17308227
15,barra_21,theta,-0.17305091
16,barra_21,theta,-0.18048408
17,barra_21,theta,-0.19220063
18,barra_21,theta,-0.20484912
19,barra_21,theta,-0.22895877
20,barra_21,theta,-0.23550928
21,barra_21,theta,-0.23783915
22,barra_21,theta,-0.2461505
23,barra_21,theta,-0.25219919
24,barra_21,theta,-0.25162569
1,barra_22,theta,-0.26366444
2,barra_22,theta,-0.2696147
3,barra_22,theta,-0.27392609
4,barra_22,theta,-0.27590773
5,barra_22,theta,-0.27322984
6,barra_22,theta,-0.25758029
7,barra_22,theta,-0.23809065
8,barra_22,theta,-0.23360788
9,barra_22,theta,-0.22548318
10,barra_22,theta,-0.22029344
11,barra_22,theta,-0.21938831
12,barra_22,theta,-0.21906697
13,barra_22,theta,-0.21497516
14,barra_22,theta,-0.20689331
15,barra_22,theta,-0.20685582
16,barra_22,theta,-0.21574103
17,barra_22,theta,-0.22974637
18,barra_22,theta,-0.2448657
19,barra_22,theta,-0.27368508
20,barra_22,theta,-0.28151522
21,barra_22,theta,-0.28430022
22,barra_22,theta,-0.29423517
23,barra_22,theta,-0.30146545
24,barra_22,theta,-0.30077991
1,barra_23,theta,0.095089032
2,barra_23,theta,0.098581629
3,barra_23,theta,0.10111227
4,barra_23,theta,0.10227542
5,barra_23,theta,0.10070359
6,barra_23,theta,0.091517845
7,barra_23,theta,0.0800781
8,barra_23,theta,0.053963489
9,barra_23,theta,0.086586442
10,barra_23,theta,0.1051471
11,barra_23,theta,0.10506121
12,barra_23,theta,0.10503072
13,barra_23,theta,0.10464243
14,barra_23,theta,0.10387551
15,barra_23,theta,0.10387195
16,barra_23,theta,0.10471511
17,barra_23,theta,0.073380605
18,barra_23,theta,0.041899656
19,barra_23,theta,0.046323322
20,barra_23,theta,0.047525218
21,barra_23,theta,0.047952705
22,barra_23,theta,0.049477682
23,barra_23,theta,0.052366159
24,barra_23,theta,0.11144917
1,barra_24,theta,0.1992313
2,barra_24,theta,0.20798424
3,barra_24,theta,0.21432638
4,barra_24,theta,0.2172414
5,barra_24,theta,0.21330219
6,barra_24,theta,0.1902814
7,barra_24,theta,0.16161178
8,barra_24,theta,0.084208525
9,barra_24,theta,0.18516246
10,barra_24,theta,0.24287548
11,barra_24,theta,0.24292125
12,barra_24,theta,0.2429375
13,barra_24,theta,0.24314442
14,barra_24,theta,0.2435531
15,barra_24,theta,0.24355499
16,barra_24,theta,0.24310569
17,barra_24,theta,0.14391062
18,barra_24,theta,0.041899656
19,barra_24,theta,0.046323322
20,barra_24,theta,0.047525218
21,barra_24,theta,0.047952705
22,barra_24,theta,0.049477682
23,barra_24,theta,0.056289402
24,barra_24,theta,0.23746984
1,barra_25,theta,0.31692223
2,barra_25,theta,0.3307347
3,barra_25,theta,0.34074284
4,barra_25,theta,0.34534286
5,barra_25,theta,0.33912662
6,barra_25,theta,0.30279894
7,barra_25,theta,0.25755719
8,barra_25,theta,0.13725463
9,barra_25,theta,0.29366893
10,barra_25,theta,0.38309548
11,barra_25,theta,0.38314125
12,barra_25,theta,0.3831575
13,barra_25,theta,0.38336442
14,barra_25,theta,0.3837731
15,barra_25,theta,0.38377499
16,barra_25,theta,0.38332569
17,barra_25,theta,0.22976529
18,barra_25,theta,0.071318059
19,barra_25,theta,0.079204114
20,barra_25,theta,0.08134673
21,barra_25,theta,0.082108809
22,barra_25,theta,0.084827381
23,barra_25,theta,0.095748071
24,barra_25,theta,0.37768984
1,barra_26,theta,0.27338082
2,barra_26,theta,0.27633524
3,barra_26,theta,0.28047454
4,barra_26,theta,0.28576794
5,barra_26,theta,0.27507677
6,barra_26,theta,0.27145073
7,barra_26,theta,0.26714967
8,barra_26,theta,0.32276639
9,barra_26,theta,0.21457929
10,barra_26,theta,0.14003592
11,barra_26,theta,0.1335929
12,barra_26,theta,0.13301393
13,barra_26,theta,0.12564162
14,barra_26,theta,0.11108036
15,barra_26,theta,0.11343656
16,barra_26,theta,0.13087818
17,barra_26,theta,0.26531767
18,barra_26,theta,0.36878517
19,barra_26,theta,0.41064045
20,barra_26,theta,0.44011083
21,barra_26,theta,0.45660051
22,barra_26,theta,0.47502557
23,barra_26,theta,0.46125839
24,barra_26,theta,0.29707166
1,barra_27,theta,0.29839278
2,barra_27,theta,0.30468233
3,barra_27,theta,0.3136675
4,barra_27,theta,0.32524295
5,barra_27,theta,0.30137951
6,barra_27,theta,0.29450671
7,barra_27,theta,0.28644845
8,barra_27,theta,0.33660204
9,barra_27,theta,0.22386593
10,barra_27,theta,0.14124961
11,barra_27,theta,0.12782936
12,barra_27,theta,0.12725882
13,barra_27,theta,0.11999401
14,barra_27,theta,0.10564507
15,barra_27,theta,0.11156419
16,barra_27,theta,0.13087818
17,barra_27,theta,0.27616956
18,barra_27,theta,0.38901873
19,barra_27,theta,0.44397817
20,barra_27,theta,0.4986773
21,barra_27,theta,0.52998344
22,barra_27,theta,0.55662738
23,barra_27,theta,0.52298286
24,barra_27,theta,0.32907986
1,barra_28,theta,0.48174834
2,barra_28,theta,0.50523683
3,barra_28,theta,0.53666404
4,barra_28,theta,0.57664147
5,barra_28,theta,0.49268582
6,barra_28,theta,0.46581479
7,barra_28,theta,0.43338487
8,barra_28,theta,0.45186164
9,barra_28,theta,0.31205672
10,barra_28,theta,0.18285729
11,barra_28,theta,0.12782936
12,barra_28,theta,0.12725882
13,barra_28,theta,0.11999401
14,barra_28,theta,0.10564507
15,barra_28,theta,0.13293784
16,barra_28,theta,0.16488786
17,barra_28,theta,0.37390577
18,barra_28,theta,0.5423224
19,barra_28,theta,0.66759125
20,barra_28,theta,0.83614493
21,barra_28,theta,0.92638079
22,barra_28,theta,0.98390384
23,barra_28,theta,0.87635692
24,barra_28,theta,0.55032221
1,barra_29,theta,0.62679303
2,barra_29,theta,0.65843568
3,barra_29,theta,0.69957355
4,barra_29,theta,0.75147433
5,barra_29,theta,0.64245121
6,barra_29,theta,0.60337509
7,barra_29,theta,0.55345188
8,barra_29,theta,0.55171619
9,barra_29,theta,0.39411921
10,barra_29,theta,0.23536566
11,barra_29,theta,0.15439188
12,barra_29,theta,0.15378244
13,barra_29,theta,0.14602221
14,barra_29,theta,0.13069475
15,barra_29,theta,0.17125495
16,barra_29,theta,0.21212708
17,barra_29,theta,0.46241164
18,barra_29,theta,0.66716343
19,barra_29,theta,0.83072966
20,barra_29,theta,1.0470683
21,barra_29,theta,1.1589692
22,barra_29,theta,1.2263219
23,barra_29,theta,1.0959434
24,barra_29,theta,0.71533824
1,barra_30,theta,0.68484854
2,barra_30,theta,0.71872158
3,barra_30,theta,0.76239937
4,barra_30,theta,0.81728007
5,barra_30,theta,0.70205434
6,barra_30,theta,0.6592255
7,barra_30,theta,0.60315922
8,barra_30,theta,0.59469082
9,barra_30,theta,0.43097541
10,barra_30,theta,0.26244018
11,barra_30,theta,0.17304666
12,barra_30,theta,0.1724099
13,barra_30,theta,0.16430174
14,barra_30,theta,0.14828708
15,barra_30,theta,0.19312972
16,barra_30,theta,0.23729102
17,barra_30,theta,0.5015443
18,barra_30,theta,0.71872356
19,barra_30,theta,0.893601
20,barra_30,theta,1.1218775
21,barra_30,theta,1.2391589
22,barra_30,theta,1.3093159
23,barra_30,theta,1.1736931
24,barra_30,theta,0.77980071
1,barra_31,theta,0.56313224
2,barra_31,theta,0.59425845
3,barra_31,theta,0.63594595
4,barra_31,theta,0.68991186
5,barra_31,theta,0.57592234
6,barra_31,theta,0.54031785
7,barra_31,theta,0.49324863
8,barra_31,theta,0.48684964
9,barra_31,theta,0.32688486
10,barra_31,theta,0.16074539
11,barra_31,theta,0.071769705
12,barra_31,theta,0.071281283
13,barra_31,theta,0.065062043
14,barra_31,theta,0.052778229
15,barra_31,theta,0.097638184
16,barra_31,theta,0.13769777
17,barra_31,theta,0.39548572
18,barra_31,theta,0.60568539
19,barra_31,theta,0.76725884
20,barra_31,theta,0.99192069
21,barra_31,theta,1.1079164
22,barra_31,theta,1.1734872
23,barra_31,theta,1.0345266
24,barra_31,theta,0.64095067
1,barra_32,theta,0.52971226
2,barra_32,theta,0.56008426
3,barra_32,theta,0.60122529
4,barra_32,theta,0.65494002
5,barra_32,theta,0.54128993
6,barra_32,theta,0.50766905
7,barra_32,theta,0.46307018
8,barra_32,theta,0.45723939
9,barra_32,theta,0.29830443
10,barra_32,theta,0.13282277
11,barra_32,theta,0.043961813
12,barra_32,theta,0.043514122
13,barra_32,theta,0.037813526
14,barra_32,theta,0.026554103
15,barra_32,theta,0.07141881
16,barra_32,theta,0.11035218
17,barra_32,theta,0.36636493
18,barra_32,theta,0.57464819
19,barra_32,theta,0.73256873
20,barra_32,theta,0.95623809
21,barra_32,theta,1.0718808
22,barra_32,theta,1.1361923
23,barra_32,theta,0.9963153
24,barra_32,theta,0.60282624
1,barra_33,theta,0.50447124
2,barra_33,theta,0.53427361
3,barra_33,theta,0.5750019
4,barra_33,theta,0.62852693
5,barra_33,theta,0.51513319
6,barra_33,theta,0.48301047
7,barra_33,theta,0.44027738
8,barra_33,theta,0.43487573
9,barra_33,theta,0.27671856
10,barra_33,theta,0.11173372
11,barra_33,theta,0.022959412
12,barra_33,theta,0.022542485
13,barra_33,theta,0.017233604
14,barra_33,theta,0.0067478692
15,barra_33,theta,0.051616165
16,barra_33,theta,0.089698936
17,barra_33,theta,0.34437093
18,barra_33,theta,0.55120679
19,barra_33,theta,0.70636841
20,barra_33,theta,0.92928818
21,barra_33,theta,1.0446643
22,barra_33,theta,1.1080247
23,barra_33,theta,0.96745552
24,barra_33,theta,0.57403209
