tempo,entidade,variavel,valor
INFO,GERAL,custo_total,2858.2528633024967
INFO,GERAL,num_barras,33.0
INFO,GERAL,num_baterias,2.0
INFO,GERAL,periodos_tempo,24.0
1,barra_1,PS,0.0
2,barra_1,PS,0.0
3,barra_1,PS,0.0
4,barra_1,PS,0.0
5,barra_1,PS,0.0
6,barra_1,PS,0.0
7,barra_1,PS,0.0
8,barra_1,PS,0.0
9,barra_1,PS,0.0
10,barra_1,PS,0.0
11,barra_1,PS,0.0
12,barra_1,PS,0.0
13,barra_1,PS,0.0
14,barra_1,PS,0.0
15,barra_1,PS,0.0
16,barra_1,PS,0.0
17,barra_1,PS,0.0
18,barra_1,PS,0.0
19,barra_1,PS,0.0
20,barra_1,PS,0.0
21,barra_1,PS,0.0
22,barra_1,PS,0.0
23,barra_1,PS,0.0
24,barra_1,PS,0.0
1,barra_2,PS,0.0
2,barra_2,PS,0.0
3,barra_2,PS,0.0
4,barra_2,PS,0.0
5,barra_2,PS,0.0
6,barra_2,PS,0.0
7,barra_2,PS,0.0
8,barra_2,PS,0.0
9,barra_2,PS,0.0
10,barra_2,PS,0.0
11,barra_2,PS,0.0
12,barra_2,PS,0.0
13,barra_2,PS,0.0
14,barra_2,PS,0.0
15,barra_2,PS,0.0
16,barra_2,PS,0.0
17,barra_2,PS,0.0
18,barra_2,PS,0.0
19,barra_2,PS,0.0
20,barra_2,PS,0.0
21,barra_2,PS,0.0
22,barra_2,PS,0.0
23,barra_2,PS,0.0
24,barra_2,PS,0.0
1,barra_3,PS,0.0
2,barra_3,PS,0.0
3,barra_3,PS,0.0
4,barra_3,PS,0.0
5,barra_3,PS,0.0
6,barra_3,PS,0.0
7,barra_3,PS,0.0
8,barra_3,PS,0.0
9,barra_3,PS,0.0
10,barra_3,PS,0.0
11,barra_3,PS,0.0
12,barra_3,PS,0.0
13,barra_3,PS,0.0
14,barra_3,PS,0.0
15,barra_3,PS,0.0
16,barra_3,PS,0.0
17,barra_3,PS,0.0
18,barra_3,PS,0.0
19,barra_3,PS,0.0
20,barra_3,PS,0.0
21,barra_3,PS,0.0
22,barra_3,PS,0.0
23,barra_3,PS,0.0
24,barra_3,PS,0.0
1,barra_4,PS,0.0
2,barra_4,PS,0.0
3,barra_4,PS,0.0
4,barra_4,PS,0.0
5,barra_4,PS,0.0
6,barra_4,PS,0.0
7,barra_4,PS,0.0
8,barra_4,PS,0.0
9,barra_4,PS,0.0
10,barra_4,PS,0.0
11,barra_4,PS,0.0
12,barra_4,PS,0.0
13,barra_4,PS,0.0
14,barra_4,PS,0.0
15,barra_4,PS,0.0
16,barra_4,PS,0.0
17,barra_4,PS,0.0
18,barra_4,PS,0.0
19,barra_4,PS,0.0
20,barra_4,PS,0.0
21,barra_4,PS,0.0
22,barra_4,PS,0.0
23,barra_4,PS,0.0
24,barra_4,PS,0.0
1,barra_5,PS,0.0
2,barra_5,PS,0.0
3,barra_5,PS,0.0
4,barra_5,PS,0.0
5,barra_5,PS,0.0
6,barra_5,PS,0.0
7,barra_5,PS,0.0
8,barra_5,PS,0.0
9,barra_5,PS,0.0
10,barra_5,PS,0.0
11,barra_5,PS,0.0
12,barra_5,PS,0.0
13,barra_5,PS,0.0
14,barra_5,PS,0.0
15,barra_5,PS,0.0
16,barra_5,PS,0.0
17,barra_5,PS,0.0
18,barra_5,PS,0.0
19,barra_5,PS,0.0
20,barra_5,PS,0.0
21,barra_5,PS,0.0
22,barra_5,PS,0.0
23,barra_5,PS,0.0
24,barra_5,PS,0.0
1,barra_6,PS,0.0
2,barra_6,PS,0.0
3,barra_6,PS,0.0
4,barra_6,PS,0.0
5,barra_6,PS,0.0
6,barra_6,PS,0.012
7,barra_6,PS,0.048
8,barra_6,PS,0.1
9,barra_6,PS,0.18
10,barra_6,PS,0.26
11,barra_6,PS,0.32
12,barra_6,PS,0.368
13,barra_6,PS,0.4
14,barra_6,PS,0.384
15,barra_6,PS,0.336
16,barra_6,PS,0.26
17,barra_6,PS,0.152
18,barra_6,PS,0.06
19,barra_6,PS,0.012
20,barra_6,PS,0.0
21,barra_6,PS,0.0
22,barra_6,PS,0.0
23,barra_6,PS,0.0
24,barra_6,PS,0.0
1,barra_7,PS,0.0
2,barra_7,PS,0.0
3,barra_7,PS,0.0
4,barra_7,PS,0.0
5,barra_7,PS,0.0
6,barra_7,PS,0.0
7,barra_7,PS,0.0
8,barra_7,PS,0.0
9,barra_7,PS,0.0
10,barra_7,PS,0.0
11,barra_7,PS,0.0
12,barra_7,PS,0.0
13,barra_7,PS,0.0
14,barra_7,PS,0.0
15,barra_7,PS,0.0
16,barra_7,PS,0.0
17,barra_7,PS,0.0
18,barra_7,PS,0.0
19,barra_7,PS,0.0
20,barra_7,PS,0.0
21,barra_7,PS,0.0
22,barra_7,PS,0.0
23,barra_7,PS,0.0
24,barra_7,PS,0.0
1,barra_8,PS,0.0
2,barra_8,PS,0.0
3,barra_8,PS,0.0
4,barra_8,PS,0.0
5,barra_8,PS,0.0
6,barra_8,PS,0.0
7,barra_8,PS,0.0
8,barra_8,PS,0.0
9,barra_8,PS,0.0
10,barra_8,PS,0.0
11,barra_8,PS,0.0
12,barra_8,PS,0.0
13,barra_8,PS,0.0
14,barra_8,PS,0.0
15,barra_8,PS,0.0
16,barra_8,PS,0.0
17,barra_8,PS,0.0
18,barra_8,PS,0.0
19,barra_8,PS,0.0
20,barra_8,PS,0.0
21,barra_8,PS,0.0
22,barra_8,PS,0.0
23,barra_8,PS,0.0
24,barra_8,PS,0.0
1,barra_9,PS,0.0
2,barra_9,PS,0.0
3,barra_9,PS,0.0
4,barra_9,PS,0.0
5,barra_9,PS,0.0
6,barra_9,PS,0.0
7,barra_9,PS,0.0
8,barra_9,PS,0.0
9,barra_9,PS,0.0
10,barra_9,PS,0.0
11,barra_9,PS,0.0
12,barra_9,PS,0.0
13,barra_9,PS,0.0
14,barra_9,PS,0.0
15,barra_9,PS,0.0
16,barra_9,PS,0.0
17,barra_9,PS,0.0
18,barra_9,PS,0.0
19,barra_9,PS,0.0
20,barra_9,PS,0.0
21,barra_9,PS,0.0
22,barra_9,PS,0.0
23,barra_9,PS,0.0
24,barra_9,PS,0.0
1,barra_10,PS,0.0
2,barra_10,PS,0.0
3,barra_10,PS,0.0
4,barra_10,PS,0.0
5,barra_10,PS,0.0
6,barra_10,PS,0.0
7,barra_10,PS,0.0
8,barra_10,PS,0.0
9,barra_10,PS,0.0
10,barra_10,PS,0.0
11,barra_10,PS,0.0
12,barra_10,PS,0.0
13,barra_10,PS,0.0
14,barra_10,PS,0.0
15,barra_10,PS,0.0
16,barra_10,PS,0.0
17,barra_10,PS,0.0
18,barra_10,PS,0.0
19,barra_10,PS,0.0
20,barra_10,PS,0.0
21,barra_10,PS,0.0
22,barra_10,PS,0.0
23,barra_10,PS,0.0
24,barra_10,PS,0.0
1,barra_11,PS,0.0
2,barra_11,PS,0.0
3,barra_11,PS,0.0
4,barra_11,PS,0.0
5,barra_11,PS,0.0
6,barra_11,PS,0.0
7,barra_11,PS,0.0
8,barra_11,PS,0.0
9,barra_11,PS,0.0
10,barra_11,PS,0.0
11,barra_11,PS,0.0
12,barra_11,PS,0.0
13,barra_11,PS,0.0
14,barra_11,PS,0.0
15,barra_11,PS,0.0
16,barra_11,PS,0.0
17,barra_11,PS,0.0
18,barra_11,PS,0.0
19,barra_11,PS,0.0
20,barra_11,PS,0.0
21,barra_11,PS,0.0
22,barra_11,PS,0.0
23,barra_11,PS,0.0
24,barra_11,PS,0.0
1,barra_12,PS,0.0
2,barra_12,PS,0.0
3,barra_12,PS,0.0
4,barra_12,PS,0.0
5,barra_12,PS,0.0
6,barra_12,PS,0.0
7,barra_12,PS,0.0
8,barra_12,PS,0.0
9,barra_12,PS,0.0
10,barra_12,PS,0.0
11,barra_12,PS,0.0
12,barra_12,PS,0.0
13,barra_12,PS,0.0
14,barra_12,PS,0.0
15,barra_12,PS,0.0
16,barra_12,PS,0.0
17,barra_12,PS,0.0
18,barra_12,PS,0.0
19,barra_12,PS,0.0
20,barra_12,PS,0.0
21,barra_12,PS,0.0
22,barra_12,PS,0.0
23,barra_12,PS,0.0
24,barra_12,PS,0.0
1,barra_13,PS,0.0
2,barra_13,PS,0.0
3,barra_13,PS,0.0
4,barra_13,PS,0.0
5,barra_13,PS,0.0
6,barra_13,PS,0.0
7,barra_13,PS,0.0
8,barra_13,PS,0.0
9,barra_13,PS,0.0
10,barra_13,PS,0.0
11,barra_13,PS,0.0
12,barra_13,PS,0.0
13,barra_13,PS,0.0
14,barra_13,PS,0.0
15,barra_13,PS,0.0
16,barra_13,PS,0.0
17,barra_13,PS,0.0
18,barra_13,PS,0.0
19,barra_13,PS,0.0
20,barra_13,PS,0.0
21,barra_13,PS,0.0
22,barra_13,PS,0.0
23,barra_13,PS,0.0
24,barra_13,PS,0.0
1,barra_14,PS,0.0
2,barra_14,PS,0.0
3,barra_14,PS,0.0
4,barra_14,PS,0.0
5,barra_14,PS,0.0
6,barra_14,PS,0.0105
7,barra_14,PS,0.042
8,barra_14,PS,0.0875
9,barra_14,PS,0.1575
10,barra_14,PS,0.2275
11,barra_14,PS,0.28
12,barra_14,PS,0.322
13,barra_14,PS,0.35
14,barra_14,PS,0.336
15,barra_14,PS,0.294
16,barra_14,PS,0.2275
17,barra_14,PS,0.133
18,barra_14,PS,0.0525
19,barra_14,PS,0.0105
20,barra_14,PS,0.0
21,barra_14,PS,0.0
22,barra_14,PS,0.0
23,barra_14,PS,0.0
24,barra_14,PS,0.0
1,barra_15,PS,0.0
2,barra_15,PS,0.0
3,barra_15,PS,0.0
4,barra_15,PS,0.0
5,barra_15,PS,0.0
6,barra_15,PS,0.0
7,barra_15,PS,0.0
8,barra_15,PS,0.0
9,barra_15,PS,0.0
10,barra_15,PS,0.0
11,barra_15,PS,0.0
12,barra_15,PS,0.0
13,barra_15,PS,0.0
14,barra_15,PS,0.0
15,barra_15,PS,0.0
16,barra_15,PS,0.0
17,barra_15,PS,0.0
18,barra_15,PS,0.0
19,barra_15,PS,0.0
20,barra_15,PS,0.0
21,barra_15,PS,0.0
22,barra_15,PS,0.0
23,barra_15,PS,0.0
24,barra_15,PS,0.0
1,barra_16,PS,0.0
2,barra_16,PS,0.0
3,barra_16,PS,0.0
4,barra_16,PS,0.0
5,barra_16,PS,0.0
6,barra_16,PS,0.0
7,barra_16,PS,0.0
8,barra_16,PS,0.0
9,barra_16,PS,0.0
10,barra_16,PS,0.0
11,barra_16,PS,0.0
12,barra_16,PS,0.0
13,barra_16,PS,0.0
14,barra_16,PS,0.0
15,barra_16,PS,0.0
16,barra_16,PS,0.0
17,barra_16,PS,0.0
18,barra_16,PS,0.0
19,barra_16,PS,0.0
20,barra_16,PS,0.0
21,barra_16,PS,0.0
22,barra_16,PS,0.0
23,barra_16,PS,0.0
24,barra_16,PS,0.0
1,barra_17,PS,0.0
2,barra_17,PS,0.0
3,barra_17,PS,0.0
4,barra_17,PS,0.0
5,barra_17,PS,0.0
6,barra_17,PS,0.0
7,barra_17,PS,0.0
8,barra_17,PS,0.0
9,barra_17,PS,0.0
10,barra_17,PS,0.0
11,barra_17,PS,0.0
12,barra_17,PS,0.0
13,barra_17,PS,0.0
14,barra_17,PS,0.0
15,barra_17,PS,0.0
16,barra_17,PS,0.0
17,barra_17,PS,0.0
18,barra_17,PS,0.0
19,barra_17,PS,0.0
20,barra_17,PS,0.0
21,barra_17,PS,0.0
22,barra_17,PS,0.0
23,barra_17,PS,0.0
24,barra_17,PS,0.0
1,barra_18,PS,0.0
2,barra_18,PS,0.0
3,barra_18,PS,0.0
4,barra_18,PS,0.0
5,barra_18,PS,0.0
6,barra_18,PS,0.0
7,barra_18,PS,0.0
8,barra_18,PS,0.0
9,barra_18,PS,0.0
10,barra_18,PS,0.0
11,barra_18,PS,0.0
12,barra_18,PS,0.0
13,barra_18,PS,0.0
14,barra_18,PS,0.0
15,barra_18,PS,0.0
16,barra_18,PS,0.0
17,barra_18,PS,0.0
18,barra_18,PS,0.0
19,barra_18,PS,0.0
20,barra_18,PS,0.0
21,barra_18,PS,0.0
22,barra_18,PS,0.0
23,barra_18,PS,0.0
24,barra_18,PS,0.0
1,barra_19,PS,0.0
2,barra_19,PS,0.0
3,barra_19,PS,0.0
4,barra_19,PS,0.0
5,barra_19,PS,0.0
6,barra_19,PS,0.0
7,barra_19,PS,0.0
8,barra_19,PS,0.0
9,barra_19,PS,0.0
10,barra_19,PS,0.0
11,barra_19,PS,0.0
12,barra_19,PS,0.0
13,barra_19,PS,0.0
14,barra_19,PS,0.0
15,barra_19,PS,0.0
16,barra_19,PS,0.0
17,barra_19,PS,0.0
18,barra_19,PS,0.0
19,barra_19,PS,0.0
20,barra_19,PS,0.0
21,barra_19,PS,0.0
22,barra_19,PS,0.0
23,barra_19,PS,0.0
24,barra_19,PS,0.0
1,barra_20,PS,0.0
2,barra_20,PS,0.0
3,barra_20,PS,0.0
4,barra_20,PS,0.0
5,barra_20,PS,0.0
6,barra_20,PS,0.0
7,barra_20,PS,0.0
8,barra_20,PS,0.0
9,barra_20,PS,0.0
10,barra_20,PS,0.0
11,barra_20,PS,0.0
12,barra_20,PS,0.0
13,barra_20,PS,0.0
14,barra_20,PS,0.0
15,barra_20,PS,0.0
16,barra_20,PS,0.0
17,barra_20,PS,0.0
18,barra_20,PS,0.0
19,barra_20,PS,0.0
20,barra_20,PS,0.0
21,barra_20,PS,0.0
22,barra_20,PS,0.0
23,barra_20,PS,0.0
24,barra_20,PS,0.0
1,barra_21,PS,0.0
2,barra_21,PS,0.0
3,barra_21,PS,0.0
4,barra_21,PS,0.0
5,barra_21,PS,0.0
6,barra_21,PS,0.0
7,barra_21,PS,0.0
8,barra_21,PS,0.0
9,barra_21,PS,0.0
10,barra_21,PS,0.0
11,barra_21,PS,0.0
12,barra_21,PS,0.0
13,barra_21,PS,0.0
14,barra_21,PS,0.0
15,barra_21,PS,0.0
16,barra_21,PS,0.0
17,barra_21,PS,0.0
18,barra_21,PS,0.0
19,barra_21,PS,0.0
20,barra_21,PS,0.0
21,barra_21,PS,0.0
22,barra_21,PS,0.0
23,barra_21,PS,0.0
24,barra_21,PS,0.0
1,barra_22,PS,0.0
2,barra_22,PS,0.0
3,barra_22,PS,0.0
4,barra_22,PS,0.0
5,barra_22,PS,0.0
6,barra_22,PS,0.0
7,barra_22,PS,0.0
8,barra_22,PS,0.0
9,barra_22,PS,0.0
10,barra_22,PS,0.0
11,barra_22,PS,0.0
12,barra_22,PS,0.0
13,barra_22,PS,0.0
14,barra_22,PS,0.0
15,barra_22,PS,0.0
16,barra_22,PS,0.0
17,barra_22,PS,0.0
18,barra_22,PS,0.0
19,barra_22,PS,0.0
20,barra_22,PS,0.0
21,barra_22,PS,0.0
22,barra_22,PS,0.0
23,barra_22,PS,0.0
24,barra_22,PS,0.0
1,barra_23,PS,0.0
2,barra_23,PS,0.0
3,barra_23,PS,0.0
4,barra_23,PS,0.0
5,barra_23,PS,0.0
6,barra_23,PS,0.0
7,barra_23,PS,0.0
8,barra_23,PS,0.0
9,barra_23,PS,0.0
10,barra_23,PS,0.0
11,barra_23,PS,0.0
12,barra_23,PS,0.0
13,barra_23,PS,0.0
14,barra_23,PS,0.0
15,barra_23,PS,0.0
16,barra_23,PS,0.0
17,barra_23,PS,0.0
18,barra_23,PS,0.0
19,barra_23,PS,0.0
20,barra_23,PS,0.0
21,barra_23,PS,0.0
22,barra_23,PS,0.0
23,barra_23,PS,0.0
24,barra_23,PS,0.0
1,barra_24,PS,0.0
2,barra_24,PS,0.0
3,barra_24,PS,0.0
4,barra_24,PS,0.0
5,barra_24,PS,0.0
6,barra_24,PS,0.0
7,barra_24,PS,0.0
8,barra_24,PS,0.0
9,barra_24,PS,0.0
10,barra_24,PS,0.0
11,barra_24,PS,0.0
12,barra_24,PS,0.0
13,barra_24,PS,0.0
14,barra_24,PS,0.0
15,barra_24,PS,0.0
16,barra_24,PS,0.0
17,barra_24,PS,0.0
18,barra_24,PS,0.0
19,barra_24,PS,0.0
20,barra_24,PS,0.0
21,barra_24,PS,0.0
22,barra_24,PS,0.0
23,barra_24,PS,0.0
24,barra_24,PS,0.0
1,barra_25,PS,0.0
2,barra_25,PS,0.0
3,barra_25,PS,0.0
4,barra_25,PS,0.0
5,barra_25,PS,0.0
6,barra_25,PS,0.0135
7,barra_25,PS,0.054
8,barra_25,PS,0.1125
9,barra_25,PS,0.2025
10,barra_25,PS,0.2925
11,barra_25,PS,0.36
12,barra_25,PS,0.414
13,barra_25,PS,0.45
14,barra_25,PS,0.432
15,barra_25,PS,0.378
16,barra_25,PS,0.2925
17,barra_25,PS,0.171
18,barra_25,PS,0.0675
19,barra_25,PS,0.0135
20,barra_25,PS,0.0
21,barra_25,PS,0.0
22,barra_25,PS,0.0
23,barra_25,PS,0.0
24,barra_25,PS,0.0
1,barra_26,PS,0.0
2,barra_26,PS,0.0
3,barra_26,PS,0.0
4,barra_26,PS,0.0
5,barra_26,PS,0.0
6,barra_26,PS,0.0
7,barra_26,PS,0.0
8,barra_26,PS,0.0
9,barra_26,PS,0.0
10,barra_26,PS,0.0
11,barra_26,PS,0.0
12,barra_26,PS,0.0
13,barra_26,PS,0.0
14,barra_26,PS,0.0
15,barra_26,PS,0.0
16,barra_26,PS,0.0
17,barra_26,PS,0.0
18,barra_26,PS,0.0
19,barra_26,PS,0.0
20,barra_26,PS,0.0
21,barra_26,PS,0.0
22,barra_26,PS,0.0
23,barra_26,PS,0.0
24,barra_26,PS,0.0
1,barra_27,PS,0.0
2,barra_27,PS,0.0
3,barra_27,PS,0.0
4,barra_27,PS,0.0
5,barra_27,PS,0.0
6,barra_27,PS,0.0
7,barra_27,PS,0.0
8,barra_27,PS,0.0
9,barra_27,PS,0.0
10,barra_27,PS,0.0
11,barra_27,PS,0.0
12,barra_27,PS,0.0
13,barra_27,PS,0.0
14,barra_27,PS,0.0
15,barra_27,PS,0.0
16,barra_27,PS,0.0
17,barra_27,PS,0.0
18,barra_27,PS,0.0
19,barra_27,PS,0.0
20,barra_27,PS,0.0
21,barra_27,PS,0.0
22,barra_27,PS,0.0
23,barra_27,PS,0.0
24,barra_27,PS,0.0
1,barra_28,PS,0.0
2,barra_28,PS,0.0
3,barra_28,PS,0.0
4,barra_28,PS,0.0
5,barra_28,PS,0.0
6,barra_28,PS,0.0
7,barra_28,PS,0.0
8,barra_28,PS,0.0
9,barra_28,PS,0.0
10,barra_28,PS,0.0
11,barra_28,PS,0.0
12,barra_28,PS,0.0
13,barra_28,PS,0.0
14,barra_28,PS,0.0
15,barra_28,PS,0.0
16,barra_28,PS,0.0
17,barra_28,PS,0.0
18,barra_28,PS,0.0
19,barra_28,PS,0.0
20,barra_28,PS,0.0
21,barra_28,PS,0.0
22,barra_28,PS,0.0
23,barra_28,PS,0.0
24,barra_28,PS,0.0
1,barra_29,PS,0.0
2,barra_29,PS,0.0
3,barra_29,PS,0.0
4,barra_29,PS,0.0
5,barra_29,PS,0.0
6,barra_29,PS,0.0
7,barra_29,PS,0.0
8,barra_29,PS,0.0
9,barra_29,PS,0.0
10,barra_29,PS,0.0
11,barra_29,PS,0.0
12,barra_29,PS,0.0
13,barra_29,PS,0.0
14,barra_29,PS,0.0
15,barra_29,PS,0.0
16,barra_29,PS,0.0
17,barra_29,PS,0.0
18,barra_29,PS,0.0
19,barra_29,PS,0.0
20,barra_29,PS,0.0
21,barra_29,PS,0.0
22,barra_29,PS,0.0
23,barra_29,PS,0.0
24,barra_29,PS,0.0
1,barra_30,PS,0.15653858
2,barra_30,PS,0.15614438
3,barra_30,PS,0.15283266
4,barra_30,PS,0.1453677
5,barra_30,PS,0.16259026
6,barra_30,PS,0.15667994
7,barra_30,PS,0.15492748
8,barra_30,PS,0.17442921
9,barra_30,PS,0.18551664
10,barra_30,PS,0.19691383
11,barra_30,PS,0.20606574
12,barra_30,PS,0.21641566
13,barra_30,PS,0.21905499
14,barra_30,PS,0.21354474
15,barra_30,PS,0.20247936
16,barra_30,PS,0.19311844
17,barra_30,PS,0.18322459
18,barra_30,PS,0.15600782
19,barra_30,PS,0.15240836
20,barra_30,PS,0.12063955
21,barra_30,PS,0.090710772
22,barra_30,PS,0.079665634
23,barra_30,PS,0.12063948
24,barra_30,PS,0.16388242
1,barra_31,PS,0.0
2,barra_31,PS,0.0
3,barra_31,PS,0.0
4,barra_31,PS,0.0
5,barra_31,PS,0.0
6,barra_31,PS,0.0
7,barra_31,PS,0.0
8,barra_31,PS,0.0
9,barra_31,PS,0.0
10,barra_31,PS,0.0
11,barra_31,PS,0.0
12,barra_31,PS,0.0
13,barra_31,PS,0.0
14,barra_31,PS,0.0
15,barra_31,PS,0.0
16,barra_31,PS,0.0
17,barra_31,PS,0.0
18,barra_31,PS,0.0
19,barra_31,PS,0.0
20,barra_31,PS,0.0
21,barra_31,PS,0.0
22,barra_31,PS,0.0
23,barra_31,PS,0.0
24,barra_31,PS,0.0
1,barra_32,PS,0.0
2,barra_32,PS,0.0
3,barra_32,PS,0.0
4,barra_32,PS,0.0
5,barra_32,PS,0.0
6,barra_32,PS,0.0
7,barra_32,PS,0.0
8,barra_32,PS,0.0
9,barra_32,PS,0.0
10,barra_32,PS,0.0
11,barra_32,PS,0.0
12,barra_32,PS,0.0
13,barra_32,PS,0.0
14,barra_32,PS,0.0
15,barra_32,PS,0.0
16,barra_32,PS,0.0
17,barra_32,PS,0.0
18,barra_32,PS,0.0
19,barra_32,PS,0.0
20,barra_32,PS,0.0
21,barra_32,PS,0.0
22,barra_32,PS,0.0
23,barra_32,PS,0.0
24,barra_32,PS,0.0
1,barra_33,PS,0.0
2,barra_33,PS,0.0
3,barra_33,PS,0.0
4,barra_33,PS,0.0
5,barra_33,PS,0.0
6,barra_33,PS,0.0
7,barra_33,PS,0.0
8,barra_33,PS,0.0
9,barra_33,PS,0.0
10,barra_33,PS,0.0
11,barra_33,PS,0.0
12,barra_33,PS,0.0
13,barra_33,PS,0.0
14,barra_33,PS,0.0
15,barra_33,PS,0.0
16,barra_33,PS,0.0
17,barra_33,PS,0.0
18,barra_33,PS,0.0
19,barra_33,PS,0.0
20,barra_33,PS,0.0
21,barra_33,PS,0.0
22,barra_33,PS,0.0
23,barra_33,PS,0.0
24,barra_33,PS,0.0
1,barra_1,PW,0.0
2,barra_1,PW,0.0
3,barra_1,PW,0.0
4,barra_1,PW,0.0
5,barra_1,PW,0.0
6,barra_1,PW,0.0
7,barra_1,PW,0.0
8,barra_1,PW,0.0
9,barra_1,PW,0.0
10,barra_1,PW,0.0
11,barra_1,PW,0.0
12,barra_1,PW,0.0
13,barra_1,PW,0.0
14,barra_1,PW,0.0
15,barra_1,PW,0.0
16,barra_1,PW,0.0
17,barra_1,PW,0.0
18,barra_1,PW,0.0
19,barra_1,PW,0.0
20,barra_1,PW,0.0
21,barra_1,PW,0.0
22,barra_1,PW,0.0
23,barra_1,PW,0.0
24,barra_1,PW,0.0
1,barra_2,PW,0.0
2,barra_2,PW,0.0
3,barra_2,PW,0.0
4,barra_2,PW,0.0
5,barra_2,PW,0.0
6,barra_2,PW,0.0
7,barra_2,PW,0.0
8,barra_2,PW,0.0
9,barra_2,PW,0.0
10,barra_2,PW,0.0
11,barra_2,PW,0.0
12,barra_2,PW,0.0
13,barra_2,PW,0.0
14,barra_2,PW,0.0
15,barra_2,PW,0.0
16,barra_2,PW,0.0
17,barra_2,PW,0.0
18,barra_2,PW,0.0
19,barra_2,PW,0.0
20,barra_2,PW,0.0
21,barra_2,PW,0.0
22,barra_2,PW,0.0
23,barra_2,PW,0.0
24,barra_2,PW,0.0
1,barra_3,PW,0.0
2,barra_3,PW,0.0
3,barra_3,PW,0.0
4,barra_3,PW,0.0
5,barra_3,PW,0.0
6,barra_3,PW,0.0
7,barra_3,PW,0.0
8,barra_3,PW,0.0
9,barra_3,PW,0.0
10,barra_3,PW,0.0
11,barra_3,PW,0.0
12,barra_3,PW,0.0
13,barra_3,PW,0.0
14,barra_3,PW,0.0
15,barra_3,PW,0.0
16,barra_3,PW,0.0
17,barra_3,PW,0.0
18,barra_3,PW,0.0
19,barra_3,PW,0.0
20,barra_3,PW,0.0
21,barra_3,PW,0.0
22,barra_3,PW,0.0
23,barra_3,PW,0.0
24,barra_3,PW,0.0
1,barra_4,PW,0.0
2,barra_4,PW,0.0
3,barra_4,PW,0.0
4,barra_4,PW,0.0
5,barra_4,PW,0.0
6,barra_4,PW,0.0
7,barra_4,PW,0.0
8,barra_4,PW,0.0
9,barra_4,PW,0.0
10,barra_4,PW,0.0
11,barra_4,PW,0.0
12,barra_4,PW,0.0
13,barra_4,PW,0.0
14,barra_4,PW,0.0
15,barra_4,PW,0.0
16,barra_4,PW,0.0
17,barra_4,PW,0.0
18,barra_4,PW,0.0
19,barra_4,PW,0.0
20,barra_4,PW,0.0
21,barra_4,PW,0.0
22,barra_4,PW,0.0
23,barra_4,PW,0.0
24,barra_4,PW,0.0
1,barra_5,PW,0.0
2,barra_5,PW,0.0
3,barra_5,PW,0.0
4,barra_5,PW,0.0
5,barra_5,PW,0.0
6,barra_5,PW,0.0
7,barra_5,PW,0.0
8,barra_5,PW,0.0
9,barra_5,PW,0.0
10,barra_5,PW,0.0
11,barra_5,PW,0.0
12,barra_5,PW,0.0
13,barra_5,PW,0.0
14,barra_5,PW,0.0
15,barra_5,PW,0.0
16,barra_5,PW,0.0
17,barra_5,PW,0.0
18,barra_5,PW,0.0
19,barra_5,PW,0.0
20,barra_5,PW,0.0
21,barra_5,PW,0.0
22,barra_5,PW,0.0
23,barra_5,PW,0.0
24,barra_5,PW,0.0
1,barra_6,PW,0.88176112
2,barra_6,PW,0.89737931
3,barra_6,PW,0.90866783
4,barra_6,PW,0.91385855
5,barra_6,PW,0.90684383
6,barra_6,PW,0.85346492
7,barra_6,PW,0.76198345
8,barra_6,PW,0.69498475
9,barra_6,PW,0.58781687
10,barra_6,PW,0.4904543
11,barra_6,PW,0.38019532
12,barra_6,PW,0.32572307
13,barra_6,PW,0.27657233
14,barra_6,PW,0.2849444
15,barra_6,PW,0.31034022
16,barra_6,PW,0.47474035
17,barra_6,PW,0.63007616
18,barra_6,PW,0.77143929
19,barra_6,PW,0.89604526
20,barra_6,PW,0.92647914
21,barra_6,PW,0.86545149
22,barra_6,PW,0.89634785
23,barra_6,PW,0.99318979
24,barra_6,PW,0.99427008
1,barra_7,PW,0.0
2,barra_7,PW,0.0
3,barra_7,PW,0.0
4,barra_7,PW,0.0
5,barra_7,PW,0.0
6,barra_7,PW,0.0
7,barra_7,PW,0.0
8,barra_7,PW,0.0
9,barra_7,PW,0.0
10,barra_7,PW,0.0
11,barra_7,PW,0.0
12,barra_7,PW,0.0
13,barra_7,PW,0.0
14,barra_7,PW,0.0
15,barra_7,PW,0.0
16,barra_7,PW,0.0
17,barra_7,PW,0.0
18,barra_7,PW,0.0
19,barra_7,PW,0.0
20,barra_7,PW,0.0
21,barra_7,PW,0.0
22,barra_7,PW,0.0
23,barra_7,PW,0.0
24,barra_7,PW,0.0
1,barra_8,PW,0.0
2,barra_8,PW,0.0
3,barra_8,PW,0.0
4,barra_8,PW,0.0
5,barra_8,PW,0.0
6,barra_8,PW,0.0
7,barra_8,PW,0.0
8,barra_8,PW,0.0
9,barra_8,PW,0.0
10,barra_8,PW,0.0
11,barra_8,PW,0.0
12,barra_8,PW,0.0
13,barra_8,PW,0.0
14,barra_8,PW,0.0
15,barra_8,PW,0.0
16,barra_8,PW,0.0
17,barra_8,PW,0.0
18,barra_8,PW,0.0
19,barra_8,PW,0.0
20,barra_8,PW,0.0
21,barra_8,PW,0.0
22,barra_8,PW,0.0
23,barra_8,PW,0.0
24,barra_8,PW,0.0
1,barra_9,PW,0.0
2,barra_9,PW,0.0
3,barra_9,PW,0.0
4,barra_9,PW,0.0
5,barra_9,PW,0.0
6,barra_9,PW,0.0
7,barra_9,PW,0.0
8,barra_9,PW,0.0
9,barra_9,PW,0.0
10,barra_9,PW,0.0
11,barra_9,PW,0.0
12,barra_9,PW,0.0
13,barra_9,PW,0.0
14,barra_9,PW,0.0
15,barra_9,PW,0.0
16,barra_9,PW,0.0
17,barra_9,PW,0.0
18,barra_9,PW,0.0
19,barra_9,PW,0.0
20,barra_9,PW,0.0
21,barra_9,PW,0.0
22,barra_9,PW,0.0
23,barra_9,PW,0.0
24,barra_9,PW,0.0
1,barra_10,PW,0.0
2,barra_10,PW,0.0
3,barra_10,PW,0.0
4,barra_10,PW,0.0
5,barra_10,PW,0.0
6,barra_10,PW,0.0
7,barra_10,PW,0.0
8,barra_10,PW,0.0
9,barra_10,PW,0.0
10,barra_10,PW,0.0
11,barra_10,PW,0.0
12,barra_10,PW,0.0
13,barra_10,PW,0.0
14,barra_10,PW,0.0
15,barra_10,PW,0.0
16,barra_10,PW,0.0
17,barra_10,PW,0.0
18,barra_10,PW,0.0
19,barra_10,PW,0.0
20,barra_10,PW,0.0
21,barra_10,PW,0.0
22,barra_10,PW,0.0
23,barra_10,PW,0.0
24,barra_10,PW,0.0
1,barra_11,PW,0.0
2,barra_11,PW,0.0
3,barra_11,PW,0.0
4,barra_11,PW,0.0
5,barra_11,PW,0.0
6,barra_11,PW,0.0
7,barra_11,PW,0.0
8,barra_11,PW,0.0
9,barra_11,PW,0.0
10,barra_11,PW,0.0
11,barra_11,PW,0.0
12,barra_11,PW,0.0
13,barra_11,PW,0.0
14,barra_11,PW,0.0
15,barra_11,PW,0.0
16,barra_11,PW,0.0
17,barra_11,PW,0.0
18,barra_11,PW,0.0
19,barra_11,PW,0.0
20,barra_11,PW,0.0
21,barra_11,PW,0.0
22,barra_11,PW,0.0
23,barra_11,PW,0.0
24,barra_11,PW,0.0
1,barra_12,PW,0.0
2,barra_12,PW,0.0
3,barra_12,PW,0.0
4,barra_12,PW,0.0
5,barra_12,PW,0.0
6,barra_12,PW,0.0
7,barra_12,PW,0.0
8,barra_12,PW,0.0
9,barra_12,PW,0.0
10,barra_12,PW,0.0
11,barra_12,PW,0.0
12,barra_12,PW,0.0
13,barra_12,PW,0.0
14,barra_12,PW,0.0
15,barra_12,PW,0.0
16,barra_12,PW,0.0
17,barra_12,PW,0.0
18,barra_12,PW,0.0
19,barra_12,PW,0.0
20,barra_12,PW,0.0
21,barra_12,PW,0.0
22,barra_12,PW,0.0
23,barra_12,PW,0.0
24,barra_12,PW,0.0
1,barra_13,PW,0.0
2,barra_13,PW,0.0
3,barra_13,PW,0.0
4,barra_13,PW,0.0
5,barra_13,PW,0.0
6,barra_13,PW,0.0
7,barra_13,PW,0.0
8,barra_13,PW,0.0
9,barra_13,PW,0.0
10,barra_13,PW,0.0
11,barra_13,PW,0.0
12,barra_13,PW,0.0
13,barra_13,PW,0.0
14,barra_13,PW,0.0
15,barra_13,PW,0.0
16,barra_13,PW,0.0
17,barra_13,PW,0.0
18,barra_13,PW,0.0
19,barra_13,PW,0.0
20,barra_13,PW,0.0
21,barra_13,PW,0.0
22,barra_13,PW,0.0
23,barra_13,PW,0.0
24,barra_13,PW,0.0
1,barra_14,PW,0.31703849
2,barra_14,PW,0.31100234
3,barra_14,PW,0.27521712
4,barra_14,PW,0.21631225
5,barra_14,PW,0.32997548
6,barra_14,PW,0.30983896
7,barra_14,PW,0.28564658
8,barra_14,PW,0.2881981
9,barra_14,PW,0.24433913
10,barra_14,PW,0.19590768
11,barra_14,PW,0.1574623
12,barra_14,PW,0.12843777
13,barra_14,PW,0.10392631
14,barra_14,PW,0.10732612
15,barra_14,PW,0.13544056
16,barra_14,PW,0.19152841
17,barra_14,PW,0.26306457
18,barra_14,PW,0.27193726
19,barra_14,PW,0.26274948
20,barra_14,PW,0.0
21,barra_14,PW,0.0
22,barra_14,PW,0.0
23,barra_14,PW,0.0
24,barra_14,PW,0.346367
1,barra_15,PW,0.0
2,barra_15,PW,0.0
3,barra_15,PW,0.0
4,barra_15,PW,0.0
5,barra_15,PW,0.0
6,barra_15,PW,0.0
7,barra_15,PW,0.0
8,barra_15,PW,0.0
9,barra_15,PW,0.0
10,barra_15,PW,0.0
11,barra_15,PW,0.0
12,barra_15,PW,0.0
13,barra_15,PW,0.0
14,barra_15,PW,0.0
15,barra_15,PW,0.0
16,barra_15,PW,0.0
17,barra_15,PW,0.0
18,barra_15,PW,0.0
19,barra_15,PW,0.0
20,barra_15,PW,0.0
21,barra_15,PW,0.0
22,barra_15,PW,0.0
23,barra_15,PW,0.0
24,barra_15,PW,0.0
1,barra_16,PW,0.0
2,barra_16,PW,0.0
3,barra_16,PW,0.0
4,barra_16,PW,0.0
5,barra_16,PW,0.0
6,barra_16,PW,0.0
7,barra_16,PW,0.0
8,barra_16,PW,0.0
9,barra_16,PW,0.0
10,barra_16,PW,0.0
11,barra_16,PW,0.0
12,barra_16,PW,0.0
13,barra_16,PW,0.0
14,barra_16,PW,0.0
15,barra_16,PW,0.0
16,barra_16,PW,0.0
17,barra_16,PW,0.0
18,barra_16,PW,0.0
19,barra_16,PW,0.0
20,barra_16,PW,0.0
21,barra_16,PW,0.0
22,barra_16,PW,0.0
23,barra_16,PW,0.0
24,barra_16,PW,0.0
1,barra_17,PW,0.0
2,barra_17,PW,0.0
3,barra_17,PW,0.0
4,barra_17,PW,0.0
5,barra_17,PW,0.0
6,barra_17,PW,0.0
7,barra_17,PW,0.0
8,barra_17,PW,0.0
9,barra_17,PW,0.0
10,barra_17,PW,0.0
11,barra_17,PW,0.0
12,barra_17,PW,0.0
13,barra_17,PW,0.0
14,barra_17,PW,0.0
15,barra_17,PW,0.0
16,barra_17,PW,0.0
17,barra_17,PW,0.0
18,barra_17,PW,0.0
19,barra_17,PW,0.0
20,barra_17,PW,0.0
21,barra_17,PW,0.0
22,barra_17,PW,0.0
23,barra_17,PW,0.0
24,barra_17,PW,0.0
1,barra_18,PW,0.408
2,barra_18,PW,0.42
3,barra_18,PW,0.432
4,barra_18,PW,0.444
5,barra_18,PW,0.42
6,barra_18,PW,0.396
7,barra_18,PW,0.36
8,barra_18,PW,0.33
9,barra_18,PW,0.3
10,barra_18,PW,0.276
11,barra_18,PW,0.264
12,barra_18,PW,0.252
13,barra_18,PW,0.24
14,barra_18,PW,0.228
15,barra_18,PW,0.24
16,barra_18,PW,0.27
17,barra_18,PW,0.312
18,barra_18,PW,0.372
19,barra_18,PW,0.432
20,barra_18,PW,0.48
21,barra_18,PW,0.48776484
22,barra_18,PW,0.49982259
23,barra_18,PW,0.504
24,barra_18,PW,0.456
1,barra_19,PW,0.0
2,barra_19,PW,0.0
3,barra_19,PW,0.0
4,barra_19,PW,0.0
5,barra_19,PW,0.0
6,barra_19,PW,0.0
7,barra_19,PW,0.0
8,barra_19,PW,0.0
9,barra_19,PW,0.0
10,barra_19,PW,0.0
11,barra_19,PW,0.0
12,barra_19,PW,0.0
13,barra_19,PW,0.0
14,barra_19,PW,0.0
15,barra_19,PW,0.0
16,barra_19,PW,0.0
17,barra_19,PW,0.0
18,barra_19,PW,0.0
19,barra_19,PW,0.0
20,barra_19,PW,0.0
21,barra_19,PW,0.0
22,barra_19,PW,0.0
23,barra_19,PW,0.0
24,barra_19,PW,0.0
1,barra_20,PW,0.0
2,barra_20,PW,0.0
3,barra_20,PW,0.0
4,barra_20,PW,0.0
5,barra_20,PW,0.0
6,barra_20,PW,0.0
7,barra_20,PW,0.0
8,barra_20,PW,0.0
9,barra_20,PW,0.0
10,barra_20,PW,0.0
11,barra_20,PW,0.0
12,barra_20,PW,0.0
13,barra_20,PW,0.0
14,barra_20,PW,0.0
15,barra_20,PW,0.0
16,barra_20,PW,0.0
17,barra_20,PW,0.0
18,barra_20,PW,0.0
19,barra_20,PW,0.0
20,barra_20,PW,0.0
21,barra_20,PW,0.0
22,barra_20,PW,0.0
23,barra_20,PW,0.0
24,barra_20,PW,0.0
1,barra_21,PW,0.0
2,barra_21,PW,0.0
3,barra_21,PW,0.0
4,barra_21,PW,0.0
5,barra_21,PW,0.0
6,barra_21,PW,0.0
7,barra_21,PW,0.0
8,barra_21,PW,0.0
9,barra_21,PW,0.0
10,barra_21,PW,0.0
11,barra_21,PW,0.0
12,barra_21,PW,0.0
13,barra_21,PW,0.0
14,barra_21,PW,0.0
15,barra_21,PW,0.0
16,barra_21,PW,0.0
17,barra_21,PW,0.0
18,barra_21,PW,0.0
19,barra_21,PW,0.0
20,barra_21,PW,0.0
21,barra_21,PW,0.0
22,barra_21,PW,0.0
23,barra_21,PW,0.0
24,barra_21,PW,0.0
1,barra_22,PW,0.0
2,barra_22,PW,0.0
3,barra_22,PW,0.0
4,barra_22,PW,0.0
5,barra_22,PW,0.0
6,barra_22,PW,0.0
7,barra_22,PW,0.0
8,barra_22,PW,0.0
9,barra_22,PW,0.0
10,barra_22,PW,0.0
11,barra_22,PW,0.0
12,barra_22,PW,0.0
13,barra_22,PW,0.0
14,barra_22,PW,0.0
15,barra_22,PW,0.0
16,barra_22,PW,0.0
17,barra_22,PW,0.0
18,barra_22,PW,0.0
19,barra_22,PW,0.0
20,barra_22,PW,0.0
21,barra_22,PW,0.0
22,barra_22,PW,0.0
23,barra_22,PW,0.0
24,barra_22,PW,0.0
1,barra_23,PW,0.0
2,barra_23,PW,0.0
3,barra_23,PW,0.0
4,barra_23,PW,0.0
5,barra_23,PW,0.0
6,barra_23,PW,0.0
7,barra_23,PW,0.0
8,barra_23,PW,0.0
9,barra_23,PW,0.0
10,barra_23,PW,0.0
11,barra_23,PW,0.0
12,barra_23,PW,0.0
13,barra_23,PW,0.0
14,barra_23,PW,0.0
15,barra_23,PW,0.0
16,barra_23,PW,0.0
17,barra_23,PW,0.0
18,barra_23,PW,0.0
19,barra_23,PW,0.0
20,barra_23,PW,0.0
21,barra_23,PW,0.0
22,barra_23,PW,0.0
23,barra_23,PW,0.0
24,barra_23,PW,0.0
1,barra_24,PW,0.0
2,barra_24,PW,0.0
3,barra_24,PW,0.0
4,barra_24,PW,0.0
5,barra_24,PW,0.0
6,barra_24,PW,0.0
7,barra_24,PW,0.0
8,barra_24,PW,0.0
9,barra_24,PW,0.0
10,barra_24,PW,0.0
11,barra_24,PW,0.0
12,barra_24,PW,0.0
13,barra_24,PW,0.0
14,barra_24,PW,0.0
15,barra_24,PW,0.0
16,barra_24,PW,0.0
17,barra_24,PW,0.0
18,barra_24,PW,0.0
19,barra_24,PW,0.0
20,barra_24,PW,0.0
21,barra_24,PW,0.0
22,barra_24,PW,0.0
23,barra_24,PW,0.0
24,barra_24,PW,0.0
1,barra_25,PW,0.38569991
2,barra_25,PW,0.39474842
3,barra_25,PW,0.40130775
4,barra_25,PW,0.40432402
5,barra_25,PW,0.40024797
6,barra_25,PW,0.36293547
7,barra_25,PW,0.29278489
8,barra_25,PW,0.22746109
9,barra_25,PW,0.12510072
10,barra_25,PW,0.027201296
11,barra_25,PW,0.0
12,barra_25,PW,0.0
13,barra_25,PW,0.0
14,barra_25,PW,0.0
15,barra_25,PW,0.0
16,barra_25,PW,0.020276371
17,barra_25,PW,0.16308817
18,barra_25,PW,0.28959169
19,barra_25,PW,0.38744618
20,barra_25,PW,0.41285913
21,barra_25,PW,0.41709666
22,barra_25,PW,0.43221069
23,barra_25,PW,0.44025666
24,barra_25,PW,0.43962141
1,barra_26,PW,0.0
2,barra_26,PW,0.0
3,barra_26,PW,0.0
4,barra_26,PW,0.0
5,barra_26,PW,0.0
6,barra_26,PW,0.0
7,barra_26,PW,0.0
8,barra_26,PW,0.0
9,barra_26,PW,0.0
10,barra_26,PW,0.0
11,barra_26,PW,0.0
12,barra_26,PW,0.0
13,barra_26,PW,0.0
14,barra_26,PW,0.0
15,barra_26,PW,0.0
16,barra_26,PW,0.0
17,barra_26,PW,0.0
18,barra_26,PW,0.0
19,barra_26,PW,0.0
20,barra_26,PW,0.0
21,barra_26,PW,0.0
22,barra_26,PW,0.0
23,barra_26,PW,0.0
24,barra_26,PW,0.0
1,barra_27,PW,0.0
2,barra_27,PW,0.0
3,barra_27,PW,0.0
4,barra_27,PW,0.0
5,barra_27,PW,0.0
6,barra_27,PW,0.0
7,barra_27,PW,0.0
8,barra_27,PW,0.0
9,barra_27,PW,0.0
10,barra_27,PW,0.0
11,barra_27,PW,0.0
12,barra_27,PW,0.0
13,barra_27,PW,0.0
14,barra_27,PW,0.0
15,barra_27,PW,0.0
16,barra_27,PW,0.0
17,barra_27,PW,0.0
18,barra_27,PW,0.0
19,barra_27,PW,0.0
20,barra_27,PW,0.0
21,barra_27,PW,0.0
22,barra_27,PW,0.0
23,barra_27,PW,0.0
24,barra_27,PW,0.0
1,barra_28,PW,0.0
2,barra_28,PW,0.0
3,barra_28,PW,0.0
4,barra_28,PW,0.0
5,barra_28,PW,0.0
6,barra_28,PW,0.0
7,barra_28,PW,0.0
8,barra_28,PW,0.0
9,barra_28,PW,0.0
10,barra_28,PW,0.0
11,barra_28,PW,0.0
12,barra_28,PW,0.0
13,barra_28,PW,0.0
14,barra_28,PW,0.0
15,barra_28,PW,0.0
16,barra_28,PW,0.0
17,barra_28,PW,0.0
18,barra_28,PW,0.0
19,barra_28,PW,0.0
20,barra_28,PW,0.0
21,barra_28,PW,0.0
22,barra_28,PW,0.0
23,barra_28,PW,0.0
24,barra_28,PW,0.0
1,barra_29,PW,0.0
2,barra_29,PW,0.0
3,barra_29,PW,0.0
4,barra_29,PW,0.0
5,barra_29,PW,0.0
6,barra_29,PW,0.0
7,barra_29,PW,0.0
8,barra_29,PW,0.0
9,barra_29,PW,0.0
10,barra_29,PW,0.0
11,barra_29,PW,0.0
12,barra_29,PW,0.0
13,barra_29,PW,0.0
14,barra_29,PW,0.0
15,barra_29,PW,0.0
16,barra_29,PW,0.0
17,barra_29,PW,0.0
18,barra_29,PW,0.0
19,barra_29,PW,0.0
20,barra_29,PW,0.0
21,barra_29,PW,0.0
22,barra_29,PW,0.0
23,barra_29,PW,0.0
24,barra_29,PW,0.0
1,barra_30,PW,0.374
2,barra_30,PW,0.385
3,barra_30,PW,0.396
4,barra_30,PW,0.407
5,barra_30,PW,0.385
6,barra_30,PW,0.363
7,barra_30,PW,0.33
8,barra_30,PW,0.3025
9,barra_30,PW,0.275
10,barra_30,PW,0.253
11,barra_30,PW,0.242
12,barra_30,PW,0.231
13,barra_30,PW,0.22
14,barra_30,PW,0.209
15,barra_30,PW,0.22
16,barra_30,PW,0.2475
17,barra_30,PW,0.286
18,barra_30,PW,0.341
19,barra_30,PW,0.396
20,barra_30,PW,0.44
21,barra_30,PW,0.473
22,barra_30,PW,0.495
23,barra_30,PW,0.462
24,barra_30,PW,0.418
1,barra_31,PW,0.0
2,barra_31,PW,0.0
3,barra_31,PW,0.0
4,barra_31,PW,0.0
5,barra_31,PW,0.0
6,barra_31,PW,0.0
7,barra_31,PW,0.0
8,barra_31,PW,0.0
9,barra_31,PW,0.0
10,barra_31,PW,0.0
11,barra_31,PW,0.0
12,barra_31,PW,0.0
13,barra_31,PW,0.0
14,barra_31,PW,0.0
15,barra_31,PW,0.0
16,barra_31,PW,0.0
17,barra_31,PW,0.0
18,barra_31,PW,0.0
19,barra_31,PW,0.0
20,barra_31,PW,0.0
21,barra_31,PW,0.0
22,barra_31,PW,0.0
23,barra_31,PW,0.0
24,barra_31,PW,0.0
1,barra_32,PW,0.0
2,barra_32,PW,0.0
3,barra_32,PW,0.0
4,barra_32,PW,0.0
5,barra_32,PW,0.0
6,barra_32,PW,0.0
7,barra_32,PW,0.0
8,barra_32,PW,0.0
9,barra_32,PW,0.0
10,barra_32,PW,0.0
11,barra_32,PW,0.0
12,barra_32,PW,0.0
13,barra_32,PW,0.0
14,barra_32,PW,0.0
15,barra_32,PW,0.0
16,barra_32,PW,0.0
17,barra_32,PW,0.0
18,barra_32,PW,0.0
19,barra_32,PW,0.0
20,barra_32,PW,0.0
21,barra_32,PW,0.0
22,barra_32,PW,0.0
23,barra_32,PW,0.0
24,barra_32,PW,0.0
1,barra_33,PW,0.0
2,barra_33,PW,0.0
3,barra_33,PW,0.0
4,barra_33,PW,0.0
5,barra_33,PW,0.0
6,barra_33,PW,0.0
7,barra_33,PW,0.0
8,barra_33,PW,0.0
9,barra_33,PW,0.0
10,barra_33,PW,0.0
11,barra_33,PW,0.0
12,barra_33,PW,0.0
13,barra_33,PW,0.0
14,barra_33,PW,0.0
15,barra_33,PW,0.0
16,barra_33,PW,0.0
17,barra_33,PW,0.0
18,barra_33,PW,0.0
19,barra_33,PW,0.0
20,barra_33,PW,0.0
21,barra_33,PW,0.0
22,barra_33,PW,0.0
23,barra_33,PW,0.0
24,barra_33,PW,0.0
1,barra_1,CS,0.0
2,barra_1,CS,0.0
3,barra_1,CS,0.0
4,barra_1,CS,0.0
5,barra_1,CS,0.0
6,barra_1,CS,0.0
7,barra_1,CS,0.0
8,barra_1,CS,0.0
9,barra_1,CS,0.0
10,barra_1,CS,0.0
11,barra_1,CS,0.0
12,barra_1,CS,0.0
13,barra_1,CS,0.0
14,barra_1,CS,0.0
15,barra_1,CS,0.0
16,barra_1,CS,0.0
17,barra_1,CS,0.0
18,barra_1,CS,0.0
19,barra_1,CS,0.0
20,barra_1,CS,0.0
21,barra_1,CS,0.0
22,barra_1,CS,0.0
23,barra_1,CS,0.0
24,barra_1,CS,0.0
1,barra_2,CS,0.0
2,barra_2,CS,0.0
3,barra_2,CS,0.0
4,barra_2,CS,0.0
5,barra_2,CS,0.0
6,barra_2,CS,0.0
7,barra_2,CS,0.0
8,barra_2,CS,0.0
9,barra_2,CS,0.0
10,barra_2,CS,0.0
11,barra_2,CS,0.0
12,barra_2,CS,0.0
13,barra_2,CS,0.0
14,barra_2,CS,0.0
15,barra_2,CS,0.0
16,barra_2,CS,0.0
17,barra_2,CS,0.0
18,barra_2,CS,0.0
19,barra_2,CS,0.0
20,barra_2,CS,0.0
21,barra_2,CS,0.0
22,barra_2,CS,0.0
23,barra_2,CS,0.0
24,barra_2,CS,0.0
1,barra_3,CS,0.0
2,barra_3,CS,0.0
3,barra_3,CS,0.0
4,barra_3,CS,0.0
5,barra_3,CS,0.0
6,barra_3,CS,0.0
7,barra_3,CS,0.0
8,barra_3,CS,0.0
9,barra_3,CS,0.0
10,barra_3,CS,0.0
11,barra_3,CS,0.0
12,barra_3,CS,0.0
13,barra_3,CS,0.0
14,barra_3,CS,0.0
15,barra_3,CS,0.0
16,barra_3,CS,0.0
17,barra_3,CS,0.0
18,barra_3,CS,0.0
19,barra_3,CS,0.0
20,barra_3,CS,0.0
21,barra_3,CS,0.0
22,barra_3,CS,0.0
23,barra_3,CS,0.0
24,barra_3,CS,0.0
1,barra_4,CS,0.0
2,barra_4,CS,0.0
3,barra_4,CS,0.0
4,barra_4,CS,0.0
5,barra_4,CS,0.0
6,barra_4,CS,0.0
7,barra_4,CS,0.0
8,barra_4,CS,0.0
9,barra_4,CS,0.0
10,barra_4,CS,0.0
11,barra_4,CS,0.0
12,barra_4,CS,0.0
13,barra_4,CS,0.0
14,barra_4,CS,0.0
15,barra_4,CS,0.0
16,barra_4,CS,0.0
17,barra_4,CS,0.0
18,barra_4,CS,0.0
19,barra_4,CS,0.0
20,barra_4,CS,0.0
21,barra_4,CS,0.0
22,barra_4,CS,0.0
23,barra_4,CS,0.0
24,barra_4,CS,0.0
1,barra_5,CS,0.0
2,barra_5,CS,0.0
3,barra_5,CS,0.0
4,barra_5,CS,0.0
5,barra_5,CS,0.0
6,barra_5,CS,0.0
7,barra_5,CS,0.0
8,barra_5,CS,0.0
9,barra_5,CS,0.0
10,barra_5,CS,0.0
11,barra_5,CS,0.0
12,barra_5,CS,0.0
13,barra_5,CS,0.0
14,barra_5,CS,0.0
15,barra_5,CS,0.0
16,barra_5,CS,0.0
17,barra_5,CS,0.0
18,barra_5,CS,0.0
19,barra_5,CS,0.0
20,barra_5,CS,0.0
21,barra_5,CS,0.0
22,barra_5,CS,0.0
23,barra_5,CS,0.0
24,barra_5,CS,0.0
1,barra_6,CS,0.0
2,barra_6,CS,0.0
3,barra_6,CS,0.0
4,barra_6,CS,0.0
5,barra_6,CS,0.0
6,barra_6,CS,-0.0
7,barra_6,CS,-0.0
8,barra_6,CS,-0.0
9,barra_6,CS,-0.0
10,barra_6,CS,-0.0
11,barra_6,CS,-0.0
12,barra_6,CS,-0.0
13,barra_6,CS,-0.0
14,barra_6,CS,-0.0
15,barra_6,CS,-0.0
16,barra_6,CS,-0.0
17,barra_6,CS,-0.0
18,barra_6,CS,-0.0
19,barra_6,CS,-0.0
20,barra_6,CS,0.0
21,barra_6,CS,0.0
22,barra_6,CS,0.0
23,barra_6,CS,0.0
24,barra_6,CS,0.0
1,barra_7,CS,0.0
2,barra_7,CS,0.0
3,barra_7,CS,0.0
4,barra_7,CS,0.0
5,barra_7,CS,0.0
6,barra_7,CS,0.0
7,barra_7,CS,0.0
8,barra_7,CS,0.0
9,barra_7,CS,0.0
10,barra_7,CS,0.0
11,barra_7,CS,0.0
12,barra_7,CS,0.0
13,barra_7,CS,0.0
14,barra_7,CS,0.0
15,barra_7,CS,0.0
16,barra_7,CS,0.0
17,barra_7,CS,0.0
18,barra_7,CS,0.0
19,barra_7,CS,0.0
20,barra_7,CS,0.0
21,barra_7,CS,0.0
22,barra_7,CS,0.0
23,barra_7,CS,0.0
24,barra_7,CS,0.0
1,barra_8,CS,0.0
2,barra_8,CS,0.0
3,barra_8,CS,0.0
4,barra_8,CS,0.0
5,barra_8,CS,0.0
6,barra_8,CS,0.0
7,barra_8,CS,0.0
8,barra_8,CS,0.0
9,barra_8,CS,0.0
10,barra_8,CS,0.0
11,barra_8,CS,0.0
12,barra_8,CS,0.0
13,barra_8,CS,0.0
14,barra_8,CS,0.0
15,barra_8,CS,0.0
16,barra_8,CS,0.0
17,barra_8,CS,0.0
18,barra_8,CS,0.0
19,barra_8,CS,0.0
20,barra_8,CS,0.0
21,barra_8,CS,0.0
22,barra_8,CS,0.0
23,barra_8,CS,0.0
24,barra_8,CS,0.0
1,barra_9,CS,0.0
2,barra_9,CS,0.0
3,barra_9,CS,0.0
4,barra_9,CS,0.0
5,barra_9,CS,0.0
6,barra_9,CS,0.0
7,barra_9,CS,0.0
8,barra_9,CS,0.0
9,barra_9,CS,0.0
10,barra_9,CS,0.0
11,barra_9,CS,0.0
12,barra_9,CS,0.0
13,barra_9,CS,0.0
14,barra_9,CS,0.0
15,barra_9,CS,0.0
16,barra_9,CS,0.0
17,barra_9,CS,0.0
18,barra_9,CS,0.0
19,barra_9,CS,0.0
20,barra_9,CS,0.0
21,barra_9,CS,0.0
22,barra_9,CS,0.0
23,barra_9,CS,0.0
24,barra_9,CS,0.0
1,barra_10,CS,0.0
2,barra_10,CS,0.0
3,barra_10,CS,0.0
4,barra_10,CS,0.0
5,barra_10,CS,0.0
6,barra_10,CS,0.0
7,barra_10,CS,0.0
8,barra_10,CS,0.0
9,barra_10,CS,0.0
10,barra_10,CS,0.0
11,barra_10,CS,0.0
12,barra_10,CS,0.0
13,barra_10,CS,0.0
14,barra_10,CS,0.0
15,barra_10,CS,0.0
16,barra_10,CS,0.0
17,barra_10,CS,0.0
18,barra_10,CS,0.0
19,barra_10,CS,0.0
20,barra_10,CS,0.0
21,barra_10,CS,0.0
22,barra_10,CS,0.0
23,barra_10,CS,0.0
24,barra_10,CS,0.0
1,barra_11,CS,0.0
2,barra_11,CS,0.0
3,barra_11,CS,0.0
4,barra_11,CS,0.0
5,barra_11,CS,0.0
6,barra_11,CS,0.0
7,barra_11,CS,0.0
8,barra_11,CS,0.0
9,barra_11,CS,0.0
10,barra_11,CS,0.0
11,barra_11,CS,0.0
12,barra_11,CS,0.0
13,barra_11,CS,0.0
14,barra_11,CS,0.0
15,barra_11,CS,0.0
16,barra_11,CS,0.0
17,barra_11,CS,0.0
18,barra_11,CS,0.0
19,barra_11,CS,0.0
20,barra_11,CS,0.0
21,barra_11,CS,0.0
22,barra_11,CS,0.0
23,barra_11,CS,0.0
24,barra_11,CS,0.0
1,barra_12,CS,0.0
2,barra_12,CS,0.0
3,barra_12,CS,0.0
4,barra_12,CS,0.0
5,barra_12,CS,0.0
6,barra_12,CS,0.0
7,barra_12,CS,0.0
8,barra_12,CS,0.0
9,barra_12,CS,0.0
10,barra_12,CS,0.0
11,barra_12,CS,0.0
12,barra_12,CS,0.0
13,barra_12,CS,0.0
14,barra_12,CS,0.0
15,barra_12,CS,0.0
16,barra_12,CS,0.0
17,barra_12,CS,0.0
18,barra_12,CS,0.0
19,barra_12,CS,0.0
20,barra_12,CS,0.0
21,barra_12,CS,0.0
22,barra_12,CS,0.0
23,barra_12,CS,0.0
24,barra_12,CS,0.0
1,barra_13,CS,0.0
2,barra_13,CS,0.0
3,barra_13,CS,0.0
4,barra_13,CS,0.0
5,barra_13,CS,0.0
6,barra_13,CS,0.0
7,barra_13,CS,0.0
8,barra_13,CS,0.0
9,barra_13,CS,0.0
10,barra_13,CS,0.0
11,barra_13,CS,0.0
12,barra_13,CS,0.0
13,barra_13,CS,0.0
14,barra_13,CS,0.0
15,barra_13,CS,0.0
16,barra_13,CS,0.0
17,barra_13,CS,0.0
18,barra_13,CS,0.0
19,barra_13,CS,0.0
20,barra_13,CS,0.0
21,barra_13,CS,0.0
22,barra_13,CS,0.0
23,barra_13,CS,0.0
24,barra_13,CS,0.0
1,barra_14,CS,0.0
2,barra_14,CS,0.0
3,barra_14,CS,0.0
4,barra_14,CS,0.0
5,barra_14,CS,0.0
6,barra_14,CS,-0.0
7,barra_14,CS,-0.0
8,barra_14,CS,-0.0
9,barra_14,CS,-0.0
10,barra_14,CS,-0.0
11,barra_14,CS,-0.0
12,barra_14,CS,-0.0
13,barra_14,CS,-0.0
14,barra_14,CS,-0.0
15,barra_14,CS,-0.0
16,barra_14,CS,-0.0
17,barra_14,CS,-0.0
18,barra_14,CS,-0.0
19,barra_14,CS,-0.0
20,barra_14,CS,0.0
21,barra_14,CS,0.0
22,barra_14,CS,0.0
23,barra_14,CS,0.0
24,barra_14,CS,0.0
1,barra_15,CS,0.0
2,barra_15,CS,0.0
3,barra_15,CS,0.0
4,barra_15,CS,0.0
5,barra_15,CS,0.0
6,barra_15,CS,0.0
7,barra_15,CS,0.0
8,barra_15,CS,0.0
9,barra_15,CS,0.0
10,barra_15,CS,0.0
11,barra_15,CS,0.0
12,barra_15,CS,0.0
13,barra_15,CS,0.0
14,barra_15,CS,0.0
15,barra_15,CS,0.0
16,barra_15,CS,0.0
17,barra_15,CS,0.0
18,barra_15,CS,0.0
19,barra_15,CS,0.0
20,barra_15,CS,0.0
21,barra_15,CS,0.0
22,barra_15,CS,0.0
23,barra_15,CS,0.0
24,barra_15,CS,0.0
1,barra_16,CS,0.0
2,barra_16,CS,0.0
3,barra_16,CS,0.0
4,barra_16,CS,0.0
5,barra_16,CS,0.0
6,barra_16,CS,0.0
7,barra_16,CS,0.0
8,barra_16,CS,0.0
9,barra_16,CS,0.0
10,barra_16,CS,0.0
11,barra_16,CS,0.0
12,barra_16,CS,0.0
13,barra_16,CS,0.0
14,barra_16,CS,0.0
15,barra_16,CS,0.0
16,barra_16,CS,0.0
17,barra_16,CS,0.0
18,barra_16,CS,0.0
19,barra_16,CS,0.0
20,barra_16,CS,0.0
21,barra_16,CS,0.0
22,barra_16,CS,0.0
23,barra_16,CS,0.0
24,barra_16,CS,0.0
1,barra_17,CS,0.0
2,barra_17,CS,0.0
3,barra_17,CS,0.0
4,barra_17,CS,0.0
5,barra_17,CS,0.0
6,barra_17,CS,0.0
7,barra_17,CS,0.0
8,barra_17,CS,0.0
9,barra_17,CS,0.0
10,barra_17,CS,0.0
11,barra_17,CS,0.0
12,barra_17,CS,0.0
13,barra_17,CS,0.0
14,barra_17,CS,0.0
15,barra_17,CS,0.0
16,barra_17,CS,0.0
17,barra_17,CS,0.0
18,barra_17,CS,0.0
19,barra_17,CS,0.0
20,barra_17,CS,0.0
21,barra_17,CS,0.0
22,barra_17,CS,0.0
23,barra_17,CS,0.0
24,barra_17,CS,0.0
1,barra_18,CS,0.0
2,barra_18,CS,0.0
3,barra_18,CS,0.0
4,barra_18,CS,0.0
5,barra_18,CS,0.0
6,barra_18,CS,0.0
7,barra_18,CS,0.0
8,barra_18,CS,0.0
9,barra_18,CS,0.0
10,barra_18,CS,0.0
11,barra_18,CS,0.0
12,barra_18,CS,0.0
13,barra_18,CS,0.0
14,barra_18,CS,0.0
15,barra_18,CS,0.0
16,barra_18,CS,0.0
17,barra_18,CS,0.0
18,barra_18,CS,0.0
19,barra_18,CS,0.0
20,barra_18,CS,0.0
21,barra_18,CS,0.0
22,barra_18,CS,0.0
23,barra_18,CS,0.0
24,barra_18,CS,0.0
1,barra_19,CS,0.0
2,barra_19,CS,0.0
3,barra_19,CS,0.0
4,barra_19,CS,0.0
5,barra_19,CS,0.0
6,barra_19,CS,0.0
7,barra_19,CS,0.0
8,barra_19,CS,0.0
9,barra_19,CS,0.0
10,barra_19,CS,0.0
11,barra_19,CS,0.0
12,barra_19,CS,0.0
13,barra_19,CS,0.0
14,barra_19,CS,0.0
15,barra_19,CS,0.0
16,barra_19,CS,0.0
17,barra_19,CS,0.0
18,barra_19,CS,0.0
19,barra_19,CS,0.0
20,barra_19,CS,0.0
21,barra_19,CS,0.0
22,barra_19,CS,0.0
23,barra_19,CS,0.0
24,barra_19,CS,0.0
1,barra_20,CS,0.0
2,barra_20,CS,0.0
3,barra_20,CS,0.0
4,barra_20,CS,0.0
5,barra_20,CS,0.0
6,barra_20,CS,0.0
7,barra_20,CS,0.0
8,barra_20,CS,0.0
9,barra_20,CS,0.0
10,barra_20,CS,0.0
11,barra_20,CS,0.0
12,barra_20,CS,0.0
13,barra_20,CS,0.0
14,barra_20,CS,0.0
15,barra_20,CS,0.0
16,barra_20,CS,0.0
17,barra_20,CS,0.0
18,barra_20,CS,0.0
19,barra_20,CS,0.0
20,barra_20,CS,0.0
21,barra_20,CS,0.0
22,barra_20,CS,0.0
23,barra_20,CS,0.0
24,barra_20,CS,0.0
1,barra_21,CS,0.0
2,barra_21,CS,0.0
3,barra_21,CS,0.0
4,barra_21,CS,0.0
5,barra_21,CS,0.0
6,barra_21,CS,0.0
7,barra_21,CS,0.0
8,barra_21,CS,0.0
9,barra_21,CS,0.0
10,barra_21,CS,0.0
11,barra_21,CS,0.0
12,barra_21,CS,0.0
13,barra_21,CS,0.0
14,barra_21,CS,0.0
15,barra_21,CS,0.0
16,barra_21,CS,0.0
17,barra_21,CS,0.0
18,barra_21,CS,0.0
19,barra_21,CS,0.0
20,barra_21,CS,0.0
21,barra_21,CS,0.0
22,barra_21,CS,0.0
23,barra_21,CS,0.0
24,barra_21,CS,0.0
1,barra_22,CS,0.0
2,barra_22,CS,0.0
3,barra_22,CS,0.0
4,barra_22,CS,0.0
5,barra_22,CS,0.0
6,barra_22,CS,0.0
7,barra_22,CS,0.0
8,barra_22,CS,0.0
9,barra_22,CS,0.0
10,barra_22,CS,0.0
11,barra_22,CS,0.0
12,barra_22,CS,0.0
13,barra_22,CS,0.0
14,barra_22,CS,0.0
15,barra_22,CS,0.0
16,barra_22,CS,0.0
17,barra_22,CS,0.0
18,barra_22,CS,0.0
19,barra_22,CS,0.0
20,barra_22,CS,0.0
21,barra_22,CS,0.0
22,barra_22,CS,0.0
23,barra_22,CS,0.0
24,barra_22,CS,0.0
1,barra_23,CS,0.0
2,barra_23,CS,0.0
3,barra_23,CS,0.0
4,barra_23,CS,0.0
5,barra_23,CS,0.0
6,barra_23,CS,0.0
7,barra_23,CS,0.0
8,barra_23,CS,0.0
9,barra_23,CS,0.0
10,barra_23,CS,0.0
11,barra_23,CS,0.0
12,barra_23,CS,0.0
13,barra_23,CS,0.0
14,barra_23,CS,0.0
15,barra_23,CS,0.0
16,barra_23,CS,0.0
17,barra_23,CS,0.0
18,barra_23,CS,0.0
19,barra_23,CS,0.0
20,barra_23,CS,0.0
21,barra_23,CS,0.0
22,barra_23,CS,0.0
23,barra_23,CS,0.0
24,barra_23,CS,0.0
1,barra_24,CS,0.0
2,barra_24,CS,0.0
3,barra_24,CS,0.0
4,barra_24,CS,0.0
5,barra_24,CS,0.0
6,barra_24,CS,0.0
7,barra_24,CS,0.0
8,barra_24,CS,0.0
9,barra_24,CS,0.0
10,barra_24,CS,0.0
11,barra_24,CS,0.0
12,barra_24,CS,0.0
13,barra_24,CS,0.0
14,barra_24,CS,0.0
15,barra_24,CS,0.0
16,barra_24,CS,0.0
17,barra_24,CS,0.0
18,barra_24,CS,0.0
19,barra_24,CS,0.0
20,barra_24,CS,0.0
21,barra_24,CS,0.0
22,barra_24,CS,0.0
23,barra_24,CS,0.0
24,barra_24,CS,0.0
1,barra_25,CS,0.0
2,barra_25,CS,0.0
3,barra_25,CS,0.0
4,barra_25,CS,0.0
5,barra_25,CS,0.0
6,barra_25,CS,-0.0
7,barra_25,CS,-0.0
8,barra_25,CS,-0.0
9,barra_25,CS,-0.0
10,barra_25,CS,-0.0
11,barra_25,CS,-0.0
12,barra_25,CS,-0.0
13,barra_25,CS,-0.0
14,barra_25,CS,-0.0
15,barra_25,CS,-0.0
16,barra_25,CS,-0.0
17,barra_25,CS,-0.0
18,barra_25,CS,-0.0
19,barra_25,CS,-0.0
20,barra_25,CS,0.0
21,barra_25,CS,0.0
22,barra_25,CS,0.0
23,barra_25,CS,0.0
24,barra_25,CS,0.0
1,barra_26,CS,0.0
2,barra_26,CS,0.0
3,barra_26,CS,0.0
4,barra_26,CS,0.0
5,barra_26,CS,0.0
6,barra_26,CS,0.0
7,barra_26,CS,0.0
8,barra_26,CS,0.0
9,barra_26,CS,0.0
10,barra_26,CS,0.0
11,barra_26,CS,0.0
12,barra_26,CS,0.0
13,barra_26,CS,0.0
14,barra_26,CS,0.0
15,barra_26,CS,0.0
16,barra_26,CS,0.0
17,barra_26,CS,0.0
18,barra_26,CS,0.0
19,barra_26,CS,0.0
20,barra_26,CS,0.0
21,barra_26,CS,0.0
22,barra_26,CS,0.0
23,barra_26,CS,0.0
24,barra_26,CS,0.0
1,barra_27,CS,0.0
2,barra_27,CS,0.0
3,barra_27,CS,0.0
4,barra_27,CS,0.0
5,barra_27,CS,0.0
6,barra_27,CS,0.0
7,barra_27,CS,0.0
8,barra_27,CS,0.0
9,barra_27,CS,0.0
10,barra_27,CS,0.0
11,barra_27,CS,0.0
12,barra_27,CS,0.0
13,barra_27,CS,0.0
14,barra_27,CS,0.0
15,barra_27,CS,0.0
16,barra_27,CS,0.0
17,barra_27,CS,0.0
18,barra_27,CS,0.0
19,barra_27,CS,0.0
20,barra_27,CS,0.0
21,barra_27,CS,0.0
22,barra_27,CS,0.0
23,barra_27,CS,0.0
24,barra_27,CS,0.0
1,barra_28,CS,0.0
2,barra_28,CS,0.0
3,barra_28,CS,0.0
4,barra_28,CS,0.0
5,barra_28,CS,0.0
6,barra_28,CS,0.0
7,barra_28,CS,0.0
8,barra_28,CS,0.0
9,barra_28,CS,0.0
10,barra_28,CS,0.0
11,barra_28,CS,0.0
12,barra_28,CS,0.0
13,barra_28,CS,0.0
14,barra_28,CS,0.0
15,barra_28,CS,0.0
16,barra_28,CS,0.0
17,barra_28,CS,0.0
18,barra_28,CS,0.0
19,barra_28,CS,0.0
20,barra_28,CS,0.0
21,barra_28,CS,0.0
22,barra_28,CS,0.0
23,barra_28,CS,0.0
24,barra_28,CS,0.0
1,barra_29,CS,0.0
2,barra_29,CS,0.0
3,barra_29,CS,0.0
4,barra_29,CS,0.0
5,barra_29,CS,0.0
6,barra_29,CS,0.0
7,barra_29,CS,0.0
8,barra_29,CS,0.0
9,barra_29,CS,0.0
10,barra_29,CS,0.0
11,barra_29,CS,0.0
12,barra_29,CS,0.0
13,barra_29,CS,0.0
14,barra_29,CS,0.0
15,barra_29,CS,0.0
16,barra_29,CS,0.0
17,barra_29,CS,0.0
18,barra_29,CS,0.0
19,barra_29,CS,0.0
20,barra_29,CS,0.0
21,barra_29,CS,0.0
22,barra_29,CS,0.0
23,barra_29,CS,0.0
24,barra_29,CS,0.0
1,barra_30,CS,0.0
2,barra_30,CS,0.0
3,barra_30,CS,0.0
4,barra_30,CS,0.0
5,barra_30,CS,0.0
6,barra_30,CS,0.0
7,barra_30,CS,0.0
8,barra_30,CS,0.0
9,barra_30,CS,0.0
10,barra_30,CS,0.0
11,barra_30,CS,0.0
12,barra_30,CS,0.0
13,barra_30,CS,0.0
14,barra_30,CS,0.0
15,barra_30,CS,0.0
16,barra_30,CS,0.0
17,barra_30,CS,0.0
18,barra_30,CS,0.0
19,barra_30,CS,0.0
20,barra_30,CS,0.0
21,barra_30,CS,0.0
22,barra_30,CS,0.0
23,barra_30,CS,0.0
24,barra_30,CS,0.0
1,barra_31,CS,0.0
2,barra_31,CS,0.0
3,barra_31,CS,0.0
4,barra_31,CS,0.0
5,barra_31,CS,0.0
6,barra_31,CS,0.0
7,barra_31,CS,0.0
8,barra_31,CS,0.0
9,barra_31,CS,0.0
10,barra_31,CS,0.0
11,barra_31,CS,0.0
12,barra_31,CS,0.0
13,barra_31,CS,0.0
14,barra_31,CS,0.0
15,barra_31,CS,0.0
16,barra_31,CS,0.0
17,barra_31,CS,0.0
18,barra_31,CS,0.0
19,barra_31,CS,0.0
20,barra_31,CS,0.0
21,barra_31,CS,0.0
22,barra_31,CS,0.0
23,barra_31,CS,0.0
24,barra_31,CS,0.0
1,barra_32,CS,0.0
2,barra_32,CS,0.0
3,barra_32,CS,0.0
4,barra_32,CS,0.0
5,barra_32,CS,0.0
6,barra_32,CS,0.0
7,barra_32,CS,0.0
8,barra_32,CS,0.0
9,barra_32,CS,0.0
10,barra_32,CS,0.0
11,barra_32,CS,0.0
12,barra_32,CS,0.0
13,barra_32,CS,0.0
14,barra_32,CS,0.0
15,barra_32,CS,0.0
16,barra_32,CS,0.0
17,barra_32,CS,0.0
18,barra_32,CS,0.0
19,barra_32,CS,0.0
20,barra_32,CS,0.0
21,barra_32,CS,0.0
22,barra_32,CS,0.0
23,barra_32,CS,0.0
24,barra_32,CS,0.0
1,barra_33,CS,0.0
2,barra_33,CS,0.0
3,barra_33,CS,0.0
4,barra_33,CS,0.0
5,barra_33,CS,0.0
6,barra_33,CS,0.0
7,barra_33,CS,0.0
8,barra_33,CS,0.0
9,barra_33,CS,0.0
10,barra_33,CS,0.0
11,barra_33,CS,0.0
12,barra_33,CS,0.0
13,barra_33,CS,0.0
14,barra_33,CS,0.0
15,barra_33,CS,0.0
16,barra_33,CS,0.0
17,barra_33,CS,0.0
18,barra_33,CS,0.0
19,barra_33,CS,0.0
20,barra_33,CS,0.0
21,barra_33,CS,0.0
22,barra_33,CS,0.0
23,barra_33,CS,0.0
24,barra_33,CS,0.0
1,barra_1,CW,0.0
2,barra_1,CW,0.0
3,barra_1,CW,0.0
4,barra_1,CW,0.0
5,barra_1,CW,0.0
6,barra_1,CW,0.0
7,barra_1,CW,0.0
8,barra_1,CW,0.0
9,barra_1,CW,0.0
10,barra_1,CW,0.0
11,barra_1,CW,0.0
12,barra_1,CW,0.0
13,barra_1,CW,0.0
14,barra_1,CW,0.0
15,barra_1,CW,0.0
16,barra_1,CW,0.0
17,barra_1,CW,0.0
18,barra_1,CW,0.0
19,barra_1,CW,0.0
20,barra_1,CW,0.0
21,barra_1,CW,0.0
22,barra_1,CW,0.0
23,barra_1,CW,0.0
24,barra_1,CW,0.0
1,barra_2,CW,0.0
2,barra_2,CW,0.0
3,barra_2,CW,0.0
4,barra_2,CW,0.0
5,barra_2,CW,0.0
6,barra_2,CW,0.0
7,barra_2,CW,0.0
8,barra_2,CW,0.0
9,barra_2,CW,0.0
10,barra_2,CW,0.0
11,barra_2,CW,0.0
12,barra_2,CW,0.0
13,barra_2,CW,0.0
14,barra_2,CW,0.0
15,barra_2,CW,0.0
16,barra_2,CW,0.0
17,barra_2,CW,0.0
18,barra_2,CW,0.0
19,barra_2,CW,0.0
20,barra_2,CW,0.0
21,barra_2,CW,0.0
22,barra_2,CW,0.0
23,barra_2,CW,0.0
24,barra_2,CW,0.0
1,barra_3,CW,0.0
2,barra_3,CW,0.0
3,barra_3,CW,0.0
4,barra_3,CW,0.0
5,barra_3,CW,0.0
6,barra_3,CW,0.0
7,barra_3,CW,0.0
8,barra_3,CW,0.0
9,barra_3,CW,0.0
10,barra_3,CW,0.0
11,barra_3,CW,0.0
12,barra_3,CW,0.0
13,barra_3,CW,0.0
14,barra_3,CW,0.0
15,barra_3,CW,0.0
16,barra_3,CW,0.0
17,barra_3,CW,0.0
18,barra_3,CW,0.0
19,barra_3,CW,0.0
20,barra_3,CW,0.0
21,barra_3,CW,0.0
22,barra_3,CW,0.0
23,barra_3,CW,0.0
24,barra_3,CW,0.0
1,barra_4,CW,0.0
2,barra_4,CW,0.0
3,barra_4,CW,0.0
4,barra_4,CW,0.0
5,barra_4,CW,0.0
6,barra_4,CW,0.0
7,barra_4,CW,0.0
8,barra_4,CW,0.0
9,barra_4,CW,0.0
10,barra_4,CW,0.0
11,barra_4,CW,0.0
12,barra_4,CW,0.0
13,barra_4,CW,0.0
14,barra_4,CW,0.0
15,barra_4,CW,0.0
16,barra_4,CW,0.0
17,barra_4,CW,0.0
18,barra_4,CW,0.0
19,barra_4,CW,0.0
20,barra_4,CW,0.0
21,barra_4,CW,0.0
22,barra_4,CW,0.0
23,barra_4,CW,0.0
24,barra_4,CW,0.0
1,barra_5,CW,0.0
2,barra_5,CW,0.0
3,barra_5,CW,0.0
4,barra_5,CW,0.0
5,barra_5,CW,0.0
6,barra_5,CW,0.0
7,barra_5,CW,0.0
8,barra_5,CW,0.0
9,barra_5,CW,0.0
10,barra_5,CW,0.0
11,barra_5,CW,0.0
12,barra_5,CW,0.0
13,barra_5,CW,0.0
14,barra_5,CW,0.0
15,barra_5,CW,0.0
16,barra_5,CW,0.0
17,barra_5,CW,0.0
18,barra_5,CW,0.0
19,barra_5,CW,0.0
20,barra_5,CW,0.0
21,barra_5,CW,0.0
22,barra_5,CW,0.0
23,barra_5,CW,0.0
24,barra_5,CW,0.0
1,barra_6,CW,0.0
2,barra_6,CW,0.0
3,barra_6,CW,0.0
4,barra_6,CW,0.0
5,barra_6,CW,0.0
6,barra_6,CW,0.0
7,barra_6,CW,0.0
8,barra_6,CW,0.0
9,barra_6,CW,0.0
10,barra_6,CW,0.0
11,barra_6,CW,0.0
12,barra_6,CW,0.0
13,barra_6,CW,0.0
14,barra_6,CW,0.0
15,barra_6,CW,0.0
16,barra_6,CW,0.0
17,barra_6,CW,0.0
18,barra_6,CW,0.0
19,barra_6,CW,0.0
20,barra_6,CW,0.0
21,barra_6,CW,0.0
22,barra_6,CW,0.0
23,barra_6,CW,0.0
24,barra_6,CW,0.0
1,barra_7,CW,0.0
2,barra_7,CW,0.0
3,barra_7,CW,0.0
4,barra_7,CW,0.0
5,barra_7,CW,0.0
6,barra_7,CW,0.0
7,barra_7,CW,0.0
8,barra_7,CW,0.0
9,barra_7,CW,0.0
10,barra_7,CW,0.0
11,barra_7,CW,0.0
12,barra_7,CW,0.0
13,barra_7,CW,0.0
14,barra_7,CW,0.0
15,barra_7,CW,0.0
16,barra_7,CW,0.0
17,barra_7,CW,0.0
18,barra_7,CW,0.0
19,barra_7,CW,0.0
20,barra_7,CW,0.0
21,barra_7,CW,0.0
22,barra_7,CW,0.0
23,barra_7,CW,0.0
24,barra_7,CW,0.0
1,barra_8,CW,0.0
2,barra_8,CW,0.0
3,barra_8,CW,0.0
4,barra_8,CW,0.0
5,barra_8,CW,0.0
6,barra_8,CW,0.0
7,barra_8,CW,0.0
8,barra_8,CW,0.0
9,barra_8,CW,0.0
10,barra_8,CW,0.0
11,barra_8,CW,0.0
12,barra_8,CW,0.0
13,barra_8,CW,0.0
14,barra_8,CW,0.0
15,barra_8,CW,0.0
16,barra_8,CW,0.0
17,barra_8,CW,0.0
18,barra_8,CW,0.0
19,barra_8,CW,0.0
20,barra_8,CW,0.0
21,barra_8,CW,0.0
22,barra_8,CW,0.0
23,barra_8,CW,0.0
24,barra_8,CW,0.0
1,barra_9,CW,0.0
2,barra_9,CW,0.0
3,barra_9,CW,0.0
4,barra_9,CW,0.0
5,barra_9,CW,0.0
6,barra_9,CW,0.0
7,barra_9,CW,0.0
8,barra_9,CW,0.0
9,barra_9,CW,0.0
10,barra_9,CW,0.0
11,barra_9,CW,0.0
12,barra_9,CW,0.0
13,barra_9,CW,0.0
14,barra_9,CW,0.0
15,barra_9,CW,0.0
16,barra_9,CW,0.0
17,barra_9,CW,0.0
18,barra_9,CW,0.0
19,barra_9,CW,0.0
20,barra_9,CW,0.0
21,barra_9,CW,0.0
22,barra_9,CW,0.0
23,barra_9,CW,0.0
24,barra_9,CW,0.0
1,barra_10,CW,0.0
2,barra_10,CW,0.0
3,barra_10,CW,0.0
4,barra_10,CW,0.0
5,barra_10,CW,0.0
6,barra_10,CW,0.0
7,barra_10,CW,0.0
8,barra_10,CW,0.0
9,barra_10,CW,0.0
10,barra_10,CW,0.0
11,barra_10,CW,0.0
12,barra_10,CW,0.0
13,barra_10,CW,0.0
14,barra_10,CW,0.0
15,barra_10,CW,0.0
16,barra_10,CW,0.0
17,barra_10,CW,0.0
18,barra_10,CW,0.0
19,barra_10,CW,0.0
20,barra_10,CW,0.0
21,barra_10,CW,0.0
22,barra_10,CW,0.0
23,barra_10,CW,0.0
24,barra_10,CW,0.0
1,barra_11,CW,0.0
2,barra_11,CW,0.0
3,barra_11,CW,0.0
4,barra_11,CW,0.0
5,barra_11,CW,0.0
6,barra_11,CW,0.0
7,barra_11,CW,0.0
8,barra_11,CW,0.0
9,barra_11,CW,0.0
10,barra_11,CW,0.0
11,barra_11,CW,0.0
12,barra_11,CW,0.0
13,barra_11,CW,0.0
14,barra_11,CW,0.0
15,barra_11,CW,0.0
16,barra_11,CW,0.0
17,barra_11,CW,0.0
18,barra_11,CW,0.0
19,barra_11,CW,0.0
20,barra_11,CW,0.0
21,barra_11,CW,0.0
22,barra_11,CW,0.0
23,barra_11,CW,0.0
24,barra_11,CW,0.0
1,barra_12,CW,0.0
2,barra_12,CW,0.0
3,barra_12,CW,0.0
4,barra_12,CW,0.0
5,barra_12,CW,0.0
6,barra_12,CW,0.0
7,barra_12,CW,0.0
8,barra_12,CW,0.0
9,barra_12,CW,0.0
10,barra_12,CW,0.0
11,barra_12,CW,0.0
12,barra_12,CW,0.0
13,barra_12,CW,0.0
14,barra_12,CW,0.0
15,barra_12,CW,0.0
16,barra_12,CW,0.0
17,barra_12,CW,0.0
18,barra_12,CW,0.0
19,barra_12,CW,0.0
20,barra_12,CW,0.0
21,barra_12,CW,0.0
22,barra_12,CW,0.0
23,barra_12,CW,0.0
24,barra_12,CW,0.0
1,barra_13,CW,0.0
2,barra_13,CW,0.0
3,barra_13,CW,0.0
4,barra_13,CW,0.0
5,barra_13,CW,0.0
6,barra_13,CW,0.0
7,barra_13,CW,0.0
8,barra_13,CW,0.0
9,barra_13,CW,0.0
10,barra_13,CW,0.0
11,barra_13,CW,0.0
12,barra_13,CW,0.0
13,barra_13,CW,0.0
14,barra_13,CW,0.0
15,barra_13,CW,0.0
16,barra_13,CW,0.0
17,barra_13,CW,0.0
18,barra_13,CW,0.0
19,barra_13,CW,0.0
20,barra_13,CW,0.0
21,barra_13,CW,0.0
22,barra_13,CW,0.0
23,barra_13,CW,0.0
24,barra_13,CW,0.0
1,barra_14,CW,0.0
2,barra_14,CW,0.0
3,barra_14,CW,0.0
4,barra_14,CW,0.0
5,barra_14,CW,0.0
6,barra_14,CW,0.0
7,barra_14,CW,0.0
8,barra_14,CW,0.0
9,barra_14,CW,0.0
10,barra_14,CW,0.0
11,barra_14,CW,0.0
12,barra_14,CW,0.0
13,barra_14,CW,0.0
14,barra_14,CW,0.0
15,barra_14,CW,0.0
16,barra_14,CW,0.0
17,barra_14,CW,0.0
18,barra_14,CW,0.0
19,barra_14,CW,0.0
20,barra_14,CW,0.0
21,barra_14,CW,0.0
22,barra_14,CW,0.0
23,barra_14,CW,0.0
24,barra_14,CW,0.0
1,barra_15,CW,0.0
2,barra_15,CW,0.0
3,barra_15,CW,0.0
4,barra_15,CW,0.0
5,barra_15,CW,0.0
6,barra_15,CW,0.0
7,barra_15,CW,0.0
8,barra_15,CW,0.0
9,barra_15,CW,0.0
10,barra_15,CW,0.0
11,barra_15,CW,0.0
12,barra_15,CW,0.0
13,barra_15,CW,0.0
14,barra_15,CW,0.0
15,barra_15,CW,0.0
16,barra_15,CW,0.0
17,barra_15,CW,0.0
18,barra_15,CW,0.0
19,barra_15,CW,0.0
20,barra_15,CW,0.0
21,barra_15,CW,0.0
22,barra_15,CW,0.0
23,barra_15,CW,0.0
24,barra_15,CW,0.0
1,barra_16,CW,0.0
2,barra_16,CW,0.0
3,barra_16,CW,0.0
4,barra_16,CW,0.0
5,barra_16,CW,0.0
6,barra_16,CW,0.0
7,barra_16,CW,0.0
8,barra_16,CW,0.0
9,barra_16,CW,0.0
10,barra_16,CW,0.0
11,barra_16,CW,0.0
12,barra_16,CW,0.0
13,barra_16,CW,0.0
14,barra_16,CW,0.0
15,barra_16,CW,0.0
16,barra_16,CW,0.0
17,barra_16,CW,0.0
18,barra_16,CW,0.0
19,barra_16,CW,0.0
20,barra_16,CW,0.0
21,barra_16,CW,0.0
22,barra_16,CW,0.0
23,barra_16,CW,0.0
24,barra_16,CW,0.0
1,barra_17,CW,0.0
2,barra_17,CW,0.0
3,barra_17,CW,0.0
4,barra_17,CW,0.0
5,barra_17,CW,0.0
6,barra_17,CW,0.0
7,barra_17,CW,0.0
8,barra_17,CW,0.0
9,barra_17,CW,0.0
10,barra_17,CW,0.0
11,barra_17,CW,0.0
12,barra_17,CW,0.0
13,barra_17,CW,0.0
14,barra_17,CW,0.0
15,barra_17,CW,0.0
16,barra_17,CW,0.0
17,barra_17,CW,0.0
18,barra_17,CW,0.0
19,barra_17,CW,0.0
20,barra_17,CW,0.0
21,barra_17,CW,0.0
22,barra_17,CW,0.0
23,barra_17,CW,0.0
24,barra_17,CW,0.0
1,barra_18,CW,-0.0
2,barra_18,CW,-0.0
3,barra_18,CW,-0.0
4,barra_18,CW,-0.0
5,barra_18,CW,-0.0
6,barra_18,CW,-0.0
7,barra_18,CW,-0.0
8,barra_18,CW,-0.0
9,barra_18,CW,-0.0
10,barra_18,CW,-0.0
11,barra_18,CW,-0.0
12,barra_18,CW,-0.0
13,barra_18,CW,-0.0
14,barra_18,CW,-0.0
15,barra_18,CW,-0.0
16,barra_18,CW,-0.0
17,barra_18,CW,-0.0
18,barra_18,CW,-0.0
19,barra_18,CW,-0.0
20,barra_18,CW,-0.0
21,barra_18,CW,0.028235162
22,barra_18,CW,0.040177413
23,barra_18,CW,-0.0
24,barra_18,CW,-0.0
1,barra_19,CW,0.0
2,barra_19,CW,0.0
3,barra_19,CW,0.0
4,barra_19,CW,0.0
5,barra_19,CW,0.0
6,barra_19,CW,0.0
7,barra_19,CW,0.0
8,barra_19,CW,0.0
9,barra_19,CW,0.0
10,barra_19,CW,0.0
11,barra_19,CW,0.0
12,barra_19,CW,0.0
13,barra_19,CW,0.0
14,barra_19,CW,0.0
15,barra_19,CW,0.0
16,barra_19,CW,0.0
17,barra_19,CW,0.0
18,barra_19,CW,0.0
19,barra_19,CW,0.0
20,barra_19,CW,0.0
21,barra_19,CW,0.0
22,barra_19,CW,0.0
23,barra_19,CW,0.0
24,barra_19,CW,0.0
1,barra_20,CW,0.0
2,barra_20,CW,0.0
3,barra_20,CW,0.0
4,barra_20,CW,0.0
5,barra_20,CW,0.0
6,barra_20,CW,0.0
7,barra_20,CW,0.0
8,barra_20,CW,0.0
9,barra_20,CW,0.0
10,barra_20,CW,0.0
11,barra_20,CW,0.0
12,barra_20,CW,0.0
13,barra_20,CW,0.0
14,barra_20,CW,0.0
15,barra_20,CW,0.0
16,barra_20,CW,0.0
17,barra_20,CW,0.0
18,barra_20,CW,0.0
19,barra_20,CW,0.0
20,barra_20,CW,0.0
21,barra_20,CW,0.0
22,barra_20,CW,0.0
23,barra_20,CW,0.0
24,barra_20,CW,0.0
1,barra_21,CW,0.0
2,barra_21,CW,0.0
3,barra_21,CW,0.0
4,barra_21,CW,0.0
5,barra_21,CW,0.0
6,barra_21,CW,0.0
7,barra_21,CW,0.0
8,barra_21,CW,0.0
9,barra_21,CW,0.0
10,barra_21,CW,0.0
11,barra_21,CW,0.0
12,barra_21,CW,0.0
13,barra_21,CW,0.0
14,barra_21,CW,0.0
15,barra_21,CW,0.0
16,barra_21,CW,0.0
17,barra_21,CW,0.0
18,barra_21,CW,0.0
19,barra_21,CW,0.0
20,barra_21,CW,0.0
21,barra_21,CW,0.0
22,barra_21,CW,0.0
23,barra_21,CW,0.0
24,barra_21,CW,0.0
1,barra_22,CW,0.0
2,barra_22,CW,0.0
3,barra_22,CW,0.0
4,barra_22,CW,0.0
5,barra_22,CW,0.0
6,barra_22,CW,0.0
7,barra_22,CW,0.0
8,barra_22,CW,0.0
9,barra_22,CW,0.0
10,barra_22,CW,0.0
11,barra_22,CW,0.0
12,barra_22,CW,0.0
13,barra_22,CW,0.0
14,barra_22,CW,0.0
15,barra_22,CW,0.0
16,barra_22,CW,0.0
17,barra_22,CW,0.0
18,barra_22,CW,0.0
19,barra_22,CW,0.0
20,barra_22,CW,0.0
21,barra_22,CW,0.0
22,barra_22,CW,0.0
23,barra_22,CW,0.0
24,barra_22,CW,0.0
1,barra_23,CW,0.0
2,barra_23,CW,0.0
3,barra_23,CW,0.0
4,barra_23,CW,0.0
5,barra_23,CW,0.0
6,barra_23,CW,0.0
7,barra_23,CW,0.0
8,barra_23,CW,0.0
9,barra_23,CW,0.0
10,barra_23,CW,0.0
11,barra_23,CW,0.0
12,barra_23,CW,0.0
13,barra_23,CW,0.0
14,barra_23,CW,0.0
15,barra_23,CW,0.0
16,barra_23,CW,0.0
17,barra_23,CW,0.0
18,barra_23,CW,0.0
19,barra_23,CW,0.0
20,barra_23,CW,0.0
21,barra_23,CW,0.0
22,barra_23,CW,0.0
23,barra_23,CW,0.0
24,barra_23,CW,0.0
1,barra_24,CW,0.0
2,barra_24,CW,0.0
3,barra_24,CW,0.0
4,barra_24,CW,0.0
5,barra_24,CW,0.0
6,barra_24,CW,0.0
7,barra_24,CW,0.0
8,barra_24,CW,0.0
9,barra_24,CW,0.0
10,barra_24,CW,0.0
11,barra_24,CW,0.0
12,barra_24,CW,0.0
13,barra_24,CW,0.0
14,barra_24,CW,0.0
15,barra_24,CW,0.0
16,barra_24,CW,0.0
17,barra_24,CW,0.0
18,barra_24,CW,0.0
19,barra_24,CW,0.0
20,barra_24,CW,0.0
21,barra_24,CW,0.0
22,barra_24,CW,0.0
23,barra_24,CW,0.0
24,barra_24,CW,0.0
1,barra_25,CW,0.0
2,barra_25,CW,0.0
3,barra_25,CW,0.0
4,barra_25,CW,0.0
5,barra_25,CW,0.0
6,barra_25,CW,0.0
7,barra_25,CW,0.0
8,barra_25,CW,0.0
9,barra_25,CW,0.0
10,barra_25,CW,0.0
11,barra_25,CW,0.0
12,barra_25,CW,0.0
13,barra_25,CW,0.0
14,barra_25,CW,0.0
15,barra_25,CW,0.0
16,barra_25,CW,0.0
17,barra_25,CW,0.0
18,barra_25,CW,0.0
19,barra_25,CW,0.0
20,barra_25,CW,0.0
21,barra_25,CW,0.0
22,barra_25,CW,0.0
23,barra_25,CW,0.0
24,barra_25,CW,0.0
1,barra_26,CW,0.0
2,barra_26,CW,0.0
3,barra_26,CW,0.0
4,barra_26,CW,0.0
5,barra_26,CW,0.0
6,barra_26,CW,0.0
7,barra_26,CW,0.0
8,barra_26,CW,0.0
9,barra_26,CW,0.0
10,barra_26,CW,0.0
11,barra_26,CW,0.0
12,barra_26,CW,0.0
13,barra_26,CW,0.0
14,barra_26,CW,0.0
15,barra_26,CW,0.0
16,barra_26,CW,0.0
17,barra_26,CW,0.0
18,barra_26,CW,0.0
19,barra_26,CW,0.0
20,barra_26,CW,0.0
21,barra_26,CW,0.0
22,barra_26,CW,0.0
23,barra_26,CW,0.0
24,barra_26,CW,0.0
1,barra_27,CW,0.0
2,barra_27,CW,0.0
3,barra_27,CW,0.0
4,barra_27,CW,0.0
5,barra_27,CW,0.0
6,barra_27,CW,0.0
7,barra_27,CW,0.0
8,barra_27,CW,0.0
9,barra_27,CW,0.0
10,barra_27,CW,0.0
11,barra_27,CW,0.0
12,barra_27,CW,0.0
13,barra_27,CW,0.0
14,barra_27,CW,0.0
15,barra_27,CW,0.0
16,barra_27,CW,0.0
17,barra_27,CW,0.0
18,barra_27,CW,0.0
19,barra_27,CW,0.0
20,barra_27,CW,0.0
21,barra_27,CW,0.0
22,barra_27,CW,0.0
23,barra_27,CW,0.0
24,barra_27,CW,0.0
1,barra_28,CW,0.0
2,barra_28,CW,0.0
3,barra_28,CW,0.0
4,barra_28,CW,0.0
5,barra_28,CW,0.0
6,barra_28,CW,0.0
7,barra_28,CW,0.0
8,barra_28,CW,0.0
9,barra_28,CW,0.0
10,barra_28,CW,0.0
11,barra_28,CW,0.0
12,barra_28,CW,0.0
13,barra_28,CW,0.0
14,barra_28,CW,0.0
15,barra_28,CW,0.0
16,barra_28,CW,0.0
17,barra_28,CW,0.0
18,barra_28,CW,0.0
19,barra_28,CW,0.0
20,barra_28,CW,0.0
21,barra_28,CW,0.0
22,barra_28,CW,0.0
23,barra_28,CW,0.0
24,barra_28,CW,0.0
1,barra_29,CW,0.0
2,barra_29,CW,0.0
3,barra_29,CW,0.0
4,barra_29,CW,0.0
5,barra_29,CW,0.0
6,barra_29,CW,0.0
7,barra_29,CW,0.0
8,barra_29,CW,0.0
9,barra_29,CW,0.0
10,barra_29,CW,0.0
11,barra_29,CW,0.0
12,barra_29,CW,0.0
13,barra_29,CW,0.0
14,barra_29,CW,0.0
15,barra_29,CW,0.0
16,barra_29,CW,0.0
17,barra_29,CW,0.0
18,barra_29,CW,0.0
19,barra_29,CW,0.0
20,barra_29,CW,0.0
21,barra_29,CW,0.0
22,barra_29,CW,0.0
23,barra_29,CW,0.0
24,barra_29,CW,0.0
1,barra_30,CW,-0.0
2,barra_30,CW,-0.0
3,barra_30,CW,-0.0
4,barra_30,CW,-0.0
5,barra_30,CW,-0.0
6,barra_30,CW,-0.0
7,barra_30,CW,-0.0
8,barra_30,CW,-0.0
9,barra_30,CW,-0.0
10,barra_30,CW,-0.0
11,barra_30,CW,-0.0
12,barra_30,CW,-0.0
13,barra_30,CW,-0.0
14,barra_30,CW,-0.0
15,barra_30,CW,-0.0
16,barra_30,CW,-0.0
17,barra_30,CW,-0.0
18,barra_30,CW,-0.0
19,barra_30,CW,-0.0
20,barra_30,CW,-0.0
21,barra_30,CW,-0.0
22,barra_30,CW,-0.0
23,barra_30,CW,-0.0
24,barra_30,CW,-0.0
1,barra_31,CW,0.0
2,barra_31,CW,0.0
3,barra_31,CW,0.0
4,barra_31,CW,0.0
5,barra_31,CW,0.0
6,barra_31,CW,0.0
7,barra_31,CW,0.0
8,barra_31,CW,0.0
9,barra_31,CW,0.0
10,barra_31,CW,0.0
11,barra_31,CW,0.0
12,barra_31,CW,0.0
13,barra_31,CW,0.0
14,barra_31,CW,0.0
15,barra_31,CW,0.0
16,barra_31,CW,0.0
17,barra_31,CW,0.0
18,barra_31,CW,0.0
19,barra_31,CW,0.0
20,barra_31,CW,0.0
21,barra_31,CW,0.0
22,barra_31,CW,0.0
23,barra_31,CW,0.0
24,barra_31,CW,0.0
1,barra_32,CW,0.0
2,barra_32,CW,0.0
3,barra_32,CW,0.0
4,barra_32,CW,0.0
5,barra_32,CW,0.0
6,barra_32,CW,0.0
7,barra_32,CW,0.0
8,barra_32,CW,0.0
9,barra_32,CW,0.0
10,barra_32,CW,0.0
11,barra_32,CW,0.0
12,barra_32,CW,0.0
13,barra_32,CW,0.0
14,barra_32,CW,0.0
15,barra_32,CW,0.0
16,barra_32,CW,0.0
17,barra_32,CW,0.0
18,barra_32,CW,0.0
19,barra_32,CW,0.0
20,barra_32,CW,0.0
21,barra_32,CW,0.0
22,barra_32,CW,0.0
23,barra_32,CW,0.0
24,barra_32,CW,0.0
1,barra_33,CW,0.0
2,barra_33,CW,0.0
3,barra_33,CW,0.0
4,barra_33,CW,0.0
5,barra_33,CW,0.0
6,barra_33,CW,0.0
7,barra_33,CW,0.0
8,barra_33,CW,0.0
9,barra_33,CW,0.0
10,barra_33,CW,0.0
11,barra_33,CW,0.0
12,barra_33,CW,0.0
13,barra_33,CW,0.0
14,barra_33,CW,0.0
15,barra_33,CW,0.0
16,barra_33,CW,0.0
17,barra_33,CW,0.0
18,barra_33,CW,0.0
19,barra_33,CW,0.0
20,barra_33,CW,0.0
21,barra_33,CW,0.0
22,barra_33,CW,0.0
23,barra_33,CW,0.0
24,barra_33,CW,0.0
1,bateria_25,P_ch,0.0
2,bateria_25,P_ch,0.0
3,bateria_25,P_ch,0.0
4,bateria_25,P_ch,0.0
5,bateria_25,P_ch,0.0
6,bateria_25,P_ch,0.0
7,bateria_25,P_ch,0.0
8,bateria_25,P_ch,0.0
9,bateria_25,P_ch,0.0
10,bateria_25,P_ch,0.0
11,bateria_25,P_ch,0.0
12,bateria_25,P_ch,0.04996024
13,bateria_25,P_ch,0.089746494
14,bateria_25,P_ch,0.098196785
15,bateria_25,P_ch,0.025254376
16,bateria_25,P_ch,0.0
17,bateria_25,P_ch,0.0
18,bateria_25,P_ch,0.0
19,bateria_25,P_ch,0.0
20,bateria_25,P_ch,0.0
21,bateria_25,P_ch,0.0
22,bateria_25,P_ch,0.0
23,bateria_25,P_ch,0.0
24,bateria_25,P_ch,0.0
1,bateria_6,P_ch,0.0
2,bateria_6,P_ch,0.0
3,bateria_6,P_ch,0.0
4,bateria_6,P_ch,0.0
5,bateria_6,P_ch,0.0
6,bateria_6,P_ch,0.0
7,bateria_6,P_ch,0.0
8,bateria_6,P_ch,0.0
9,bateria_6,P_ch,0.0
10,bateria_6,P_ch,0.0
11,bateria_6,P_ch,0.0
12,bateria_6,P_ch,0.0
13,bateria_6,P_ch,0.0
14,bateria_6,P_ch,0.0
15,bateria_6,P_ch,0.0
16,bateria_6,P_ch,0.0
17,bateria_6,P_ch,0.0
18,bateria_6,P_ch,0.0
19,bateria_6,P_ch,0.0
20,bateria_6,P_ch,0.0
21,bateria_6,P_ch,0.0
22,bateria_6,P_ch,0.0
23,bateria_6,P_ch,0.0
24,bateria_6,P_ch,0.0
1,bateria_25,P_dis,0.0
2,bateria_25,P_dis,0.0
3,bateria_25,P_dis,0.0
4,bateria_25,P_dis,0.0
5,bateria_25,P_dis,0.0
6,bateria_25,P_dis,0.0
7,bateria_25,P_dis,0.0
8,bateria_25,P_dis,0.0
9,bateria_25,P_dis,0.0
10,bateria_25,P_dis,0.0
11,bateria_25,P_dis,0.0
12,bateria_25,P_dis,0.0
13,bateria_25,P_dis,0.0
14,bateria_25,P_dis,0.0
15,bateria_25,P_dis,0.0
16,bateria_25,P_dis,0.0
17,bateria_25,P_dis,0.0
18,bateria_25,P_dis,0.0
19,bateria_25,P_dis,0.0
20,bateria_25,P_dis,0.0
21,bateria_25,P_dis,0.0
22,bateria_25,P_dis,0.0
23,bateria_25,P_dis,0.0
24,bateria_25,P_dis,0.0
1,bateria_6,P_dis,0.0
2,bateria_6,P_dis,0.0
3,bateria_6,P_dis,0.0
4,bateria_6,P_dis,0.0
5,bateria_6,P_dis,0.0
6,bateria_6,P_dis,0.0
7,bateria_6,P_dis,0.0
8,bateria_6,P_dis,0.0
9,bateria_6,P_dis,0.0
10,bateria_6,P_dis,0.0
11,bateria_6,P_dis,0.0
12,bateria_6,P_dis,0.0
13,bateria_6,P_dis,0.0
14,bateria_6,P_dis,0.0
15,bateria_6,P_dis,0.0
16,bateria_6,P_dis,0.0
17,bateria_6,P_dis,0.0
18,bateria_6,P_dis,0.0
19,bateria_6,P_dis,0.0
20,bateria_6,P_dis,0.0
21,bateria_6,P_dis,0.0
22,bateria_6,P_dis,0.0
23,bateria_6,P_dis,0.0
24,bateria_6,P_dis,0.0
1,bateria_25,E,0.25
2,bateria_25,E,0.25
3,bateria_25,E,0.25
4,bateria_25,E,0.25
5,bateria_25,E,0.25
6,bateria_25,E,0.25
7,bateria_25,E,0.25
8,bateria_25,E,0.25
9,bateria_25,E,0.25
10,bateria_25,E,0.25
11,bateria_25,E,0.25
12,bateria_25,E,0.25
13,bateria_25,E,0.29746223
14,bateria_25,E,0.3827214
15,bateria_25,E,0.47600834
16,bateria_25,E,0.5
17,bateria_25,E,0.5
18,bateria_25,E,0.5
19,bateria_25,E,0.5
20,bateria_25,E,0.5
21,bateria_25,E,0.5
22,bateria_25,E,0.5
23,bateria_25,E,0.5
24,bateria_25,E,0.5
1,bateria_6,E,0.25
2,bateria_6,E,0.25
3,bateria_6,E,0.25
4,bateria_6,E,0.25
5,bateria_6,E,0.25
6,bateria_6,E,0.25
7,bateria_6,E,0.25
8,bateria_6,E,0.25
9,bateria_6,E,0.25
10,bateria_6,E,0.25
11,bateria_6,E,0.25
12,bateria_6,E,0.25
13,bateria_6,E,0.25
14,bateria_6,E,0.25
15,bateria_6,E,0.25
16,bateria_6,E,0.25
17,bateria_6,E,0.25
18,bateria_6,E,0.25
19,bateria_6,E,0.25
20,bateria_6,E,0.25
21,bateria_6,E,0.25
22,bateria_6,E,0.25
23,bateria_6,E,0.25
24,bateria_6,E,0.25
1,linha_1-2,F,-0.051103823
2,linha_1-2,F,-0.052256198
3,linha_1-2,F,-0.053091496
4,linha_1-2,F,-0.053475952
5,linha_1-2,F,-0.052956739
6,linha_1-2,F,-0.049923703
7,linha_1-2,F,-0.046146529
8,linha_1-2,F,-0.045277541
9,linha_1-2,F,-0.043703058
10,linha_1-2,F,-0.04269634
11,linha_1-2,F,-0.042520957
12,linha_1-2,F,-0.042459523
13,linha_1-2,F,-0.041665841
14,linha_1-2,F,-0.040099285
15,linha_1-2,F,-0.040093339
16,linha_1-2,F,-0.041814471
17,linha_1-2,F,-0.044529439
18,linha_1-2,F,-0.047459424
19,linha_1-2,F,-0.053045917
20,linha_1-2,F,-0.05456293
21,linha_1-2,F,-0.055102951
22,linha_1-2,F,-0.0570282
23,linha_1-2,F,-0.058429282
24,linha_1-2,F,-0.058296506
1,linha_2-3,F,-0.32106583
2,linha_2-3,F,-0.32767354
3,linha_2-3,F,-0.33246335
4,linha_2-3,F,-0.33466676
5,linha_2-3,F,-0.33168996
6,linha_2-3,F,-0.31429985
7,linha_2-3,F,-0.29264494
8,linha_2-3,F,-0.28766198
9,linha_2-3,F,-0.27863499
10,linha_2-3,F,-0.27286474
11,linha_2-3,F,-0.27185922
12,linha_2-3,F,-0.27150621
13,linha_2-3,F,-0.26695658
14,linha_2-3,F,-0.25794409
15,linha_2-3,F,-0.25790755
16,linha_2-3,F,-0.26780793
17,linha_2-3,F,-0.28337288
18,linha_2-3,F,-0.30017217
19,linha_2-3,F,-0.33220045
20,linha_2-3,F,-0.34089953
21,linha_2-3,F,-0.34399484
22,linha_2-3,F,-0.35503289
23,linha_2-3,F,-0.36306651
24,linha_2-3,F,-0.36230447
1,linha_3-4,F,-0.2
2,linha_3-4,F,-0.2
3,linha_3-4,F,-0.2
4,linha_3-4,F,-0.2
5,linha_3-4,F,-0.2
6,linha_3-4,F,-0.2
7,linha_3-4,F,-0.2
8,linha_3-4,F,-0.2
9,linha_3-4,F,-0.2
10,linha_3-4,F,-0.2
11,linha_3-4,F,-0.10857724
12,linha_3-4,F,-0.098653231
13,linha_3-4,F,-0.093294905
14,linha_3-4,F,-0.12431129
15,linha_3-4,F,-0.082649858
16,linha_3-4,F,-0.2
17,linha_3-4,F,-0.2
18,linha_3-4,F,-0.2
19,linha_3-4,F,-0.2
20,linha_3-4,F,-0.2
21,linha_3-4,F,-0.2
22,linha_3-4,F,-0.2
23,linha_3-4,F,-0.20605477
24,linha_3-4,F,-0.20521679
1,linha_4-5,F,-0.23287446
2,linha_4-5,F,-0.23391814
3,linha_4-5,F,-0.23467465
4,linha_4-5,F,-0.23502284
5,linha_4-5,F,-0.2345526
6,linha_4-5,F,-0.23180566
7,linha_4-5,F,-0.22838477
8,linha_4-5,F,-0.22759775
9,linha_4-5,F,-0.22617178
10,linha_4-5,F,-0.22526002
11,linha_4-5,F,-0.14210085
12,linha_4-5,F,-0.13283132
13,linha_4-5,F,-0.12708703
14,linha_4-5,F,-0.15434828
15,linha_4-5,F,-0.11567933
16,linha_4-5,F,-0.22446134
17,linha_4-5,F,-0.22692021
18,linha_4-5,F,-0.22957382
19,linha_4-5,F,-0.23463337
20,linha_4-5,F,-0.23600729
21,linha_4-5,F,-0.23649637
22,linha_4-5,F,-0.23824002
23,linha_4-5,F,-0.24434589
24,linha_4-5,F,-0.24355621
1,linha_5-6,F,-0.32831173
2,linha_5-6,F,-0.33185541
3,linha_5-6,F,-0.33442426
4,linha_5-6,F,-0.33560542
5,linha_5-6,F,-0.33400915
6,linha_5-6,F,-0.32468357
7,linha_5-6,F,-0.3130718
8,linha_5-6,F,-0.31039937
9,linha_5-6,F,-0.30555877
10,linha_5-6,F,-0.30246532
11,linha_5-6,F,-0.23937175
12,linha_5-6,F,-0.232064
13,linha_5-6,F,-0.2257002
14,linha_5-6,F,-0.24294217
15,linha_5-6,F,-0.21306799
16,linha_5-6,F,-0.29975329
17,linha_5-6,F,-0.3080994
18,linha_5-6,F,-0.31710817
19,linha_5-6,F,-0.33428252
20,linha_5-6,F,-0.33894804
21,linha_5-6,F,-0.34060748
22,linha_5-6,F,-0.34652648
23,linha_5-6,F,-0.35427376
24,linha_5-6,F,-0.3533888
1,linha_6-7,F,0.25829671
2,linha_6-7,F,0.26396231
3,linha_6-7,F,0.26806928
4,linha_6-7,F,0.26995818
5,linha_6-7,F,0.26740591
6,linha_6-7,F,0.25249567
7,linha_6-7,F,0.23040535
8,linha_6-7,F,0.22295909
9,linha_6-7,F,0.20947073
10,linha_6-7,F,0.20084985
11,linha_6-7,F,0.19932339
12,linha_6-7,F,0.19877593
13,linha_6-7,F,0.19172851
14,linha_6-7,F,0.1816395
15,linha_6-7,F,0.18161159
16,linha_6-7,F,0.19304676
17,linha_6-7,F,0.21655021
18,linha_6-7,F,0.24038311
19,linha_6-7,F,0.26784333
20,linha_6-7,F,0.27149729
21,linha_6-7,F,0.2
22,linha_6-7,F,0.20834251
23,linha_6-7,F,0.29044363
24,linha_6-7,F,0.29365427
1,linha_7-8,F,0.11906062
2,linha_7-8,F,0.1217454
3,linha_7-8,F,0.12369146
4,linha_7-8,F,0.12458716
5,linha_7-8,F,0.12337751
6,linha_7-8,F,0.1163112
7,linha_7-8,F,0.1035042
8,linha_7-8,F,0.097871022
9,linha_7-8,F,0.087666179
10,linha_7-8,F,0.081143101
11,linha_7-8,F,0.080006375
12,linha_7-8,F,0.079607272
13,linha_7-8,F,0.074464035
14,linha_7-8,F,0.068506333
15,linha_7-8,F,0.068496176
16,linha_7-8,F,0.075426434
17,linha_7-8,F,0.093022277
18,linha_7-8,F,0.11056998
19,linha_7-8,F,0.12358527
20,linha_7-8,F,0.12279308
21,linha_7-8,F,0.039737958
22,linha_7-8,F,0.042948367
23,linha_7-8,F,0.13173346
24,linha_7-8,F,0.13581799
1,linha_8-9,F,0.084677362
2,linha_8-9,F,0.08658681
3,linha_8-9,F,0.087970873
4,linha_8-9,F,0.088607903
5,linha_8-9,F,0.087747584
6,linha_8-9,F,0.082721943
7,linha_8-9,F,0.071678361
8,linha_8-9,F,0.065929282
9,linha_8-9,F,0.055514773
10,linha_8-9,F,0.048857995
11,linha_8-9,F,0.047697914
12,linha_8-9,F,0.04729045
13,linha_8-9,F,0.042041701
14,linha_8-9,F,0.036689937
15,linha_8-9,F,0.036684497
16,linha_8-9,F,0.043023713
17,linha_8-9,F,0.060980916
18,linha_8-9,F,0.078638713
19,linha_8-9,F,0.087895348
20,linha_8-9,F,0.085242561
21,linha_8-9,F,-0.011827818
22,linha_8-9,F,-0.010471701
23,linha_8-9,F,0.091568535
24,linha_8-9,F,0.096595404
1,linha_9-10,F,0.046699565
2,linha_9-10,F,0.047752626
3,linha_9-10,F,0.048515936
4,linha_9-10,F,0.048867258
5,linha_9-10,F,0.048392792
6,linha_9-10,F,0.045621152
7,linha_9-10,F,0.036276498
8,linha_9-10,F,0.0301753
9,linha_9-10,F,0.019123263
10,linha_9-10,F,0.012059366
11,linha_9-10,F,0.01082827
12,linha_9-10,F,0.010395675
13,linha_9-10,F,0.0048258113
14,linha_9-10,F,0.0
15,linha_9-10,F,0.0
16,linha_9-10,F,0.0058677481
17,linha_9-10,F,0.024924018
18,linha_9-10,F,0.04336925
19,linha_9-10,F,0.048474285
20,linha_9-10,F,0.043497706
21,linha_9-10,F,-0.05996066
22,linha_9-10,F,-0.06061854
23,linha_9-10,F,0.046931771
24,linha_9-10,F,0.053272365
1,linha_10-11,F,0.0
2,linha_10-11,F,0.0
3,linha_10-11,F,0.0
4,linha_10-11,F,0.0
5,linha_10-11,F,0.0
6,linha_10-11,F,0.0
7,linha_10-11,F,-0.0063827506
8,linha_10-11,F,-0.012130905
9,linha_10-11,F,-0.022543071
10,linha_10-11,F,-0.029197611
11,linha_10-11,F,-0.030357431
12,linha_10-11,F,-0.030765173
13,linha_10-11,F,-0.036012371
14,linha_10-11,F,-0.03968872
15,linha_10-11,F,-0.039682835
16,linha_10-11,F,-0.035030951
17,linha_10-11,F,-0.017078158
18,linha_10-11,F,0.0
19,linha_10-11,F,0.0
20,linha_10-11,F,-0.0068916442
21,linha_10-11,F,-0.10720413
22,linha_10-11,F,-0.10968751
23,linha_10-11,F,-0.0069989527
24,linha_10-11,F,0.0
1,linha_11-12,F,-0.049713718
2,linha_11-12,F,-0.050834747
3,linha_11-12,F,-0.051647324
4,linha_11-12,F,-0.052021322
5,linha_11-12,F,-0.051516232
6,linha_11-12,F,-0.0485657
7,linha_11-12,F,-0.050922719
8,linha_11-12,F,-0.055509149
9,linha_11-12,F,-0.063816582
10,linha_11-12,F,-0.069125527
11,linha_11-12,F,-0.070050898
12,linha_11-12,F,-0.070376436
13,linha_11-12,F,-0.074562739
14,linha_11-12,F,-0.0765128
15,linha_11-12,F,-0.076501456
16,linha_11-12,F,-0.073779922
17,linha_11-12,F,-0.059456356
18,linha_11-12,F,-0.046168453
19,linha_11-12,F,-0.051602984
20,linha_11-12,F,-0.059591065
21,linha_11-12,F,-0.15490775
22,linha_11-12,F,-0.15912732
23,linha_11-12,F,-0.063453649
24,linha_11-12,F,-0.05671075
1,linha_12-13,F,-0.086699893
2,linha_12-13,F,-0.088654948
3,linha_12-13,F,-0.090072069
4,linha_12-13,F,-0.090724314
5,linha_12-13,F,-0.089843447
6,linha_12-13,F,-0.084697768
7,linha_12-13,F,-0.083352086
8,linha_12-13,F,-0.086436943
9,linha_12-13,F,-0.092024144
10,linha_12-13,F,-0.095594233
11,linha_12-13,F,-0.096216596
12,linha_12-13,F,-0.096435771
13,linha_12-13,F,-0.099251055
14,linha_12-13,F,-0.099509209
15,linha_12-13,F,-0.099494456
16,linha_12-13,F,-0.098724801
17,linha_12-13,F,-0.089091655
18,linha_12-13,F,-0.080517009
19,linha_12-13,F,-0.089994741
20,linha_12-13,F,-0.09803451
21,linha_12-13,F,-0.17851326
22,linha_12-13,F,-0.18374921
23,linha_12-13,F,-0.10467906
24,linha_12-13,F,-0.098902598
1,linha_13-14,F,-0.21536745
2,linha_13-14,F,-0.21980456
3,linha_13-14,F,-0.22302103
4,linha_13-14,F,-0.22450019
5,linha_13-14,F,-0.2225014
6,linha_13-14,F,-0.21082439
7,linha_13-14,F,-0.2
8,linha_13-14,F,-0.2
9,linha_13-14,F,-0.2
10,linha_13-14,F,-0.2
11,linha_13-14,F,-0.2
12,linha_13-14,F,-0.2
13,linha_13-14,F,-0.2
14,linha_13-14,F,-0.19570868
15,linha_13-14,F,-0.19567871
16,linha_13-14,F,-0.2
17,linha_13-14,F,-0.2
18,linha_13-14,F,-0.20133861
19,linha_13-14,F,-0.22284384
20,linha_13-14,F,-0.23269737
21,linha_13-14,F,-0.29317022
22,linha_13-14,F,-0.30202741
23,linha_13-14,F,-0.24764398
24,linha_13-14,F,-0.24305768
1,linha_14-15,F,-0.037507365
2,linha_14-15,F,-0.050010738
3,linha_14-15,F,-0.088731426
4,linha_14-15,F,-0.14661708
5,linha_14-15,F,-0.036231608
6,linha_14-15,F,-0.027424869
7,linha_14-15,F,-0.0011683733
8,linha_14-15,F,0.052551915
9,linha_14-15,F,0.085401349
10,linha_14-15,F,0.11156199
11,linha_14-15,F,0.12706377
12,linha_14-15,F,0.141053
13,linha_14-15,F,0.14731354
14,linha_14-15,F,0.14540336
15,linha_14-15,F,0.13069593
16,linha_14-15,F,0.10974642
17,linha_14-15,F,0.076604923
18,linha_14-15,F,-0.0090103476
19,linha_14-15,F,-0.090316962
20,linha_14-15,F,-0.34434019
21,linha_14-15,F,-0.38874792
22,linha_14-15,F,-0.4
23,linha_14-15,F,-0.36491615
24,linha_14-15,F,-0.052275206
1,linha_15-16,F,-0.1768187
2,linha_15-16,F,-0.19101375
3,linha_15-16,F,-0.22394447
4,linha_15-16,F,-0.26939595
5,linha_15-16,F,-0.18092303
6,linha_15-16,F,-0.16466603
7,linha_15-16,F,-0.1310361
8,linha_15-16,F,-0.075771444
9,linha_15-16,F,-0.038960788
10,linha_15-16,F,-0.01034374
11,linha_15-16,F,0.0063036827
12,linha_15-16,F,0.022516655
13,linha_15-16,F,0.032277653
14,linha_15-16,F,0.035218021
15,linha_15-16,F,0.018405679
16,linha_15-16,F,-0.0096475658
17,linha_15-16,F,-0.049958336
18,linha_15-16,F,-0.14160114
19,linha_15-16,F,-0.22504901
20,linha_15-16,F,-0.40904757
21,linha_15-16,F,-0.43684369
22,linha_15-16,F,-0.44783017
23,linha_15-16,F,-0.42990024
24,linha_15-16,F,-0.20879306
1,linha_16-17,F,-0.19062603
2,linha_16-17,F,-0.20268003
3,linha_16-17,F,-0.2226859
4,linha_16-17,F,-0.24840405
5,linha_16-17,F,-0.19564687
6,linha_16-17,F,-0.17960936
7,linha_16-17,F,-0.14866585
8,linha_16-17,F,-0.10258802
9,linha_16-17,F,-0.071006417
10,linha_16-17,F,-0.046648761
11,linha_16-17,F,-0.032012466
12,linha_16-17,F,-0.016523986
13,linha_16-17,F,-0.0065226912
14,linha_16-17,F,-0.0023231978
15,linha_16-17,F,-0.018321999
16,linha_16-17,F,-0.045289723
17,linha_16-17,F,-0.080759983
18,linha_16-17,F,-0.15849982
19,linha_16-17,F,-0.22327092
20,linha_16-17,F,-0.32638168
21,linha_16-17,F,-0.33933977
22,linha_16-17,F,-0.34570732
23,linha_16-17,F,-0.33862188
24,linha_16-17,F,-0.21799408
1,linha_17-18,F,-0.28702717
2,linha_17-18,F,-0.29793183
3,linha_17-18,F,-0.31006663
4,linha_17-18,F,-0.3239531
5,linha_17-18,F,-0.29521399
6,linha_17-18,F,-0.27622886
7,linha_17-18,F,-0.24475141
8,linha_17-18,F,-0.20968221
9,linha_17-18,F,-0.18092685
10,linha_17-18,F,-0.15831787
11,linha_17-18,F,-0.14594303
12,linha_17-18,F,-0.13319702
13,linha_17-18,F,-0.12284096
14,linha_17-18,F,-0.11501187
15,linha_17-18,F,-0.12798015
16,linha_17-18,F,-0.15472594
17,linha_17-18,F,-0.19117501
18,linha_17-18,F,-0.2550346
19,linha_17-18,F,-0.31024603
20,linha_17-18,F,-0.36586494
21,linha_17-18,F,-0.37372096
22,linha_17-18,F,-0.38170244
23,linha_17-18,F,-0.3816184
24,linha_17-18,F,-0.32062788
1,linha_2-19,F,0.25248614
2,linha_2-19,F,0.25803961
3,linha_2-19,F,0.2620653
4,linha_2-19,F,0.26391678
5,linha_2-19,F,0.26141504
6,linha_2-19,F,0.24679995
7,linha_2-19,F,0.22860125
8,linha_2-19,F,0.22441324
9,linha_2-19,F,0.21682687
10,linha_2-19,F,0.21197808
11,linha_2-19,F,0.21113303
12,linha_2-19,F,0.21083607
13,linha_2-19,F,0.20701281
14,linha_2-19,F,0.19944637
15,linha_2-19,F,0.19941582
16,linha_2-19,F,0.207728
17,linha_2-19,F,0.22080864
18,linha_2-19,F,0.23492721
19,linha_2-19,F,0.26184378
20,linha_2-19,F,0.26915514
21,linha_2-19,F,0.27175618
22,linha_2-19,F,0.28103266
23,linha_2-19,F,0.28778448
24,linha_2-19,F,0.28714377
1,linha_19-20,F,0.1219714
2,linha_19-20,F,0.12472181
3,linha_19-20,F,0.12671545
4,linha_19-20,F,0.12763305
5,linha_19-20,F,0.12639382
6,linha_19-20,F,0.11915476
7,linha_19-20,F,0.11013964
8,linha_19-20,F,0.10806559
9,linha_19-20,F,0.10430772
10,linha_19-20,F,0.10190495
11,linha_19-20,F,0.10148635
12,linha_19-20,F,0.10133973
13,linha_19-20,F,0.099445415
14,linha_19-20,F,0.095706457
15,linha_19-20,F,0.095692267
16,linha_19-20,F,0.099800155
17,linha_19-20,F,0.10628007
18,linha_19-20,F,0.11327318
19,linha_19-20,F,0.12660667
20,linha_19-20,F,0.13022738
21,linha_19-20,F,0.13151627
22,linha_19-20,F,0.13611133
23,linha_19-20,F,0.13945534
24,linha_19-20,F,0.13913844
1,linha_20-21,F,0.092532543
2,linha_20-21,F,0.094619123
3,linha_20-21,F,0.096131579
4,linha_20-21,F,0.096827704
5,linha_20-21,F,0.095887577
6,linha_20-21,F,0.090395728
7,linha_20-21,F,0.083556483
8,linha_20-21,F,0.081983026
9,linha_20-21,F,0.079132145
10,linha_20-21,F,0.077309303
11,linha_20-21,F,0.076991741
12,linha_20-21,F,0.076880504
13,linha_20-21,F,0.075443402
14,linha_20-21,F,0.072606873
15,linha_20-21,F,0.072596109
16,linha_20-21,F,0.075712522
17,linha_20-21,F,0.080628454
18,linha_20-21,F,0.085933713
19,linha_20-21,F,0.096049049
20,linha_20-21,F,0.098795871
21,linha_20-21,F,0.099773675
22,linha_20-21,F,0.10325968
23,linha_20-21,F,0.10579659
24,linha_20-21,F,0.10555617
1,linha_21-22,F,0.048160876
2,linha_21-22,F,0.049246888
3,linha_21-22,F,0.050034084
4,linha_21-22,F,0.050396399
5,linha_21-22,F,0.049907087
6,linha_21-22,F,0.047048716
7,linha_21-22,F,0.043489061
8,linha_21-22,F,0.042670116
9,linha_21-22,F,0.041186303
10,linha_21-22,F,0.040237559
11,linha_21-22,F,0.040072276
12,linha_21-22,F,0.040014381
13,linha_21-22,F,0.039266405
14,linha_21-22,F,0.037790062
15,linha_21-22,F,0.03778446
16,linha_21-22,F,0.039406475
17,linha_21-22,F,0.041965094
18,linha_21-22,F,0.044726349
19,linha_21-22,F,0.049991129
20,linha_21-22,F,0.051420781
21,linha_21-22,F,0.051929703
22,linha_21-22,F,0.053744082
23,linha_21-22,F,0.055064479
24,linha_21-22,F,0.05493935
1,linha_3-23,F,-0.13161665
2,linha_3-23,F,-0.13811679
3,linha_3-23,F,-0.1428286
4,linha_3-23,F,-0.14499631
5,linha_3-23,F,-0.14206791
6,linha_3-23,F,-0.12496068
7,linha_3-23,F,-0.10365772
8,linha_3-23,F,-0.098755907
9,linha_3-23,F,-0.089875682
10,linha_3-23,F,-0.08419899
11,linha_3-23,F,-0.17388728
12,linha_3-23,F,-0.18338325
13,linha_3-23,F,-0.1842221
14,linha_3-23,F,-0.14459783
15,linha_3-23,F,-0.18588409
16,linha_3-23,F,-0.079224526
17,linha_3-23,F,-0.094536543
18,linha_3-23,F,-0.11106256
19,linha_3-23,F,-0.14257023
20,linha_3-23,F,-0.15112761
21,linha_3-23,F,-0.15417273
22,linha_3-23,F,-0.16503131
23,linha_3-23,F,-0.16650469
24,linha_3-23,F,-0.16664502
1,linha_23-24,F,-0.16264738
2,linha_23-24,F,-0.16940995
3,linha_23-24,F,-0.17431196
4,linha_23-24,F,-0.17656733
5,linha_23-24,F,-0.17352065
6,linha_23-24,F,-0.15572256
7,linha_23-24,F,-0.13355908
8,linha_23-24,F,-0.12845939
9,linha_23-24,F,-0.11922049
10,linha_23-24,F,-0.11331431
11,linha_23-24,F,-0.19173654
12,linha_23-24,F,-0.2
13,linha_23-24,F,-0.2
14,linha_23-24,F,-0.16383058
15,linha_23-24,F,-0.2
16,linha_23-24,F,-0.10813903
17,linha_23-24,F,-0.1240696
18,linha_23-24,F,-0.141263
19,linha_23-24,F,-0.17404337
20,linha_23-24,F,-0.18294617
21,linha_23-24,F,-0.18611439
22,linha_23-24,F,-0.19741154
23,linha_23-24,F,-0.2
24,linha_23-24,F,-0.2
1,linha_24-25,F,-0.26687078
2,linha_24-25,F,-0.27447268
3,linha_24-25,F,-0.27998325
4,linha_24-25,F,-0.2825178
5,linha_24-25,F,-0.27909323
6,linha_24-25,F,-0.25908707
7,linha_24-25,F,-0.23417518
8,linha_24-25,F,-0.22844241
9,linha_24-25,F,-0.21805761
10,linha_24-25,F,-0.21141999
11,linha_24-25,F,-0.2672593
12,linha_24-25,F,-0.27303988
13,linha_24-25,F,-0.27114675
14,linha_24-25,F,-0.24146091
15,linha_24-25,F,-0.26739281
16,linha_24-25,F,-0.20560226
17,linha_24-25,F,-0.22350816
18,linha_24-25,F,-0.24283464
19,linha_24-25,F,-0.27968023
20,linha_24-25,F,-0.28968837
21,linha_24-25,F,-0.29324899
22,linha_24-25,F,-0.30594734
23,linha_24-25,F,-0.31114833
24,linha_24-25,F,-0.31083071
1,linha_6-26,F,0.19940066
2,linha_6-26,F,0.2037489
3,linha_6-26,F,0.20688436
4,linha_6-26,F,0.20832611
5,linha_6-26,F,0.20637773
6,linha_6-26,F,0.19479596
7,linha_6-26,F,0.18005881
8,linha_6-26,F,0.17666713
9,linha_6-26,F,0.17052366
10,linha_6-26,F,0.16659752
11,linha_6-26,F,0.16591319
12,linha_6-26,F,0.16567251
13,linha_6-26,F,0.16257662
14,linha_6-26,F,0.15646311
15,linha_6-26,F,0.15643893
16,linha_6-26,F,0.16315558
17,linha_6-26,F,0.17374811
18,linha_6-26,F,0.18518158
19,linha_6-26,F,0.20671143
20,linha_6-26,F,0.21402793
21,linha_6-26,F,0.21782799
22,linha_6-26,F,0.2313821
23,linha_6-26,F,0.24124777
24,linha_6-26,F,0.24031121
1,linha_26-27,F,0.050149744
2,linha_26-27,F,0.051280605
3,linha_26-27,F,0.052100309
4,linha_26-27,F,0.052477587
5,linha_26-27,F,0.051968068
6,linha_26-27,F,0.048991657
7,linha_26-27,F,0.045285
8,linha_26-27,F,0.044432236
9,linha_26-27,F,0.042887147
10,linha_26-27,F,0.041899224
11,linha_26-27,F,0.041727115
12,linha_26-27,F,0.041666829
13,linha_26-27,F,0.040887964
14,linha_26-27,F,0.039350654
15,linha_26-27,F,0.03934482
16,linha_26-27,F,0.041033819
17,linha_26-27,F,0.0436981
18,linha_26-27,F,0.046573384
19,linha_26-27,F,0.05205558
20,linha_26-27,F,0.05531529
21,linha_26-27,F,0.057782903
22,linha_26-27,F,0.066583577
23,linha_26-27,F,0.072989109
24,linha_26-27,F,0.072381242
1,linha_27-28,F,0.0
2,linha_27-28,F,0.0
3,linha_27-28,F,0.0
4,linha_27-28,F,0.0
5,linha_27-28,F,0.0
6,linha_27-28,F,0.0
7,linha_27-28,F,0.0
8,linha_27-28,F,0.0
9,linha_27-28,F,0.0
10,linha_27-28,F,0.0
11,linha_27-28,F,0.0
12,linha_27-28,F,0.0
13,linha_27-28,F,0.0
14,linha_27-28,F,0.0
15,linha_27-28,F,0.0
16,linha_27-28,F,0.0
17,linha_27-28,F,0.0
18,linha_27-28,F,0.0
19,linha_27-28,F,0.0
20,linha_27-28,F,0.0020370769
21,linha_27-28,F,0.0042658465
22,linha_27-28,F,0.012215504
23,linha_27-28,F,0.018001856
24,linha_27-28,F,0.017452541
1,linha_28-29,F,-0.047736066
2,linha_28-29,F,-0.048812499
3,linha_28-29,F,-0.049592751
4,linha_28-29,F,-0.049951871
5,linha_28-29,F,-0.049466874
6,linha_28-29,F,-0.046633717
7,linha_28-29,F,-0.043105459
8,linha_28-29,F,-0.042293738
9,linha_28-29,F,-0.040823013
10,linha_28-29,F,-0.039882638
11,linha_28-29,F,-0.039718813
12,linha_28-29,F,-0.039661428
13,linha_28-29,F,-0.03892005
14,linha_28-29,F,-0.03745673
15,linha_28-29,F,-0.037451176
16,linha_28-29,F,-0.039058885
17,linha_28-29,F,-0.041594935
18,linha_28-29,F,-0.044331834
19,linha_28-29,F,-0.049550175
20,linha_28-29,F,-0.048882098
21,linha_28-29,F,-0.0471052
22,linha_28-29,F,-0.040766437
23,linha_28-29,F,-0.036152374
24,linha_28-29,F,-0.036590617
1,linha_29-30,F,-0.18902796
2,linha_29-30,F,-0.19329146
3,linha_29-30,F,-0.19638211
4,linha_29-30,F,-0.19780323
5,linha_29-30,F,-0.1958827
6,linha_29-30,F,-0.1846628
7,linha_29-30,F,-0.17069228
8,linha_29-30,F,-0.16747702
9,linha_29-30,F,-0.16165313
10,linha_29-30,F,-0.15793126
11,linha_29-30,F,-0.15728254
12,linha_29-30,F,-0.15705435
13,linha_29-30,F,-0.15411953
14,linha_29-30,F,-0.14832402
15,linha_29-30,F,-0.14830107
16,linha_29-30,F,-0.15466835
17,linha_29-30,F,-0.16470985
18,linha_29-30,F,-0.17554858
19,linha_29-30,F,-0.19621161
20,linha_29-30,F,-0.2
21,linha_29-30,F,-0.2
22,linha_29-30,F,-0.2
23,linha_29-30,F,-0.2
24,linha_29-30,F,-0.2
1,linha_30-31,F,0.22242226
2,linha_30-31,F,0.22675851
3,linha_30-31,F,0.22990185
4,linha_30-31,F,0.23134748
5,linha_30-31,F,0.22939409
6,linha_30-31,F,0.2179824
7,linha_30-31,F,0.20377265
8,linha_30-31,F,0.20050256
9,linha_30-31,F,0.19361638
10,linha_30-31,F,0.18915815
11,linha_30-31,F,0.18838115
12,linha_30-31,F,0.18810807
13,linha_30-31,F,0.18459274
14,linha_30-31,F,0.17765153
15,linha_30-31,F,0.17762428
16,linha_30-31,F,0.1852503
17,linha_30-31,F,0.19727749
18,linha_30-31,F,0.20871204
19,linha_30-31,F,0.22972882
20,linha_30-31,F,0.23543769
21,linha_30-31,F,0.23746859
22,linha_30-31,F,0.24471178
23,linha_30-31,F,0.24998372
24,linha_30-31,F,0.24948342
1,linha_31-32,F,0.096744652
2,linha_31-32,F,0.098926214
3,linha_31-32,F,0.10050752
4,linha_31-32,F,0.10123533
5,linha_31-32,F,0.10025241
6,linha_31-32,F,0.094510568
7,linha_31-32,F,0.087359999
8,linha_31-32,F,0.085714918
9,linha_31-32,F,0.082734263
10,linha_31-32,F,0.080828445
11,linha_31-32,F,0.080496428
12,linha_31-32,F,0.080380128
13,linha_31-32,F,0.078877608
14,linha_31-32,F,0.07591196
15,linha_31-32,F,0.075900705
16,linha_31-32,F,0.079158979
17,linha_31-32,F,0.084298685
18,linha_31-32,F,0.089845441
19,linha_31-32,F,0.10042123
20,linha_31-32,F,0.10329309
21,linha_31-32,F,0.1043154
22,linha_31-32,F,0.10796009
23,linha_31-32,F,0.11061248
24,linha_31-32,F,0.11036112
1,linha_32-33,F,0.049874287
2,linha_32-33,F,0.050998936
3,linha_32-33,F,0.051814138
4,linha_32-33,F,0.052189343
5,linha_32-33,F,0.051682623
6,linha_32-33,F,0.048722561
7,linha_32-33,F,0.045036263
8,linha_32-33,F,0.044188183
9,linha_32-33,F,0.042651581
10,linha_32-33,F,0.041669084
11,linha_32-33,F,0.041497921
12,linha_32-33,F,0.041437965
13,linha_32-33,F,0.040663379
14,linha_32-33,F,0.039134513
15,linha_32-33,F,0.039128711
16,linha_32-33,F,0.040808432
17,linha_32-33,F,0.043458079
18,linha_32-33,F,0.046317571
19,linha_32-33,F,0.051769655
20,linha_32-33,F,0.053250169
21,linha_32-33,F,0.053777198
22,linha_32-33,F,0.055656126
23,linha_32-33,F,0.057023499
24,linha_32-33,F,0.056893917
1,linha_1-2,Ploss,0.00094235449
2,linha_1-2,Ploss,0.00096360429
3,linha_1-2,Ploss,0.00097900719
4,linha_1-2,Ploss,0.00098609655
5,linha_1-2,Ploss,0.00097652226
6,linha_1-2,Ploss,0.00092059309
7,linha_1-2,Ploss,0.00085094199
8,linha_1-2,Ploss,0.00083491786
9,linha_1-2,Ploss,0.00080588439
10,linha_1-2,Ploss,0.0007873205
11,linha_1-2,Ploss,0.00078408644
12,linha_1-2,Ploss,0.00078295361
13,linha_1-2,Ploss,0.00076831811
14,linha_1-2,Ploss,0.00073943081
15,linha_1-2,Ploss,0.00073932118
16,linha_1-2,Ploss,0.00077105884
17,linha_1-2,Ploss,0.00082112285
18,linha_1-2,Ploss,0.00087515178
19,linha_1-2,Ploss,0.0009781667
20,linha_1-2,Ploss,0.0010061404
21,linha_1-2,Ploss,0.0010160984
22,linha_1-2,Ploss,0.0010516
23,linha_1-2,Ploss,0.001077436
24,linha_1-2,Ploss,0.0010749876
1,linha_2-3,Ploss,0.055531273
2,linha_2-3,Ploss,0.057485833
3,linha_2-3,Ploss,0.058902659
4,linha_2-3,Ploss,0.059554428
5,linha_2-3,Ploss,0.058673889
6,linha_2-3,Ploss,0.053529895
7,linha_2-3,Ploss,0.047124374
8,linha_2-3,Ploss,0.045650414
9,linha_2-3,Ploss,0.042980229
10,linha_2-3,Ploss,0.041273391
11,linha_2-3,Ploss,0.040975957
12,linha_2-3,Ploss,0.040871538
13,linha_2-3,Ploss,0.039525756
14,linha_2-3,Ploss,0.036859862
15,linha_2-3,Ploss,0.036849053
16,linha_2-3,Ploss,0.039777585
17,linha_2-3,Ploss,0.044381698
18,linha_2-3,Ploss,0.049350928
19,linha_2-3,Ploss,0.058824893
20,linha_2-3,Ploss,0.061398081
21,linha_2-3,Ploss,0.062313675
22,linha_2-3,Ploss,0.065578728
23,linha_2-3,Ploss,0.067955073
24,linha_2-3,Ploss,0.067729663
1,linha_3-4,Ploss,0.01464
2,linha_3-4,Ploss,0.01464
3,linha_3-4,Ploss,0.01464
4,linha_3-4,Ploss,0.01464
5,linha_3-4,Ploss,0.01464
6,linha_3-4,Ploss,0.01464
7,linha_3-4,Ploss,0.01464
8,linha_3-4,Ploss,0.01464
9,linha_3-4,Ploss,0.01464
10,linha_3-4,Ploss,0.01464
11,linha_3-4,Ploss,0.0079478543
12,linha_3-4,Ploss,0.0072214165
13,linha_3-4,Ploss,0.0068291871
14,linha_3-4,Ploss,0.0090995861
15,linha_3-4,Ploss,0.0060499696
16,linha_3-4,Ploss,0.01464
17,linha_3-4,Ploss,0.01464
18,linha_3-4,Ploss,0.01464
19,linha_3-4,Ploss,0.01464
20,linha_3-4,Ploss,0.01464
21,linha_3-4,Ploss,0.01464
22,linha_3-4,Ploss,0.01464
23,linha_3-4,Ploss,0.015969628
24,linha_3-4,Ploss,0.015785607
1,linha_4-5,Ploss,0.022761075
2,linha_4-5,Ploss,0.022999722
3,linha_4-5,Ploss,0.023172705
4,linha_4-5,Ploss,0.023252322
5,linha_4-5,Ploss,0.023144798
6,linha_4-5,Ploss,0.022516682
7,linha_4-5,Ploss,0.021734461
8,linha_4-5,Ploss,0.021554501
9,linha_4-5,Ploss,0.021228439
10,linha_4-5,Ploss,0.021019957
11,linha_4-5,Ploss,0.010830927
12,linha_4-5,Ploss,0.010124403
13,linha_4-5,Ploss,0.0096865731
14,linha_4-5,Ploss,0.011764426
15,linha_4-5,Ploss,0.0088170788
16,linha_4-5,Ploss,0.020837329
17,linha_4-5,Ploss,0.021399576
18,linha_4-5,Ploss,0.022006351
19,linha_4-5,Ploss,0.023163266
20,linha_4-5,Ploss,0.023477426
21,linha_4-5,Ploss,0.02358926
22,linha_4-5,Ploss,0.023987963
23,linha_4-5,Ploss,0.025384132
24,linha_4-5,Ploss,0.025203562
1,linha_5-6,Ploss,0.095812385
2,linha_5-6,Ploss,0.097553746
3,linha_5-6,Ploss,0.098816079
4,linha_5-6,Ploss,0.099396506
5,linha_5-6,Ploss,0.098612098
6,linha_5-6,Ploss,0.094029504
7,linha_5-6,Ploss,0.088323481
8,linha_5-6,Ploss,0.087010252
9,linha_5-6,Ploss,0.08463158
10,linha_5-6,Ploss,0.083111456
11,linha_5-6,Ploss,0.052107278
12,linha_5-6,Ploss,0.048516247
13,linha_5-6,Ploss,0.045389078
14,linha_5-6,Ploss,0.053861785
15,linha_5-6,Ploss,0.03918161
16,linha_5-6,Ploss,0.081778766
17,linha_5-6,Ploss,0.085880046
18,linha_5-6,Ploss,0.090306955
19,linha_5-6,Ploss,0.09874643
20,linha_5-6,Ploss,0.10103907
21,linha_5-6,Ploss,0.10185452
22,linha_5-6,Ploss,0.10476311
23,linha_5-6,Ploss,0.10857013
24,linha_5-6,Ploss,0.10813526
1,linha_6-7,Ploss,0.014035886
2,linha_6-7,Ploss,0.014672247
3,linha_6-7,Ploss,0.015133542
4,linha_6-7,Ploss,0.015345702
5,linha_6-7,Ploss,0.015059032
6,linha_6-7,Ploss,0.013384313
7,linha_6-7,Ploss,0.010903129
8,linha_6-7,Ploss,0.010066766
9,linha_6-7,Ploss,0.0085517525
10,linha_6-7,Ploss,0.0075834555
11,linha_6-7,Ploss,0.0074626676
12,linha_6-7,Ploss,0.0074421707
13,linha_6-7,Ploss,0.0071783153
14,linha_6-7,Ploss,0.0068005829
15,linha_6-7,Ploss,0.0067995379
16,linha_6-7,Ploss,0.0072276708
17,linha_6-7,Ploss,0.0093469198
18,linha_6-7,Ploss,0.012023831
19,linha_6-7,Ploss,0.015108163
20,linha_6-7,Ploss,0.015518576
21,linha_6-7,Ploss,0.007488
22,linha_6-7,Ploss,0.0084250302
23,linha_6-7,Ploss,0.017646628
24,linha_6-7,Ploss,0.018007248
1,linha_7-8,Ploss,0.016939945
2,linha_7-8,Ploss,0.017321936
3,linha_7-8,Ploss,0.017598821
4,linha_7-8,Ploss,0.017726261
5,linha_7-8,Ploss,0.017554152
6,linha_7-8,Ploss,0.016548758
7,linha_7-8,Ploss,0.014726578
8,linha_7-8,Ploss,0.013925089
9,linha_7-8,Ploss,0.012473144
10,linha_7-8,Ploss,0.01154504
11,linha_7-8,Ploss,0.011383307
12,linha_7-8,Ploss,0.011326523
13,linha_7-8,Ploss,0.010594743
14,linha_7-8,Ploss,0.009747081
15,linha_7-8,Ploss,0.0097456359
16,linha_7-8,Ploss,0.010731673
17,linha_7-8,Ploss,0.01323521
18,linha_7-8,Ploss,0.015731896
19,linha_7-8,Ploss,0.017583712
20,linha_7-8,Ploss,0.017470999
21,linha_7-8,Ploss,0.0056539167
22,linha_7-8,Ploss,0.0061106937
23,linha_7-8,Ploss,0.018743036
24,linha_7-8,Ploss,0.019324183
1,linha_8-9,Ploss,0.017443537
2,linha_8-9,Ploss,0.017836883
3,linha_8-9,Ploss,0.018122
4,linha_8-9,Ploss,0.018253228
5,linha_8-9,Ploss,0.018076002
6,linha_8-9,Ploss,0.01704072
7,linha_8-9,Ploss,0.014765742
8,linha_8-9,Ploss,0.013581432
9,linha_8-9,Ploss,0.011436043
10,linha_8-9,Ploss,0.010064747
11,linha_8-9,Ploss,0.0098257703
12,linha_8-9,Ploss,0.0097418327
13,linha_8-9,Ploss,0.0086605905
14,linha_8-9,Ploss,0.0075581269
15,linha_8-9,Ploss,0.0075570063
16,linha_8-9,Ploss,0.0088628848
17,linha_8-9,Ploss,0.012562069
18,linha_8-9,Ploss,0.016199575
19,linha_8-9,Ploss,0.018106442
20,linha_8-9,Ploss,0.017559968
21,linha_8-9,Ploss,0.0024365305
22,linha_8-9,Ploss,0.0021571703
23,linha_8-9,Ploss,0.018863118
24,linha_8-9,Ploss,0.019898653
1,linha_9-10,Ploss,0.0097508693
2,linha_9-10,Ploss,0.0099707483
3,linha_9-10,Ploss,0.010130127
4,linha_9-10,Ploss,0.010203484
5,linha_9-10,Ploss,0.010104415
6,linha_9-10,Ploss,0.0095256965
7,linha_9-10,Ploss,0.0075745328
8,linha_9-10,Ploss,0.0063006026
9,linha_9-10,Ploss,0.0039929374
10,linha_9-10,Ploss,0.0025179956
11,linha_9-10,Ploss,0.0022609429
12,linha_9-10,Ploss,0.0021706169
13,linha_9-10,Ploss,0.0010076294
14,linha_9-10,Ploss,0.0
15,linha_9-10,Ploss,0.0
16,linha_9-10,Ploss,0.0012251858
17,linha_9-10,Ploss,0.0052041349
18,linha_9-10,Ploss,0.0090554995
19,linha_9-10,Ploss,0.010121431
20,linha_9-10,Ploss,0.0090823209
21,linha_9-10,Ploss,0.012519786
22,linha_9-10,Ploss,0.012657151
23,linha_9-10,Ploss,0.0097993538
24,linha_9-10,Ploss,0.01112327
1,linha_10-11,Ploss,0.0
2,linha_10-11,Ploss,0.0
3,linha_10-11,Ploss,0.0
4,linha_10-11,Ploss,0.0
5,linha_10-11,Ploss,0.0
6,linha_10-11,Ploss,0.0
7,linha_10-11,Ploss,0.00025096975
8,linha_10-11,Ploss,0.00047698719
9,linha_10-11,Ploss,0.00088639356
10,linha_10-11,Ploss,0.0011480501
11,linha_10-11,Ploss,0.0011936542
12,linha_10-11,Ploss,0.0012096866
13,linha_10-11,Ploss,0.0014160064
14,linha_10-11,Ploss,0.0015605605
15,linha_10-11,Ploss,0.0015603291
16,linha_10-11,Ploss,0.001377417
17,linha_10-11,Ploss,0.00067151319
18,linha_10-11,Ploss,0.0
19,linha_10-11,Ploss,0.0
20,linha_10-11,Ploss,0.00027097945
21,linha_10-11,Ploss,0.0042152665
22,linha_10-11,Ploss,0.0043129128
23,linha_10-11,Ploss,0.00027519882
24,linha_10-11,Ploss,0.0
1,linha_11-12,Ploss,0.0037225632
2,linha_11-12,Ploss,0.0038065059
3,linha_11-12,Ploss,0.0038673516
4,linha_11-12,Ploss,0.0038953566
5,linha_11-12,Ploss,0.0038575355
6,linha_11-12,Ploss,0.0036365996
7,linha_11-12,Ploss,0.0038130932
8,linha_11-12,Ploss,0.0041565251
9,linha_11-12,Ploss,0.0047785856
10,linha_11-12,Ploss,0.0051761194
11,linha_11-12,Ploss,0.0052454113
12,linha_11-12,Ploss,0.0052697875
13,linha_11-12,Ploss,0.0055832579
14,linha_11-12,Ploss,0.0057292785
15,linha_11-12,Ploss,0.0057284291
16,linha_11-12,Ploss,0.0055246405
17,linha_11-12,Ploss,0.0044520919
18,linha_11-12,Ploss,0.0034570938
19,linha_11-12,Ploss,0.0038640315
20,linha_11-12,Ploss,0.0044621789
21,linha_11-12,Ploss,0.011599493
22,linha_11-12,Ploss,0.011915454
23,linha_11-12,Ploss,0.0047514092
24,linha_11-12,Ploss,0.0042465009
1,linha_12-13,Ploss,0.025455088
2,linha_12-13,Ploss,0.026029093
3,linha_12-13,Ploss,0.026445159
4,linha_12-13,Ploss,0.026636659
5,linha_12-13,Ploss,0.026378036
6,linha_12-13,Ploss,0.024867265
7,linha_12-13,Ploss,0.024472173
8,linha_12-13,Ploss,0.025377887
9,linha_12-13,Ploss,0.027018289
10,linha_12-13,Ploss,0.028066467
11,linha_12-13,Ploss,0.028249193
12,linha_12-13,Ploss,0.028313542
13,linha_12-13,Ploss,0.02914011
14,linha_12-13,Ploss,0.029215904
15,linha_12-13,Ploss,0.029211572
16,linha_12-13,Ploss,0.028985602
17,linha_12-13,Ploss,0.02615731
18,linha_12-13,Ploss,0.023639794
19,linha_12-13,Ploss,0.026422456
20,linha_12-13,Ploss,0.028782932
21,linha_12-13,Ploss,0.052411493
22,linha_12-13,Ploss,0.053948769
23,linha_12-13,Ploss,0.030733772
24,linha_12-13,Ploss,0.029037803
1,linha_13-14,Ploss,0.026657805
2,linha_13-14,Ploss,0.028099689
3,linha_13-14,Ploss,0.029144914
4,linha_13-14,Ploss,0.029625583
5,linha_13-14,Ploss,0.028976055
6,linha_13-14,Ploss,0.025181493
7,linha_13-14,Ploss,0.021664
8,linha_13-14,Ploss,0.021664
9,linha_13-14,Ploss,0.021664
10,linha_13-14,Ploss,0.021664
11,linha_13-14,Ploss,0.021664
12,linha_13-14,Ploss,0.021664
13,linha_13-14,Ploss,0.021664
14,linha_13-14,Ploss,0.021199164
15,linha_13-14,Ploss,0.021195918
16,linha_13-14,Ploss,0.021664
17,linha_13-14,Ploss,0.021664
18,linha_13-14,Ploss,0.022098996
19,linha_13-14,Ploss,0.029087336
20,linha_13-14,Ploss,0.032289339
21,linha_13-14,Ploss,0.051940594
22,linha_13-14,Ploss,0.054818829
23,linha_13-14,Ploss,0.037146387
24,linha_13-14,Ploss,0.035656025
1,linha_14-15,Ploss,0.0044333705
2,linha_14-15,Ploss,0.0059112692
3,linha_14-15,Ploss,0.010488055
4,linha_14-15,Ploss,0.017330139
5,linha_14-15,Ploss,0.0042825761
6,linha_14-15,Ploss,0.0032416195
7,linha_14-15,Ploss,0.00013810172
8,linha_14-15,Ploss,0.0062116363
9,linha_14-15,Ploss,0.010094439
10,linha_14-15,Ploss,0.013186628
11,linha_14-15,Ploss,0.015018938
12,linha_14-15,Ploss,0.016672465
13,linha_14-15,Ploss,0.017412461
14,linha_14-15,Ploss,0.017186677
15,linha_14-15,Ploss,0.015448259
16,linha_14-15,Ploss,0.012972027
17,linha_14-15,Ploss,0.0090547018
18,linha_14-15,Ploss,0.0010650231
19,linha_14-15,Ploss,0.010675465
20,linha_14-15,Ploss,0.074823031
21,linha_14-15,Ploss,0.090570011
22,linha_14-15,Ploss,0.09456
23,linha_14-15,Ploss,0.082119267
24,linha_14-15,Ploss,0.0061789294
1,linha_15-16,Ploss,0.026391959
2,linha_15-16,Ploss,0.028510712
3,linha_15-16,Ploss,0.040573855
4,linha_15-16,Ploss,0.060926119
5,linha_15-16,Ploss,0.027004572
6,linha_15-16,Ploss,0.024578052
7,linha_15-16,Ploss,0.019558448
8,linha_15-16,Ploss,0.011309646
9,linha_15-16,Ploss,0.0058152872
10,linha_15-16,Ploss,0.0015439066
11,linha_15-16,Ploss,0.00094088769
12,linha_15-16,Ploss,0.0033608359
13,linha_15-16,Ploss,0.0048177624
14,linha_15-16,Ploss,0.0052566418
15,linha_15-16,Ploss,0.0027472317
16,linha_15-16,Ploss,0.0014399957
17,linha_15-16,Ploss,0.0074567812
18,linha_15-16,Ploss,0.021135387
19,linha_15-16,Ploss,0.041068444
20,linha_15-16,Ploss,0.1261602
21,linha_15-16,Ploss,0.14690444
22,linha_15-16,Ploss,0.15510366
23,linha_15-16,Ploss,0.14172255
24,linha_15-16,Ploss,0.033789358
1,linha_16-17,Ploss,0.049143389
2,linha_16-17,Ploss,0.053632732
3,linha_16-17,Ploss,0.069105278
4,linha_16-17,Ploss,0.08899569
5,linha_16-17,Ploss,0.050437762
6,linha_16-17,Ploss,0.046303293
7,linha_16-17,Ploss,0.038326055
8,linha_16-17,Ploss,0.026447193
9,linha_16-17,Ploss,0.018305454
10,linha_16-17,Ploss,0.012026051
11,linha_16-17,Ploss,0.0082528139
12,linha_16-17,Ploss,0.0042598835
13,linha_16-17,Ploss,0.0016815498
14,linha_16-17,Ploss,0.00059892039
15,linha_16-17,Ploss,0.0047234114
16,linha_16-17,Ploss,0.011675691
17,linha_16-17,Ploss,0.020819924
18,linha_16-17,Ploss,0.040861254
19,linha_16-17,Ploss,0.06955773
20,linha_16-17,Ploss,0.14930359
21,linha_16-17,Ploss,0.15932538
22,linha_16-17,Ploss,0.16425004
23,linha_16-17,Ploss,0.15877017
24,linha_16-17,Ploss,0.065476618
1,linha_17-18,Ploss,0.067502331
2,linha_17-18,Ploss,0.07229166
3,linha_17-18,Ploss,0.077621265
4,linha_17-18,Ploss,0.083720202
5,linha_17-18,Ploss,0.071097986
6,linha_17-18,Ploss,0.062759714
7,linha_17-18,Ploss,0.048934819
8,linha_17-18,Ploss,0.033532428
9,linha_17-18,Ploss,0.02648769
10,linha_17-18,Ploss,0.023177736
11,linha_17-18,Ploss,0.02136606
12,linha_17-18,Ploss,0.019500044
13,linha_17-18,Ploss,0.017983916
14,linha_17-18,Ploss,0.016837738
15,linha_17-18,Ploss,0.018736293
16,linha_17-18,Ploss,0.022651877
17,linha_17-18,Ploss,0.027988022
18,linha_17-18,Ploss,0.053451195
19,linha_17-18,Ploss,0.077700055
20,linha_17-18,Ploss,0.10212788
21,linha_17-18,Ploss,0.10557825
22,linha_17-18,Ploss,0.10908371
23,linha_17-18,Ploss,0.1090468
24,linha_17-18,Ploss,0.082259766
1,linha_2-19,Ploss,0.011724636
2,linha_2-19,Ploss,0.012271098
3,linha_2-19,Ploss,0.012667226
4,linha_2-19,Ploss,0.012849411
5,linha_2-19,Ploss,0.01260324
6,linha_2-19,Ploss,0.011165115
7,linha_2-19,Ploss,0.0093743634
8,linha_2-19,Ploss,0.0089622625
9,linha_2-19,Ploss,0.0082157638
10,linha_2-19,Ploss,0.0077386432
11,linha_2-19,Ploss,0.0076554901
12,linha_2-19,Ploss,0.0076262693
13,linha_2-19,Ploss,0.0072500601
14,linha_2-19,Ploss,0.006541841
15,linha_2-19,Ploss,0.0065408388
16,linha_2-19,Ploss,0.007320435
17,linha_2-19,Ploss,0.0086075699
18,linha_2-19,Ploss,0.0099968371
19,linha_2-19,Ploss,0.012645428
20,linha_2-19,Ploss,0.013364866
21,linha_2-19,Ploss,0.013620809
22,linha_2-19,Ploss,0.014533613
23,linha_2-19,Ploss,0.015197992
24,linha_2-19,Ploss,0.015134947
1,linha_19-20,Ploss,0.036693875
2,linha_19-20,Ploss,0.037521311
3,linha_19-20,Ploss,0.038121077
4,linha_19-20,Ploss,0.038397126
5,linha_19-20,Ploss,0.038024317
6,linha_19-20,Ploss,0.035846519
7,linha_19-20,Ploss,0.033134409
8,linha_19-20,Ploss,0.032510453
9,linha_19-20,Ploss,0.031379933
10,linha_19-20,Ploss,0.030657084
11,linha_19-20,Ploss,0.030531154
12,linha_19-20,Ploss,0.030487043
13,linha_19-20,Ploss,0.029917159
14,linha_19-20,Ploss,0.02879233
15,linha_19-20,Ploss,0.028788062
16,linha_19-20,Ploss,0.030023879
17,linha_19-20,Ploss,0.031973296
18,linha_19-20,Ploss,0.034077102
19,linha_19-20,Ploss,0.038088349
20,linha_19-20,Ploss,0.039177604
21,linha_19-20,Ploss,0.039565353
22,linha_19-20,Ploss,0.040947733
23,linha_19-20,Ploss,0.041953746
24,linha_19-20,Ploss,0.041858409
1,linha_20-21,Ploss,0.0075784153
2,linha_20-21,Ploss,0.0077493062
3,linha_20-21,Ploss,0.0078731764
4,linha_20-21,Ploss,0.007930189
5,linha_20-21,Ploss,0.0078531926
6,linha_20-21,Ploss,0.0074034101
7,linha_20-21,Ploss,0.006843276
8,linha_20-21,Ploss,0.0067144098
9,linha_20-21,Ploss,0.0064809226
10,linha_20-21,Ploss,0.0063316319
11,linha_20-21,Ploss,0.0063056236
12,linha_20-21,Ploss,0.0062965133
13,linha_20-21,Ploss,0.0061788146
14,linha_20-21,Ploss,0.0059465029
15,linha_20-21,Ploss,0.0059456213
16,linha_20-21,Ploss,0.0062008556
17,linha_20-21,Ploss,0.0066034704
18,linha_20-21,Ploss,0.0070379711
19,linha_20-21,Ploss,0.0078664171
20,linha_20-21,Ploss,0.0080913818
21,linha_20-21,Ploss,0.008171464
22,linha_20-21,Ploss,0.0084569678
23,linha_20-21,Ploss,0.0086647405
24,linha_20-21,Ploss,0.0086450506
1,linha_21-22,Ploss,0.0068282489
2,linha_21-22,Ploss,0.0069822238
3,linha_21-22,Ploss,0.0070938324
4,linha_21-22,Ploss,0.0071452015
5,linha_21-22,Ploss,0.0070758267
6,linha_21-22,Ploss,0.006670567
7,linha_21-22,Ploss,0.006165879
8,linha_21-22,Ploss,0.006049769
9,linha_21-22,Ploss,0.005839394
10,linha_21-22,Ploss,0.0057048812
11,linha_21-22,Ploss,0.0056814473
12,linha_21-22,Ploss,0.0056732389
13,linha_21-22,Ploss,0.0055671908
14,linha_21-22,Ploss,0.0053578751
15,linha_21-22,Ploss,0.0053570807
16,linha_21-22,Ploss,0.00558705
17,linha_21-22,Ploss,0.0059498111
18,linha_21-22,Ploss,0.0063413018
19,linha_21-22,Ploss,0.0070877423
20,linha_21-22,Ploss,0.0072904383
21,linha_21-22,Ploss,0.0073625933
22,linha_21-22,Ploss,0.0076198359
23,linha_21-22,Ploss,0.0078070418
24,linha_21-22,Ploss,0.007789301
1,linha_3-23,Ploss,0.011877087
2,linha_3-23,Ploss,0.01246366
3,linha_3-23,Ploss,0.012888852
4,linha_3-23,Ploss,0.013084467
5,linha_3-23,Ploss,0.012820208
6,linha_3-23,Ploss,0.011276451
7,linha_3-23,Ploss,0.0093540726
8,linha_3-23,Ploss,0.0089117331
9,linha_3-23,Ploss,0.0081103815
10,linha_3-23,Ploss,0.0075981168
11,linha_3-23,Ploss,0.015691588
12,linha_3-23,Ploss,0.016548505
13,linha_3-23,Ploss,0.016624202
14,linha_3-23,Ploss,0.013048508
15,linha_3-23,Ploss,0.01677418
16,linha_3-23,Ploss,0.0071492212
17,linha_3-23,Ploss,0.0085309776
18,linha_3-23,Ploss,0.010022286
19,linha_3-23,Ploss,0.012865538
20,linha_3-23,Ploss,0.013637756
21,linha_3-23,Ploss,0.013912547
22,linha_3-23,Ploss,0.014892425
23,linha_3-23,Ploss,0.015025383
24,linha_3-23,Ploss,0.015038047
1,linha_23-24,Ploss,0.029211469
2,linha_23-24,Ploss,0.030426027
3,linha_23-24,Ploss,0.031306427
4,linha_23-24,Ploss,0.031711493
5,linha_23-24,Ploss,0.031164309
6,linha_23-24,Ploss,0.027967772
7,linha_23-24,Ploss,0.02398721
8,linha_23-24,Ploss,0.023071306
9,linha_23-24,Ploss,0.021412
10,linha_23-24,Ploss,0.020351249
11,linha_23-24,Ploss,0.034435883
12,linha_23-24,Ploss,0.03592
13,linha_23-24,Ploss,0.03592
14,linha_23-24,Ploss,0.029423973
15,linha_23-24,Ploss,0.03592
16,linha_23-24,Ploss,0.01942177
17,linha_23-24,Ploss,0.022282901
18,linha_23-24,Ploss,0.025370836
19,linha_23-24,Ploss,0.031258189
20,linha_23-24,Ploss,0.032857132
21,linha_23-24,Ploss,0.033426144
22,linha_23-24,Ploss,0.035455113
23,linha_23-24,Ploss,0.03592
24,linha_23-24,Ploss,0.03592
1,linha_24-25,Ploss,0.071789729
2,linha_24-25,Ploss,0.075876513
3,linha_24-25,Ploss,0.078838993
4,linha_24-25,Ploss,0.08020157
5,linha_24-25,Ploss,0.078360523
6,linha_24-25,Ploss,0.06760521
7,linha_24-25,Ploss,0.054212579
8,linha_24-25,Ploss,0.051130642
9,linha_24-25,Ploss,0.045547769
10,linha_24-25,Ploss,0.041979386
11,linha_24-25,Ploss,0.0719986
12,linha_24-25,Ploss,0.07510624
13,linha_24-25,Ploss,0.074088494
14,linha_24-25,Ploss,0.058129383
15,linha_24-25,Ploss,0.072070376
16,linha_24-25,Ploss,0.038851774
17,linha_24-25,Ploss,0.048477987
18,linha_24-25,Ploss,0.0588679
19,linha_24-25,Ploss,0.078676092
20,linha_24-25,Ploss,0.084056467
21,linha_24-25,Ploss,0.085970656
22,linha_24-25,Ploss,0.09279729
23,linha_24-25,Ploss,0.095593342
24,linha_24-25,Ploss,0.095422588
1,linha_6-26,Ploss,0.0080956666
2,linha_6-26,Ploss,0.0085766163
3,linha_6-26,Ploss,0.0089585152
4,linha_6-26,Ploss,0.0091341206
5,linha_6-26,Ploss,0.0088968077
6,linha_6-26,Ploss,0.0079087158
7,linha_6-26,Ploss,0.0073103876
8,linha_6-26,Ploss,0.0071726854
9,linha_6-26,Ploss,0.0069232608
10,linha_6-26,Ploss,0.0067638593
11,linha_6-26,Ploss,0.0067360756
12,linha_6-26,Ploss,0.0067263037
13,linha_6-26,Ploss,0.0066006109
14,linha_6-26,Ploss,0.0063524022
15,linha_6-26,Ploss,0.0063514206
16,linha_6-26,Ploss,0.0066241165
17,linha_6-26,Ploss,0.0070541734
18,linha_6-26,Ploss,0.0075183723
19,linha_6-26,Ploss,0.0089374527
20,linha_6-26,Ploss,0.0098286017
21,linha_6-26,Ploss,0.010291449
22,linha_6-26,Ploss,0.01194234
23,linha_6-26,Ploss,0.013143978
24,linha_6-26,Ploss,0.013029906
1,linha_26-27,Ploss,0.0028505115
2,linha_26-27,Ploss,0.0029147896
3,linha_26-27,Ploss,0.0029613816
4,linha_26-27,Ploss,0.002982826
5,linha_26-27,Ploss,0.002953865
6,linha_26-27,Ploss,0.0027846858
7,linha_26-27,Ploss,0.0025739994
8,linha_26-27,Ploss,0.0025255283
9,linha_26-27,Ploss,0.0024377055
10,linha_26-27,Ploss,0.0023815519
11,linha_26-27,Ploss,0.0023717692
12,linha_26-27,Ploss,0.0023683425
13,linha_26-27,Ploss,0.0023240719
14,linha_26-27,Ploss,0.0022366912
15,linha_26-27,Ploss,0.0022363596
16,linha_26-27,Ploss,0.0023323623
17,linha_26-27,Ploss,0.0024838
18,linha_26-27,Ploss,0.0026472312
19,linha_26-27,Ploss,0.0029588392
20,linha_26-27,Ploss,0.0031441211
21,linha_26-27,Ploss,0.0032843802
22,linha_26-27,Ploss,0.0037846105
23,linha_26-27,Ploss,0.0041487009
24,linha_26-27,Ploss,0.0041141498
1,linha_27-28,Ploss,0.0
2,linha_27-28,Ploss,0.0
3,linha_27-28,Ploss,0.0
4,linha_27-28,Ploss,0.0
5,linha_27-28,Ploss,0.0
6,linha_27-28,Ploss,0.0
7,linha_27-28,Ploss,0.0
8,linha_27-28,Ploss,0.0
9,linha_27-28,Ploss,0.0
10,linha_27-28,Ploss,0.0
11,linha_27-28,Ploss,0.0
12,linha_27-28,Ploss,0.0
13,linha_27-28,Ploss,0.0
14,linha_27-28,Ploss,0.0
15,linha_27-28,Ploss,0.0
16,linha_27-28,Ploss,0.0
17,linha_27-28,Ploss,0.0
18,linha_27-28,Ploss,0.0
19,linha_27-28,Ploss,0.0
20,linha_27-28,Ploss,0.00043145288
21,linha_27-28,Ploss,0.00090350628
22,linha_27-28,Ploss,0.0025872438
23,linha_27-28,Ploss,0.003812793
24,linha_27-28,Ploss,0.0036964482
1,linha_28-29,Ploss,0.0076778688
2,linha_28-29,Ploss,0.0078510023
3,linha_28-29,Ploss,0.0079764981
4,linha_28-29,Ploss,0.0080342589
5,linha_28-29,Ploss,0.007956252
6,linha_28-29,Ploss,0.007500567
7,linha_28-29,Ploss,0.006933082
8,linha_28-29,Ploss,0.0068025248
9,linha_28-29,Ploss,0.0065659735
10,linha_28-29,Ploss,0.0064147235
11,linha_28-29,Ploss,0.0063883739
12,linha_28-29,Ploss,0.0063791441
13,linha_28-29,Ploss,0.0062599008
14,linha_28-29,Ploss,0.0060245404
15,linha_28-29,Ploss,0.0060236472
16,linha_28-29,Ploss,0.006282231
17,linha_28-29,Ploss,0.0066901294
18,linha_28-29,Ploss,0.0071303322
19,linha_28-29,Ploss,0.0079696501
20,linha_28-29,Ploss,0.0078621967
21,linha_28-29,Ploss,0.0075764004
22,linha_28-29,Ploss,0.0065568737
23,linha_28-29,Ploss,0.0058147478
24,linha_28-29,Ploss,0.0058852349
1,linha_29-30,Ploss,0.019186338
2,linha_29-30,Ploss,0.019619083
3,linha_29-30,Ploss,0.019932784
4,linha_29-30,Ploss,0.020077028
5,linha_29-30,Ploss,0.019882094
6,linha_29-30,Ploss,0.018743274
7,linha_29-30,Ploss,0.017325267
8,linha_29-30,Ploss,0.016998917
9,linha_29-30,Ploss,0.016407793
10,linha_29-30,Ploss,0.016030023
11,linha_29-30,Ploss,0.015964178
12,linha_29-30,Ploss,0.015941016
13,linha_29-30,Ploss,0.015643133
14,linha_29-30,Ploss,0.015054888
15,linha_29-30,Ploss,0.015052559
16,linha_29-30,Ploss,0.015698838
17,linha_29-30,Ploss,0.016718049
18,linha_29-30,Ploss,0.017818181
19,linha_29-30,Ploss,0.019915478
20,linha_29-30,Ploss,0.0203
21,linha_29-30,Ploss,0.0203
22,linha_29-30,Ploss,0.0203
23,linha_29-30,Ploss,0.0203
24,linha_29-30,Ploss,0.0203
1,linha_30-31,Ploss,0.052084948
2,linha_30-31,Ploss,0.054620094
3,linha_30-31,Ploss,0.056457818
4,linha_30-31,Ploss,0.05730299
5,linha_30-31,Ploss,0.056160961
6,linha_30-31,Ploss,0.04948923
7,linha_30-31,Ploss,0.041181642
8,linha_30-31,Ploss,0.039269817
9,linha_30-31,Ploss,0.037731961
10,linha_30-31,Ploss,0.036863141
11,linha_30-31,Ploss,0.036711719
12,linha_30-31,Ploss,0.036658501
13,linha_30-31,Ploss,0.035973433
14,linha_30-31,Ploss,0.03462073
15,linha_30-31,Ploss,0.034615419
16,linha_30-31,Ploss,0.036101579
17,linha_30-31,Ploss,0.038445438
18,linha_30-31,Ploss,0.044069405
19,linha_30-31,Ploss,0.056356658
20,linha_30-31,Ploss,0.059694292
21,linha_30-31,Ploss,0.060881637
22,linha_30-31,Ploss,0.065116296
23,linha_30-31,Ploss,0.068198483
24,linha_30-31,Ploss,0.067905985
1,linha_31-32,Ploss,0.0060078429
2,linha_31-32,Ploss,0.0061433179
3,linha_31-32,Ploss,0.0062415168
4,linha_31-32,Ploss,0.006286714
5,linha_31-32,Ploss,0.0062256745
6,linha_31-32,Ploss,0.0058691063
7,linha_31-32,Ploss,0.0054250559
8,linha_31-32,Ploss,0.0053228964
9,linha_31-32,Ploss,0.0051377978
10,linha_31-32,Ploss,0.0050194464
11,linha_31-32,Ploss,0.0049988282
12,linha_31-32,Ploss,0.0049916059
13,linha_31-32,Ploss,0.0048982994
14,linha_31-32,Ploss,0.0047141327
15,linha_31-32,Ploss,0.0047134338
16,linha_31-32,Ploss,0.0049157726
17,linha_31-32,Ploss,0.0052349483
18,linha_31-32,Ploss,0.0055794019
19,linha_31-32,Ploss,0.0062361584
20,linha_31-32,Ploss,0.0064145008
21,linha_31-32,Ploss,0.0064779865
22,linha_31-32,Ploss,0.0067043217
23,linha_31-32,Ploss,0.006869035
24,linha_31-32,Ploss,0.0068534257
1,linha_32-33,Ploss,0.0034014264
2,linha_32-33,Ploss,0.0034781275
3,linha_32-33,Ploss,0.0035337242
4,linha_32-33,Ploss,0.0035593132
5,linha_32-33,Ploss,0.0035247549
6,linha_32-33,Ploss,0.0033228786
7,linha_32-33,Ploss,0.0030714732
8,linha_32-33,Ploss,0.0030136341
9,linha_32-33,Ploss,0.0029088378
10,linha_32-33,Ploss,0.0028418315
11,linha_32-33,Ploss,0.0028301582
12,linha_32-33,Ploss,0.0028260692
13,linha_32-33,Ploss,0.0027732424
14,linha_32-33,Ploss,0.0026689738
15,linha_32-33,Ploss,0.0026685781
16,linha_32-33,Ploss,0.0027831351
17,linha_32-33,Ploss,0.002963841
18,linha_32-33,Ploss,0.0031588583
19,linha_32-33,Ploss,0.0035306905
20,linha_32-33,Ploss,0.0036316615
21,linha_32-33,Ploss,0.0036676049
22,linha_32-33,Ploss,0.0037957478
23,linha_32-33,Ploss,0.0038890026
24,linha_32-33,Ploss,0.0038801652
1,barra_1,theta,0.0
2,barra_1,theta,0.0
3,barra_1,theta,0.0
4,barra_1,theta,0.0
5,barra_1,theta,0.0
6,barra_1,theta,0.0
7,barra_1,theta,0.0
8,barra_1,theta,0.0
9,barra_1,theta,0.0
10,barra_1,theta,0.0
11,barra_1,theta,0.0
12,barra_1,theta,0.0
13,barra_1,theta,0.0
14,barra_1,theta,0.0
15,barra_1,theta,0.0
16,barra_1,theta,0.0
17,barra_1,theta,0.0
18,barra_1,theta,0.0
19,barra_1,theta,0.0
20,barra_1,theta,0.0
21,barra_1,theta,0.0
22,barra_1,theta,0.0
23,barra_1,theta,0.0
24,barra_1,theta,0.0
1,barra_2,theta,0.0024018797
2,barra_2,theta,0.0024560413
3,barra_2,theta,0.0024953003
4,barra_2,theta,0.0025133697
5,barra_2,theta,0.0024889667
6,barra_2,theta,0.0023464141
7,barra_2,theta,0.0021688869
8,barra_2,theta,0.0021280444
9,barra_2,theta,0.0020540437
10,barra_2,theta,0.002006728
11,barra_2,theta,0.001998485
12,barra_2,theta,0.0019955976
13,barra_2,theta,0.0019582945
14,barra_2,theta,0.0018846664
15,barra_2,theta,0.001884387
16,barra_2,theta,0.0019652801
17,barra_2,theta,0.0020928836
18,barra_2,theta,0.0022305929
19,barra_2,theta,0.0024931581
20,barra_2,theta,0.0025644577
21,barra_2,theta,0.0025898387
22,barra_2,theta,0.0026803254
23,barra_2,theta,0.0027461763
24,barra_2,theta,0.0027399358
1,barra_3,theta,0.08302151
2,barra_3,theta,0.084734867
3,barra_3,theta,0.085976848
4,barra_3,theta,0.086548194
5,barra_3,theta,0.085776315
6,barra_3,theta,0.081267106
7,barra_3,theta,0.075652032
8,barra_3,theta,0.074359968
9,barra_3,theta,0.072019289
10,barra_3,theta,0.070523065
11,barra_3,theta,0.070262335
12,barra_3,theta,0.070170808
13,barra_3,theta,0.068991092
14,barra_3,theta,0.066654427
15,barra_3,theta,0.066644973
16,barra_3,theta,0.069211851
17,barra_3,theta,0.073247814
18,barra_3,theta,0.077603825
19,barra_3,theta,0.085908691
20,barra_3,theta,0.088164329
21,barra_3,theta,0.088966944
22,barra_3,theta,0.091829083
23,barra_3,theta,0.093912176
24,barra_3,theta,0.093714589
1,barra_4,theta,0.12030151
2,barra_4,theta,0.12201487
3,barra_4,theta,0.12325685
4,barra_4,theta,0.12382819
5,barra_4,theta,0.12305631
6,barra_4,theta,0.11854711
7,barra_4,theta,0.11293203
8,barra_4,theta,0.11163997
9,barra_4,theta,0.10929929
10,barra_4,theta,0.10780307
11,barra_4,theta,0.090501133
12,barra_4,theta,0.08855977
13,barra_4,theta,0.086381262
14,barra_4,theta,0.089826051
15,barra_4,theta,0.082050906
16,barra_4,theta,0.10649185
17,barra_4,theta,0.11052781
18,barra_4,theta,0.11488383
19,barra_4,theta,0.12318869
20,barra_4,theta,0.12544433
21,barra_4,theta,0.12624694
22,barra_4,theta,0.12910908
23,barra_4,theta,0.13232079
24,barra_4,theta,0.131967
1,barra_5,theta,0.16550244
2,barra_5,theta,0.16741838
3,barra_5,theta,0.1688072
4,barra_5,theta,0.16944613
5,barra_5,theta,0.16858297
6,barra_5,theta,0.16354058
7,barra_5,theta,0.15726152
8,barra_5,theta,0.15581669
9,barra_5,theta,0.15319923
10,barra_5,theta,0.15152604
11,barra_5,theta,0.11808291
12,barra_5,theta,0.11434233
13,barra_5,theta,0.11104885
14,barra_5,theta,0.11978505
15,barra_5,theta,0.10450426
16,barra_5,theta,0.1500598
17,barra_5,theta,0.15457303
18,barra_5,theta,0.1594441
19,barra_5,theta,0.16873103
20,barra_5,theta,0.17125334
21,barra_5,theta,0.17215089
22,barra_5,theta,0.17535147
23,barra_5,theta,0.17974832
24,barra_5,theta,0.17924126
1,barra_6,theta,0.39761884
2,barra_6,theta,0.40204015
3,barra_6,theta,0.40524515
4,barra_6,theta,0.40671916
5,barra_6,theta,0.40472745
6,barra_6,theta,0.39309187
7,barra_6,theta,0.37860328
8,barra_6,theta,0.37526905
9,barra_6,theta,0.36922928
10,barra_6,theta,0.36536901
11,barra_6,theta,0.28731874
12,barra_6,theta,0.27841157
13,barra_6,theta,0.27061889
14,barra_6,theta,0.29154517
15,barra_6,theta,0.25514333
16,barra_6,theta,0.36198537
17,barra_6,theta,0.3723993
18,barra_6,theta,0.38363958
19,barra_6,theta,0.40506877
20,barra_6,theta,0.41088961
21,barra_6,theta,0.41296038
22,barra_6,theta,0.42034569
23,barra_6,theta,0.43021987
24,barra_6,theta,0.42908714
1,barra_7,theta,0.23778484
2,barra_7,theta,0.23870027
3,barra_7,theta,0.23936387
4,barra_7,theta,0.23966904
5,barra_7,theta,0.23925667
6,barra_7,theta,0.23684755
7,barra_7,theta,0.23602845
8,barra_7,theta,0.23730196
9,barra_7,theta,0.23960879
10,barra_7,theta,0.24108312
11,barra_7,theta,0.16397742
12,barra_7,theta,0.15540903
13,barra_7,theta,0.1519773
14,barra_7,theta,0.17914665
15,barra_7,theta,0.14276208
16,barra_7,theta,0.24252803
17,barra_7,theta,0.23839803
18,barra_7,theta,0.23489051
19,barra_7,theta,0.23932731
20,barra_7,theta,0.24288708
21,barra_7,theta,0.28920038
22,barra_7,theta,0.29142335
23,barra_7,theta,0.25049336
24,barra_7,theta,0.24737388
1,barra_8,theta,0.20979368
2,barra_8,theta,0.21007793
3,barra_8,theta,0.21028401
4,barra_8,theta,0.2103786
5,barra_8,theta,0.21025061
6,barra_8,theta,0.20950278
7,barra_8,theta,0.21169461
8,barra_8,theta,0.21429248
9,barra_8,theta,0.21899848
10,barra_8,theta,0.22200638
11,barra_8,theta,0.14516793
12,barra_8,theta,0.13669336
13,barra_8,theta,0.1344708
14,barra_8,theta,0.16304081
15,barra_8,theta,0.12665863
16,barra_8,theta,0.22479528
17,barra_8,theta,0.2165285
18,barra_8,theta,0.20889551
19,barra_8,theta,0.21027242
20,barra_8,theta,0.21401843
21,barra_8,theta,0.27985799
22,barra_8,theta,0.28132619
23,barra_8,theta,0.21952282
24,barra_8,theta,0.21544307
1,barra_9,theta,0.14713244
2,barra_9,theta,0.14600369
3,barra_9,theta,0.14518557
4,barra_9,theta,0.14480875
5,barra_9,theta,0.1453174
6,barra_9,theta,0.14828854
7,barra_9,theta,0.15865262
8,barra_9,theta,0.16550481
9,barra_9,theta,0.17791754
10,barra_9,theta,0.18585147
11,barra_9,theta,0.10987147
12,barra_9,theta,0.10169843
13,barra_9,theta,0.10335994
14,barra_9,theta,0.13589025
15,barra_9,theta,0.099512104
16,barra_9,theta,0.19295773
17,barra_9,theta,0.17140262
18,barra_9,theta,0.15070286
19,barra_9,theta,0.14522986
20,barra_9,theta,0.15093894
21,barra_9,theta,0.28861057
22,barra_9,theta,0.28907525
23,barra_9,theta,0.15176211
24,barra_9,theta,0.14396247
1,barra_10,theta,0.11257476
2,barra_10,theta,0.11066675
3,barra_10,theta,0.10928377
4,barra_10,theta,0.10864698
5,barra_10,theta,0.10950674
6,barra_10,theta,0.11452889
7,barra_10,theta,0.13180801
8,barra_10,theta,0.14317509
9,barra_10,theta,0.16376633
10,barra_10,theta,0.17692753
11,barra_10,theta,0.10185855
12,barra_10,theta,0.094005629
13,barra_10,theta,0.099788842
14,barra_10,theta,0.13589025
15,barra_10,theta,0.099512104
16,barra_10,theta,0.1886156
17,barra_10,theta,0.15295884
18,barra_10,theta,0.11860962
19,barra_10,theta,0.10935889
20,barra_10,theta,0.11875063
21,barra_10,theta,0.33298146
22,barra_10,theta,0.33393297
23,barra_10,theta,0.1170326
24,barra_10,theta,0.10454092
1,barra_11,theta,0.11257476
2,barra_11,theta,0.11066675
3,barra_11,theta,0.10928377
4,barra_11,theta,0.10864698
5,barra_11,theta,0.10950674
6,barra_11,theta,0.11452889
7,barra_11,theta,0.13222289
8,barra_11,theta,0.1439636
9,barra_11,theta,0.16523163
10,barra_11,theta,0.17882538
11,barra_11,theta,0.10383178
12,barra_11,theta,0.096005365
13,barra_11,theta,0.10212965
14,barra_11,theta,0.13847002
15,barra_11,theta,0.10209149
16,barra_11,theta,0.19089261
17,barra_11,theta,0.15406892
18,barra_11,theta,0.11860962
19,barra_11,theta,0.10935889
20,barra_11,theta,0.11919859
21,barra_11,theta,0.33994973
22,barra_11,theta,0.34106266
23,barra_11,theta,0.11748753
24,barra_11,theta,0.10454092
1,barra_12,theta,0.11872932
2,barra_12,theta,0.11696009
3,barra_12,theta,0.11567771
4,barra_12,theta,0.11508722
5,barra_12,theta,0.11588445
6,barra_12,theta,0.12054133
7,barra_12,theta,0.13852713
8,barra_12,theta,0.15083563
9,barra_12,theta,0.17313212
10,barra_12,theta,0.18738312
11,barra_12,theta,0.11250408
12,barra_12,theta,0.10471797
13,barra_12,theta,0.11136051
14,barra_12,theta,0.14794231
15,barra_12,theta,0.11156237
16,barra_12,theta,0.20002657
17,barra_12,theta,0.16142962
18,barra_12,theta,0.12432527
19,barra_12,theta,0.11574734
20,barra_12,theta,0.12657597
21,barra_12,theta,0.35912731
22,barra_12,theta,0.36076262
23,barra_12,theta,0.12534309
24,barra_12,theta,0.11156171
1,barra_13,theta,0.21886769
2,barra_13,theta,0.21935655
3,barra_13,theta,0.21971095
4,barra_13,theta,0.21987381
5,barra_13,theta,0.21965363
6,barra_13,theta,0.21836725
7,barra_13,theta,0.23479879
8,barra_13,theta,0.2506703
9,barra_13,theta,0.27942001
10,barra_13,theta,0.29779446
11,barra_13,theta,0.22363425
12,barra_13,theta,0.21610128
13,barra_13,theta,0.22599548
14,barra_13,theta,0.26287544
15,barra_13,theta,0.22647846
16,barra_13,theta,0.31405371
17,barra_13,theta,0.26433048
18,barra_13,theta,0.21732242
19,barra_13,theta,0.21969126
20,barra_13,theta,0.23980582
21,barra_13,theta,0.56531012
22,barra_13,theta,0.57299296
23,barra_13,theta,0.2462474
24,barra_13,theta,0.22579421
1,barra_14,theta,0.37240314
2,barra_14,theta,0.37605522
3,barra_14,theta,0.37870265
4,barra_14,theta,0.37991999
5,barra_14,theta,0.37827487
6,barra_14,theta,0.36866395
7,barra_14,theta,0.37737879
8,barra_14,theta,0.3932503
9,barra_14,theta,0.42200001
10,barra_14,theta,0.44037446
11,barra_14,theta,0.36621425
12,barra_14,theta,0.35868128
13,barra_14,theta,0.36857548
14,barra_14,theta,0.40239616
15,barra_14,theta,0.36597782
16,barra_14,theta,0.45663371
17,barra_14,theta,0.40691048
18,barra_14,theta,0.36085671
19,barra_14,theta,0.37855664
20,barra_14,theta,0.40569578
21,barra_14,theta,0.77431117
22,barra_14,theta,0.7883083
23,barra_14,theta,0.4227928
24,barra_14,theta,0.39907003
1,barra_15,theta,0.39213202
2,barra_15,theta,0.40236087
3,barra_15,theta,0.42537537
4,barra_15,theta,0.45704058
5,barra_15,theta,0.3973327
6,barra_15,theta,0.38308944
7,barra_15,theta,0.37799335
8,barra_15,theta,0.365608
9,barra_15,theta,0.3770789
10,barra_15,theta,0.38169285
11,barra_15,theta,0.29937871
12,barra_15,theta,0.2844874
13,barra_15,theta,0.29108856
14,barra_15,theta,0.32591399
15,barra_15,theta,0.29723176
16,barra_15,theta,0.39890709
17,barra_15,theta,0.36661629
18,barra_15,theta,0.36559616
19,barra_15,theta,0.42606336
20,barra_15,theta,0.58681872
21,barra_15,theta,0.97879258
22,barra_15,theta,0.9987083
23,barra_15,theta,0.61473869
24,barra_15,theta,0.42656679
1,barra_16,theta,0.48849821
2,barra_16,theta,0.50646336
3,barra_16,theta,0.54742511
4,barra_16,theta,0.60386137
5,barra_16,theta,0.49593575
6,barra_16,theta,0.47283242
7,barra_16,theta,0.44940802
8,barra_16,theta,0.40690343
9,barra_16,theta,0.39831253
10,barra_16,theta,0.38733019
11,barra_16,theta,0.2959432
12,barra_16,theta,0.27221583
13,barra_16,theta,0.27349724
14,barra_16,theta,0.30672017
15,barra_16,theta,0.28720066
16,barra_16,theta,0.40416502
17,barra_16,theta,0.39384359
18,barra_16,theta,0.44276878
19,barra_16,theta,0.54871507
20,barra_16,theta,0.80974965
21,barra_16,theta,1.2168724
22,barra_16,theta,1.2427757
23,barra_16,theta,0.84903432
24,barra_16,theta,0.54035901
1,barra_17,theta,0.8165656
2,barra_17,theta,0.85527569
3,barra_17,theta,0.93066755
4,barra_17,theta,1.0313647
5,barra_17,theta,0.83264401
6,barra_17,theta,0.78194013
7,barra_17,theta,0.70526195
8,barra_17,theta,0.58345742
9,barra_17,theta,0.52051457
10,barra_17,theta,0.46761271
11,barra_17,theta,0.35103666
12,barra_17,theta,0.30065361
13,barra_17,theta,0.28472279
14,barra_17,theta,0.31071839
15,barra_17,theta,0.31873282
16,barra_17,theta,0.48210863
17,barra_17,theta,0.53283152
18,barra_17,theta,0.71554697
19,barra_17,theta,0.93296432
20,barra_17,theta,1.3714525
21,barra_17,theta,1.8008761
22,barra_17,theta,1.837738
23,barra_17,theta,1.4318026
24,barra_17,theta,0.91552681
1,barra_18,theta,0.98131919
2,barra_18,theta,1.0262886
3,barra_18,theta,1.1086458
4,barra_18,theta,1.2173138
5,barra_18,theta,1.0020968
6,barra_18,theta,0.9404955
7,barra_18,theta,0.84574926
8,barra_18,theta,0.70381501
9,barra_18,theta,0.62436658
10,barra_18,theta,0.55848716
11,barra_18,theta,0.43480796
12,barra_18,theta,0.3771087
13,barra_18,theta,0.3552335
14,barra_18,theta,0.3767352
15,barra_18,theta,0.39219343
16,barra_18,theta,0.57092132
17,barra_18,theta,0.64256597
18,barra_18,theta,0.86193683
19,barra_18,theta,1.1110455
20,barra_18,theta,1.581459
21,barra_18,theta,2.015392
22,barra_18,theta,2.0568352
23,barra_18,theta,1.6508515
24,barra_18,theta,1.0995672
1,barra_19,theta,-0.037112202
2,barra_19,theta,-0.037927158
3,barra_19,theta,-0.038517919
4,barra_19,theta,-0.038789606
5,barra_19,theta,-0.038422488
6,barra_19,theta,-0.036277778
7,barra_19,theta,-0.033607209
8,barra_19,theta,-0.032992627
9,barra_19,theta,-0.031879361
10,barra_19,theta,-0.031167842
11,barra_19,theta,-0.031043834
12,barra_19,theta,-0.031000247
13,barra_19,theta,-0.03043921
14,barra_19,theta,-0.029328691
15,barra_19,theta,-0.029324188
16,barra_19,theta,-0.030544152
17,barra_19,theta,-0.032463668
18,barra_19,theta,-0.034535515
19,barra_19,theta,-0.038485393
20,barra_19,theta,-0.039558322
21,barra_19,theta,-0.039940004
22,barra_19,theta,-0.041301285
23,barra_19,theta,-0.042292094
24,barra_19,theta,-0.042198064
1,barra_20,theta,-0.20243223
2,barra_20,theta,-0.20697511
3,barra_20,theta,-0.21026804
4,barra_20,theta,-0.21178344
5,barra_20,theta,-0.20973667
6,barra_20,theta,-0.19778014
7,barra_20,theta,-0.18289048
8,barra_20,theta,-0.17946473
9,barra_20,theta,-0.17325804
10,barra_20,theta,-0.1692898
11,barra_20,theta,-0.16859844
12,barra_20,theta,-0.16835611
13,barra_20,theta,-0.16522753
14,barra_20,theta,-0.15904922
15,barra_20,theta,-0.15902549
16,barra_20,theta,-0.16581328
17,barra_20,theta,-0.17651568
18,barra_20,theta,-0.18806598
19,barra_20,theta,-0.21008807
20,barra_20,theta,-0.21606851
21,barra_20,theta,-0.21819715
22,barra_20,theta,-0.22578658
23,barra_20,theta,-0.23130987
24,barra_20,theta,-0.23078631
1,barra_21,theta,-0.2466998
2,barra_21,theta,-0.25224089
3,barra_21,theta,-0.25625739
4,barra_21,theta,-0.25810581
5,barra_21,theta,-0.25560929
6,barra_21,theta,-0.24102546
7,barra_21,theta,-0.2228639
8,barra_21,theta,-0.21868541
9,barra_21,theta,-0.21111486
10,barra_21,theta,-0.20627457
11,barra_21,theta,-0.20543128
12,barra_21,theta,-0.20513575
13,barra_21,theta,-0.20131965
14,barra_21,theta,-0.19378435
15,barra_21,theta,-0.19375547
16,barra_21,theta,-0.20203415
17,barra_21,theta,-0.21508833
18,barra_21,theta,-0.22917667
19,barra_21,theta,-0.25603793
20,barra_21,theta,-0.26333245
21,barra_21,theta,-0.26592888
22,barra_21,theta,-0.27518601
23,barra_21,theta,-0.28192296
24,barra_21,theta,-0.28128438
1,barra_22,theta,-0.29184099
2,barra_22,theta,-0.2984
3,barra_22,theta,-0.30315434
4,barra_22,theta,-0.30534236
5,barra_22,theta,-0.3023872
6,barra_22,theta,-0.28512422
7,barra_22,theta,-0.2636262
8,barra_22,theta,-0.25868011
9,barra_22,theta,-0.24971878
10,barra_22,theta,-0.24398924
11,barra_22,theta,-0.24299103
12,barra_22,theta,-0.24264122
13,barra_22,theta,-0.23812405
14,barra_22,theta,-0.22920498
15,barra_22,theta,-0.22917084
16,barra_22,theta,-0.23896984
17,barra_22,theta,-0.25442221
18,barra_22,theta,-0.27109867
19,barra_22,theta,-0.30289462
20,barra_22,theta,-0.31152915
21,barra_22,theta,-0.31460259
22,barra_22,theta,-0.32556034
23,barra_22,theta,-0.33353489
24,barra_22,theta,-0.33277904
1,barra_23,theta,0.12359892
2,barra_23,theta,0.12731628
3,barra_23,theta,0.1300109
4,barra_23,theta,0.13125056
5,barra_23,theta,0.12957585
6,barra_23,theta,0.11979248
7,barra_23,theta,0.10760971
8,barra_23,theta,0.10480641
9,barra_23,theta,0.099727962
10,barra_23,theta,0.096481614
11,barra_23,theta,0.12387178
12,barra_23,theta,0.12670786
13,barra_23,theta,0.12578677
14,barra_23,theta,0.11123394
15,barra_23,theta,0.12395304
16,barra_23,theta,0.093636772
17,barra_23,theta,0.10239343
18,barra_23,theta,0.11184441
19,barra_23,theta,0.12986309
20,barra_23,theta,0.13475697
21,barra_23,theta,0.1364984
22,barra_23,theta,0.14270824
23,barra_23,theta,0.14524557
24,barra_23,theta,0.14509125
1,barra_24,theta,0.23893218
2,barra_24,theta,0.24744487
3,barra_24,theta,0.25361551
4,barra_24,theta,0.25645445
5,barra_24,theta,0.25261934
6,barra_24,theta,0.23021535
7,barra_24,theta,0.20231645
8,barra_24,theta,0.19589697
9,barra_24,theta,0.18426721
10,barra_24,theta,0.17683279
11,barra_24,theta,0.25983216
12,barra_24,theta,0.26852786
13,barra_24,theta,0.26760677
14,barra_24,theta,0.2274062
15,barra_24,theta,0.26577304
16,barra_24,theta,0.17031816
17,barra_24,theta,0.19037119
18,barra_24,theta,0.21201401
19,barra_24,theta,0.25327725
20,barra_24,theta,0.2644841
21,barra_24,theta,0.26847211
22,barra_24,theta,0.28269276
23,barra_24,theta,0.28706557
24,barra_24,theta,0.28691125
1,barra_25,theta,0.42603528
2,barra_25,theta,0.43987767
3,barra_25,theta,0.44991177
4,barra_25,theta,0.45452769
5,barra_25,theta,0.44829161
6,barra_25,theta,0.4118613
7,barra_25,theta,0.36649667
8,barra_25,theta,0.35605794
9,barra_25,theta,0.3371474
10,barra_25,theta,0.32505934
11,barra_25,theta,0.44720766
12,barra_25,theta,0.45995612
13,barra_25,theta,0.45770775
14,barra_25,theta,0.39669445
15,barra_25,theta,0.45324214
16,barra_25,theta,0.3144659
17,barra_25,theta,0.34707276
18,barra_25,theta,0.38226537
19,barra_25,theta,0.44936106
20,barra_25,theta,0.46758461
21,barra_25,theta,0.47406898
22,barra_25,theta,0.49719244
23,barra_25,theta,0.50521167
24,barra_25,theta,0.50483466
1,barra_26,theta,0.37700081
2,barra_26,theta,0.38097251
3,barra_26,theta,0.3838533
4,barra_26,theta,0.38517824
5,barra_26,theta,0.38338799
6,barra_26,theta,0.37294996
7,barra_26,theta,0.3599852
8,barra_26,theta,0.35700167
9,barra_26,theta,0.35159714
10,barra_26,theta,0.34814283
11,barra_26,theta,0.27016331
12,barra_26,theta,0.26128104
13,barra_26,theta,0.25380847
14,barra_26,theta,0.27536688
15,barra_26,theta,0.23896755
16,barra_26,theta,0.34511508
17,barra_26,theta,0.35443375
18,barra_26,theta,0.36449181
19,barra_26,theta,0.38369481
20,barra_26,theta,0.38875912
21,barra_26,theta,0.39043697
22,barra_26,theta,0.39642078
23,barra_26,theta,0.40527486
24,barra_26,theta,0.40423896
1,barra_27,theta,0.36974414
2,barra_27,theta,0.37355221
3,barra_27,theta,0.37631439
4,barra_27,theta,0.37758474
5,barra_27,theta,0.37586821
6,barra_27,theta,0.36586087
7,barra_27,theta,0.35343246
8,barra_27,theta,0.35057232
9,barra_27,theta,0.34539137
10,barra_27,theta,0.34208001
11,barra_27,theta,0.2641254
12,barra_27,theta,0.25525185
13,barra_27,theta,0.24789198
14,barra_27,theta,0.26967284
15,barra_27,theta,0.23327435
16,barra_27,theta,0.33917749
17,barra_27,theta,0.34811063
18,barra_27,theta,0.35775264
19,barra_27,theta,0.37616236
20,barra_27,theta,0.380755
21,barra_27,theta,0.38207578
22,barra_27,theta,0.38678614
23,barra_27,theta,0.39471333
24,barra_27,theta,0.39376539
1,barra_28,theta,0.36974414
2,barra_28,theta,0.37355221
3,barra_28,theta,0.37631439
4,barra_28,theta,0.37758474
5,barra_28,theta,0.37586821
6,barra_28,theta,0.36586087
7,barra_28,theta,0.35343246
8,barra_28,theta,0.35057232
9,barra_28,theta,0.34539137
10,barra_28,theta,0.34208001
11,barra_28,theta,0.2641254
12,barra_28,theta,0.25525185
13,barra_28,theta,0.24789198
14,barra_28,theta,0.26967284
15,barra_28,theta,0.23327435
16,barra_28,theta,0.33917749
17,barra_28,theta,0.34811063
18,barra_28,theta,0.35775264
19,barra_28,theta,0.37616236
20,barra_28,theta,0.37885298
21,barra_28,theta,0.37809276
22,barra_28,theta,0.37538052
23,barra_28,theta,0.377905
24,barra_28,theta,0.37746996
1,barra_29,theta,0.40318803
2,barra_29,theta,0.40775025
3,barra_29,theta,0.41105907
4,barra_29,theta,0.41258102
5,barra_29,theta,0.4105247
6,barra_29,theta,0.39853245
7,barra_29,theta,0.38363214
8,barra_29,theta,0.38020331
9,barra_29,theta,0.37399197
10,barra_29,theta,0.37002179
11,barra_29,theta,0.2919524
12,barra_29,theta,0.28303864
13,barra_29,theta,0.27515937
14,barra_29,theta,0.29591503
15,barra_29,theta,0.25951265
16,barra_29,theta,0.36654215
17,barra_29,theta,0.37725205
18,barra_29,theta,0.38881152
19,barra_29,theta,0.41087722
20,barra_29,theta,0.41309978
21,barra_29,theta,0.41109466
22,barra_29,theta,0.40394149
23,barra_29,theta,0.40323335
24,barra_29,theta,0.40310534
1,barra_30,theta,0.45205176
2,barra_30,theta,0.45771609
3,barra_30,theta,0.46182384
4,barra_30,theta,0.46371315
5,barra_30,theta,0.46116038
6,barra_30,theta,0.44626779
7,barra_30,theta,0.4277561
8,barra_30,theta,0.42349612
9,barra_30,theta,0.4157793
10,barra_30,theta,0.41084702
11,barra_30,theta,0.33260994
12,barra_30,theta,0.32363719
13,barra_30,theta,0.31499927
14,barra_30,theta,0.33425679
15,barra_30,theta,0.29784847
16,barra_30,theta,0.40652391
17,barra_30,theta,0.41982954
18,barra_30,theta,0.43419083
19,barra_30,theta,0.46159792
20,barra_30,theta,0.46479978
21,barra_30,theta,0.46279466
22,barra_30,theta,0.45564149
23,barra_30,theta,0.45493335
24,barra_30,theta,0.45480534
1,barra_31,theta,0.23785913
2,barra_31,theta,0.23934764
3,barra_31,theta,0.24042836
4,barra_31,theta,0.24092553
5,barra_31,theta,0.24025387
6,barra_31,theta,0.23635073
7,barra_31,theta,0.23152304
8,barra_31,theta,0.23041216
9,barra_31,theta,0.22932672
10,barra_31,theta,0.22868772
11,barra_31,theta,0.15119888
12,barra_31,theta,0.14248912
13,barra_31,theta,0.13723646
14,barra_31,theta,0.16317837
15,barra_31,theta,0.12679629
16,barra_31,theta,0.22812787
17,barra_31,theta,0.22985132
18,barra_31,theta,0.23320114
19,barra_31,theta,0.24036906
20,barra_31,theta,0.23807328
21,barra_31,theta,0.23411241
22,barra_31,theta,0.21998404
23,barra_31,theta,0.21419903
24,barra_31,theta,0.21455281
1,barra_32,theta,0.20284724
2,barra_32,theta,0.20354625
3,barra_32,theta,0.20405469
4,barra_32,theta,0.20428846
5,barra_32,theta,0.20397252
6,barra_32,theta,0.20214736
7,barra_32,theta,0.19990745
8,barra_32,theta,0.19939193
9,barra_32,theta,0.19938519
10,barra_32,theta,0.19943591
11,barra_32,theta,0.12206723
12,barra_32,theta,0.11339955
13,barra_32,theta,0.10869065
14,barra_32,theta,0.13570583
15,barra_32,theta,0.099327829
16,barra_32,theta,0.19948024
17,barra_32,theta,0.19934362
18,barra_32,theta,0.20068607
19,barra_32,theta,0.20402662
20,barra_32,theta,0.20069151
21,barra_32,theta,0.19636067
22,barra_32,theta,0.18091329
23,barra_32,theta,0.17416837
24,barra_32,theta,0.17461312
1,barra_33,theta,0.17640389
2,barra_33,theta,0.17650661
3,barra_33,theta,0.17658284
4,barra_33,theta,0.17661767
5,barra_33,theta,0.1765704
6,barra_33,theta,0.17631466
7,barra_33,theta,0.17602922
8,barra_33,theta,0.17596335
9,barra_33,theta,0.17677133
10,barra_33,theta,0.17734296
11,barra_33,theta,0.10006503
12,barra_33,theta,0.09142914
13,barra_33,theta,0.08713093
14,barra_33,theta,0.11495671
15,barra_33,theta,0.078581786
16,barra_33,theta,0.17784361
17,barra_33,theta,0.17630215
18,barra_33,theta,0.17612849
19,barra_33,theta,0.17657835
20,barra_33,theta,0.17245827
21,barra_33,theta,0.16784799
22,barra_33,theta,0.15140441
23,barra_33,theta,0.14393451
24,barra_33,theta,0.14444797
