tempo,entidade,variavel,valor
INFO,GERAL,custo_total,1302.4925899803195
INFO,GERAL,num_barras,33.0
INFO,GERAL,num_baterias,2.0
INFO,GERAL,periodos_tempo,24.0
1,barra_1,PS,0.0577125
2,barra_1,PS,0.059014
3,barra_1,PS,0.059958
4,barra_1,PS,0.0603915
5,barra_1,PS,0.0
6,barra_1,PS,0.05638
7,barra_1,PS,0.0
8,barra_1,PS,0.0511325
9,barra_1,PS,0.0
10,barra_1,PS,0.033993057
11,barra_1,PS,0.0
12,barra_1,PS,0.0
13,barra_1,PS,0.0
14,barra_1,PS,0.0
15,barra_1,PS,0.0
16,barra_1,PS,0.01683477
17,barra_1,PS,0.0502875
18,barra_1,PS,0.053597
19,barra_1,PS,0.0
20,barra_1,PS,0.0
21,barra_1,PS,0.062229
22,barra_1,PS,0.0644035
23,barra_1,PS,0.065986
24,barra_1,PS,0.0658355
1,barra_2,PS,0.0577125
2,barra_2,PS,0.059014
3,barra_2,PS,0.059958
4,barra_2,PS,0.0
5,barra_2,PS,0.0
6,barra_2,PS,0.05638
7,barra_2,PS,0.0
8,barra_2,PS,0.0
9,barra_2,PS,0.0
10,barra_2,PS,0.0
11,barra_2,PS,0.0
12,barra_2,PS,0.0
13,barra_2,PS,0.0
14,barra_2,PS,0.0
15,barra_2,PS,0.0
16,barra_2,PS,0.0
17,barra_2,PS,0.0502875
18,barra_2,PS,0.053597
19,barra_2,PS,0.0599055
20,barra_2,PS,0.0616195
21,barra_2,PS,0.0
22,barra_2,PS,0.0644035
23,barra_2,PS,0.065986
24,barra_2,PS,0.0
1,barra_3,PS,0.0577125
2,barra_3,PS,0.059014
3,barra_3,PS,0.059958
4,barra_3,PS,0.0603915
5,barra_3,PS,0.0
6,barra_3,PS,0.05638
7,barra_3,PS,0.0
8,barra_3,PS,0.0
9,barra_3,PS,0.0
10,barra_3,PS,0.0
11,barra_3,PS,0.0
12,barra_3,PS,0.0
13,barra_3,PS,0.0
14,barra_3,PS,0.0
15,barra_3,PS,0.0
16,barra_3,PS,0.0
17,barra_3,PS,0.0502875
18,barra_3,PS,0.0
19,barra_3,PS,0.0
20,barra_3,PS,0.0
21,barra_3,PS,0.062229
22,barra_3,PS,0.0644035
23,barra_3,PS,0.0
24,barra_3,PS,0.0658355
1,barra_4,PS,0.0577125
2,barra_4,PS,0.059014
3,barra_4,PS,0.0
4,barra_4,PS,0.0603915
5,barra_4,PS,0.0598055
6,barra_4,PS,0.05638
7,barra_4,PS,0.0
8,barra_4,PS,0.0
9,barra_4,PS,0.017860241
10,barra_4,PS,0.0
11,barra_4,PS,0.0
12,barra_4,PS,0.0
13,barra_4,PS,0.0
14,barra_4,PS,0.0
15,barra_4,PS,0.0
16,barra_4,PS,0.0
17,barra_4,PS,0.049852844
18,barra_4,PS,0.053597
19,barra_4,PS,0.0599055
20,barra_4,PS,0.0
21,barra_4,PS,0.062229
22,barra_4,PS,0.0
23,barra_4,PS,0.0
24,barra_4,PS,0.0658355
1,barra_5,PS,0.0
2,barra_5,PS,0.059014
3,barra_5,PS,0.0
4,barra_5,PS,0.0
5,barra_5,PS,0.0
6,barra_5,PS,0.046030183
7,barra_5,PS,0.0
8,barra_5,PS,0.0
9,barra_5,PS,0.0
10,barra_5,PS,0.0
11,barra_5,PS,0.0
12,barra_5,PS,0.0
13,barra_5,PS,0.0
14,barra_5,PS,0.0
15,barra_5,PS,0.0
16,barra_5,PS,0.0
17,barra_5,PS,0.0
18,barra_5,PS,0.0
19,barra_5,PS,0.0
20,barra_5,PS,0.0
21,barra_5,PS,0.0
22,barra_5,PS,0.0644035
23,barra_5,PS,0.065986
24,barra_5,PS,0.0
1,barra_6,PS,0.0
2,barra_6,PS,0.0
3,barra_6,PS,0.0
4,barra_6,PS,0.0
5,barra_6,PS,0.0
6,barra_6,PS,0.012
7,barra_6,PS,0.048
8,barra_6,PS,0.1
9,barra_6,PS,0.18
10,barra_6,PS,0.26
11,barra_6,PS,0.32
12,barra_6,PS,0.368
13,barra_6,PS,0.4
14,barra_6,PS,0.384
15,barra_6,PS,0.336
16,barra_6,PS,0.26
17,barra_6,PS,0.152
18,barra_6,PS,0.06
19,barra_6,PS,0.012
20,barra_6,PS,0.0
21,barra_6,PS,0.0
22,barra_6,PS,0.0
23,barra_6,PS,0.0
24,barra_6,PS,0.0
1,barra_7,PS,0.0
2,barra_7,PS,0.059014
3,barra_7,PS,0.0
4,barra_7,PS,0.0
5,barra_7,PS,0.0
6,barra_7,PS,0.05638
7,barra_7,PS,0.052114
8,barra_7,PS,0.0
9,barra_7,PS,0.0
10,barra_7,PS,0.0
11,barra_7,PS,0.0
12,barra_7,PS,0.0
13,barra_7,PS,0.0
14,barra_7,PS,0.0
15,barra_7,PS,0.0
16,barra_7,PS,0.0
17,barra_7,PS,0.0
18,barra_7,PS,0.0
19,barra_7,PS,0.0599055
20,barra_7,PS,0.0
21,barra_7,PS,0.062229
22,barra_7,PS,0.0644035
23,barra_7,PS,0.065986
24,barra_7,PS,0.0658355
1,barra_8,PS,0.0577125
2,barra_8,PS,0.059014
3,barra_8,PS,0.059958
4,barra_8,PS,0.0
5,barra_8,PS,0.0598055
6,barra_8,PS,0.05638
7,barra_8,PS,0.0
8,barra_8,PS,0.0511325
9,barra_8,PS,0.0
10,barra_8,PS,0.0
11,barra_8,PS,0.0
12,barra_8,PS,0.0
13,barra_8,PS,0.0
14,barra_8,PS,0.0
15,barra_8,PS,0.0
16,barra_8,PS,0.0
17,barra_8,PS,0.0
18,barra_8,PS,0.0
19,barra_8,PS,0.0599055
20,barra_8,PS,0.0
21,barra_8,PS,0.0
22,barra_8,PS,0.0644035
23,barra_8,PS,0.0
24,barra_8,PS,0.0658355
1,barra_9,PS,0.0
2,barra_9,PS,0.0
3,barra_9,PS,0.0
4,barra_9,PS,0.0603915
5,barra_9,PS,0.0598055
6,barra_9,PS,0.05638
7,barra_9,PS,0.0
8,barra_9,PS,0.0
9,barra_9,PS,0.0493545
10,barra_9,PS,0.0
11,barra_9,PS,0.0
12,barra_9,PS,0.0
13,barra_9,PS,0.0
14,barra_9,PS,0.0
15,barra_9,PS,0.0
16,barra_9,PS,0.0
17,barra_9,PS,0.0502875
18,barra_9,PS,0.053597
19,barra_9,PS,0.0
20,barra_9,PS,0.0
21,barra_9,PS,0.062229
22,barra_9,PS,0.0644035
23,barra_9,PS,0.0
24,barra_9,PS,0.0
1,barra_10,PS,0.0
2,barra_10,PS,0.0
3,barra_10,PS,0.059958
4,barra_10,PS,0.0
5,barra_10,PS,0.0
6,barra_10,PS,0.0
7,barra_10,PS,0.0
8,barra_10,PS,0.0
9,barra_10,PS,0.0493545
10,barra_10,PS,0.0
11,barra_10,PS,0.0
12,barra_10,PS,0.0
13,barra_10,PS,0.0
14,barra_10,PS,0.0
15,barra_10,PS,0.0
16,barra_10,PS,0.0
17,barra_10,PS,0.0502875
18,barra_10,PS,0.053597
19,barra_10,PS,0.0
20,barra_10,PS,0.0616195
21,barra_10,PS,0.062229
22,barra_10,PS,0.0
23,barra_10,PS,0.0
24,barra_10,PS,0.0
1,barra_11,PS,0.0577125
2,barra_11,PS,0.0
3,barra_11,PS,0.0
4,barra_11,PS,0.0
5,barra_11,PS,0.0
6,barra_11,PS,0.05638
7,barra_11,PS,0.0
8,barra_11,PS,0.0511325
9,barra_11,PS,0.0
10,barra_11,PS,0.0
11,barra_11,PS,0.0
12,barra_11,PS,0.0
13,barra_11,PS,0.0
14,barra_11,PS,0.0
15,barra_11,PS,0.0
16,barra_11,PS,0.0
17,barra_11,PS,0.0502875
18,barra_11,PS,0.0
19,barra_11,PS,0.0599055
20,barra_11,PS,0.0616195
21,barra_11,PS,0.062229
22,barra_11,PS,0.0
23,barra_11,PS,0.065986
24,barra_11,PS,0.0
1,barra_12,PS,0.0577125
2,barra_12,PS,0.059014
3,barra_12,PS,0.0
4,barra_12,PS,0.0
5,barra_12,PS,0.0598055
6,barra_12,PS,0.05638
7,barra_12,PS,0.052114
8,barra_12,PS,0.015813453
9,barra_12,PS,0.0
10,barra_12,PS,0.0
11,barra_12,PS,0.0
12,barra_12,PS,0.0
13,barra_12,PS,0.0
14,barra_12,PS,0.0
15,barra_12,PS,0.0
16,barra_12,PS,0.0
17,barra_12,PS,0.0
18,barra_12,PS,0.0
19,barra_12,PS,0.0
20,barra_12,PS,0.0616195
21,barra_12,PS,0.055839684
22,barra_12,PS,0.0
23,barra_12,PS,0.065986
24,barra_12,PS,0.0658355
1,barra_13,PS,0.0
2,barra_13,PS,0.036339664
3,barra_13,PS,0.04017798
4,barra_13,PS,0.041940739
5,barra_13,PS,0.0
6,barra_13,PS,0.0
7,barra_13,PS,0.0
8,barra_13,PS,0.0
9,barra_13,PS,0.0
10,barra_13,PS,0.0
11,barra_13,PS,0.0
12,barra_13,PS,0.0
13,barra_13,PS,0.0
14,barra_13,PS,0.0
15,barra_13,PS,0.0
16,barra_13,PS,0.0
17,barra_13,PS,0.0
18,barra_13,PS,0.0
19,barra_13,PS,0.029422488
20,barra_13,PS,0.0
21,barra_13,PS,0.0
22,barra_13,PS,0.0
23,barra_13,PS,0.0
24,barra_13,PS,0.064078148
1,barra_14,PS,0.0
2,barra_14,PS,0.0
3,barra_14,PS,0.0
4,barra_14,PS,0.0
5,barra_14,PS,0.0
6,barra_14,PS,0.0105
7,barra_14,PS,0.042
8,barra_14,PS,0.0875
9,barra_14,PS,0.1575
10,barra_14,PS,0.2275
11,barra_14,PS,0.28
12,barra_14,PS,0.322
13,barra_14,PS,0.35
14,barra_14,PS,0.336
15,barra_14,PS,0.294
16,barra_14,PS,0.2275
17,barra_14,PS,0.133
18,barra_14,PS,0.0525
19,barra_14,PS,0.0105
20,barra_14,PS,0.0
21,barra_14,PS,0.0
22,barra_14,PS,0.0
23,barra_14,PS,0.0
24,barra_14,PS,0.0
1,barra_15,PS,0.0
2,barra_15,PS,0.0
3,barra_15,PS,0.0
4,barra_15,PS,0.0
5,barra_15,PS,0.0
6,barra_15,PS,0.0
7,barra_15,PS,0.0
8,barra_15,PS,0.0
9,barra_15,PS,0.0
10,barra_15,PS,0.0
11,barra_15,PS,0.0
12,barra_15,PS,0.0
13,barra_15,PS,0.0
14,barra_15,PS,0.0
15,barra_15,PS,0.0
16,barra_15,PS,0.0
17,barra_15,PS,0.0
18,barra_15,PS,0.0
19,barra_15,PS,0.0
20,barra_15,PS,0.0
21,barra_15,PS,0.0
22,barra_15,PS,0.0
23,barra_15,PS,0.0
24,barra_15,PS,0.0
1,barra_16,PS,0.0
2,barra_16,PS,0.0
3,barra_16,PS,0.0
4,barra_16,PS,0.0
5,barra_16,PS,0.0
6,barra_16,PS,0.0
7,barra_16,PS,0.0
8,barra_16,PS,0.0
9,barra_16,PS,0.0
10,barra_16,PS,0.0
11,barra_16,PS,0.0
12,barra_16,PS,0.0
13,barra_16,PS,0.0
14,barra_16,PS,0.0
15,barra_16,PS,0.0
16,barra_16,PS,0.0
17,barra_16,PS,0.0
18,barra_16,PS,0.0
19,barra_16,PS,0.0
20,barra_16,PS,0.0
21,barra_16,PS,0.0
22,barra_16,PS,0.0
23,barra_16,PS,0.0
24,barra_16,PS,0.0
1,barra_17,PS,0.0
2,barra_17,PS,0.0
3,barra_17,PS,0.0
4,barra_17,PS,0.0
5,barra_17,PS,0.0
6,barra_17,PS,0.0
7,barra_17,PS,0.0
8,barra_17,PS,0.0
9,barra_17,PS,0.0
10,barra_17,PS,0.0
11,barra_17,PS,0.0
12,barra_17,PS,0.0
13,barra_17,PS,0.0
14,barra_17,PS,0.0
15,barra_17,PS,0.0
16,barra_17,PS,0.0
17,barra_17,PS,0.0
18,barra_17,PS,0.0
19,barra_17,PS,0.0
20,barra_17,PS,0.0
21,barra_17,PS,0.0
22,barra_17,PS,0.0
23,barra_17,PS,0.0
24,barra_17,PS,0.0
1,barra_18,PS,0.0
2,barra_18,PS,0.0
3,barra_18,PS,0.0
4,barra_18,PS,0.0
5,barra_18,PS,0.0
6,barra_18,PS,0.0
7,barra_18,PS,0.0
8,barra_18,PS,0.0
9,barra_18,PS,0.0
10,barra_18,PS,0.0
11,barra_18,PS,0.0
12,barra_18,PS,0.0
13,barra_18,PS,0.0
14,barra_18,PS,0.0
15,barra_18,PS,0.0
16,barra_18,PS,0.0
17,barra_18,PS,0.0
18,barra_18,PS,0.0
19,barra_18,PS,0.0
20,barra_18,PS,0.0
21,barra_18,PS,0.0
22,barra_18,PS,0.0
23,barra_18,PS,0.0
24,barra_18,PS,0.0
1,barra_19,PS,0.0
2,barra_19,PS,0.0
3,barra_19,PS,0.0
4,barra_19,PS,0.0
5,barra_19,PS,0.0
6,barra_19,PS,0.0
7,barra_19,PS,0.0
8,barra_19,PS,0.0
9,barra_19,PS,0.0
10,barra_19,PS,0.0
11,barra_19,PS,0.0
12,barra_19,PS,0.0
13,barra_19,PS,0.0
14,barra_19,PS,0.0
15,barra_19,PS,0.0
16,barra_19,PS,0.0
17,barra_19,PS,0.0
18,barra_19,PS,0.0
19,barra_19,PS,0.0
20,barra_19,PS,0.0
21,barra_19,PS,0.0
22,barra_19,PS,0.0
23,barra_19,PS,0.0
24,barra_19,PS,0.0
1,barra_20,PS,0.0
2,barra_20,PS,0.0
3,barra_20,PS,0.0
4,barra_20,PS,0.0
5,barra_20,PS,0.0
6,barra_20,PS,0.0
7,barra_20,PS,0.0
8,barra_20,PS,0.0
9,barra_20,PS,0.0
10,barra_20,PS,0.0
11,barra_20,PS,0.0
12,barra_20,PS,0.0
13,barra_20,PS,0.0
14,barra_20,PS,0.0
15,barra_20,PS,0.0
16,barra_20,PS,0.0
17,barra_20,PS,0.0
18,barra_20,PS,0.0
19,barra_20,PS,0.0
20,barra_20,PS,0.0
21,barra_20,PS,0.0
22,barra_20,PS,0.0
23,barra_20,PS,0.0
24,barra_20,PS,0.0
1,barra_21,PS,0.0
2,barra_21,PS,0.0
3,barra_21,PS,0.0
4,barra_21,PS,0.0
5,barra_21,PS,0.0
6,barra_21,PS,0.0
7,barra_21,PS,0.0
8,barra_21,PS,0.0
9,barra_21,PS,0.0
10,barra_21,PS,0.0
11,barra_21,PS,0.0
12,barra_21,PS,0.0
13,barra_21,PS,0.0
14,barra_21,PS,0.0
15,barra_21,PS,0.0
16,barra_21,PS,0.0
17,barra_21,PS,0.0
18,barra_21,PS,0.0
19,barra_21,PS,0.0
20,barra_21,PS,0.0
21,barra_21,PS,0.0
22,barra_21,PS,0.0
23,barra_21,PS,0.0
24,barra_21,PS,0.0
1,barra_22,PS,0.0
2,barra_22,PS,0.015167945
3,barra_22,PS,0.006703901
4,barra_22,PS,0.0
5,barra_22,PS,0.0183771
6,barra_22,PS,0.0
7,barra_22,PS,0.0
8,barra_22,PS,0.026629624
9,barra_22,PS,0.0
10,barra_22,PS,0.0
11,barra_22,PS,0.0
12,barra_22,PS,0.0
13,barra_22,PS,0.0
14,barra_22,PS,0.0
15,barra_22,PS,0.0
16,barra_22,PS,0.0
17,barra_22,PS,0.0
18,barra_22,PS,0.0
19,barra_22,PS,0.0064910987
20,barra_22,PS,0.0
21,barra_22,PS,0.0
22,barra_22,PS,0.0
23,barra_22,PS,0.0
24,barra_22,PS,0.0059534375
1,barra_23,PS,0.0
2,barra_23,PS,0.059014
3,barra_23,PS,0.0
4,barra_23,PS,0.0
5,barra_23,PS,0.0598055
6,barra_23,PS,0.05638
7,barra_23,PS,0.0
8,barra_23,PS,0.04195009
9,barra_23,PS,0.0
10,barra_23,PS,0.0
11,barra_23,PS,0.0
12,barra_23,PS,0.0
13,barra_23,PS,0.0
14,barra_23,PS,0.0
15,barra_23,PS,0.0
16,barra_23,PS,0.0
17,barra_23,PS,0.0
18,barra_23,PS,0.0
19,barra_23,PS,0.0
20,barra_23,PS,0.0
21,barra_23,PS,0.0
22,barra_23,PS,0.0
23,barra_23,PS,0.0
24,barra_23,PS,0.0658355
1,barra_24,PS,0.0
2,barra_24,PS,0.0
3,barra_24,PS,0.0
4,barra_24,PS,0.0603915
5,barra_24,PS,0.0
6,barra_24,PS,0.0
7,barra_24,PS,0.0
8,barra_24,PS,0.0
9,barra_24,PS,0.0
10,barra_24,PS,0.0
11,barra_24,PS,0.0
12,barra_24,PS,0.0
13,barra_24,PS,0.0
14,barra_24,PS,0.0
15,barra_24,PS,0.0
16,barra_24,PS,0.0
17,barra_24,PS,0.0
18,barra_24,PS,0.0
19,barra_24,PS,0.0599055
20,barra_24,PS,0.0
21,barra_24,PS,0.022730491
22,barra_24,PS,0.017714262
23,barra_24,PS,0.065071771
24,barra_24,PS,0.0
1,barra_25,PS,0.0
2,barra_25,PS,0.0
3,barra_25,PS,0.0
4,barra_25,PS,0.0
5,barra_25,PS,0.0
6,barra_25,PS,0.0135
7,barra_25,PS,0.054
8,barra_25,PS,0.1125
9,barra_25,PS,0.2025
10,barra_25,PS,0.2925
11,barra_25,PS,0.28249788
12,barra_25,PS,0.3802822
13,barra_25,PS,0.44993942
14,barra_25,PS,0.2432517
15,barra_25,PS,0.378
16,barra_25,PS,0.2925
17,barra_25,PS,0.171
18,barra_25,PS,0.0675
19,barra_25,PS,0.0135
20,barra_25,PS,0.0
21,barra_25,PS,0.0
22,barra_25,PS,0.0
23,barra_25,PS,0.0
24,barra_25,PS,0.0
1,barra_26,PS,0.0
2,barra_26,PS,0.0
3,barra_26,PS,0.021906111
4,barra_26,PS,0.0
5,barra_26,PS,0.0
6,barra_26,PS,0.030242977
7,barra_26,PS,0.033044767
8,barra_26,PS,0.0
9,barra_26,PS,0.0
10,barra_26,PS,0.0
11,barra_26,PS,0.0
12,barra_26,PS,0.0
13,barra_26,PS,0.0
14,barra_26,PS,0.0
15,barra_26,PS,0.0
16,barra_26,PS,0.0
17,barra_26,PS,0.0
18,barra_26,PS,0.0
19,barra_26,PS,0.0
20,barra_26,PS,0.0
21,barra_26,PS,0.0
22,barra_26,PS,0.0
23,barra_26,PS,0.0
24,barra_26,PS,0.041121216
1,barra_27,PS,0.0
2,barra_27,PS,0.0
3,barra_27,PS,0.0
4,barra_27,PS,0.0
5,barra_27,PS,0.0
6,barra_27,PS,0.0
7,barra_27,PS,0.0
8,barra_27,PS,0.0034269287
9,barra_27,PS,0.0
10,barra_27,PS,0.0
11,barra_27,PS,0.0
12,barra_27,PS,0.0
13,barra_27,PS,0.0
14,barra_27,PS,0.0
15,barra_27,PS,0.0
16,barra_27,PS,0.0
17,barra_27,PS,0.0
18,barra_27,PS,0.0
19,barra_27,PS,0.0
20,barra_27,PS,0.0
21,barra_27,PS,0.0
22,barra_27,PS,0.0
23,barra_27,PS,0.0
24,barra_27,PS,0.0
1,barra_28,PS,0.0
2,barra_28,PS,0.0
3,barra_28,PS,0.0
4,barra_28,PS,0.0
5,barra_28,PS,0.0
6,barra_28,PS,0.0
7,barra_28,PS,0.0
8,barra_28,PS,0.0
9,barra_28,PS,0.0
10,barra_28,PS,0.0
11,barra_28,PS,0.0
12,barra_28,PS,0.0
13,barra_28,PS,0.0
14,barra_28,PS,0.0
15,barra_28,PS,0.0
16,barra_28,PS,0.0
17,barra_28,PS,0.0
18,barra_28,PS,0.0
19,barra_28,PS,0.0
20,barra_28,PS,0.0
21,barra_28,PS,0.0
22,barra_28,PS,0.0
23,barra_28,PS,0.0
24,barra_28,PS,0.0
1,barra_29,PS,0.0
2,barra_29,PS,0.0
3,barra_29,PS,0.0
4,barra_29,PS,0.0
5,barra_29,PS,0.0
6,barra_29,PS,0.0
7,barra_29,PS,0.0
8,barra_29,PS,0.0
9,barra_29,PS,0.0
10,barra_29,PS,0.0
11,barra_29,PS,0.0
12,barra_29,PS,0.0
13,barra_29,PS,0.0
14,barra_29,PS,0.0
15,barra_29,PS,0.0
16,barra_29,PS,0.0
17,barra_29,PS,0.0
18,barra_29,PS,0.0
19,barra_29,PS,0.0
20,barra_29,PS,0.0
21,barra_29,PS,0.0
22,barra_29,PS,0.0
23,barra_29,PS,0.0
24,barra_29,PS,0.0
1,barra_30,PS,0.0
2,barra_30,PS,0.0
3,barra_30,PS,0.0
4,barra_30,PS,0.0
5,barra_30,PS,0.0
6,barra_30,PS,0.0
7,barra_30,PS,0.0
8,barra_30,PS,0.0
9,barra_30,PS,0.0
10,barra_30,PS,0.0
11,barra_30,PS,0.0
12,barra_30,PS,0.0
13,barra_30,PS,0.0
14,barra_30,PS,0.0
15,barra_30,PS,0.0
16,barra_30,PS,0.0
17,barra_30,PS,0.0
18,barra_30,PS,0.0
19,barra_30,PS,0.0
20,barra_30,PS,0.0
21,barra_30,PS,0.0
22,barra_30,PS,0.0
23,barra_30,PS,0.0
24,barra_30,PS,0.0
1,barra_31,PS,0.0
2,barra_31,PS,0.0
3,barra_31,PS,0.0
4,barra_31,PS,0.0
5,barra_31,PS,0.0
6,barra_31,PS,0.0
7,barra_31,PS,0.0
8,barra_31,PS,0.0
9,barra_31,PS,0.0
10,barra_31,PS,0.0
11,barra_31,PS,0.0
12,barra_31,PS,0.0
13,barra_31,PS,0.0
14,barra_31,PS,0.0
15,barra_31,PS,0.0
16,barra_31,PS,0.0
17,barra_31,PS,0.0
18,barra_31,PS,0.0
19,barra_31,PS,0.0
20,barra_31,PS,0.0
21,barra_31,PS,0.0
22,barra_31,PS,0.0
23,barra_31,PS,0.0
24,barra_31,PS,0.0
1,barra_32,PS,0.0
2,barra_32,PS,0.0
3,barra_32,PS,0.0
4,barra_32,PS,0.0
5,barra_32,PS,0.0
6,barra_32,PS,0.0
7,barra_32,PS,0.0
8,barra_32,PS,0.0
9,barra_32,PS,0.0
10,barra_32,PS,0.0
11,barra_32,PS,0.0
12,barra_32,PS,0.0
13,barra_32,PS,0.0
14,barra_32,PS,0.0
15,barra_32,PS,0.0
16,barra_32,PS,0.0
17,barra_32,PS,0.0
18,barra_32,PS,0.0
19,barra_32,PS,0.0
20,barra_32,PS,0.0
21,barra_32,PS,0.0
22,barra_32,PS,0.0
23,barra_32,PS,0.0
24,barra_32,PS,0.0
1,barra_33,PS,0.0
2,barra_33,PS,0.0
3,barra_33,PS,0.0
4,barra_33,PS,0.0
5,barra_33,PS,0.0
6,barra_33,PS,0.0
7,barra_33,PS,0.0
8,barra_33,PS,0.0
9,barra_33,PS,0.0
10,barra_33,PS,0.0
11,barra_33,PS,0.0
12,barra_33,PS,0.0
13,barra_33,PS,0.0
14,barra_33,PS,0.0
15,barra_33,PS,0.0
16,barra_33,PS,0.0
17,barra_33,PS,0.0
18,barra_33,PS,0.0
19,barra_33,PS,0.0
20,barra_33,PS,0.0
21,barra_33,PS,0.0
22,barra_33,PS,0.0
23,barra_33,PS,0.0
24,barra_33,PS,0.0
1,barra_1,PW,0.0
2,barra_1,PW,0.0
3,barra_1,PW,0.0
4,barra_1,PW,0.0
5,barra_1,PW,0.0598055
6,barra_1,PW,0.0
7,barra_1,PW,0.052114
8,barra_1,PW,0.0
9,barra_1,PW,0.0493545
10,barra_1,PW,0.0
11,barra_1,PW,0.0
12,barra_1,PW,0.0
13,barra_1,PW,0.0
14,barra_1,PW,0.0
15,barra_1,PW,0.0
16,barra_1,PW,0.0
17,barra_1,PW,0.0
18,barra_1,PW,0.0
19,barra_1,PW,0.0599055
20,barra_1,PW,0.0616195
21,barra_1,PW,0.0
22,barra_1,PW,0.0
23,barra_1,PW,0.0
24,barra_1,PW,0.0
1,barra_2,PW,0.0
2,barra_2,PW,0.0
3,barra_2,PW,0.0
4,barra_2,PW,0.0603915
5,barra_2,PW,0.0598055
6,barra_2,PW,0.0
7,barra_2,PW,0.052114
8,barra_2,PW,0.0511325
9,barra_2,PW,0.0493545
10,barra_2,PW,0.0
11,barra_2,PW,0.0
12,barra_2,PW,0.0
13,barra_2,PW,0.0
14,barra_2,PW,0.0
15,barra_2,PW,0.0
16,barra_2,PW,0.0
17,barra_2,PW,0.0
18,barra_2,PW,0.0
19,barra_2,PW,0.0
20,barra_2,PW,0.0
21,barra_2,PW,0.062229
22,barra_2,PW,0.0
23,barra_2,PW,0.0
24,barra_2,PW,0.0658355
1,barra_3,PW,0.0
2,barra_3,PW,0.0
3,barra_3,PW,0.0
4,barra_3,PW,0.0
5,barra_3,PW,0.0598055
6,barra_3,PW,0.0
7,barra_3,PW,0.052114
8,barra_3,PW,0.0511325
9,barra_3,PW,0.0493545
10,barra_3,PW,0.0
11,barra_3,PW,0.0
12,barra_3,PW,0.0
13,barra_3,PW,0.0
14,barra_3,PW,0.0
15,barra_3,PW,0.0
16,barra_3,PW,0.0
17,barra_3,PW,0.0
18,barra_3,PW,0.053597
19,barra_3,PW,0.0599055
20,barra_3,PW,0.0616195
21,barra_3,PW,0.0
22,barra_3,PW,0.0
23,barra_3,PW,0.065986
24,barra_3,PW,0.0
1,barra_4,PW,0.0
2,barra_4,PW,0.0
3,barra_4,PW,0.059958
4,barra_4,PW,0.0
5,barra_4,PW,0.0
6,barra_4,PW,0.0
7,barra_4,PW,0.052114
8,barra_4,PW,0.0511325
9,barra_4,PW,0.0
10,barra_4,PW,0.0
11,barra_4,PW,0.0
12,barra_4,PW,0.0
13,barra_4,PW,0.0
14,barra_4,PW,0.0
15,barra_4,PW,0.0
16,barra_4,PW,0.0
17,barra_4,PW,0.0
18,barra_4,PW,0.0
19,barra_4,PW,0.0
20,barra_4,PW,0.0616195
21,barra_4,PW,0.0
22,barra_4,PW,0.0644035
23,barra_4,PW,0.065986
24,barra_4,PW,0.0
1,barra_5,PW,0.0
2,barra_5,PW,0.0
3,barra_5,PW,0.043346553
4,barra_5,PW,0.0603915
5,barra_5,PW,0.0
6,barra_5,PW,0.0
7,barra_5,PW,0.0054913818
8,barra_5,PW,0.0
9,barra_5,PW,0.0
10,barra_5,PW,0.0
11,barra_5,PW,0.0
12,barra_5,PW,0.0
13,barra_5,PW,0.0
14,barra_5,PW,0.0
15,barra_5,PW,0.0
16,barra_5,PW,0.0
17,barra_5,PW,0.0
18,barra_5,PW,0.0
19,barra_5,PW,0.049661606
20,barra_5,PW,0.0616195
21,barra_5,PW,0.062229
22,barra_5,PW,0.0
23,barra_5,PW,0.0
24,barra_5,PW,0.0658355
1,barra_6,PW,0.0
2,barra_6,PW,0.0
3,barra_6,PW,0.0
4,barra_6,PW,0.0
5,barra_6,PW,0.0
6,barra_6,PW,0.0
7,barra_6,PW,0.0
8,barra_6,PW,0.0
9,barra_6,PW,0.0
10,barra_6,PW,0.0
11,barra_6,PW,0.0
12,barra_6,PW,0.0
13,barra_6,PW,0.0
14,barra_6,PW,0.0
15,barra_6,PW,0.0
16,barra_6,PW,0.0
17,barra_6,PW,0.0
18,barra_6,PW,0.0
19,barra_6,PW,0.0
20,barra_6,PW,0.0018485
21,barra_6,PW,0.001867
22,barra_6,PW,0.001932
23,barra_6,PW,0.0019795
24,barra_6,PW,0.001975
1,barra_7,PW,0.0577125
2,barra_7,PW,0.0
3,barra_7,PW,0.059958
4,barra_7,PW,0.0603915
5,barra_7,PW,0.0598055
6,barra_7,PW,0.0
7,barra_7,PW,0.0
8,barra_7,PW,0.0034043467
9,barra_7,PW,0.0
10,barra_7,PW,0.0
11,barra_7,PW,0.0
12,barra_7,PW,0.0
13,barra_7,PW,0.0
14,barra_7,PW,0.0
15,barra_7,PW,0.0
16,barra_7,PW,0.0
17,barra_7,PW,0.0
18,barra_7,PW,0.048567964
19,barra_7,PW,0.0
20,barra_7,PW,0.0616195
21,barra_7,PW,0.0
22,barra_7,PW,0.0
23,barra_7,PW,0.0
24,barra_7,PW,0.0
1,barra_8,PW,0.0
2,barra_8,PW,0.0
3,barra_8,PW,0.0
4,barra_8,PW,0.0603915
5,barra_8,PW,0.0
6,barra_8,PW,0.0
7,barra_8,PW,0.052114
8,barra_8,PW,0.0
9,barra_8,PW,0.0
10,barra_8,PW,0.0
11,barra_8,PW,0.0
12,barra_8,PW,0.0
13,barra_8,PW,0.0
14,barra_8,PW,0.0
15,barra_8,PW,0.0
16,barra_8,PW,0.0
17,barra_8,PW,0.0
18,barra_8,PW,0.053597
19,barra_8,PW,0.0
20,barra_8,PW,0.0616195
21,barra_8,PW,0.062229
22,barra_8,PW,0.0
23,barra_8,PW,0.065986
24,barra_8,PW,0.0
1,barra_9,PW,0.0577125
2,barra_9,PW,0.059014
3,barra_9,PW,0.059958
4,barra_9,PW,0.0
5,barra_9,PW,0.0
6,barra_9,PW,0.0
7,barra_9,PW,0.052114
8,barra_9,PW,0.0511325
9,barra_9,PW,0.0
10,barra_9,PW,0.0
11,barra_9,PW,0.0
12,barra_9,PW,0.0
13,barra_9,PW,0.0
14,barra_9,PW,0.0
15,barra_9,PW,0.0
16,barra_9,PW,0.0
17,barra_9,PW,0.0
18,barra_9,PW,0.0
19,barra_9,PW,0.0599055
20,barra_9,PW,0.0616195
21,barra_9,PW,0.0
22,barra_9,PW,0.0
23,barra_9,PW,0.065986
24,barra_9,PW,0.0658355
1,barra_10,PW,0.0577125
2,barra_10,PW,0.059014
3,barra_10,PW,0.0
4,barra_10,PW,0.0603915
5,barra_10,PW,0.0598055
6,barra_10,PW,0.05638
7,barra_10,PW,0.052114
8,barra_10,PW,0.0511325
9,barra_10,PW,0.0
10,barra_10,PW,0.0
11,barra_10,PW,0.0
12,barra_10,PW,0.0
13,barra_10,PW,0.0
14,barra_10,PW,0.0
15,barra_10,PW,0.0
16,barra_10,PW,0.0
17,barra_10,PW,0.0
18,barra_10,PW,0.0
19,barra_10,PW,0.0599055
20,barra_10,PW,0.0
21,barra_10,PW,0.0
22,barra_10,PW,0.0644035
23,barra_10,PW,0.065986
24,barra_10,PW,0.0658355
1,barra_11,PW,0.0
2,barra_11,PW,0.059014
3,barra_11,PW,0.059958
4,barra_11,PW,0.0603915
5,barra_11,PW,0.0598055
6,barra_11,PW,0.0
7,barra_11,PW,0.052114
8,barra_11,PW,0.0
9,barra_11,PW,0.0015090109
10,barra_11,PW,0.0
11,barra_11,PW,0.0
12,barra_11,PW,0.0
13,barra_11,PW,0.0
14,barra_11,PW,0.0
15,barra_11,PW,0.0
16,barra_11,PW,0.0
17,barra_11,PW,0.0
18,barra_11,PW,0.053597
19,barra_11,PW,0.0
20,barra_11,PW,0.0
21,barra_11,PW,0.0
22,barra_11,PW,0.0644035
23,barra_11,PW,0.0
24,barra_11,PW,0.0658355
1,barra_12,PW,0.0
2,barra_12,PW,0.0
3,barra_12,PW,0.059958
4,barra_12,PW,0.0603915
5,barra_12,PW,0.0
6,barra_12,PW,0.0
7,barra_12,PW,0.0
8,barra_12,PW,0.0
9,barra_12,PW,0.0
10,barra_12,PW,0.0
11,barra_12,PW,0.0
12,barra_12,PW,0.0
13,barra_12,PW,0.0
14,barra_12,PW,0.0
15,barra_12,PW,0.0
16,barra_12,PW,0.0
17,barra_12,PW,0.0
18,barra_12,PW,0.044552673
19,barra_12,PW,0.0599055
20,barra_12,PW,0.0
21,barra_12,PW,0.0
22,barra_12,PW,0.058003699
23,barra_12,PW,0.0
24,barra_12,PW,0.0
1,barra_13,PW,0.03104735
2,barra_13,PW,0.0
3,barra_13,PW,0.0
4,barra_13,PW,0.0
5,barra_13,PW,0.039557937
6,barra_13,PW,0.02007714
7,barra_13,PW,0.0077004676
8,barra_13,PW,0.0
9,barra_13,PW,0.0
10,barra_13,PW,0.0
11,barra_13,PW,0.0
12,barra_13,PW,0.0
13,barra_13,PW,0.0
14,barra_13,PW,0.0
15,barra_13,PW,0.0
16,barra_13,PW,0.0
17,barra_13,PW,0.0
18,barra_13,PW,0.0
19,barra_13,PW,0.0
20,barra_13,PW,0.027541427
21,barra_13,PW,0.0
22,barra_13,PW,0.0
23,barra_13,PW,0.025187309
24,barra_13,PW,0.0
1,barra_14,PW,0.0
2,barra_14,PW,0.0
3,barra_14,PW,0.0
4,barra_14,PW,0.0
5,barra_14,PW,0.0
6,barra_14,PW,0.0
7,barra_14,PW,0.0
8,barra_14,PW,0.0
9,barra_14,PW,0.0
10,barra_14,PW,0.0
11,barra_14,PW,0.0
12,barra_14,PW,0.0
13,barra_14,PW,0.0
14,barra_14,PW,0.0
15,barra_14,PW,0.0
16,barra_14,PW,0.0
17,barra_14,PW,0.0
18,barra_14,PW,0.0
19,barra_14,PW,0.0
20,barra_14,PW,0.0
21,barra_14,PW,0.0
22,barra_14,PW,0.0
23,barra_14,PW,0.0
24,barra_14,PW,0.0
1,barra_15,PW,0.0
2,barra_15,PW,0.0
3,barra_15,PW,0.0
4,barra_15,PW,0.0
5,barra_15,PW,0.0
6,barra_15,PW,0.0
7,barra_15,PW,0.0
8,barra_15,PW,0.0
9,barra_15,PW,0.0
10,barra_15,PW,0.0
11,barra_15,PW,0.0
12,barra_15,PW,0.0
13,barra_15,PW,0.0
14,barra_15,PW,0.0
15,barra_15,PW,0.0
16,barra_15,PW,0.0
17,barra_15,PW,0.0
18,barra_15,PW,0.0
19,barra_15,PW,0.0
20,barra_15,PW,0.0
21,barra_15,PW,0.0
22,barra_15,PW,0.0
23,barra_15,PW,0.0
24,barra_15,PW,0.0
1,barra_16,PW,0.0
2,barra_16,PW,0.0
3,barra_16,PW,0.0
4,barra_16,PW,0.0
5,barra_16,PW,0.0
6,barra_16,PW,0.0
7,barra_16,PW,0.0
8,barra_16,PW,0.0
9,barra_16,PW,0.0
10,barra_16,PW,0.0
11,barra_16,PW,0.0
12,barra_16,PW,0.0
13,barra_16,PW,0.0
14,barra_16,PW,0.0
15,barra_16,PW,0.0
16,barra_16,PW,0.0
17,barra_16,PW,0.0
18,barra_16,PW,0.0
19,barra_16,PW,0.0
20,barra_16,PW,0.0
21,barra_16,PW,0.0
22,barra_16,PW,0.0
23,barra_16,PW,0.0
24,barra_16,PW,0.0
1,barra_17,PW,0.0
2,barra_17,PW,0.0
3,barra_17,PW,0.0
4,barra_17,PW,0.0
5,barra_17,PW,0.0
6,barra_17,PW,0.0
7,barra_17,PW,0.0
8,barra_17,PW,0.0
9,barra_17,PW,0.0
10,barra_17,PW,0.0
11,barra_17,PW,0.0
12,barra_17,PW,0.0
13,barra_17,PW,0.0
14,barra_17,PW,0.0
15,barra_17,PW,0.0
16,barra_17,PW,0.0
17,barra_17,PW,0.0
18,barra_17,PW,0.0
19,barra_17,PW,0.0
20,barra_17,PW,0.0
21,barra_17,PW,0.0
22,barra_17,PW,0.0
23,barra_17,PW,0.0
24,barra_17,PW,0.0
1,barra_18,PW,0.408
2,barra_18,PW,0.42
3,barra_18,PW,0.432
4,barra_18,PW,0.444
5,barra_18,PW,0.42
6,barra_18,PW,0.396
7,barra_18,PW,0.36
8,barra_18,PW,0.33
9,barra_18,PW,0.3
10,barra_18,PW,0.276
11,barra_18,PW,0.264
12,barra_18,PW,0.252
13,barra_18,PW,0.23499965
14,barra_18,PW,0.2261601
15,barra_18,PW,0.24
16,barra_18,PW,0.27
17,barra_18,PW,0.312
18,barra_18,PW,0.372
19,barra_18,PW,0.432
20,barra_18,PW,0.48
21,barra_18,PW,0.516
22,barra_18,PW,0.54
23,barra_18,PW,0.504
24,barra_18,PW,0.456
1,barra_19,PW,0.0
2,barra_19,PW,0.0
3,barra_19,PW,0.0
4,barra_19,PW,0.0
5,barra_19,PW,0.0
6,barra_19,PW,0.0
7,barra_19,PW,0.0
8,barra_19,PW,0.0
9,barra_19,PW,0.0
10,barra_19,PW,0.0
11,barra_19,PW,0.0
12,barra_19,PW,0.0
13,barra_19,PW,0.0
14,barra_19,PW,0.0
15,barra_19,PW,0.0
16,barra_19,PW,0.0
17,barra_19,PW,0.0
18,barra_19,PW,0.0
19,barra_19,PW,0.0
20,barra_19,PW,0.0
21,barra_19,PW,0.0
22,barra_19,PW,0.0
23,barra_19,PW,0.0
24,barra_19,PW,0.0
1,barra_20,PW,0.0
2,barra_20,PW,0.0
3,barra_20,PW,0.0
4,barra_20,PW,0.0
5,barra_20,PW,0.0
6,barra_20,PW,0.0
7,barra_20,PW,0.0
8,barra_20,PW,0.0
9,barra_20,PW,0.0
10,barra_20,PW,0.0
11,barra_20,PW,0.0
12,barra_20,PW,0.0
13,barra_20,PW,0.0
14,barra_20,PW,0.0
15,barra_20,PW,0.0
16,barra_20,PW,0.0
17,barra_20,PW,0.0
18,barra_20,PW,0.0
19,barra_20,PW,0.0
20,barra_20,PW,0.0
21,barra_20,PW,0.0
22,barra_20,PW,0.0
23,barra_20,PW,0.0
24,barra_20,PW,0.0
1,barra_21,PW,0.0
2,barra_21,PW,0.0
3,barra_21,PW,0.0
4,barra_21,PW,0.0
5,barra_21,PW,0.0
6,barra_21,PW,0.0
7,barra_21,PW,0.0
8,barra_21,PW,0.0
9,barra_21,PW,0.0
10,barra_21,PW,0.0
11,barra_21,PW,0.0
12,barra_21,PW,0.0
13,barra_21,PW,0.0
14,barra_21,PW,0.0
15,barra_21,PW,0.0
16,barra_21,PW,0.0
17,barra_21,PW,0.0
18,barra_21,PW,0.0
19,barra_21,PW,0.0
20,barra_21,PW,0.0
21,barra_21,PW,0.0
22,barra_21,PW,0.0
23,barra_21,PW,0.0
24,barra_21,PW,0.0
1,barra_22,PW,0.022182101
2,barra_22,PW,0.0
3,barra_22,PW,0.0
4,barra_22,PW,0.0
5,barra_22,PW,0.0
6,barra_22,PW,0.024060168
7,barra_22,PW,0.0068933046
8,barra_22,PW,0.0
9,barra_22,PW,0.0
10,barra_22,PW,0.0
11,barra_22,PW,0.0
12,barra_22,PW,0.0
13,barra_22,PW,0.0
14,barra_22,PW,0.0
15,barra_22,PW,0.0
16,barra_22,PW,0.0
17,barra_22,PW,0.002571535
18,barra_22,PW,0.012861063
19,barra_22,PW,0.0
20,barra_22,PW,0.0
21,barra_22,PW,0.0
22,barra_22,PW,0.0
23,barra_22,PW,0.0
24,barra_22,PW,0.0
1,barra_23,PW,0.0577125
2,barra_23,PW,0.0
3,barra_23,PW,0.059958
4,barra_23,PW,0.056546334
5,barra_23,PW,0.0
6,barra_23,PW,0.0
7,barra_23,PW,0.052114
8,barra_23,PW,0.0
9,barra_23,PW,0.0
10,barra_23,PW,0.0
11,barra_23,PW,0.0
12,barra_23,PW,0.0
13,barra_23,PW,0.0
14,barra_23,PW,0.0
15,barra_23,PW,0.0
16,barra_23,PW,0.0
17,barra_23,PW,0.0
18,barra_23,PW,0.053597
19,barra_23,PW,0.0599055
20,barra_23,PW,0.045144505
21,barra_23,PW,0.047597202
22,barra_23,PW,0.042686186
23,barra_23,PW,0.062715792
24,barra_23,PW,0.0
1,barra_24,PW,0.0
2,barra_24,PW,0.059014
3,barra_24,PW,0.059958
4,barra_24,PW,0.0
5,barra_24,PW,0.043969234
6,barra_24,PW,0.044524171
7,barra_24,PW,0.0
8,barra_24,PW,0.0
9,barra_24,PW,0.0
10,barra_24,PW,0.0
11,barra_24,PW,0.0
12,barra_24,PW,0.0
13,barra_24,PW,0.0
14,barra_24,PW,0.0
15,barra_24,PW,0.0
16,barra_24,PW,0.0
17,barra_24,PW,0.0
18,barra_24,PW,0.020338656
19,barra_24,PW,0.0
20,barra_24,PW,0.052023689
21,barra_24,PW,0.0
22,barra_24,PW,0.0
23,barra_24,PW,0.0
24,barra_24,PW,0.0658355
1,barra_25,PW,0.0
2,barra_25,PW,0.0
3,barra_25,PW,0.0
4,barra_25,PW,0.0
5,barra_25,PW,0.0
6,barra_25,PW,0.0
7,barra_25,PW,0.0
8,barra_25,PW,0.0
9,barra_25,PW,0.0
10,barra_25,PW,0.0
11,barra_25,PW,0.0
12,barra_25,PW,0.0
13,barra_25,PW,0.0
14,barra_25,PW,0.0
15,barra_25,PW,0.0
16,barra_25,PW,0.0
17,barra_25,PW,0.0
18,barra_25,PW,0.0
19,barra_25,PW,0.0
20,barra_25,PW,0.0
21,barra_25,PW,0.0
22,barra_25,PW,0.0
23,barra_25,PW,0.0
24,barra_25,PW,0.001975
1,barra_26,PW,0.0
2,barra_26,PW,0.026468172
3,barra_26,PW,0.0
4,barra_26,PW,0.013718167
5,barra_26,PW,0.0
6,barra_26,PW,0.0
7,barra_26,PW,0.0
8,barra_26,PW,0.0
9,barra_26,PW,0.0
10,barra_26,PW,0.0
11,barra_26,PW,0.0
12,barra_26,PW,0.0
13,barra_26,PW,0.0
14,barra_26,PW,0.0
15,barra_26,PW,0.0
16,barra_26,PW,0.0
17,barra_26,PW,0.0
18,barra_26,PW,0.0
19,barra_26,PW,0.0097833622
20,barra_26,PW,0.0
21,barra_26,PW,0.0
22,barra_26,PW,0.0
23,barra_26,PW,0.0
24,barra_26,PW,0.0
1,barra_27,PW,0.0
2,barra_27,PW,0.0
3,barra_27,PW,0.0
4,barra_27,PW,0.0
5,barra_27,PW,0.0
6,barra_27,PW,0.0
7,barra_27,PW,0.0
8,barra_27,PW,0.0
9,barra_27,PW,0.0
10,barra_27,PW,0.0
11,barra_27,PW,0.0
12,barra_27,PW,0.0
13,barra_27,PW,0.0
14,barra_27,PW,0.0
15,barra_27,PW,0.0
16,barra_27,PW,0.0
17,barra_27,PW,0.0
18,barra_27,PW,0.0
19,barra_27,PW,0.0
20,barra_27,PW,0.0
21,barra_27,PW,0.0
22,barra_27,PW,0.0
23,barra_27,PW,0.0
24,barra_27,PW,0.0
1,barra_28,PW,0.0
2,barra_28,PW,0.0
3,barra_28,PW,0.0
4,barra_28,PW,0.0
5,barra_28,PW,0.0
6,barra_28,PW,0.0
7,barra_28,PW,0.0
8,barra_28,PW,0.0
9,barra_28,PW,0.0
10,barra_28,PW,0.0
11,barra_28,PW,0.0
12,barra_28,PW,0.0
13,barra_28,PW,0.0
14,barra_28,PW,0.0
15,barra_28,PW,0.0
16,barra_28,PW,0.0
17,barra_28,PW,0.0
18,barra_28,PW,0.0
19,barra_28,PW,0.0
20,barra_28,PW,0.0
21,barra_28,PW,0.0
22,barra_28,PW,0.0
23,barra_28,PW,0.0
24,barra_28,PW,0.0
1,barra_29,PW,0.0
2,barra_29,PW,0.0
3,barra_29,PW,0.0
4,barra_29,PW,0.0
5,barra_29,PW,0.0
6,barra_29,PW,0.0
7,barra_29,PW,0.0
8,barra_29,PW,0.0
9,barra_29,PW,0.0
10,barra_29,PW,0.0
11,barra_29,PW,0.0
12,barra_29,PW,0.0
13,barra_29,PW,0.0
14,barra_29,PW,0.0
15,barra_29,PW,0.0
16,barra_29,PW,0.0
17,barra_29,PW,0.0
18,barra_29,PW,0.0
19,barra_29,PW,0.0
20,barra_29,PW,0.0
21,barra_29,PW,0.0
22,barra_29,PW,0.0
23,barra_29,PW,0.0
24,barra_29,PW,0.0
1,barra_30,PW,0.374
2,barra_30,PW,0.385
3,barra_30,PW,0.396
4,barra_30,PW,0.407
5,barra_30,PW,0.385
6,barra_30,PW,0.363
7,barra_30,PW,0.33
8,barra_30,PW,0.3025
9,barra_30,PW,0.275
10,barra_30,PW,0.253
11,barra_30,PW,0.23982154
12,barra_30,PW,0.231
13,barra_30,PW,0.22
14,barra_30,PW,0.209
15,barra_30,PW,0.22
16,barra_30,PW,0.2475
17,barra_30,PW,0.286
18,barra_30,PW,0.341
19,barra_30,PW,0.396
20,barra_30,PW,0.44
21,barra_30,PW,0.473
22,barra_30,PW,0.495
23,barra_30,PW,0.462
24,barra_30,PW,0.418
1,barra_31,PW,0.0
2,barra_31,PW,0.0
3,barra_31,PW,0.0
4,barra_31,PW,0.0
5,barra_31,PW,0.0
6,barra_31,PW,0.0
7,barra_31,PW,0.0
8,barra_31,PW,0.0
9,barra_31,PW,0.0
10,barra_31,PW,0.0
11,barra_31,PW,0.0
12,barra_31,PW,0.0
13,barra_31,PW,0.0
14,barra_31,PW,0.0
15,barra_31,PW,0.0
16,barra_31,PW,0.0
17,barra_31,PW,0.0
18,barra_31,PW,0.0
19,barra_31,PW,0.0
20,barra_31,PW,0.0
21,barra_31,PW,0.0
22,barra_31,PW,0.0
23,barra_31,PW,0.0
24,barra_31,PW,0.0
1,barra_32,PW,0.0
2,barra_32,PW,0.0
3,barra_32,PW,0.0
4,barra_32,PW,0.0
5,barra_32,PW,0.0
6,barra_32,PW,0.0
7,barra_32,PW,0.0
8,barra_32,PW,0.0
9,barra_32,PW,0.0
10,barra_32,PW,0.0
11,barra_32,PW,0.0
12,barra_32,PW,0.0
13,barra_32,PW,0.0
14,barra_32,PW,0.0
15,barra_32,PW,0.0
16,barra_32,PW,0.0
17,barra_32,PW,0.0
18,barra_32,PW,0.0
19,barra_32,PW,0.0
20,barra_32,PW,0.0
21,barra_32,PW,0.0
22,barra_32,PW,0.0
23,barra_32,PW,0.0
24,barra_32,PW,0.0
1,barra_33,PW,0.0
2,barra_33,PW,0.0
3,barra_33,PW,0.0
4,barra_33,PW,0.0
5,barra_33,PW,0.0
6,barra_33,PW,0.0
7,barra_33,PW,0.0
8,barra_33,PW,0.0
9,barra_33,PW,0.0
10,barra_33,PW,0.0
11,barra_33,PW,0.0
12,barra_33,PW,0.0
13,barra_33,PW,0.0
14,barra_33,PW,0.0
15,barra_33,PW,0.0
16,barra_33,PW,0.0
17,barra_33,PW,0.0
18,barra_33,PW,0.0
19,barra_33,PW,0.0
20,barra_33,PW,0.0
21,barra_33,PW,0.0
22,barra_33,PW,0.0
23,barra_33,PW,0.0
24,barra_33,PW,0.0
1,barra_1,CS,
2,barra_1,CS,
3,barra_1,CS,
4,barra_1,CS,
5,barra_1,CS,
6,barra_1,CS,
7,barra_1,CS,
8,barra_1,CS,
9,barra_1,CS,
10,barra_1,CS,
11,barra_1,CS,
12,barra_1,CS,
13,barra_1,CS,
14,barra_1,CS,
15,barra_1,CS,
16,barra_1,CS,
17,barra_1,CS,
18,barra_1,CS,
19,barra_1,CS,
20,barra_1,CS,
21,barra_1,CS,
22,barra_1,CS,
23,barra_1,CS,
24,barra_1,CS,
1,barra_2,CS,
2,barra_2,CS,
3,barra_2,CS,
4,barra_2,CS,
5,barra_2,CS,
6,barra_2,CS,
7,barra_2,CS,
8,barra_2,CS,
9,barra_2,CS,
10,barra_2,CS,
11,barra_2,CS,
12,barra_2,CS,
13,barra_2,CS,
14,barra_2,CS,
15,barra_2,CS,
16,barra_2,CS,
17,barra_2,CS,
18,barra_2,CS,
19,barra_2,CS,
20,barra_2,CS,
21,barra_2,CS,
22,barra_2,CS,
23,barra_2,CS,
24,barra_2,CS,
1,barra_3,CS,
2,barra_3,CS,
3,barra_3,CS,
4,barra_3,CS,
5,barra_3,CS,
6,barra_3,CS,
7,barra_3,CS,
8,barra_3,CS,
9,barra_3,CS,
10,barra_3,CS,
11,barra_3,CS,
12,barra_3,CS,
13,barra_3,CS,
14,barra_3,CS,
15,barra_3,CS,
16,barra_3,CS,
17,barra_3,CS,
18,barra_3,CS,
19,barra_3,CS,
20,barra_3,CS,
21,barra_3,CS,
22,barra_3,CS,
23,barra_3,CS,
24,barra_3,CS,
1,barra_4,CS,
2,barra_4,CS,
3,barra_4,CS,
4,barra_4,CS,
5,barra_4,CS,
6,barra_4,CS,
7,barra_4,CS,
8,barra_4,CS,
9,barra_4,CS,
10,barra_4,CS,
11,barra_4,CS,
12,barra_4,CS,
13,barra_4,CS,
14,barra_4,CS,
15,barra_4,CS,
16,barra_4,CS,
17,barra_4,CS,
18,barra_4,CS,
19,barra_4,CS,
20,barra_4,CS,
21,barra_4,CS,
22,barra_4,CS,
23,barra_4,CS,
24,barra_4,CS,
1,barra_5,CS,
2,barra_5,CS,
3,barra_5,CS,
4,barra_5,CS,
5,barra_5,CS,
6,barra_5,CS,
7,barra_5,CS,
8,barra_5,CS,
9,barra_5,CS,
10,barra_5,CS,
11,barra_5,CS,
12,barra_5,CS,
13,barra_5,CS,
14,barra_5,CS,
15,barra_5,CS,
16,barra_5,CS,
17,barra_5,CS,
18,barra_5,CS,
19,barra_5,CS,
20,barra_5,CS,
21,barra_5,CS,
22,barra_5,CS,
23,barra_5,CS,
24,barra_5,CS,
1,barra_6,CS,0.0
2,barra_6,CS,0.0
3,barra_6,CS,0.0
4,barra_6,CS,0.0
5,barra_6,CS,0.0
6,barra_6,CS,-0.0
7,barra_6,CS,-0.0
8,barra_6,CS,-0.0
9,barra_6,CS,-0.0
10,barra_6,CS,-0.0
11,barra_6,CS,-0.0
12,barra_6,CS,-0.0
13,barra_6,CS,-0.0
14,barra_6,CS,-0.0
15,barra_6,CS,-0.0
16,barra_6,CS,-0.0
17,barra_6,CS,-0.0
18,barra_6,CS,-0.0
19,barra_6,CS,-0.0
20,barra_6,CS,0.0
21,barra_6,CS,0.0
22,barra_6,CS,0.0
23,barra_6,CS,0.0
24,barra_6,CS,0.0
1,barra_7,CS,
2,barra_7,CS,
3,barra_7,CS,
4,barra_7,CS,
5,barra_7,CS,
6,barra_7,CS,
7,barra_7,CS,
8,barra_7,CS,
9,barra_7,CS,
10,barra_7,CS,
11,barra_7,CS,
12,barra_7,CS,
13,barra_7,CS,
14,barra_7,CS,
15,barra_7,CS,
16,barra_7,CS,
17,barra_7,CS,
18,barra_7,CS,
19,barra_7,CS,
20,barra_7,CS,
21,barra_7,CS,
22,barra_7,CS,
23,barra_7,CS,
24,barra_7,CS,
1,barra_8,CS,
2,barra_8,CS,
3,barra_8,CS,
4,barra_8,CS,
5,barra_8,CS,
6,barra_8,CS,
7,barra_8,CS,
8,barra_8,CS,
9,barra_8,CS,
10,barra_8,CS,
11,barra_8,CS,
12,barra_8,CS,
13,barra_8,CS,
14,barra_8,CS,
15,barra_8,CS,
16,barra_8,CS,
17,barra_8,CS,
18,barra_8,CS,
19,barra_8,CS,
20,barra_8,CS,
21,barra_8,CS,
22,barra_8,CS,
23,barra_8,CS,
24,barra_8,CS,
1,barra_9,CS,
2,barra_9,CS,
3,barra_9,CS,
4,barra_9,CS,
5,barra_9,CS,
6,barra_9,CS,
7,barra_9,CS,
8,barra_9,CS,
9,barra_9,CS,
10,barra_9,CS,
11,barra_9,CS,
12,barra_9,CS,
13,barra_9,CS,
14,barra_9,CS,
15,barra_9,CS,
16,barra_9,CS,
17,barra_9,CS,
18,barra_9,CS,
19,barra_9,CS,
20,barra_9,CS,
21,barra_9,CS,
22,barra_9,CS,
23,barra_9,CS,
24,barra_9,CS,
1,barra_10,CS,
2,barra_10,CS,
3,barra_10,CS,
4,barra_10,CS,
5,barra_10,CS,
6,barra_10,CS,
7,barra_10,CS,
8,barra_10,CS,
9,barra_10,CS,
10,barra_10,CS,
11,barra_10,CS,
12,barra_10,CS,
13,barra_10,CS,
14,barra_10,CS,
15,barra_10,CS,
16,barra_10,CS,
17,barra_10,CS,
18,barra_10,CS,
19,barra_10,CS,
20,barra_10,CS,
21,barra_10,CS,
22,barra_10,CS,
23,barra_10,CS,
24,barra_10,CS,
1,barra_11,CS,
2,barra_11,CS,
3,barra_11,CS,
4,barra_11,CS,
5,barra_11,CS,
6,barra_11,CS,
7,barra_11,CS,
8,barra_11,CS,
9,barra_11,CS,
10,barra_11,CS,
11,barra_11,CS,
12,barra_11,CS,
13,barra_11,CS,
14,barra_11,CS,
15,barra_11,CS,
16,barra_11,CS,
17,barra_11,CS,
18,barra_11,CS,
19,barra_11,CS,
20,barra_11,CS,
21,barra_11,CS,
22,barra_11,CS,
23,barra_11,CS,
24,barra_11,CS,
1,barra_12,CS,
2,barra_12,CS,
3,barra_12,CS,
4,barra_12,CS,
5,barra_12,CS,
6,barra_12,CS,
7,barra_12,CS,
8,barra_12,CS,
9,barra_12,CS,
10,barra_12,CS,
11,barra_12,CS,
12,barra_12,CS,
13,barra_12,CS,
14,barra_12,CS,
15,barra_12,CS,
16,barra_12,CS,
17,barra_12,CS,
18,barra_12,CS,
19,barra_12,CS,
20,barra_12,CS,
21,barra_12,CS,
22,barra_12,CS,
23,barra_12,CS,
24,barra_12,CS,
1,barra_13,CS,
2,barra_13,CS,
3,barra_13,CS,
4,barra_13,CS,
5,barra_13,CS,
6,barra_13,CS,
7,barra_13,CS,
8,barra_13,CS,
9,barra_13,CS,
10,barra_13,CS,
11,barra_13,CS,
12,barra_13,CS,
13,barra_13,CS,
14,barra_13,CS,
15,barra_13,CS,
16,barra_13,CS,
17,barra_13,CS,
18,barra_13,CS,
19,barra_13,CS,
20,barra_13,CS,
21,barra_13,CS,
22,barra_13,CS,
23,barra_13,CS,
24,barra_13,CS,
1,barra_14,CS,0.0
2,barra_14,CS,0.0
3,barra_14,CS,0.0
4,barra_14,CS,0.0
5,barra_14,CS,0.0
6,barra_14,CS,-0.0
7,barra_14,CS,-0.0
8,barra_14,CS,-0.0
9,barra_14,CS,-0.0
10,barra_14,CS,-0.0
11,barra_14,CS,-0.0
12,barra_14,CS,-0.0
13,barra_14,CS,-0.0
14,barra_14,CS,-0.0
15,barra_14,CS,-0.0
16,barra_14,CS,-0.0
17,barra_14,CS,-0.0
18,barra_14,CS,-0.0
19,barra_14,CS,-0.0
20,barra_14,CS,0.0
21,barra_14,CS,0.0
22,barra_14,CS,0.0
23,barra_14,CS,0.0
24,barra_14,CS,0.0
1,barra_15,CS,
2,barra_15,CS,
3,barra_15,CS,
4,barra_15,CS,
5,barra_15,CS,
6,barra_15,CS,
7,barra_15,CS,
8,barra_15,CS,
9,barra_15,CS,
10,barra_15,CS,
11,barra_15,CS,
12,barra_15,CS,
13,barra_15,CS,
14,barra_15,CS,
15,barra_15,CS,
16,barra_15,CS,
17,barra_15,CS,
18,barra_15,CS,
19,barra_15,CS,
20,barra_15,CS,
21,barra_15,CS,
22,barra_15,CS,
23,barra_15,CS,
24,barra_15,CS,
1,barra_16,CS,
2,barra_16,CS,
3,barra_16,CS,
4,barra_16,CS,
5,barra_16,CS,
6,barra_16,CS,
7,barra_16,CS,
8,barra_16,CS,
9,barra_16,CS,
10,barra_16,CS,
11,barra_16,CS,
12,barra_16,CS,
13,barra_16,CS,
14,barra_16,CS,
15,barra_16,CS,
16,barra_16,CS,
17,barra_16,CS,
18,barra_16,CS,
19,barra_16,CS,
20,barra_16,CS,
21,barra_16,CS,
22,barra_16,CS,
23,barra_16,CS,
24,barra_16,CS,
1,barra_17,CS,
2,barra_17,CS,
3,barra_17,CS,
4,barra_17,CS,
5,barra_17,CS,
6,barra_17,CS,
7,barra_17,CS,
8,barra_17,CS,
9,barra_17,CS,
10,barra_17,CS,
11,barra_17,CS,
12,barra_17,CS,
13,barra_17,CS,
14,barra_17,CS,
15,barra_17,CS,
16,barra_17,CS,
17,barra_17,CS,
18,barra_17,CS,
19,barra_17,CS,
20,barra_17,CS,
21,barra_17,CS,
22,barra_17,CS,
23,barra_17,CS,
24,barra_17,CS,
1,barra_18,CS,0.0
2,barra_18,CS,0.0
3,barra_18,CS,0.0
4,barra_18,CS,0.0
5,barra_18,CS,0.0
6,barra_18,CS,0.0
7,barra_18,CS,0.0
8,barra_18,CS,0.0
9,barra_18,CS,0.0
10,barra_18,CS,0.0
11,barra_18,CS,0.0
12,barra_18,CS,0.0
13,barra_18,CS,0.0
14,barra_18,CS,0.0
15,barra_18,CS,0.0
16,barra_18,CS,0.0
17,barra_18,CS,0.0
18,barra_18,CS,0.0
19,barra_18,CS,0.0
20,barra_18,CS,0.0
21,barra_18,CS,0.0
22,barra_18,CS,0.0
23,barra_18,CS,0.0
24,barra_18,CS,0.0
1,barra_19,CS,
2,barra_19,CS,
3,barra_19,CS,
4,barra_19,CS,
5,barra_19,CS,
6,barra_19,CS,
7,barra_19,CS,
8,barra_19,CS,
9,barra_19,CS,
10,barra_19,CS,
11,barra_19,CS,
12,barra_19,CS,
13,barra_19,CS,
14,barra_19,CS,
15,barra_19,CS,
16,barra_19,CS,
17,barra_19,CS,
18,barra_19,CS,
19,barra_19,CS,
20,barra_19,CS,
21,barra_19,CS,
22,barra_19,CS,
23,barra_19,CS,
24,barra_19,CS,
1,barra_20,CS,
2,barra_20,CS,
3,barra_20,CS,
4,barra_20,CS,
5,barra_20,CS,
6,barra_20,CS,
7,barra_20,CS,
8,barra_20,CS,
9,barra_20,CS,
10,barra_20,CS,
11,barra_20,CS,
12,barra_20,CS,
13,barra_20,CS,
14,barra_20,CS,
15,barra_20,CS,
16,barra_20,CS,
17,barra_20,CS,
18,barra_20,CS,
19,barra_20,CS,
20,barra_20,CS,
21,barra_20,CS,
22,barra_20,CS,
23,barra_20,CS,
24,barra_20,CS,
1,barra_21,CS,
2,barra_21,CS,
3,barra_21,CS,
4,barra_21,CS,
5,barra_21,CS,
6,barra_21,CS,
7,barra_21,CS,
8,barra_21,CS,
9,barra_21,CS,
10,barra_21,CS,
11,barra_21,CS,
12,barra_21,CS,
13,barra_21,CS,
14,barra_21,CS,
15,barra_21,CS,
16,barra_21,CS,
17,barra_21,CS,
18,barra_21,CS,
19,barra_21,CS,
20,barra_21,CS,
21,barra_21,CS,
22,barra_21,CS,
23,barra_21,CS,
24,barra_21,CS,
1,barra_22,CS,
2,barra_22,CS,
3,barra_22,CS,
4,barra_22,CS,
5,barra_22,CS,
6,barra_22,CS,
7,barra_22,CS,
8,barra_22,CS,
9,barra_22,CS,
10,barra_22,CS,
11,barra_22,CS,
12,barra_22,CS,
13,barra_22,CS,
14,barra_22,CS,
15,barra_22,CS,
16,barra_22,CS,
17,barra_22,CS,
18,barra_22,CS,
19,barra_22,CS,
20,barra_22,CS,
21,barra_22,CS,
22,barra_22,CS,
23,barra_22,CS,
24,barra_22,CS,
1,barra_23,CS,
2,barra_23,CS,
3,barra_23,CS,
4,barra_23,CS,
5,barra_23,CS,
6,barra_23,CS,
7,barra_23,CS,
8,barra_23,CS,
9,barra_23,CS,
10,barra_23,CS,
11,barra_23,CS,
12,barra_23,CS,
13,barra_23,CS,
14,barra_23,CS,
15,barra_23,CS,
16,barra_23,CS,
17,barra_23,CS,
18,barra_23,CS,
19,barra_23,CS,
20,barra_23,CS,
21,barra_23,CS,
22,barra_23,CS,
23,barra_23,CS,
24,barra_23,CS,
1,barra_24,CS,
2,barra_24,CS,
3,barra_24,CS,
4,barra_24,CS,
5,barra_24,CS,
6,barra_24,CS,
7,barra_24,CS,
8,barra_24,CS,
9,barra_24,CS,
10,barra_24,CS,
11,barra_24,CS,
12,barra_24,CS,
13,barra_24,CS,
14,barra_24,CS,
15,barra_24,CS,
16,barra_24,CS,
17,barra_24,CS,
18,barra_24,CS,
19,barra_24,CS,
20,barra_24,CS,
21,barra_24,CS,
22,barra_24,CS,
23,barra_24,CS,
24,barra_24,CS,
1,barra_25,CS,0.0
2,barra_25,CS,0.0
3,barra_25,CS,0.0
4,barra_25,CS,0.0
5,barra_25,CS,0.0
6,barra_25,CS,-0.0
7,barra_25,CS,-0.0
8,barra_25,CS,-0.0
9,barra_25,CS,-0.0
10,barra_25,CS,-0.0
11,barra_25,CS,0.077502123
12,barra_25,CS,0.033717804
13,barra_25,CS,6.058365e-05
14,barra_25,CS,0.1887483
15,barra_25,CS,-0.0
16,barra_25,CS,-0.0
17,barra_25,CS,-0.0
18,barra_25,CS,-0.0
19,barra_25,CS,-0.0
20,barra_25,CS,0.0
21,barra_25,CS,0.0
22,barra_25,CS,0.0
23,barra_25,CS,0.0
24,barra_25,CS,0.0
1,barra_26,CS,
2,barra_26,CS,
3,barra_26,CS,
4,barra_26,CS,
5,barra_26,CS,
6,barra_26,CS,
7,barra_26,CS,
8,barra_26,CS,
9,barra_26,CS,
10,barra_26,CS,
11,barra_26,CS,
12,barra_26,CS,
13,barra_26,CS,
14,barra_26,CS,
15,barra_26,CS,
16,barra_26,CS,
17,barra_26,CS,
18,barra_26,CS,
19,barra_26,CS,
20,barra_26,CS,
21,barra_26,CS,
22,barra_26,CS,
23,barra_26,CS,
24,barra_26,CS,
1,barra_27,CS,
2,barra_27,CS,
3,barra_27,CS,
4,barra_27,CS,
5,barra_27,CS,
6,barra_27,CS,
7,barra_27,CS,
8,barra_27,CS,
9,barra_27,CS,
10,barra_27,CS,
11,barra_27,CS,
12,barra_27,CS,
13,barra_27,CS,
14,barra_27,CS,
15,barra_27,CS,
16,barra_27,CS,
17,barra_27,CS,
18,barra_27,CS,
19,barra_27,CS,
20,barra_27,CS,
21,barra_27,CS,
22,barra_27,CS,
23,barra_27,CS,
24,barra_27,CS,
1,barra_28,CS,
2,barra_28,CS,
3,barra_28,CS,
4,barra_28,CS,
5,barra_28,CS,
6,barra_28,CS,
7,barra_28,CS,
8,barra_28,CS,
9,barra_28,CS,
10,barra_28,CS,
11,barra_28,CS,
12,barra_28,CS,
13,barra_28,CS,
14,barra_28,CS,
15,barra_28,CS,
16,barra_28,CS,
17,barra_28,CS,
18,barra_28,CS,
19,barra_28,CS,
20,barra_28,CS,
21,barra_28,CS,
22,barra_28,CS,
23,barra_28,CS,
24,barra_28,CS,
1,barra_29,CS,
2,barra_29,CS,
3,barra_29,CS,
4,barra_29,CS,
5,barra_29,CS,
6,barra_29,CS,
7,barra_29,CS,
8,barra_29,CS,
9,barra_29,CS,
10,barra_29,CS,
11,barra_29,CS,
12,barra_29,CS,
13,barra_29,CS,
14,barra_29,CS,
15,barra_29,CS,
16,barra_29,CS,
17,barra_29,CS,
18,barra_29,CS,
19,barra_29,CS,
20,barra_29,CS,
21,barra_29,CS,
22,barra_29,CS,
23,barra_29,CS,
24,barra_29,CS,
1,barra_30,CS,0.0
2,barra_30,CS,0.0
3,barra_30,CS,0.0
4,barra_30,CS,0.0
5,barra_30,CS,0.0
6,barra_30,CS,0.0
7,barra_30,CS,0.0
8,barra_30,CS,0.0
9,barra_30,CS,0.0
10,barra_30,CS,0.0
11,barra_30,CS,0.0
12,barra_30,CS,0.0
13,barra_30,CS,0.0
14,barra_30,CS,0.0
15,barra_30,CS,0.0
16,barra_30,CS,0.0
17,barra_30,CS,0.0
18,barra_30,CS,0.0
19,barra_30,CS,0.0
20,barra_30,CS,0.0
21,barra_30,CS,0.0
22,barra_30,CS,0.0
23,barra_30,CS,0.0
24,barra_30,CS,0.0
1,barra_31,CS,
2,barra_31,CS,
3,barra_31,CS,
4,barra_31,CS,
5,barra_31,CS,
6,barra_31,CS,
7,barra_31,CS,
8,barra_31,CS,
9,barra_31,CS,
10,barra_31,CS,
11,barra_31,CS,
12,barra_31,CS,
13,barra_31,CS,
14,barra_31,CS,
15,barra_31,CS,
16,barra_31,CS,
17,barra_31,CS,
18,barra_31,CS,
19,barra_31,CS,
20,barra_31,CS,
21,barra_31,CS,
22,barra_31,CS,
23,barra_31,CS,
24,barra_31,CS,
1,barra_32,CS,
2,barra_32,CS,
3,barra_32,CS,
4,barra_32,CS,
5,barra_32,CS,
6,barra_32,CS,
7,barra_32,CS,
8,barra_32,CS,
9,barra_32,CS,
10,barra_32,CS,
11,barra_32,CS,
12,barra_32,CS,
13,barra_32,CS,
14,barra_32,CS,
15,barra_32,CS,
16,barra_32,CS,
17,barra_32,CS,
18,barra_32,CS,
19,barra_32,CS,
20,barra_32,CS,
21,barra_32,CS,
22,barra_32,CS,
23,barra_32,CS,
24,barra_32,CS,
1,barra_33,CS,
2,barra_33,CS,
3,barra_33,CS,
4,barra_33,CS,
5,barra_33,CS,
6,barra_33,CS,
7,barra_33,CS,
8,barra_33,CS,
9,barra_33,CS,
10,barra_33,CS,
11,barra_33,CS,
12,barra_33,CS,
13,barra_33,CS,
14,barra_33,CS,
15,barra_33,CS,
16,barra_33,CS,
17,barra_33,CS,
18,barra_33,CS,
19,barra_33,CS,
20,barra_33,CS,
21,barra_33,CS,
22,barra_33,CS,
23,barra_33,CS,
24,barra_33,CS,
1,barra_1,CW,
2,barra_1,CW,
3,barra_1,CW,
4,barra_1,CW,
5,barra_1,CW,
6,barra_1,CW,
7,barra_1,CW,
8,barra_1,CW,
9,barra_1,CW,
10,barra_1,CW,
11,barra_1,CW,
12,barra_1,CW,
13,barra_1,CW,
14,barra_1,CW,
15,barra_1,CW,
16,barra_1,CW,
17,barra_1,CW,
18,barra_1,CW,
19,barra_1,CW,
20,barra_1,CW,
21,barra_1,CW,
22,barra_1,CW,
23,barra_1,CW,
24,barra_1,CW,
1,barra_2,CW,
2,barra_2,CW,
3,barra_2,CW,
4,barra_2,CW,
5,barra_2,CW,
6,barra_2,CW,
7,barra_2,CW,
8,barra_2,CW,
9,barra_2,CW,
10,barra_2,CW,
11,barra_2,CW,
12,barra_2,CW,
13,barra_2,CW,
14,barra_2,CW,
15,barra_2,CW,
16,barra_2,CW,
17,barra_2,CW,
18,barra_2,CW,
19,barra_2,CW,
20,barra_2,CW,
21,barra_2,CW,
22,barra_2,CW,
23,barra_2,CW,
24,barra_2,CW,
1,barra_3,CW,
2,barra_3,CW,
3,barra_3,CW,
4,barra_3,CW,
5,barra_3,CW,
6,barra_3,CW,
7,barra_3,CW,
8,barra_3,CW,
9,barra_3,CW,
10,barra_3,CW,
11,barra_3,CW,
12,barra_3,CW,
13,barra_3,CW,
14,barra_3,CW,
15,barra_3,CW,
16,barra_3,CW,
17,barra_3,CW,
18,barra_3,CW,
19,barra_3,CW,
20,barra_3,CW,
21,barra_3,CW,
22,barra_3,CW,
23,barra_3,CW,
24,barra_3,CW,
1,barra_4,CW,
2,barra_4,CW,
3,barra_4,CW,
4,barra_4,CW,
5,barra_4,CW,
6,barra_4,CW,
7,barra_4,CW,
8,barra_4,CW,
9,barra_4,CW,
10,barra_4,CW,
11,barra_4,CW,
12,barra_4,CW,
13,barra_4,CW,
14,barra_4,CW,
15,barra_4,CW,
16,barra_4,CW,
17,barra_4,CW,
18,barra_4,CW,
19,barra_4,CW,
20,barra_4,CW,
21,barra_4,CW,
22,barra_4,CW,
23,barra_4,CW,
24,barra_4,CW,
1,barra_5,CW,
2,barra_5,CW,
3,barra_5,CW,
4,barra_5,CW,
5,barra_5,CW,
6,barra_5,CW,
7,barra_5,CW,
8,barra_5,CW,
9,barra_5,CW,
10,barra_5,CW,
11,barra_5,CW,
12,barra_5,CW,
13,barra_5,CW,
14,barra_5,CW,
15,barra_5,CW,
16,barra_5,CW,
17,barra_5,CW,
18,barra_5,CW,
19,barra_5,CW,
20,barra_5,CW,
21,barra_5,CW,
22,barra_5,CW,
23,barra_5,CW,
24,barra_5,CW,
1,barra_6,CW,0.0
2,barra_6,CW,0.0
3,barra_6,CW,0.0
4,barra_6,CW,0.0
5,barra_6,CW,0.0
6,barra_6,CW,0.0
7,barra_6,CW,0.0
8,barra_6,CW,0.0
9,barra_6,CW,0.0
10,barra_6,CW,0.0
11,barra_6,CW,0.0
12,barra_6,CW,0.0
13,barra_6,CW,0.0
14,barra_6,CW,0.0
15,barra_6,CW,0.0
16,barra_6,CW,0.0
17,barra_6,CW,0.0
18,barra_6,CW,0.0
19,barra_6,CW,0.0
20,barra_6,CW,0.0
21,barra_6,CW,0.0
22,barra_6,CW,0.0
23,barra_6,CW,0.0
24,barra_6,CW,0.0
1,barra_7,CW,
2,barra_7,CW,
3,barra_7,CW,
4,barra_7,CW,
5,barra_7,CW,
6,barra_7,CW,
7,barra_7,CW,
8,barra_7,CW,
9,barra_7,CW,
10,barra_7,CW,
11,barra_7,CW,
12,barra_7,CW,
13,barra_7,CW,
14,barra_7,CW,
15,barra_7,CW,
16,barra_7,CW,
17,barra_7,CW,
18,barra_7,CW,
19,barra_7,CW,
20,barra_7,CW,
21,barra_7,CW,
22,barra_7,CW,
23,barra_7,CW,
24,barra_7,CW,
1,barra_8,CW,
2,barra_8,CW,
3,barra_8,CW,
4,barra_8,CW,
5,barra_8,CW,
6,barra_8,CW,
7,barra_8,CW,
8,barra_8,CW,
9,barra_8,CW,
10,barra_8,CW,
11,barra_8,CW,
12,barra_8,CW,
13,barra_8,CW,
14,barra_8,CW,
15,barra_8,CW,
16,barra_8,CW,
17,barra_8,CW,
18,barra_8,CW,
19,barra_8,CW,
20,barra_8,CW,
21,barra_8,CW,
22,barra_8,CW,
23,barra_8,CW,
24,barra_8,CW,
1,barra_9,CW,
2,barra_9,CW,
3,barra_9,CW,
4,barra_9,CW,
5,barra_9,CW,
6,barra_9,CW,
7,barra_9,CW,
8,barra_9,CW,
9,barra_9,CW,
10,barra_9,CW,
11,barra_9,CW,
12,barra_9,CW,
13,barra_9,CW,
14,barra_9,CW,
15,barra_9,CW,
16,barra_9,CW,
17,barra_9,CW,
18,barra_9,CW,
19,barra_9,CW,
20,barra_9,CW,
21,barra_9,CW,
22,barra_9,CW,
23,barra_9,CW,
24,barra_9,CW,
1,barra_10,CW,
2,barra_10,CW,
3,barra_10,CW,
4,barra_10,CW,
5,barra_10,CW,
6,barra_10,CW,
7,barra_10,CW,
8,barra_10,CW,
9,barra_10,CW,
10,barra_10,CW,
11,barra_10,CW,
12,barra_10,CW,
13,barra_10,CW,
14,barra_10,CW,
15,barra_10,CW,
16,barra_10,CW,
17,barra_10,CW,
18,barra_10,CW,
19,barra_10,CW,
20,barra_10,CW,
21,barra_10,CW,
22,barra_10,CW,
23,barra_10,CW,
24,barra_10,CW,
1,barra_11,CW,
2,barra_11,CW,
3,barra_11,CW,
4,barra_11,CW,
5,barra_11,CW,
6,barra_11,CW,
7,barra_11,CW,
8,barra_11,CW,
9,barra_11,CW,
10,barra_11,CW,
11,barra_11,CW,
12,barra_11,CW,
13,barra_11,CW,
14,barra_11,CW,
15,barra_11,CW,
16,barra_11,CW,
17,barra_11,CW,
18,barra_11,CW,
19,barra_11,CW,
20,barra_11,CW,
21,barra_11,CW,
22,barra_11,CW,
23,barra_11,CW,
24,barra_11,CW,
1,barra_12,CW,
2,barra_12,CW,
3,barra_12,CW,
4,barra_12,CW,
5,barra_12,CW,
6,barra_12,CW,
7,barra_12,CW,
8,barra_12,CW,
9,barra_12,CW,
10,barra_12,CW,
11,barra_12,CW,
12,barra_12,CW,
13,barra_12,CW,
14,barra_12,CW,
15,barra_12,CW,
16,barra_12,CW,
17,barra_12,CW,
18,barra_12,CW,
19,barra_12,CW,
20,barra_12,CW,
21,barra_12,CW,
22,barra_12,CW,
23,barra_12,CW,
24,barra_12,CW,
1,barra_13,CW,
2,barra_13,CW,
3,barra_13,CW,
4,barra_13,CW,
5,barra_13,CW,
6,barra_13,CW,
7,barra_13,CW,
8,barra_13,CW,
9,barra_13,CW,
10,barra_13,CW,
11,barra_13,CW,
12,barra_13,CW,
13,barra_13,CW,
14,barra_13,CW,
15,barra_13,CW,
16,barra_13,CW,
17,barra_13,CW,
18,barra_13,CW,
19,barra_13,CW,
20,barra_13,CW,
21,barra_13,CW,
22,barra_13,CW,
23,barra_13,CW,
24,barra_13,CW,
1,barra_14,CW,0.0
2,barra_14,CW,0.0
3,barra_14,CW,0.0
4,barra_14,CW,0.0
5,barra_14,CW,0.0
6,barra_14,CW,0.0
7,barra_14,CW,0.0
8,barra_14,CW,0.0
9,barra_14,CW,0.0
10,barra_14,CW,0.0
11,barra_14,CW,0.0
12,barra_14,CW,0.0
13,barra_14,CW,0.0
14,barra_14,CW,0.0
15,barra_14,CW,0.0
16,barra_14,CW,0.0
17,barra_14,CW,0.0
18,barra_14,CW,0.0
19,barra_14,CW,0.0
20,barra_14,CW,0.0
21,barra_14,CW,0.0
22,barra_14,CW,0.0
23,barra_14,CW,0.0
24,barra_14,CW,0.0
1,barra_15,CW,
2,barra_15,CW,
3,barra_15,CW,
4,barra_15,CW,
5,barra_15,CW,
6,barra_15,CW,
7,barra_15,CW,
8,barra_15,CW,
9,barra_15,CW,
10,barra_15,CW,
11,barra_15,CW,
12,barra_15,CW,
13,barra_15,CW,
14,barra_15,CW,
15,barra_15,CW,
16,barra_15,CW,
17,barra_15,CW,
18,barra_15,CW,
19,barra_15,CW,
20,barra_15,CW,
21,barra_15,CW,
22,barra_15,CW,
23,barra_15,CW,
24,barra_15,CW,
1,barra_16,CW,
2,barra_16,CW,
3,barra_16,CW,
4,barra_16,CW,
5,barra_16,CW,
6,barra_16,CW,
7,barra_16,CW,
8,barra_16,CW,
9,barra_16,CW,
10,barra_16,CW,
11,barra_16,CW,
12,barra_16,CW,
13,barra_16,CW,
14,barra_16,CW,
15,barra_16,CW,
16,barra_16,CW,
17,barra_16,CW,
18,barra_16,CW,
19,barra_16,CW,
20,barra_16,CW,
21,barra_16,CW,
22,barra_16,CW,
23,barra_16,CW,
24,barra_16,CW,
1,barra_17,CW,
2,barra_17,CW,
3,barra_17,CW,
4,barra_17,CW,
5,barra_17,CW,
6,barra_17,CW,
7,barra_17,CW,
8,barra_17,CW,
9,barra_17,CW,
10,barra_17,CW,
11,barra_17,CW,
12,barra_17,CW,
13,barra_17,CW,
14,barra_17,CW,
15,barra_17,CW,
16,barra_17,CW,
17,barra_17,CW,
18,barra_17,CW,
19,barra_17,CW,
20,barra_17,CW,
21,barra_17,CW,
22,barra_17,CW,
23,barra_17,CW,
24,barra_17,CW,
1,barra_18,CW,-0.0
2,barra_18,CW,-0.0
3,barra_18,CW,-0.0
4,barra_18,CW,-0.0
5,barra_18,CW,-0.0
6,barra_18,CW,-0.0
7,barra_18,CW,-0.0
8,barra_18,CW,-0.0
9,barra_18,CW,-0.0
10,barra_18,CW,-0.0
11,barra_18,CW,-0.0
12,barra_18,CW,-0.0
13,barra_18,CW,0.0050003524
14,barra_18,CW,0.0018399005
15,barra_18,CW,-0.0
16,barra_18,CW,-0.0
17,barra_18,CW,-0.0
18,barra_18,CW,-0.0
19,barra_18,CW,-0.0
20,barra_18,CW,-0.0
21,barra_18,CW,-0.0
22,barra_18,CW,-0.0
23,barra_18,CW,-0.0
24,barra_18,CW,-0.0
1,barra_19,CW,
2,barra_19,CW,
3,barra_19,CW,
4,barra_19,CW,
5,barra_19,CW,
6,barra_19,CW,
7,barra_19,CW,
8,barra_19,CW,
9,barra_19,CW,
10,barra_19,CW,
11,barra_19,CW,
12,barra_19,CW,
13,barra_19,CW,
14,barra_19,CW,
15,barra_19,CW,
16,barra_19,CW,
17,barra_19,CW,
18,barra_19,CW,
19,barra_19,CW,
20,barra_19,CW,
21,barra_19,CW,
22,barra_19,CW,
23,barra_19,CW,
24,barra_19,CW,
1,barra_20,CW,
2,barra_20,CW,
3,barra_20,CW,
4,barra_20,CW,
5,barra_20,CW,
6,barra_20,CW,
7,barra_20,CW,
8,barra_20,CW,
9,barra_20,CW,
10,barra_20,CW,
11,barra_20,CW,
12,barra_20,CW,
13,barra_20,CW,
14,barra_20,CW,
15,barra_20,CW,
16,barra_20,CW,
17,barra_20,CW,
18,barra_20,CW,
19,barra_20,CW,
20,barra_20,CW,
21,barra_20,CW,
22,barra_20,CW,
23,barra_20,CW,
24,barra_20,CW,
1,barra_21,CW,
2,barra_21,CW,
3,barra_21,CW,
4,barra_21,CW,
5,barra_21,CW,
6,barra_21,CW,
7,barra_21,CW,
8,barra_21,CW,
9,barra_21,CW,
10,barra_21,CW,
11,barra_21,CW,
12,barra_21,CW,
13,barra_21,CW,
14,barra_21,CW,
15,barra_21,CW,
16,barra_21,CW,
17,barra_21,CW,
18,barra_21,CW,
19,barra_21,CW,
20,barra_21,CW,
21,barra_21,CW,
22,barra_21,CW,
23,barra_21,CW,
24,barra_21,CW,
1,barra_22,CW,
2,barra_22,CW,
3,barra_22,CW,
4,barra_22,CW,
5,barra_22,CW,
6,barra_22,CW,
7,barra_22,CW,
8,barra_22,CW,
9,barra_22,CW,
10,barra_22,CW,
11,barra_22,CW,
12,barra_22,CW,
13,barra_22,CW,
14,barra_22,CW,
15,barra_22,CW,
16,barra_22,CW,
17,barra_22,CW,
18,barra_22,CW,
19,barra_22,CW,
20,barra_22,CW,
21,barra_22,CW,
22,barra_22,CW,
23,barra_22,CW,
24,barra_22,CW,
1,barra_23,CW,
2,barra_23,CW,
3,barra_23,CW,
4,barra_23,CW,
5,barra_23,CW,
6,barra_23,CW,
7,barra_23,CW,
8,barra_23,CW,
9,barra_23,CW,
10,barra_23,CW,
11,barra_23,CW,
12,barra_23,CW,
13,barra_23,CW,
14,barra_23,CW,
15,barra_23,CW,
16,barra_23,CW,
17,barra_23,CW,
18,barra_23,CW,
19,barra_23,CW,
20,barra_23,CW,
21,barra_23,CW,
22,barra_23,CW,
23,barra_23,CW,
24,barra_23,CW,
1,barra_24,CW,
2,barra_24,CW,
3,barra_24,CW,
4,barra_24,CW,
5,barra_24,CW,
6,barra_24,CW,
7,barra_24,CW,
8,barra_24,CW,
9,barra_24,CW,
10,barra_24,CW,
11,barra_24,CW,
12,barra_24,CW,
13,barra_24,CW,
14,barra_24,CW,
15,barra_24,CW,
16,barra_24,CW,
17,barra_24,CW,
18,barra_24,CW,
19,barra_24,CW,
20,barra_24,CW,
21,barra_24,CW,
22,barra_24,CW,
23,barra_24,CW,
24,barra_24,CW,
1,barra_25,CW,0.0
2,barra_25,CW,0.0
3,barra_25,CW,0.0
4,barra_25,CW,0.0
5,barra_25,CW,0.0
6,barra_25,CW,0.0
7,barra_25,CW,0.0
8,barra_25,CW,0.0
9,barra_25,CW,0.0
10,barra_25,CW,0.0
11,barra_25,CW,0.0
12,barra_25,CW,0.0
13,barra_25,CW,0.0
14,barra_25,CW,0.0
15,barra_25,CW,0.0
16,barra_25,CW,0.0
17,barra_25,CW,0.0
18,barra_25,CW,0.0
19,barra_25,CW,0.0
20,barra_25,CW,0.0
21,barra_25,CW,0.0
22,barra_25,CW,0.0
23,barra_25,CW,0.0
24,barra_25,CW,0.0
1,barra_26,CW,
2,barra_26,CW,
3,barra_26,CW,
4,barra_26,CW,
5,barra_26,CW,
6,barra_26,CW,
7,barra_26,CW,
8,barra_26,CW,
9,barra_26,CW,
10,barra_26,CW,
11,barra_26,CW,
12,barra_26,CW,
13,barra_26,CW,
14,barra_26,CW,
15,barra_26,CW,
16,barra_26,CW,
17,barra_26,CW,
18,barra_26,CW,
19,barra_26,CW,
20,barra_26,CW,
21,barra_26,CW,
22,barra_26,CW,
23,barra_26,CW,
24,barra_26,CW,
1,barra_27,CW,
2,barra_27,CW,
3,barra_27,CW,
4,barra_27,CW,
5,barra_27,CW,
6,barra_27,CW,
7,barra_27,CW,
8,barra_27,CW,
9,barra_27,CW,
10,barra_27,CW,
11,barra_27,CW,
12,barra_27,CW,
13,barra_27,CW,
14,barra_27,CW,
15,barra_27,CW,
16,barra_27,CW,
17,barra_27,CW,
18,barra_27,CW,
19,barra_27,CW,
20,barra_27,CW,
21,barra_27,CW,
22,barra_27,CW,
23,barra_27,CW,
24,barra_27,CW,
1,barra_28,CW,
2,barra_28,CW,
3,barra_28,CW,
4,barra_28,CW,
5,barra_28,CW,
6,barra_28,CW,
7,barra_28,CW,
8,barra_28,CW,
9,barra_28,CW,
10,barra_28,CW,
11,barra_28,CW,
12,barra_28,CW,
13,barra_28,CW,
14,barra_28,CW,
15,barra_28,CW,
16,barra_28,CW,
17,barra_28,CW,
18,barra_28,CW,
19,barra_28,CW,
20,barra_28,CW,
21,barra_28,CW,
22,barra_28,CW,
23,barra_28,CW,
24,barra_28,CW,
1,barra_29,CW,
2,barra_29,CW,
3,barra_29,CW,
4,barra_29,CW,
5,barra_29,CW,
6,barra_29,CW,
7,barra_29,CW,
8,barra_29,CW,
9,barra_29,CW,
10,barra_29,CW,
11,barra_29,CW,
12,barra_29,CW,
13,barra_29,CW,
14,barra_29,CW,
15,barra_29,CW,
16,barra_29,CW,
17,barra_29,CW,
18,barra_29,CW,
19,barra_29,CW,
20,barra_29,CW,
21,barra_29,CW,
22,barra_29,CW,
23,barra_29,CW,
24,barra_29,CW,
1,barra_30,CW,-0.0
2,barra_30,CW,-0.0
3,barra_30,CW,-0.0
4,barra_30,CW,-0.0
5,barra_30,CW,-0.0
6,barra_30,CW,-0.0
7,barra_30,CW,-0.0
8,barra_30,CW,-0.0
9,barra_30,CW,-0.0
10,barra_30,CW,-0.0
11,barra_30,CW,0.0021784642
12,barra_30,CW,-0.0
13,barra_30,CW,-0.0
14,barra_30,CW,-0.0
15,barra_30,CW,-0.0
16,barra_30,CW,-0.0
17,barra_30,CW,-0.0
18,barra_30,CW,-0.0
19,barra_30,CW,-0.0
20,barra_30,CW,-0.0
21,barra_30,CW,-0.0
22,barra_30,CW,-0.0
23,barra_30,CW,-0.0
24,barra_30,CW,-0.0
1,barra_31,CW,
2,barra_31,CW,
3,barra_31,CW,
4,barra_31,CW,
5,barra_31,CW,
6,barra_31,CW,
7,barra_31,CW,
8,barra_31,CW,
9,barra_31,CW,
10,barra_31,CW,
11,barra_31,CW,
12,barra_31,CW,
13,barra_31,CW,
14,barra_31,CW,
15,barra_31,CW,
16,barra_31,CW,
17,barra_31,CW,
18,barra_31,CW,
19,barra_31,CW,
20,barra_31,CW,
21,barra_31,CW,
22,barra_31,CW,
23,barra_31,CW,
24,barra_31,CW,
1,barra_32,CW,
2,barra_32,CW,
3,barra_32,CW,
4,barra_32,CW,
5,barra_32,CW,
6,barra_32,CW,
7,barra_32,CW,
8,barra_32,CW,
9,barra_32,CW,
10,barra_32,CW,
11,barra_32,CW,
12,barra_32,CW,
13,barra_32,CW,
14,barra_32,CW,
15,barra_32,CW,
16,barra_32,CW,
17,barra_32,CW,
18,barra_32,CW,
19,barra_32,CW,
20,barra_32,CW,
21,barra_32,CW,
22,barra_32,CW,
23,barra_32,CW,
24,barra_32,CW,
1,barra_33,CW,
2,barra_33,CW,
3,barra_33,CW,
4,barra_33,CW,
5,barra_33,CW,
6,barra_33,CW,
7,barra_33,CW,
8,barra_33,CW,
9,barra_33,CW,
10,barra_33,CW,
11,barra_33,CW,
12,barra_33,CW,
13,barra_33,CW,
14,barra_33,CW,
15,barra_33,CW,
16,barra_33,CW,
17,barra_33,CW,
18,barra_33,CW,
19,barra_33,CW,
20,barra_33,CW,
21,barra_33,CW,
22,barra_33,CW,
23,barra_33,CW,
24,barra_33,CW,
1,bateria_25,P_ch,0.0
2,bateria_25,P_ch,0.0
3,bateria_25,P_ch,0.0
4,bateria_25,P_ch,0.0
5,bateria_25,P_ch,0.0
6,bateria_25,P_ch,0.0
7,bateria_25,P_ch,0.0
8,bateria_25,P_ch,0.0
9,bateria_25,P_ch,0.0
10,bateria_25,P_ch,0.0
11,bateria_25,P_ch,0.2
12,bateria_25,P_ch,0.2
13,bateria_25,P_ch,0.2
14,bateria_25,P_ch,0.2
15,bateria_25,P_ch,0.2
16,bateria_25,P_ch,0.0
17,bateria_25,P_ch,0.0
18,bateria_25,P_ch,0.0
19,bateria_25,P_ch,0.0
20,bateria_25,P_ch,0.0
21,bateria_25,P_ch,0.0
22,bateria_25,P_ch,0.0
23,bateria_25,P_ch,0.0
24,bateria_25,P_ch,0.0
1,bateria_6,P_ch,0.0
2,bateria_6,P_ch,0.0
3,bateria_6,P_ch,0.0
4,bateria_6,P_ch,0.0
5,bateria_6,P_ch,0.0
6,bateria_6,P_ch,0.0
7,bateria_6,P_ch,0.0
8,bateria_6,P_ch,0.0
9,bateria_6,P_ch,0.0
10,bateria_6,P_ch,0.0
11,bateria_6,P_ch,0.2
12,bateria_6,P_ch,0.2
13,bateria_6,P_ch,0.2
14,bateria_6,P_ch,0.2
15,bateria_6,P_ch,0.2
16,bateria_6,P_ch,0.0
17,bateria_6,P_ch,0.0
18,bateria_6,P_ch,0.0
19,bateria_6,P_ch,0.0
20,bateria_6,P_ch,0.0
21,bateria_6,P_ch,0.0
22,bateria_6,P_ch,0.0
23,bateria_6,P_ch,0.0
24,bateria_6,P_ch,0.0
1,bateria_25,P_dis,0.087590418
2,bateria_25,P_dis,0.0017705
3,bateria_25,P_dis,0.0017985
4,bateria_25,P_dis,0.0018115
5,bateria_25,P_dis,0.049529082
6,bateria_25,P_dis,0.0
7,bateria_25,P_dis,0.0
8,bateria_25,P_dis,0.0
9,bateria_25,P_dis,0.0
10,bateria_25,P_dis,0.0
11,bateria_25,P_dis,0.1805
12,bateria_25,P_dis,0.067628073
13,bateria_25,P_dis,0.0
14,bateria_25,P_dis,0.2
15,bateria_25,P_dis,0.074371927
16,bateria_25,P_dis,0.0
17,bateria_25,P_dis,0.0
18,bateria_25,P_dis,0.0
19,bateria_25,P_dis,0.0
20,bateria_25,P_dis,0.0
21,bateria_25,P_dis,0.0
22,bateria_25,P_dis,0.0
23,bateria_25,P_dis,0.0
24,bateria_25,P_dis,0.0
1,bateria_6,P_dis,0.059213611
2,bateria_6,P_dis,0.0017705
3,bateria_6,P_dis,0.018343634
4,bateria_6,P_dis,0.0018115
5,bateria_6,P_dis,0.061360755
6,bateria_6,P_dis,0.0
7,bateria_6,P_dis,0.0
8,bateria_6,P_dis,0.0
9,bateria_6,P_dis,0.0
10,bateria_6,P_dis,0.0
11,bateria_6,P_dis,0.17095568
12,bateria_6,P_dis,0.11500226
13,bateria_6,P_dis,0.055210651
14,bateria_6,P_dis,0.062732437
15,bateria_6,P_dis,0.11859897
16,bateria_6,P_dis,0.0
17,bateria_6,P_dis,0.0
18,bateria_6,P_dis,0.0
19,bateria_6,P_dis,0.0
20,bateria_6,P_dis,0.0
21,bateria_6,P_dis,0.0
22,bateria_6,P_dis,0.0
23,bateria_6,P_dis,0.0
24,bateria_6,P_dis,0.0
1,bateria_25,E,0.25
2,bateria_25,E,0.15779956
3,bateria_25,E,0.15593588
4,bateria_25,E,0.15404272
5,bateria_25,E,0.15213588
6,bateria_25,E,0.1
7,bateria_25,E,0.1
8,bateria_25,E,0.1
9,bateria_25,E,0.1
10,bateria_25,E,0.1
11,bateria_25,E,0.1
12,bateria_25,E,0.1
13,bateria_25,E,0.21881255
14,bateria_25,E,0.40881255
15,bateria_25,E,0.38828624
16,bateria_25,E,0.5
17,bateria_25,E,0.5
18,bateria_25,E,0.5
19,bateria_25,E,0.5
20,bateria_25,E,0.5
21,bateria_25,E,0.5
22,bateria_25,E,0.5
23,bateria_25,E,0.5
24,bateria_25,E,0.5
1,bateria_6,E,0.25
2,bateria_6,E,0.18766988
3,bateria_6,E,0.1858062
4,bateria_6,E,0.16649711
5,bateria_6,E,0.16459027
6,bateria_6,E,0.1
7,bateria_6,E,0.1
8,bateria_6,E,0.1
9,bateria_6,E,0.1
10,bateria_6,E,0.1
11,bateria_6,E,0.1
12,bateria_6,E,0.11004665
13,bateria_6,E,0.17899164
14,bateria_6,E,0.31087517
15,bateria_6,E,0.43484102
16,bateria_6,E,0.5
17,bateria_6,E,0.5
18,bateria_6,E,0.5
19,bateria_6,E,0.5
20,bateria_6,E,0.5
21,bateria_6,E,0.5
22,bateria_6,E,0.5
23,bateria_6,E,0.5
24,bateria_6,E,0.5
1,linha_1-2,F,0.0
2,linha_1-2,F,0.0
3,linha_1-2,F,0.0
4,linha_1-2,F,0.0
5,linha_1-2,F,0.0
6,linha_1-2,F,0.0
7,linha_1-2,F,0.0
8,linha_1-2,F,0.0
9,linha_1-2,F,0.0
10,linha_1-2,F,-0.014197049
11,linha_1-2,F,-0.047924651
12,linha_1-2,F,-0.04785479
13,linha_1-2,F,-0.046961078
14,linha_1-2,F,-0.045194611
15,linha_1-2,F,-0.045187625
16,linha_1-2,F,-0.030326577
17,linha_1-2,F,0.0
18,linha_1-2,F,0.0
19,linha_1-2,F,0.0
20,linha_1-2,F,0.0
21,linha_1-2,F,0.0
22,linha_1-2,F,0.0
23,linha_1-2,F,0.0
24,linha_1-2,F,0.0
1,linha_2-3,F,0.0
2,linha_2-3,F,0.0
3,linha_2-3,F,0.0
4,linha_2-3,F,0.0
5,linha_2-3,F,0.0
6,linha_2-3,F,0.0
7,linha_2-3,F,0.0
8,linha_2-3,F,0.0
9,linha_2-3,F,0.0
10,linha_2-3,F,-0.06226263
11,linha_2-3,F,-0.095657985
12,linha_2-3,F,-0.095518544
13,linha_2-3,F,-0.093734686
14,linha_2-3,F,-0.090208804
15,linha_2-3,F,-0.09019486
16,linha_2-3,F,-0.077333257
17,linha_2-3,F,0.0
18,linha_2-3,F,0.0
19,linha_2-3,F,0.0
20,linha_2-3,F,0.0
21,linha_2-3,F,0.0
22,linha_2-3,F,0.0
23,linha_2-3,F,0.0
24,linha_2-3,F,0.0
1,linha_3-4,F,0.0
2,linha_3-4,F,0.0
3,linha_3-4,F,0.0
4,linha_3-4,F,0.0
5,linha_3-4,F,0.0
6,linha_3-4,F,0.0
7,linha_3-4,F,0.0
8,linha_3-4,F,0.0
9,linha_3-4,F,0.0
10,linha_3-4,F,-0.11013633
11,linha_3-4,F,-0.14320077
12,linha_3-4,F,-0.14299202
13,linha_3-4,F,-0.14032157
14,linha_3-4,F,-0.1350433
15,linha_3-4,F,-0.13502243
16,linha_3-4,F,-0.12415229
17,linha_3-4,F,0.0
18,linha_3-4,F,0.0
19,linha_3-4,F,0.0
20,linha_3-4,F,0.0
21,linha_3-4,F,0.0
22,linha_3-4,F,0.0
23,linha_3-4,F,0.0
24,linha_3-4,F,0.0
1,linha_4-5,F,0.0
2,linha_4-5,F,0.0
3,linha_4-5,F,0.0
4,linha_4-5,F,0.0
5,linha_4-5,F,0.0
6,linha_4-5,F,0.0
7,linha_4-5,F,0.0
8,linha_4-5,F,0.0
9,linha_4-5,F,-0.031431396
10,linha_4-5,F,-0.15781892
11,linha_4-5,F,-0.19055376
12,linha_4-5,F,-0.19027599
13,linha_4-5,F,-0.18672249
14,linha_4-5,F,-0.17969882
15,linha_4-5,F,-0.17967104
16,linha_4-5,F,-0.17078441
17,linha_4-5,F,-0.00043378842
18,linha_4-5,F,0.0
19,linha_4-5,F,0.0
20,linha_4-5,F,0.0
21,linha_4-5,F,0.0
22,linha_4-5,F,0.0
23,linha_4-5,F,0.0
24,linha_4-5,F,0.0
1,linha_5-6,F,-0.057597305
2,linha_5-6,F,0.0
3,linha_5-6,F,-0.01657829
4,linha_5-6,F,0.0
5,linha_5-6,F,-0.059686128
6,linha_5-6,F,-0.010329158
7,linha_5-6,F,-0.046529559
8,linha_5-6,F,-0.051030439
9,linha_5-6,F,-0.080561909
10,linha_5-6,F,-0.20529004
11,linha_5-6,F,-0.23756774
12,linha_5-6,F,-0.2372226
13,linha_5-6,F,-0.2328072
14,linha_5-6,F,-0.22407994
15,linha_5-6,F,-0.22404542
16,linha_5-6,F,-0.21716187
17,linha_5-6,F,-0.050619182
18,linha_5-6,F,-0.05349002
19,linha_5-6,F,-0.010223447
20,linha_5-6,F,0.0
21,linha_5-6,F,0.0
22,linha_5-6,F,0.0
23,linha_5-6,F,0.0
24,linha_5-6,F,0.0
1,linha_6-7,F,0.0
2,linha_6-7,F,0.0
3,linha_6-7,F,0.0
4,linha_6-7,F,0.0
5,linha_6-7,F,0.0
6,linha_6-7,F,0.0
7,linha_6-7,F,0.0
8,linha_6-7,F,0.047632888
9,linha_6-7,F,0.098315345
10,linha_6-7,F,0.053802803
11,linha_6-7,F,0.052678202
12,linha_6-7,F,0.045054601
13,linha_6-7,F,0.021632061
14,linha_6-7,F,0.021882243
15,linha_6-7,F,0.029798919
16,linha_6-7,F,0.042008616
17,linha_6-7,F,0.1001739
18,linha_6-7,F,0.0050189981
19,linha_6-7,F,0.0
20,linha_6-7,F,0.0
21,linha_6-7,F,0.0
22,linha_6-7,F,0.0
23,linha_6-7,F,0.0
24,linha_6-7,F,0.0
1,linha_7-8,F,0.0
2,linha_7-8,F,0.0
3,linha_7-8,F,0.0
4,linha_7-8,F,0.0
5,linha_7-8,F,0.0
6,linha_7-8,F,0.0
7,linha_7-8,F,0.0
8,linha_7-8,F,0.0
9,linha_7-8,F,0.049255988
10,linha_7-8,F,0.0057033149
11,linha_7-8,F,0.0047726035
12,linha_7-8,F,-0.0028001894
13,linha_7-8,F,-0.025329017
14,linha_7-8,F,-0.023312368
15,linha_7-8,F,-0.015388705
16,linha_7-8,F,-0.0051191287
17,linha_7-8,F,0.050187126
18,linha_7-8,F,0.0
19,linha_7-8,F,0.0
20,linha_7-8,F,0.0
21,linha_7-8,F,0.0
22,linha_7-8,F,0.0
23,linha_7-8,F,0.0
24,linha_7-8,F,0.0
1,linha_8-9,F,0.0
2,linha_8-9,F,0.0
3,linha_8-9,F,0.0
4,linha_8-9,F,0.0
5,linha_8-9,F,0.0
6,linha_8-9,F,0.0
7,linha_8-9,F,0.0
8,linha_8-9,F,0.0
9,linha_8-9,F,0.0
10,linha_8-9,F,-0.042418941
11,linha_8-9,F,-0.043152047
12,linha_8-9,F,-0.050643801
13,linha_8-9,F,-0.072188981
14,linha_8-9,F,-0.068413915
15,linha_8-9,F,-0.060514898
16,linha_8-9,F,-0.052226438
17,linha_8-9,F,0.0
18,linha_8-9,F,0.0
19,linha_8-9,F,0.0
20,linha_8-9,F,0.0
21,linha_8-9,F,0.0
22,linha_8-9,F,0.0
23,linha_8-9,F,0.0
24,linha_8-9,F,0.0
1,linha_9-10,F,0.0
2,linha_9-10,F,0.0
3,linha_9-10,F,0.0
4,linha_9-10,F,0.0
5,linha_9-10,F,0.0
6,linha_9-10,F,0.0
7,linha_9-10,F,0.0
8,linha_9-10,F,0.0
9,linha_9-10,F,0.0
10,linha_9-10,F,-0.090371859
11,linha_9-10,F,-0.090904434
12,linha_9-10,F,-0.098296421
13,linha_9-10,F,-0.11886188
14,linha_9-10,F,-0.11333542
15,linha_9-10,F,-0.10546095
16,linha_9-10,F,-0.099145693
17,linha_9-10,F,0.0
18,linha_9-10,F,0.0
19,linha_9-10,F,0.0
20,linha_9-10,F,0.0
21,linha_9-10,F,0.0
22,linha_9-10,F,0.0
23,linha_9-10,F,0.0
24,linha_9-10,F,0.0
1,linha_10-11,F,0.0
2,linha_10-11,F,0.0
3,linha_10-11,F,0.0
4,linha_10-11,F,0.0
5,linha_10-11,F,0.0
6,linha_10-11,F,0.0
7,linha_10-11,F,0.0
8,linha_10-11,F,0.0
9,linha_10-11,F,0.0
10,linha_10-11,F,-0.13813335
11,linha_10-11,F,-0.13846619
12,linha_10-11,F,-0.14575881
13,linha_10-11,F,-0.16534846
14,linha_10-11,F,-0.15807759
15,linha_10-11,F,-0.15022757
16,linha_10-11,F,-0.14587765
17,linha_10-11,F,0.0
18,linha_10-11,F,0.0
19,linha_10-11,F,0.0
20,linha_10-11,F,0.0
21,linha_10-11,F,0.0
22,linha_10-11,F,0.0
23,linha_10-11,F,0.0
24,linha_10-11,F,0.0
1,linha_11-12,F,0.0
2,linha_11-12,F,0.0
3,linha_11-12,F,0.0
4,linha_11-12,F,0.0
5,linha_11-12,F,0.0
6,linha_11-12,F,0.0
7,linha_11-12,F,0.0
8,linha_11-12,F,0.0
9,linha_11-12,F,-0.047749989
10,linha_11-12,F,-0.18570417
11,linha_11-12,F,-0.18583808
12,linha_11-12,F,-0.19303173
13,linha_11-12,F,-0.21160314
14,linha_11-12,F,-0.20263065
15,linha_11-12,F,-0.19481548
16,linha_11-12,F,-0.19242305
17,linha_11-12,F,0.0
18,linha_11-12,F,0.0
19,linha_11-12,F,0.0
20,linha_11-12,F,0.0
21,linha_11-12,F,0.0
22,linha_11-12,F,0.0
23,linha_11-12,F,0.0
24,linha_11-12,F,0.0
1,linha_12-13,F,0.0
2,linha_12-13,F,0.0
3,linha_12-13,F,0.0
4,linha_12-13,F,0.0
5,linha_12-13,F,0.0
6,linha_12-13,F,0.0
7,linha_12-13,F,0.0
8,linha_12-13,F,-0.03524855
9,linha_12-13,F,-0.096815358
10,linha_12-13,F,-0.23295354
11,linha_12-13,F,-0.23288957
12,linha_12-13,F,-0.23995643
13,linha_12-13,F,-0.25744386
14,linha_12-13,F,-0.24681895
15,linha_12-13,F,-0.23906944
16,linha_12-13,F,-0.23862843
17,linha_12-13,F,-0.050187126
18,linha_12-13,F,-0.0090262745
19,linha_12-13,F,0.0
20,linha_12-13,F,0.0
21,linha_12-13,F,-0.0063765634
22,linha_12-13,F,-0.0063870267
23,linha_12-13,F,0.0
24,linha_12-13,F,0.0
1,linha_13-14,F,-0.026611926
2,linha_13-14,F,-0.022629078
3,linha_13-14,F,-0.019740539
4,linha_13-14,F,-0.018413933
5,linha_13-14,F,-0.020207149
6,linha_13-14,F,-0.036230399
7,linha_13-14,F,-0.044324883
8,linha_13-14,F,-0.086138277
9,linha_13-14,F,-0.14568486
10,linha_13-14,F,-0.27969615
11,linha_13-14,F,-0.27943612
12,linha_13-14,F,-0.28634909
13,linha_13-14,F,-0.30273777
14,linha_13-14,F,-0.29048016
15,linha_13-14,F,-0.28281612
16,linha_13-14,F,-0.28431278
17,linha_13-14,F,-0.1001739
18,linha_13-14,F,-0.062480261
19,linha_13-14,F,-0.030422168
20,linha_13-14,F,-0.034010053
21,linha_13-14,F,-0.068455898
22,linha_13-14,F,-0.07063648
23,linha_13-14,F,-0.040717257
24,linha_13-14,F,-0.0017538446
1,linha_14-15,F,-0.028233735
2,linha_14-15,F,-0.024305708
3,linha_14-15,F,-0.021456644
4,linha_14-15,F,-0.020148308
5,linha_14-15,F,-0.021916901
6,linha_14-15,F,-0.027294849
7,linha_14-15,F,-0.0037921486
8,linha_14-15,F,0.0
9,linha_14-15,F,0.010647306
10,linha_14-15,F,-0.052659151
11,linha_14-15,F,0.0
12,linha_14-15,F,0.035200902
13,linha_14-15,F,0.046961078
14,linha_14-15,F,0.045194611
15,linha_14-15,F,0.010743762
16,linha_14-15,F,-0.057208987
17,linha_14-15,F,0.031581106
18,linha_14-15,F,-0.01144042
19,linha_14-15,F,-0.021615093
20,linha_14-15,F,-0.035719095
21,linha_14-15,F,-0.070045895
22,linha_14-15,F,-0.072282641
23,linha_14-15,F,-0.042530262
24,linha_14-15,F,-0.0037179011
1,linha_15-16,F,-0.08571833
2,linha_15-16,F,-0.083104887
3,linha_15-16,F,-0.081209312
4,linha_15-16,F,-0.080338834
5,linha_15-16,F,-0.081515536
6,linha_15-16,F,-0.083453352
7,linha_15-16,F,-0.05578699
8,linha_15-16,F,-0.051030439
9,linha_15-16,F,-0.038608682
10,linha_15-16,F,-0.10057119
11,linha_15-16,F,-0.047924651
12,linha_15-16,F,-0.012653888
13,linha_15-16,F,2.7465426e-12
14,linha_15-16,F,2.7465426e-12
15,linha_15-16,F,-0.034443863
16,linha_15-16,F,-0.10410835
17,linha_15-16,F,-0.018606019
18,linha_15-16,F,-0.06488477
19,linha_15-16,F,-0.081314734
20,linha_15-16,F,-0.097073011
21,linha_15-16,F,-0.13187106
22,linha_15-16,F,-0.13626904
23,linha_15-16,F,-0.10821477
24,linha_15-16,F,-0.069407151
1,linha_16-17,F,-0.14297345
2,linha_16-17,F,-0.14166934
3,linha_16-17,F,-0.14072345
4,linha_16-17,F,-0.14028908
5,linha_16-17,F,-0.14087625
6,linha_16-17,F,-0.13938767
7,linha_16-17,F,-0.10757427
8,linha_16-17,F,-0.10185716
9,linha_16-17,F,-0.087710543
10,linha_16-17,F,-0.14829196
11,linha_16-17,F,-0.095657985
12,linha_16-17,F,-0.060458164
13,linha_16-17,F,-0.046961078
14,linha_16-17,F,-0.045194611
15,linha_16-17,F,-0.079493987
16,linha_16-17,F,-0.15082049
17,linha_16-17,F,-0.06871887
18,linha_16-17,F,-0.11811577
19,linha_16-17,F,-0.14077605
20,linha_16-17,F,-0.158182
21,linha_16-17,F,-0.19344942
22,linha_16-17,F,-0.2
23,linha_16-17,F,-0.17363707
24,linha_16-17,F,-0.13483417
1,linha_17-18,F,-0.2
2,linha_17-18,F,-0.2
3,linha_17-18,F,-0.2
4,linha_17-18,F,-0.2
5,linha_17-18,F,-0.2
6,linha_17-18,F,-0.1950987
7,linha_17-18,F,-0.15915481
8,linha_17-18,F,-0.15248099
9,linha_17-18,F,-0.13661639
10,linha_17-18,F,-0.19582224
11,linha_17-18,F,-0.14320077
12,linha_17-18,F,-0.1080716
13,linha_17-18,F,-0.093734686
14,linha_17-18,F,-0.090208804
15,linha_17-18,F,-0.12436427
16,linha_17-18,F,-0.19734616
17,linha_17-18,F,-0.11863167
18,linha_17-18,F,-0.17113427
19,linha_17-18,F,-0.2
20,linha_17-18,F,-0.21897131
21,linha_17-18,F,-0.25456414
22,linha_17-18,F,-0.26322416
23,linha_17-18,F,-0.23864393
24,linha_17-18,F,-0.2
1,linha_18-19,F,0.20711117
2,linha_18-19,F,0.21914437
3,linha_18-19,F,0.23118863
4,linha_18-19,F,0.24324799
5,linha_18-19,F,0.21912072
6,linha_18-19,F,0.2
7,linha_18-19,F,0.2
8,linha_18-19,F,0.17664326
9,linha_18-19,F,0.16250135
10,linha_18-19,F,0.079281472
11,linha_18-19,F,0.1198849
12,linha_18-19,F,0.14299202
13,linha_18-19,F,0.14032157
14,linha_18-19,F,0.1350433
15,linha_18-19,F,0.11475547
16,linha_18-19,F,0.071775583
17,linha_18-19,F,0.19248206
18,linha_18-19,F,0.2
19,linha_18-19,F,0.23119014
20,linha_18-19,F,0.26045676
21,linha_18-19,F,0.26106262
22,linha_18-19,F,0.27648208
23,linha_18-19,F,0.26479722
24,linha_18-19,F,0.25515594
1,linha_19-20,F,0.15014162
2,linha_19-20,F,0.16096717
3,linha_19-20,F,0.17216209
4,linha_19-20,F,0.18388374
5,linha_19-20,F,0.16015025
6,linha_19-20,F,0.14430862
7,linha_19-20,F,0.14858317
8,linha_19-20,F,0.12611628
9,linha_19-20,F,0.11369925
10,linha_19-20,F,0.031284103
11,linha_19-20,F,0.072248671
12,linha_19-20,F,0.095518544
13,linha_19-20,F,0.093734686
14,linha_19-20,F,0.090208804
15,linha_19-20,F,0.069846673
16,linha_19-20,F,0.024746627
17,linha_19-20,F,0.14286525
18,linha_19-20,F,0.14709719
19,linha_19-20,F,0.17221621
20,linha_19-20,F,0.2
21,linha_19-20,F,0.2
22,linha_19-20,F,0.21341798
23,linha_19-20,F,0.2
24,linha_19-20,F,0.19043224
1,linha_20-21,F,0.092915231
2,linha_20-21,F,0.10248006
3,linha_20-21,F,0.11277396
4,linha_20-21,F,0.12410823
5,linha_20-21,F,0.10086678
6,linha_20-21,F,0.088394023
7,linha_20-21,F,0.096960253
8,linha_20-21,F,0.075386786
9,linha_20-21,F,0.064701549
10,linha_20-21,F,-0.016838152
11,linha_20-21,F,0.024421511
12,linha_20-21,F,0.04785479
13,linha_20-21,F,0.046961078
14,linha_20-21,F,0.045194611
15,linha_20-21,F,0.024757882
16,linha_20-21,F,-0.022381118
17,linha_20-21,F,0.093049583
18,linha_20-21,F,0.093982353
19,linha_20-21,F,0.11288091
20,linha_20-21,F,0.13905862
21,linha_20-21,F,0.1384479
22,linha_20-21,F,0.14979458
23,linha_20-21,F,0.13468337
24,linha_20-21,F,0.12522806
1,linha_21-22,F,0.03545948
2,linha_21-22,F,0.043758538
3,linha_21-22,F,0.053147803
4,linha_21-22,F,0.06409313
5,linha_21-22,F,0.041345708
6,linha_21-22,F,0.032255321
7,linha_21-22,F,0.045130435
8,linha_21-22,F,0.024453968
9,linha_21-22,F,0.015507467
10,linha_21-22,F,-0.064893189
11,linha_21-22,F,-0.02350314
12,linha_21-22,F,0.0
13,linha_21-22,F,0.0
14,linha_21-22,F,0.0
15,linha_21-22,F,-0.020429742
16,linha_21-22,F,-0.069419516
17,linha_21-22,F,0.043034251
18,linha_21-22,F,0.040654627
19,linha_21-22,F,0.053307786
20,linha_21-22,F,0.07787298
21,linha_21-22,F,0.07664909
22,linha_21-22,F,0.085862394
23,linha_21-22,F,0.069104943
24,linha_21-22,F,0.059762537
1,linha_22-23,F,0.0
2,linha_22-23,F,0.0
3,linha_22-23,F,0.0
4,linha_22-23,F,0.0038374912
5,linha_22-23,F,0.0
6,linha_22-23,F,0.0
7,linha_22-23,F,0.0
8,linha_22-23,F,0.0
9,linha_22-23,F,-0.033748521
10,linha_22-23,F,-0.11275639
11,linha_22-23,F,-0.071333966
12,linha_22-23,F,-0.04785479
13,linha_22-23,F,-0.046961078
14,linha_22-23,F,-0.045194611
15,linha_22-23,F,-0.065535811
16,linha_22-23,F,-0.11627014
17,linha_22-23,F,-0.0045864727
18,linha_22-23,F,0.0
19,linha_22-23,F,0.0
20,linha_22-23,F,0.016442111
21,linha_22-23,F,0.014602593
22,linha_22-23,F,0.021673966
23,linha_22-23,F,0.0032636806
24,linha_22-23,F,0.0
1,linha_23-24,F,0.0
2,linha_23-24,F,0.0
3,linha_23-24,F,0.0
4,linha_23-24,F,0.0
5,linha_23-24,F,0.0
6,linha_23-24,F,0.0
7,linha_23-24,F,0.0
8,linha_23-24,F,-0.0091640817
9,linha_23-24,F,-0.082869785
10,linha_23-24,F,-0.16042852
11,linha_23-24,F,-0.11897385
12,linha_23-24,F,-0.095518544
13,linha_23-24,F,-0.093734686
14,linha_23-24,F,-0.090208804
15,linha_23-24,F,-0.11046182
16,linha_23-24,F,-0.16293373
17,linha_23-24,F,-0.054755289
18,linha_23-24,F,0.0
19,linha_23-24,F,0.0
20,linha_23-24,F,0.0
21,linha_23-24,F,0.0
22,linha_23-24,F,0.0
23,linha_23-24,F,0.0
24,linha_23-24,F,0.0
1,linha_24-25,F,-0.057597305
2,linha_24-25,F,0.0
3,linha_24-25,F,0.0
4,linha_24-25,F,0.0
5,linha_24-25,F,-0.015804657
6,linha_24-25,F,-0.011832164
7,linha_24-25,F,-0.05200998
8,linha_24-25,F,-0.060157938
9,linha_24-25,F,-0.13179496
10,linha_24-25,F,-0.20787889
11,linha_24-25,F,-0.16642356
12,linha_24-25,F,-0.14299202
13,linha_24-25,F,-0.14032157
14,linha_24-25,F,-0.1350433
15,linha_24-25,F,-0.15520848
16,linha_24-25,F,-0.20937362
17,linha_24-25,F,-0.10472383
18,linha_24-25,F,-0.03319196
19,linha_24-25,F,0.0
20,linha_24-25,F,-0.0095766575
21,linha_24-25,F,-0.03941967
22,linha_24-25,F,-0.046596046
23,linha_24-25,F,-0.00091240427
24,linha_24-25,F,0.0
1,linha_25-26,F,0.028433674
2,linha_25-26,F,0.0
3,linha_25-26,F,0.0
4,linha_25-26,F,0.0
5,linha_25-26,F,0.032026087
6,linha_25-26,F,0.0
7,linha_25-26,F,0.00053160313
8,linha_25-26,F,0.051030439
9,linha_25-26,F,0.06962739
10,linha_25-26,F,0.083789462
11,linha_25-26,F,0.095657985
12,linha_25-26,F,0.10397368
13,linha_25-26,F,0.10870439
14,linha_25-26,F,0.10733465
15,linha_25-26,F,0.096307984
16,linha_25-26,F,0.082330783
17,linha_25-26,F,0.065107331
18,linha_25-26,F,0.032832088
19,linha_25-26,F,0.011726453
20,linha_25-26,F,-0.011383238
21,linha_25-26,F,-0.041125579
22,linha_25-26,F,-0.048338178
23,linha_25-26,F,-0.0028843108
24,linha_25-26,F,0.0
1,linha_26-27,F,-0.029163631
2,linha_26-27,F,-0.032480866
3,linha_26-27,F,-0.037975937
4,linha_26-27,F,-0.046580172
5,linha_26-27,F,-0.027660041
6,linha_26-27,F,-0.026084853
7,linha_26-27,F,-0.018499568
8,linha_26-27,F,0.0
9,linha_26-27,F,0.02045305
10,linha_26-27,F,0.035810161
11,linha_26-27,F,0.047924651
12,linha_26-27,F,0.056343814
13,linha_26-27,F,0.061990785
14,linha_26-27,F,0.062389099
15,linha_26-27,F,0.05132525
16,linha_26-27,F,0.035344133
17,linha_26-27,F,0.014980006
18,linha_26-27,F,-0.020657932
19,linha_26-27,F,-0.038295641
20,linha_26-27,F,-0.072834303
21,linha_26-27,F,-0.1030662
22,linha_26-27,F,-0.11242016
23,linha_26-27,F,-0.068727088
24,linha_26-27,F,-0.024664954
1,linha_27-28,F,-0.086644515
2,linha_27-28,F,-0.091247409
3,linha_27-28,F,-0.097662659
4,linha_27-28,F,-0.10666518
5,linha_27-28,F,-0.087235749
6,linha_27-28,F,-0.082248187
7,linha_27-28,F,-0.070435697
8,linha_27-28,F,-0.047610351
9,linha_27-28,F,-0.028802938
10,linha_27-28,F,-0.012312094
11,linha_27-28,F,0.0
12,linha_27-28,F,0.0085230474
13,linha_27-28,F,0.015089946
14,linha_27-28,F,0.017263404
15,linha_27-28,F,0.0061622254
16,linha_27-28,F,-0.011783611
17,linha_27-28,F,-0.03520712
18,linha_27-28,F,-0.074065485
19,linha_27-28,F,-0.097928692
20,linha_27-28,F,-0.13404005
21,linha_27-28,F,-0.16475954
22,linha_27-28,F,-0.17624633
23,linha_27-28,F,-0.13430702
24,linha_27-28,F,-0.090270583
1,linha_28-29,F,-0.14389593
2,linha_28-29,F,-0.14977936
3,linha_28-29,F,-0.15711111
4,linha_28-29,F,-0.16651033
5,linha_28-29,F,-0.14657363
6,linha_28-29,F,-0.13818732
7,linha_28-29,F,-0.1221645
8,linha_28-29,F,-0.098450728
9,linha_28-29,F,-0.077943944
10,linha_28-29,F,-0.0603852
11,linha_28-29,F,-0.047924651
12,linha_28-29,F,-0.039331743
13,linha_28-29,F,-0.031871132
14,linha_28-29,F,-0.027931207
15,linha_28-29,F,-0.039025399
16,linha_28-29,F,-0.058864316
17,linha_28-29,F,-0.085253698
18,linha_28-29,F,-0.12725983
19,linha_28-29,F,-0.15732369
20,linha_28-29,F,-0.19500147
21,linha_28-29,F,-0.22610241
22,linha_28-29,F,-0.23965938
23,linha_28-29,F,-0.19962516
24,linha_28-29,F,-0.15561431
1,linha_29-30,F,-0.20091515
2,linha_29-30,F,-0.20804552
3,linha_29-30,F,-0.21625735
4,linha_29-30,F,-0.22601273
5,linha_29-30,F,-0.20565207
6,linha_29-30,F,-0.19390314
7,linha_29-30,F,-0.17368679
8,linha_29-30,F,-0.14908815
9,linha_29-30,F,-0.12688878
10,linha_29-30,F,-0.1082664
11,linha_29-30,F,-0.095657985
12,linha_29-30,F,-0.08702952
13,linha_29-30,F,-0.078704979
14,linha_29-30,F,-0.073014315
15,linha_29-30,F,-0.084057234
16,linha_29-30,F,-0.10575707
17,linha_29-30,F,-0.13510049
18,linha_29-30,F,-0.18024183
19,linha_29-30,F,-0.21641604
20,linha_29-30,F,-0.25549798
21,linha_29-30,F,-0.28685367
22,linha_29-30,F,-0.30241046
23,linha_29-30,F,-0.26442535
24,linha_29-30,F,-0.2206149
1,linha_30-31,F,0.17210305
2,linha_30-31,F,0.17598422
3,linha_30-31,F,0.1787993
4,linha_30-31,F,0.18009203
5,linha_30-31,F,0.17834453
6,linha_30-31,F,0.16812943
7,linha_30-31,F,0.15540789
8,linha_30-31,F,0.15248099
9,linha_30-31,F,0.14717886
10,linha_30-31,F,0.14379122
11,linha_30-31,F,0.14320077
12,linha_30-31,F,0.14299202
13,linha_30-31,F,0.14032157
14,linha_30-31,F,0.1350433
15,linha_30-31,F,0.13502243
16,linha_30-31,F,0.14081958
17,linha_30-31,F,0.14996113
18,linha_30-31,F,0.15983031
19,linha_30-31,F,0.17864274
20,linha_30-31,F,0.18375402
21,linha_30-31,F,0.18557159
22,linha_30-31,F,0.19205611
23,linha_30-31,F,0.19677525
24,linha_30-31,F,0.19632645
1,linha_31-32,F,0.11496468
2,linha_31-32,F,0.1175573
3,linha_31-32,F,0.11943777
4,linha_31-32,F,0.12030131
5,linha_31-32,F,0.11913399
6,linha_31-32,F,0.11231031
7,linha_31-32,F,0.10381234
8,linha_31-32,F,0.10185716
9,linha_31-32,F,0.098315345
10,linha_31-32,F,0.096052406
11,linha_31-32,F,0.095657985
12,linha_31-32,F,0.095518544
13,linha_31-32,F,0.093734686
14,linha_31-32,F,0.090208804
15,linha_31-32,F,0.09019486
16,linha_31-32,F,0.094067354
17,linha_31-32,F,0.1001739
18,linha_31-32,F,0.10676651
19,linha_31-32,F,0.11933319
20,linha_31-32,F,0.12274752
21,linha_31-32,F,0.12396166
22,linha_31-32,F,0.12829331
23,linha_31-32,F,0.13144569
24,linha_31-32,F,0.13114589
1,linha_32-33,F,0.057597305
2,linha_32-33,F,0.058896208
3,linha_32-33,F,0.059838323
4,linha_32-33,F,0.060270958
5,linha_32-33,F,0.059686128
6,linha_32-33,F,0.056267465
7,linha_32-33,F,0.05200998
8,linha_32-33,F,0.051030439
9,linha_32-33,F,0.049255988
10,linha_32-33,F,0.048122255
11,linha_32-33,F,0.047924651
12,linha_32-33,F,0.04785479
13,linha_32-33,F,0.046961078
14,linha_32-33,F,0.045194611
15,linha_32-33,F,0.045187625
16,linha_32-33,F,0.047127745
17,linha_32-33,F,0.050187126
18,linha_32-33,F,0.05349002
19,linha_32-33,F,0.059785928
20,linha_32-33,F,0.061496507
21,linha_32-33,F,0.06210479
22,linha_32-33,F,0.06427495
23,linha_32-33,F,0.065854291
24,linha_32-33,F,0.065704092
1,linha_1-2,Ploss,6.9388939e-18
2,linha_1-2,Ploss,6.9388939e-18
3,linha_1-2,Ploss,0.0
4,linha_1-2,Ploss,6.9388939e-18
5,linha_1-2,Ploss,6.9388939e-18
6,linha_1-2,Ploss,1.3877788e-17
7,linha_1-2,Ploss,6.9388939e-18
8,linha_1-2,Ploss,0.0
9,linha_1-2,Ploss,1.3877788e-17
10,linha_1-2,Ploss,2.8394098e-05
11,linha_1-2,Ploss,9.5849301e-05
12,linha_1-2,Ploss,9.5709581e-05
13,linha_1-2,Ploss,9.3922156e-05
14,linha_1-2,Ploss,9.0389222e-05
15,linha_1-2,Ploss,9.037525e-05
16,linha_1-2,Ploss,6.0653154e-05
17,linha_1-2,Ploss,6.9388939e-18
18,linha_1-2,Ploss,0.0
19,linha_1-2,Ploss,-6.9388939e-18
20,linha_1-2,Ploss,0.0
21,linha_1-2,Ploss,6.9388939e-18
22,linha_1-2,Ploss,0.0
23,linha_1-2,Ploss,0.0
24,linha_1-2,Ploss,0.0
1,linha_2-3,Ploss,0.0
2,linha_2-3,Ploss,0.0
3,linha_2-3,Ploss,0.0
4,linha_2-3,Ploss,0.0
5,linha_2-3,Ploss,0.0
6,linha_2-3,Ploss,0.0
7,linha_2-3,Ploss,0.0
8,linha_2-3,Ploss,0.0
9,linha_2-3,Ploss,0.0
10,linha_2-3,Ploss,0.00012452526
11,linha_2-3,Ploss,0.00019131597
12,linha_2-3,Ploss,0.00019103709
13,linha_2-3,Ploss,0.00018746937
14,linha_2-3,Ploss,0.00018041761
15,linha_2-3,Ploss,0.00018038972
16,linha_2-3,Ploss,0.00015466651
17,linha_2-3,Ploss,0.0
18,linha_2-3,Ploss,0.0
19,linha_2-3,Ploss,0.0
20,linha_2-3,Ploss,0.0
21,linha_2-3,Ploss,0.0
22,linha_2-3,Ploss,0.0
23,linha_2-3,Ploss,0.0
24,linha_2-3,Ploss,0.0
1,linha_3-4,Ploss,6.9388939e-18
2,linha_3-4,Ploss,6.9388939e-18
3,linha_3-4,Ploss,0.0
4,linha_3-4,Ploss,6.9388939e-18
5,linha_3-4,Ploss,6.9388939e-18
6,linha_3-4,Ploss,1.3877788e-17
7,linha_3-4,Ploss,6.9388939e-18
8,linha_3-4,Ploss,0.0
9,linha_3-4,Ploss,1.3877788e-17
10,linha_3-4,Ploss,0.00022027266
11,linha_3-4,Ploss,0.00028640154
12,linha_3-4,Ploss,0.00028598405
13,linha_3-4,Ploss,0.00028064315
14,linha_3-4,Ploss,0.0002700866
15,linha_3-4,Ploss,0.00027004485
16,linha_3-4,Ploss,0.00024830457
17,linha_3-4,Ploss,6.9388939e-18
18,linha_3-4,Ploss,0.0
19,linha_3-4,Ploss,-6.9388939e-18
20,linha_3-4,Ploss,0.0
21,linha_3-4,Ploss,6.9388939e-18
22,linha_3-4,Ploss,0.0
23,linha_3-4,Ploss,0.0
24,linha_3-4,Ploss,0.0
1,linha_4-5,Ploss,0.0
2,linha_4-5,Ploss,0.0
3,linha_4-5,Ploss,0.0
4,linha_4-5,Ploss,0.0
5,linha_4-5,Ploss,0.0
6,linha_4-5,Ploss,0.0
7,linha_4-5,Ploss,0.0
8,linha_4-5,Ploss,0.0
9,linha_4-5,Ploss,6.2862792e-05
10,linha_4-5,Ploss,0.00031563784
11,linha_4-5,Ploss,0.00038110752
12,linha_4-5,Ploss,0.00038055197
13,linha_4-5,Ploss,0.00037344497
14,linha_4-5,Ploss,0.00035939763
15,linha_4-5,Ploss,0.00035934208
16,linha_4-5,Ploss,0.00034156883
17,linha_4-5,Ploss,8.6757685e-07
18,linha_4-5,Ploss,0.0
19,linha_4-5,Ploss,0.0
20,linha_4-5,Ploss,0.0
21,linha_4-5,Ploss,0.0
22,linha_4-5,Ploss,0.0
23,linha_4-5,Ploss,0.0
24,linha_4-5,Ploss,0.0
1,linha_5-6,Ploss,0.00011519461
2,linha_5-6,Ploss,6.9388939e-18
3,linha_5-6,Ploss,3.3156581e-05
4,linha_5-6,Ploss,6.9388939e-18
5,linha_5-6,Ploss,0.00011937226
6,linha_5-6,Ploss,2.0658317e-05
7,linha_5-6,Ploss,9.3059118e-05
8,linha_5-6,Ploss,0.00010206088
9,linha_5-6,Ploss,0.00016112382
10,linha_5-6,Ploss,0.00043174026
11,linha_5-6,Ploss,0.00062540647
12,linha_5-6,Ploss,0.00062333559
13,linha_5-6,Ploss,0.00059684319
14,linha_5-6,Ploss,0.00054447963
15,linha_5-6,Ploss,0.00054427254
16,linha_5-6,Ploss,0.00050297124
17,linha_5-6,Ploss,0.00010123836
18,linha_5-6,Ploss,0.00010698004
19,linha_5-6,Ploss,2.0446894e-05
20,linha_5-6,Ploss,0.0
21,linha_5-6,Ploss,6.9388939e-18
22,linha_5-6,Ploss,0.0
23,linha_5-6,Ploss,0.0
24,linha_5-6,Ploss,0.0
1,linha_6-7,Ploss,0.0
2,linha_6-7,Ploss,0.0
3,linha_6-7,Ploss,0.0
4,linha_6-7,Ploss,0.0
5,linha_6-7,Ploss,0.0
6,linha_6-7,Ploss,0.0
7,linha_6-7,Ploss,0.0
8,linha_6-7,Ploss,9.5265775e-05
9,linha_6-7,Ploss,0.00019663069
10,linha_6-7,Ploss,0.00010760561
11,linha_6-7,Ploss,0.0001053564
12,linha_6-7,Ploss,9.0109202e-05
13,linha_6-7,Ploss,4.3264122e-05
14,linha_6-7,Ploss,4.3764485e-05
15,linha_6-7,Ploss,5.9597839e-05
16,linha_6-7,Ploss,8.4017232e-05
17,linha_6-7,Ploss,0.00020034781
18,linha_6-7,Ploss,1.0037996e-05
19,linha_6-7,Ploss,0.0
20,linha_6-7,Ploss,0.0
21,linha_6-7,Ploss,0.0
22,linha_6-7,Ploss,0.0
23,linha_6-7,Ploss,0.0
24,linha_6-7,Ploss,0.0
1,linha_7-8,Ploss,-6.9388939e-18
2,linha_7-8,Ploss,0.0
3,linha_7-8,Ploss,6.9388939e-18
4,linha_7-8,Ploss,0.0
5,linha_7-8,Ploss,0.0
6,linha_7-8,Ploss,-6.9388939e-18
7,linha_7-8,Ploss,0.0
8,linha_7-8,Ploss,0.0
9,linha_7-8,Ploss,9.8511976e-05
10,linha_7-8,Ploss,1.140663e-05
11,linha_7-8,Ploss,9.545207e-06
12,linha_7-8,Ploss,5.6003787e-06
13,linha_7-8,Ploss,5.0658034e-05
14,linha_7-8,Ploss,4.6624736e-05
15,linha_7-8,Ploss,3.0777411e-05
16,linha_7-8,Ploss,1.0238257e-05
17,linha_7-8,Ploss,0.00010037425
18,linha_7-8,Ploss,-1.3877788e-17
19,linha_7-8,Ploss,0.0
20,linha_7-8,Ploss,-6.9388939e-18
21,linha_7-8,Ploss,0.0
22,linha_7-8,Ploss,0.0
23,linha_7-8,Ploss,0.0
24,linha_7-8,Ploss,0.0
1,linha_8-9,Ploss,0.0
2,linha_8-9,Ploss,0.0
3,linha_8-9,Ploss,0.0
4,linha_8-9,Ploss,-6.9388939e-18
5,linha_8-9,Ploss,0.0
6,linha_8-9,Ploss,0.0
7,linha_8-9,Ploss,0.0
8,linha_8-9,Ploss,0.0
9,linha_8-9,Ploss,0.0
10,linha_8-9,Ploss,8.4837881e-05
11,linha_8-9,Ploss,8.6304094e-05
12,linha_8-9,Ploss,0.0001012876
13,linha_8-9,Ploss,0.00014437796
14,linha_8-9,Ploss,0.00013682783
15,linha_8-9,Ploss,0.0001210298
16,linha_8-9,Ploss,0.00010445288
17,linha_8-9,Ploss,0.0
18,linha_8-9,Ploss,6.9388939e-18
19,linha_8-9,Ploss,0.0
20,linha_8-9,Ploss,0.0
21,linha_8-9,Ploss,-6.9388939e-18
22,linha_8-9,Ploss,0.0
23,linha_8-9,Ploss,0.0
24,linha_8-9,Ploss,0.0
1,linha_9-10,Ploss,0.0
2,linha_9-10,Ploss,0.0
3,linha_9-10,Ploss,0.0
4,linha_9-10,Ploss,0.0
5,linha_9-10,Ploss,0.0
6,linha_9-10,Ploss,0.0
7,linha_9-10,Ploss,0.0
8,linha_9-10,Ploss,0.0
9,linha_9-10,Ploss,0.0
10,linha_9-10,Ploss,0.00018074372
11,linha_9-10,Ploss,0.00018180887
12,linha_9-10,Ploss,0.00019659284
13,linha_9-10,Ploss,0.00023772376
14,linha_9-10,Ploss,0.00022667083
15,linha_9-10,Ploss,0.00021092189
16,linha_9-10,Ploss,0.00019829139
17,linha_9-10,Ploss,0.0
18,linha_9-10,Ploss,0.0
19,linha_9-10,Ploss,0.0
20,linha_9-10,Ploss,0.0
21,linha_9-10,Ploss,0.0
22,linha_9-10,Ploss,0.0
23,linha_9-10,Ploss,0.0
24,linha_9-10,Ploss,0.0
1,linha_10-11,Ploss,-6.9388939e-18
2,linha_10-11,Ploss,0.0
3,linha_10-11,Ploss,6.9388939e-18
4,linha_10-11,Ploss,-6.9388939e-18
5,linha_10-11,Ploss,0.0
6,linha_10-11,Ploss,-6.9388939e-18
7,linha_10-11,Ploss,0.0
8,linha_10-11,Ploss,0.0
9,linha_10-11,Ploss,0.0
10,linha_10-11,Ploss,0.0002762667
11,linha_10-11,Ploss,0.00027693239
12,linha_10-11,Ploss,0.00029151762
13,linha_10-11,Ploss,0.00033069692
14,linha_10-11,Ploss,0.00031615518
15,linha_10-11,Ploss,0.00030045514
16,linha_10-11,Ploss,0.00029175529
17,linha_10-11,Ploss,0.0
18,linha_10-11,Ploss,6.9388939e-18
19,linha_10-11,Ploss,0.0
20,linha_10-11,Ploss,-6.9388939e-18
21,linha_10-11,Ploss,-6.9388939e-18
22,linha_10-11,Ploss,0.0
23,linha_10-11,Ploss,0.0
24,linha_10-11,Ploss,0.0
1,linha_11-12,Ploss,0.0
2,linha_11-12,Ploss,0.0
3,linha_11-12,Ploss,0.0
4,linha_11-12,Ploss,0.0
5,linha_11-12,Ploss,0.0
6,linha_11-12,Ploss,0.0
7,linha_11-12,Ploss,0.0
8,linha_11-12,Ploss,0.0
9,linha_11-12,Ploss,9.5499978e-05
10,linha_11-12,Ploss,0.00037140835
11,linha_11-12,Ploss,0.00037167617
12,linha_11-12,Ploss,0.00038606346
13,linha_11-12,Ploss,0.00046961886
14,linha_11-12,Ploss,0.00041578391
15,linha_11-12,Ploss,0.00038963097
16,linha_11-12,Ploss,0.00038484609
17,linha_11-12,Ploss,0.0
18,linha_11-12,Ploss,0.0
19,linha_11-12,Ploss,0.0
20,linha_11-12,Ploss,0.0
21,linha_11-12,Ploss,0.0
22,linha_11-12,Ploss,0.0
23,linha_11-12,Ploss,0.0
24,linha_11-12,Ploss,0.0
1,linha_12-13,Ploss,-6.9388939e-18
2,linha_12-13,Ploss,0.0
3,linha_12-13,Ploss,6.9388939e-18
4,linha_12-13,Ploss,-6.9388939e-18
5,linha_12-13,Ploss,0.0
6,linha_12-13,Ploss,-6.9388939e-18
7,linha_12-13,Ploss,0.0
8,linha_12-13,Ploss,7.04971e-05
9,linha_12-13,Ploss,0.00019363072
10,linha_12-13,Ploss,0.00059772126
11,linha_12-13,Ploss,0.00059733742
12,linha_12-13,Ploss,0.00063973856
13,linha_12-13,Ploss,0.00074466316
14,linha_12-13,Ploss,0.00068091372
15,linha_12-13,Ploss,0.00063441661
16,linha_12-13,Ploss,0.00063177057
17,linha_12-13,Ploss,0.00010037425
18,linha_12-13,Ploss,1.8052549e-05
19,linha_12-13,Ploss,0.0
20,linha_12-13,Ploss,-6.9388939e-18
21,linha_12-13,Ploss,1.2753127e-05
22,linha_12-13,Ploss,1.2774053e-05
23,linha_12-13,Ploss,0.0
24,linha_12-13,Ploss,0.0
1,linha_13-14,Ploss,5.3223852e-05
2,linha_13-14,Ploss,4.5258156e-05
3,linha_13-14,Ploss,3.9481077e-05
4,linha_13-14,Ploss,3.6827865e-05
5,linha_13-14,Ploss,4.0414298e-05
6,linha_13-14,Ploss,7.2460798e-05
7,linha_13-14,Ploss,8.8649765e-05
8,linha_13-14,Ploss,0.00017227655
9,linha_13-14,Ploss,0.00029136972
10,linha_13-14,Ploss,0.00087817687
11,linha_13-14,Ploss,0.0008766167
12,linha_13-14,Ploss,0.00091809457
13,linha_13-14,Ploss,0.0010164266
14,linha_13-14,Ploss,0.00094288096
15,linha_13-14,Ploss,0.00089689673
16,linha_13-14,Ploss,0.00090587669
17,linha_13-14,Ploss,0.00020034781
18,linha_13-14,Ploss,0.00012496052
19,linha_13-14,Ploss,6.0844336e-05
20,linha_13-14,Ploss,6.8020107e-05
21,linha_13-14,Ploss,0.0001369118
22,linha_13-14,Ploss,0.00014127296
23,linha_13-14,Ploss,8.1434513e-05
24,linha_13-14,Ploss,3.5076891e-06
1,linha_14-15,Ploss,5.6467469e-05
2,linha_14-15,Ploss,4.8611417e-05
3,linha_14-15,Ploss,4.2913289e-05
4,linha_14-15,Ploss,4.0296617e-05
5,linha_14-15,Ploss,4.3833802e-05
6,linha_14-15,Ploss,5.4589697e-05
7,linha_14-15,Ploss,7.5842971e-06
8,linha_14-15,Ploss,7.6571778e-18
9,linha_14-15,Ploss,2.1294613e-05
10,linha_14-15,Ploss,0.0001053183
11,linha_14-15,Ploss,-4.6891744e-18
12,linha_14-15,Ploss,7.0401804e-05
13,linha_14-15,Ploss,9.3922156e-05
14,linha_14-15,Ploss,9.0389222e-05
15,linha_14-15,Ploss,2.1487524e-05
16,linha_14-15,Ploss,0.00011441797
17,linha_14-15,Ploss,6.3162213e-05
18,linha_14-15,Ploss,2.288084e-05
19,linha_14-15,Ploss,4.3230187e-05
20,linha_14-15,Ploss,7.143819e-05
21,linha_14-15,Ploss,0.00014009179
22,linha_14-15,Ploss,0.00014456528
23,linha_14-15,Ploss,8.5060523e-05
24,linha_14-15,Ploss,7.4358022e-06
1,linha_15-16,Ploss,0.00017143666
2,linha_15-16,Ploss,0.00016620977
3,linha_15-16,Ploss,0.00016241862
4,linha_15-16,Ploss,0.00016067767
5,linha_15-16,Ploss,0.00016303107
6,linha_15-16,Ploss,0.0001669067
7,linha_15-16,Ploss,0.00011157398
8,linha_15-16,Ploss,0.00010206088
9,linha_15-16,Ploss,7.7217363e-05
10,linha_15-16,Ploss,0.00020114238
11,linha_15-16,Ploss,9.5849301e-05
12,linha_15-16,Ploss,2.5307777e-05
13,linha_15-16,Ploss,0.0
14,linha_15-16,Ploss,0.0
15,linha_15-16,Ploss,6.8887726e-05
16,linha_15-16,Ploss,0.0002082167
17,linha_15-16,Ploss,3.7212039e-05
18,linha_15-16,Ploss,0.00012976954
19,linha_15-16,Ploss,0.00016262947
20,linha_15-16,Ploss,0.00019414602
21,linha_15-16,Ploss,0.00026374212
22,linha_15-16,Ploss,0.00027253808
23,linha_15-16,Ploss,0.00021642954
24,linha_15-16,Ploss,0.0001388143
1,linha_16-17,Ploss,0.00028594689
2,linha_16-17,Ploss,0.00028333868
3,linha_16-17,Ploss,0.00028144689
4,linha_16-17,Ploss,0.00028057816
5,linha_16-17,Ploss,0.00028175251
6,linha_16-17,Ploss,0.00027877534
7,linha_16-17,Ploss,0.00021514854
8,linha_16-17,Ploss,0.00020371433
9,linha_16-17,Ploss,0.00017542109
10,linha_16-17,Ploss,0.00029658393
11,linha_16-17,Ploss,0.00019131597
12,linha_16-17,Ploss,0.00012091633
13,linha_16-17,Ploss,9.3922156e-05
14,linha_16-17,Ploss,9.0389222e-05
15,linha_16-17,Ploss,0.00015898797
16,linha_16-17,Ploss,0.00030164099
17,linha_16-17,Ploss,0.00013743774
18,linha_16-17,Ploss,0.00023623154
19,linha_16-17,Ploss,0.0002815521
20,linha_16-17,Ploss,0.000316364
21,linha_16-17,Ploss,0.00038689884
22,linha_16-17,Ploss,0.0004
23,linha_16-17,Ploss,0.00034727414
24,linha_16-17,Ploss,0.00026966834
1,linha_17-18,Ploss,0.0004
2,linha_17-18,Ploss,0.0004
3,linha_17-18,Ploss,0.0004
4,linha_17-18,Ploss,0.0004
5,linha_17-18,Ploss,0.0004
6,linha_17-18,Ploss,0.00039019739
7,linha_17-18,Ploss,0.00031830962
8,linha_17-18,Ploss,0.00030496198
9,linha_17-18,Ploss,0.00027323278
10,linha_17-18,Ploss,0.00039164447
11,linha_17-18,Ploss,0.00028640154
12,linha_17-18,Ploss,0.00021614321
13,linha_17-18,Ploss,0.00018746937
14,linha_17-18,Ploss,0.00018041761
15,linha_17-18,Ploss,0.00024872854
16,linha_17-18,Ploss,0.00039469232
17,linha_17-18,Ploss,0.00023726334
18,linha_17-18,Ploss,0.00034226854
19,linha_17-18,Ploss,0.0004
20,linha_17-18,Ploss,0.00051382785
21,linha_17-18,Ploss,0.00072738482
22,linha_17-18,Ploss,0.00077934493
23,linha_17-18,Ploss,0.00063186358
24,linha_17-18,Ploss,0.0004
1,linha_18-19,Ploss,0.000442667
2,linha_18-19,Ploss,0.0005148662
3,linha_18-19,Ploss,0.00058713179
4,linha_18-19,Ploss,0.00065948793
5,linha_18-19,Ploss,0.00051472435
6,linha_18-19,Ploss,0.0004
7,linha_18-19,Ploss,0.0004
8,linha_18-19,Ploss,0.00035328652
9,linha_18-19,Ploss,0.00032500269
10,linha_18-19,Ploss,0.00015856294
11,linha_18-19,Ploss,0.00023976981
12,linha_18-19,Ploss,0.00028598405
13,linha_18-19,Ploss,0.00028064315
14,linha_18-19,Ploss,0.0002700866
15,linha_18-19,Ploss,0.00022951094
16,linha_18-19,Ploss,0.00014355117
17,linha_18-19,Ploss,0.00038496412
18,linha_18-19,Ploss,0.0004
19,linha_18-19,Ploss,0.00058714085
20,linha_18-19,Ploss,0.00076274056
21,linha_18-19,Ploss,0.00076637575
22,linha_18-19,Ploss,0.00085889249
23,linha_18-19,Ploss,0.0007887833
24,linha_18-19,Ploss,0.00073093561
1,linha_19-20,Ploss,0.00030028323
2,linha_19-20,Ploss,0.00032193433
3,linha_19-20,Ploss,0.00034432418
4,linha_19-20,Ploss,0.00036776749
5,linha_19-20,Ploss,0.0003203005
6,linha_19-20,Ploss,0.00028861723
7,linha_19-20,Ploss,0.00029716633
8,linha_19-20,Ploss,0.00025223256
9,linha_19-20,Ploss,0.00022739849
10,linha_19-20,Ploss,6.2568207e-05
11,linha_19-20,Ploss,0.00014449734
12,linha_19-20,Ploss,0.00019103709
13,linha_19-20,Ploss,0.00018746937
14,linha_19-20,Ploss,0.00018041761
15,linha_19-20,Ploss,0.00013969335
16,linha_19-20,Ploss,4.9493254e-05
17,linha_19-20,Ploss,0.00028573051
18,linha_19-20,Ploss,0.00029419439
19,linha_19-20,Ploss,0.00034443243
20,linha_19-20,Ploss,0.0004
21,linha_19-20,Ploss,0.0004
22,linha_19-20,Ploss,0.0004805079
23,linha_19-20,Ploss,0.0004
24,linha_19-20,Ploss,0.00038086447
1,linha_20-21,Ploss,0.00018583046
2,linha_20-21,Ploss,0.00020496012
3,linha_20-21,Ploss,0.00022554792
4,linha_20-21,Ploss,0.00024821645
5,linha_20-21,Ploss,0.00020173357
6,linha_20-21,Ploss,0.00017678805
7,linha_20-21,Ploss,0.00019392051
8,linha_20-21,Ploss,0.00015077357
9,linha_20-21,Ploss,0.0001294031
10,linha_20-21,Ploss,3.3676304e-05
11,linha_20-21,Ploss,4.8843022e-05
12,linha_20-21,Ploss,9.5709581e-05
13,linha_20-21,Ploss,9.3922156e-05
14,linha_20-21,Ploss,9.0389222e-05
15,linha_20-21,Ploss,4.9515765e-05
16,linha_20-21,Ploss,4.4762235e-05
17,linha_20-21,Ploss,0.00018609917
18,linha_20-21,Ploss,0.00018796471
19,linha_20-21,Ploss,0.00022576182
20,linha_20-21,Ploss,0.00027811723
21,linha_20-21,Ploss,0.00027689579
22,linha_20-21,Ploss,0.00029958916
23,linha_20-21,Ploss,0.00026936673
24,linha_20-21,Ploss,0.00025045611
1,linha_21-22,Ploss,7.0918961e-05
2,linha_21-22,Ploss,8.7517077e-05
3,linha_21-22,Ploss,0.00010629561
4,linha_21-22,Ploss,0.00012818626
5,linha_21-22,Ploss,8.2691416e-05
6,linha_21-22,Ploss,6.4510642e-05
7,linha_21-22,Ploss,9.0260869e-05
8,linha_21-22,Ploss,4.8907935e-05
9,linha_21-22,Ploss,3.1014934e-05
10,linha_21-22,Ploss,0.00012978638
11,linha_21-22,Ploss,4.700628e-05
12,linha_21-22,Ploss,0.0
13,linha_21-22,Ploss,0.0
14,linha_21-22,Ploss,0.0
15,linha_21-22,Ploss,4.0859485e-05
16,linha_21-22,Ploss,0.00013883903
17,linha_21-22,Ploss,8.6068502e-05
18,linha_21-22,Ploss,8.1309255e-05
19,linha_21-22,Ploss,0.00010661557
20,linha_21-22,Ploss,0.00015574596
21,linha_21-22,Ploss,0.00015329818
22,linha_21-22,Ploss,0.00017172479
23,linha_21-22,Ploss,0.00013820989
24,linha_21-22,Ploss,0.00011952507
1,linha_22-23,Ploss,-6.9388939e-18
2,linha_22-23,Ploss,0.0
3,linha_22-23,Ploss,6.9388939e-18
4,linha_22-23,Ploss,7.6749825e-06
5,linha_22-23,Ploss,0.0
6,linha_22-23,Ploss,-6.9388939e-18
7,linha_22-23,Ploss,0.0
8,linha_22-23,Ploss,4.4892746e-18
9,linha_22-23,Ploss,6.7497042e-05
10,linha_22-23,Ploss,0.00022551278
11,linha_22-23,Ploss,0.00014266793
12,linha_22-23,Ploss,9.5709581e-05
13,linha_22-23,Ploss,9.3922156e-05
14,linha_22-23,Ploss,9.0389222e-05
15,linha_22-23,Ploss,0.00013107162
16,linha_22-23,Ploss,0.00023254027
17,linha_22-23,Ploss,9.1729453e-06
18,linha_22-23,Ploss,6.9388939e-18
19,linha_22-23,Ploss,0.0
20,linha_22-23,Ploss,3.2884221e-05
21,linha_22-23,Ploss,2.9205186e-05
22,linha_22-23,Ploss,4.3347933e-05
23,linha_22-23,Ploss,6.5273612e-06
24,linha_22-23,Ploss,0.0
1,linha_23-24,Ploss,0.0
2,linha_23-24,Ploss,0.0
3,linha_23-24,Ploss,0.0
4,linha_23-24,Ploss,0.0
5,linha_23-24,Ploss,0.0
6,linha_23-24,Ploss,0.0
7,linha_23-24,Ploss,0.0
8,linha_23-24,Ploss,1.8328163e-05
9,linha_23-24,Ploss,0.00016573957
10,linha_23-24,Ploss,0.00032085704
11,linha_23-24,Ploss,0.0002379477
12,linha_23-24,Ploss,0.00019103709
13,linha_23-24,Ploss,0.00018746937
14,linha_23-24,Ploss,0.00018041761
15,linha_23-24,Ploss,0.00022092363
16,linha_23-24,Ploss,0.00032586746
17,linha_23-24,Ploss,0.00010951058
18,linha_23-24,Ploss,0.0
19,linha_23-24,Ploss,0.0
20,linha_23-24,Ploss,0.0
21,linha_23-24,Ploss,0.0
22,linha_23-24,Ploss,0.0
23,linha_23-24,Ploss,0.0
24,linha_23-24,Ploss,0.0
1,linha_24-25,Ploss,0.00011519461
2,linha_24-25,Ploss,0.0
3,linha_24-25,Ploss,0.0
4,linha_24-25,Ploss,0.0
5,linha_24-25,Ploss,3.1609314e-05
6,linha_24-25,Ploss,2.3664329e-05
7,linha_24-25,Ploss,0.00010401996
8,linha_24-25,Ploss,0.00012031588
9,linha_24-25,Ploss,0.00026358991
10,linha_24-25,Ploss,0.00044727334
11,linha_24-25,Ploss,0.00033284711
12,linha_24-25,Ploss,0.00028598405
13,linha_24-25,Ploss,0.00028064315
14,linha_24-25,Ploss,0.0002700866
15,linha_24-25,Ploss,0.00031041695
16,linha_24-25,Ploss,0.00045624172
17,linha_24-25,Ploss,0.00020944766
18,linha_24-25,Ploss,6.638392e-05
19,linha_24-25,Ploss,0.0
20,linha_24-25,Ploss,1.9153315e-05
21,linha_24-25,Ploss,7.883934e-05
22,linha_24-25,Ploss,9.3192093e-05
23,linha_24-25,Ploss,1.8248085e-06
24,linha_24-25,Ploss,0.0
1,linha_25-26,Ploss,5.6867349e-05
2,linha_25-26,Ploss,0.0
3,linha_25-26,Ploss,0.0
4,linha_25-26,Ploss,0.0
5,linha_25-26,Ploss,6.4052173e-05
6,linha_25-26,Ploss,0.0
7,linha_25-26,Ploss,1.0632063e-06
8,linha_25-26,Ploss,0.00010206088
9,linha_25-26,Ploss,0.00013925478
10,linha_25-26,Ploss,0.00016757892
11,linha_25-26,Ploss,0.00019131597
12,linha_25-26,Ploss,0.00020794736
13,linha_25-26,Ploss,0.00021740879
14,linha_25-26,Ploss,0.0002146693
15,linha_25-26,Ploss,0.00019261597
16,linha_25-26,Ploss,0.00016466157
17,linha_25-26,Ploss,0.00013021466
18,linha_25-26,Ploss,6.5664176e-05
19,linha_25-26,Ploss,2.3452906e-05
20,linha_25-26,Ploss,2.2766475e-05
21,linha_25-26,Ploss,8.2251159e-05
22,linha_25-26,Ploss,9.6676356e-05
23,linha_25-26,Ploss,5.7686217e-06
24,linha_25-26,Ploss,0.0
1,linha_26-27,Ploss,5.8327262e-05
2,linha_26-27,Ploss,6.4961732e-05
3,linha_26-27,Ploss,7.5951873e-05
4,linha_26-27,Ploss,9.3160345e-05
5,linha_26-27,Ploss,5.5320082e-05
6,linha_26-27,Ploss,5.2169706e-05
7,linha_26-27,Ploss,3.6999136e-05
8,linha_26-27,Ploss,-1.0598076e-17
9,linha_26-27,Ploss,4.0906101e-05
10,linha_26-27,Ploss,7.1620323e-05
11,linha_26-27,Ploss,9.5849301e-05
12,linha_26-27,Ploss,0.00011268763
13,linha_26-27,Ploss,0.00012398157
14,linha_26-27,Ploss,0.0001247782
15,linha_26-27,Ploss,0.0001026505
16,linha_26-27,Ploss,7.0688266e-05
17,linha_26-27,Ploss,2.9960012e-05
18,linha_26-27,Ploss,4.1315864e-05
19,linha_26-27,Ploss,7.6591281e-05
20,linha_26-27,Ploss,0.00014566861
21,linha_26-27,Ploss,0.00020613239
22,linha_26-27,Ploss,0.00022484032
23,linha_26-27,Ploss,0.00013745418
24,linha_26-27,Ploss,4.9329908e-05
1,linha_27-28,Ploss,0.00017328903
2,linha_27-28,Ploss,0.00018249482
3,linha_27-28,Ploss,0.00019532532
4,linha_27-28,Ploss,0.00021333036
5,linha_27-28,Ploss,0.0001744715
6,linha_27-28,Ploss,0.00016449637
7,linha_27-28,Ploss,0.00014087139
8,linha_27-28,Ploss,9.5220701e-05
9,linha_27-28,Ploss,5.7605875e-05
10,linha_27-28,Ploss,2.4624188e-05
11,linha_27-28,Ploss,0.0
12,linha_27-28,Ploss,1.7046095e-05
13,linha_27-28,Ploss,3.0179893e-05
14,linha_27-28,Ploss,3.4526808e-05
15,linha_27-28,Ploss,1.2324451e-05
16,linha_27-28,Ploss,2.3567223e-05
17,linha_27-28,Ploss,7.0414239e-05
18,linha_27-28,Ploss,0.00014813097
19,linha_27-28,Ploss,0.00019585738
20,linha_27-28,Ploss,0.00026808011
21,linha_27-28,Ploss,0.00032951909
22,linha_27-28,Ploss,0.00035249266
23,linha_27-28,Ploss,0.00026861404
24,linha_27-28,Ploss,0.00018054117
1,linha_28-29,Ploss,0.00028779187
2,linha_28-29,Ploss,0.00029955871
3,linha_28-29,Ploss,0.00031422222
4,linha_28-29,Ploss,0.00033302066
5,linha_28-29,Ploss,0.00029314726
6,linha_28-29,Ploss,0.00027637463
7,linha_28-29,Ploss,0.00024432899
8,linha_28-29,Ploss,0.00019690146
9,linha_28-29,Ploss,0.00015588789
10,linha_28-29,Ploss,0.0001207704
11,linha_28-29,Ploss,9.5849301e-05
12,linha_28-29,Ploss,7.8663486e-05
13,linha_28-29,Ploss,6.3742263e-05
14,linha_28-29,Ploss,5.5862413e-05
15,linha_28-29,Ploss,7.8050799e-05
16,linha_28-29,Ploss,0.00011772863
17,linha_28-29,Ploss,0.0001705074
18,linha_28-29,Ploss,0.00025451967
19,linha_28-29,Ploss,0.00031464737
20,linha_28-29,Ploss,0.00039000294
21,linha_28-29,Ploss,0.00055661446
22,linha_28-29,Ploss,0.00063795628
23,linha_28-29,Ploss,0.00039925031
24,linha_28-29,Ploss,0.00031122863
1,linha_29-30,Ploss,0.00040549091
2,linha_29-30,Ploss,0.00044827314
3,linha_29-30,Ploss,0.00049754407
4,linha_29-30,Ploss,0.0005560764
5,linha_29-30,Ploss,0.00043391243
6,linha_29-30,Ploss,0.00038780627
7,linha_29-30,Ploss,0.00034737359
8,linha_29-30,Ploss,0.0002981763
9,linha_29-30,Ploss,0.00025377756
10,linha_29-30,Ploss,0.00021653279
11,linha_29-30,Ploss,0.00019131597
12,linha_29-30,Ploss,0.00017405904
13,linha_29-30,Ploss,0.00015740996
14,linha_29-30,Ploss,0.00014602863
15,linha_29-30,Ploss,0.00016811447
16,linha_29-30,Ploss,0.00021151415
17,linha_29-30,Ploss,0.00027020098
18,linha_29-30,Ploss,0.00036048366
19,linha_29-30,Ploss,0.00049849626
20,linha_29-30,Ploss,0.00073298788
21,linha_29-30,Ploss,0.00092112205
22,linha_29-30,Ploss,0.0010144628
23,linha_29-30,Ploss,0.00078655212
24,linha_29-30,Ploss,0.00052368937
1,linha_30-31,Ploss,0.00034420609
2,linha_30-31,Ploss,0.00035196844
3,linha_30-31,Ploss,0.00035759859
4,linha_30-31,Ploss,0.00036018405
5,linha_30-31,Ploss,0.00035668906
6,linha_30-31,Ploss,0.00033625886
7,linha_30-31,Ploss,0.00031081579
8,linha_30-31,Ploss,0.00030496198
9,linha_30-31,Ploss,0.00029435771
10,linha_30-31,Ploss,0.00028758244
11,linha_30-31,Ploss,0.00028640154
12,linha_30-31,Ploss,0.00028598405
13,linha_30-31,Ploss,0.00028064315
14,linha_30-31,Ploss,0.0002700866
15,linha_30-31,Ploss,0.00027004485
16,linha_30-31,Ploss,0.00028163916
17,linha_30-31,Ploss,0.00029992227
18,linha_30-31,Ploss,0.00031966063
19,linha_30-31,Ploss,0.00035728548
20,linha_30-31,Ploss,0.00036750803
21,linha_30-31,Ploss,0.00037114318
22,linha_30-31,Ploss,0.00038411223
23,linha_30-31,Ploss,0.0003935505
24,linha_30-31,Ploss,0.00039265289
1,linha_31-32,Ploss,0.00022992936
2,linha_31-32,Ploss,0.0002351146
3,linha_31-32,Ploss,0.00023887554
4,linha_31-32,Ploss,0.00024060263
5,linha_31-32,Ploss,0.00023826798
6,linha_31-32,Ploss,0.00022462062
7,linha_31-32,Ploss,0.00020762467
8,linha_31-32,Ploss,0.00020371433
9,linha_31-32,Ploss,0.00019663069
10,linha_31-32,Ploss,0.00019210481
11,linha_31-32,Ploss,0.00019131597
12,linha_31-32,Ploss,0.00019103709
13,linha_31-32,Ploss,0.00018746937
14,linha_31-32,Ploss,0.00018041761
15,linha_31-32,Ploss,0.00018038972
16,linha_31-32,Ploss,0.00018813471
17,linha_31-32,Ploss,0.00020034781
18,linha_31-32,Ploss,0.00021353301
19,linha_31-32,Ploss,0.00023866638
20,linha_31-32,Ploss,0.00024549504
21,linha_31-32,Ploss,0.00024792332
22,linha_31-32,Ploss,0.00025658663
23,linha_31-32,Ploss,0.00026289138
24,linha_31-32,Ploss,0.00026229178
1,linha_32-33,Ploss,0.00011519461
2,linha_32-33,Ploss,0.00011779242
3,linha_32-33,Ploss,0.00011967665
4,linha_32-33,Ploss,0.00012054192
5,linha_32-33,Ploss,0.00011937226
6,linha_32-33,Ploss,0.00011253493
7,linha_32-33,Ploss,0.00010401996
8,linha_32-33,Ploss,0.00010206088
9,linha_32-33,Ploss,9.8511976e-05
10,linha_32-33,Ploss,9.6244511e-05
11,linha_32-33,Ploss,9.5849301e-05
12,linha_32-33,Ploss,9.5709581e-05
13,linha_32-33,Ploss,9.3922156e-05
14,linha_32-33,Ploss,9.0389222e-05
15,linha_32-33,Ploss,9.037525e-05
16,linha_32-33,Ploss,9.4255489e-05
17,linha_32-33,Ploss,0.00010037425
18,linha_32-33,Ploss,0.00010698004
19,linha_32-33,Ploss,0.00011957186
20,linha_32-33,Ploss,0.00012299301
21,linha_32-33,Ploss,0.00012420958
22,linha_32-33,Ploss,0.0001285499
23,linha_32-33,Ploss,0.00013170858
24,linha_32-33,Ploss,0.00013140818
1,barra_1,theta,0.0
2,barra_1,theta,0.0
3,barra_1,theta,0.0
4,barra_1,theta,0.0
5,barra_1,theta,0.0
6,barra_1,theta,0.0
7,barra_1,theta,0.0
8,barra_1,theta,0.0
9,barra_1,theta,0.0
10,barra_1,theta,0.0
11,barra_1,theta,0.0
12,barra_1,theta,0.0
13,barra_1,theta,0.0
14,barra_1,theta,0.0
15,barra_1,theta,0.0
16,barra_1,theta,0.0
17,barra_1,theta,0.0
18,barra_1,theta,0.0
19,barra_1,theta,0.0
20,barra_1,theta,0.0
21,barra_1,theta,0.0
22,barra_1,theta,0.0
23,barra_1,theta,0.0
24,barra_1,theta,0.0
1,barra_2,theta,0.0
2,barra_2,theta,0.0
3,barra_2,theta,0.0
4,barra_2,theta,0.0
5,barra_2,theta,0.0
6,barra_2,theta,0.0
7,barra_2,theta,0.0
8,barra_2,theta,0.0
9,barra_2,theta,0.0
10,barra_2,theta,0.0011830874
11,barra_2,theta,0.0039937209
12,barra_2,theta,0.0039878992
13,barra_2,theta,0.0039134232
14,barra_2,theta,0.0037662176
15,barra_2,theta,0.0037656354
16,barra_2,theta,0.0025272147
17,barra_2,theta,0.0
18,barra_2,theta,0.0
19,barra_2,theta,0.0
20,barra_2,theta,0.0
21,barra_2,theta,0.0
22,barra_2,theta,0.0
23,barra_2,theta,0.0
24,barra_2,theta,0.0
1,barra_3,theta,0.0
2,barra_3,theta,0.0
3,barra_3,theta,0.0
4,barra_3,theta,0.0
5,barra_3,theta,0.0
6,barra_3,theta,0.0
7,barra_3,theta,0.0
8,barra_3,theta,0.0
9,barra_3,theta,0.0
10,barra_3,theta,0.0063716399
11,barra_3,theta,0.01196522
12,barra_3,theta,0.011947778
13,barra_3,theta,0.011724647
14,barra_3,theta,0.011283618
15,barra_3,theta,0.011281874
16,barra_3,theta,0.0089716528
17,barra_3,theta,0.0
18,barra_3,theta,0.0
19,barra_3,theta,0.0
20,barra_3,theta,0.0
21,barra_3,theta,0.0
22,barra_3,theta,0.0
23,barra_3,theta,0.0
24,barra_3,theta,0.0
1,barra_4,theta,0.0
2,barra_4,theta,0.0
3,barra_4,theta,0.0
4,barra_4,theta,0.0
5,barra_4,theta,0.0
6,barra_4,theta,0.0
7,barra_4,theta,0.0
8,barra_4,theta,0.0
9,barra_4,theta,0.0
10,barra_4,theta,0.015549668
11,barra_4,theta,0.023898617
12,barra_4,theta,0.02386378
13,barra_4,theta,0.023418111
14,barra_4,theta,0.022537226
15,barra_4,theta,0.022533742
16,barra_4,theta,0.019317677
17,barra_4,theta,0.0
18,barra_4,theta,0.0
19,barra_4,theta,0.0
20,barra_4,theta,0.0
21,barra_4,theta,0.0
22,barra_4,theta,0.0
23,barra_4,theta,0.0
24,barra_4,theta,0.0
1,barra_5,theta,0.0
2,barra_5,theta,0.0
3,barra_5,theta,0.0
4,barra_5,theta,0.0
5,barra_5,theta,0.0
6,barra_5,theta,0.0
7,barra_5,theta,0.0
8,barra_5,theta,0.0
9,barra_5,theta,0.002619283
10,barra_5,theta,0.028701244
11,barra_5,theta,0.039778097
12,barra_5,theta,0.039720112
13,barra_5,theta,0.038978319
14,barra_5,theta,0.037512127
15,barra_5,theta,0.037506329
16,barra_5,theta,0.033549711
17,barra_5,theta,3.6149035e-05
18,barra_5,theta,0.0
19,barra_5,theta,0.0
20,barra_5,theta,0.0
21,barra_5,theta,0.0
22,barra_5,theta,0.0
23,barra_5,theta,0.0
24,barra_5,theta,0.0
1,barra_6,theta,0.0047997754
2,barra_6,theta,0.0
3,barra_6,theta,0.0013815242
4,barra_6,theta,0.0
5,barra_6,theta,0.004973844
6,barra_6,theta,0.00086076319
7,barra_6,theta,0.0038774633
8,barra_6,theta,0.0042525366
9,barra_6,theta,0.0093327754
10,barra_6,theta,0.045808748
11,barra_6,theta,0.059575409
12,barra_6,theta,0.059488662
13,barra_6,theta,0.058378918
14,barra_6,theta,0.056185456
15,barra_6,theta,0.056176781
16,barra_6,theta,0.051646534
17,barra_6,theta,0.0042544142
18,barra_6,theta,0.0044575017
19,barra_6,theta,0.00085195391
20,barra_6,theta,0.0
21,barra_6,theta,0.0
22,barra_6,theta,0.0
23,barra_6,theta,0.0
24,barra_6,theta,0.0
1,barra_7,theta,0.0047997754
2,barra_7,theta,0.0
3,barra_7,theta,0.0013815242
4,barra_7,theta,0.0
5,barra_7,theta,0.004973844
6,barra_7,theta,0.00086076319
7,barra_7,theta,0.0038774633
8,barra_7,theta,0.0002831293
9,barra_7,theta,0.00113983
10,barra_7,theta,0.041325181
11,barra_7,theta,0.055185559
12,barra_7,theta,0.055734112
13,barra_7,theta,0.056576247
14,barra_7,theta,0.054361935
15,barra_7,theta,0.053693538
16,barra_7,theta,0.048145816
17,barra_7,theta,-0.0040934111
18,barra_7,theta,0.0040392518
19,barra_7,theta,0.00085195391
20,barra_7,theta,0.0
21,barra_7,theta,0.0
22,barra_7,theta,0.0
23,barra_7,theta,0.0
24,barra_7,theta,0.0
1,barra_8,theta,0.0047997754
2,barra_8,theta,0.0
3,barra_8,theta,0.0013815242
4,barra_8,theta,0.0
5,barra_8,theta,0.004973844
6,barra_8,theta,0.00086076319
7,barra_8,theta,0.0038774633
8,barra_8,theta,0.0002831293
9,barra_8,theta,-0.0029648357
10,barra_8,theta,0.040849905
11,barra_8,theta,0.054787842
12,barra_8,theta,0.055967461
13,barra_8,theta,0.058686998
14,barra_8,theta,0.056304633
15,barra_8,theta,0.05497593
16,barra_8,theta,0.04857241
17,barra_8,theta,-0.0082756715
18,barra_8,theta,0.0040392518
19,barra_8,theta,0.00085195391
20,barra_8,theta,0.0
21,barra_8,theta,0.0
22,barra_8,theta,0.0
23,barra_8,theta,0.0
24,barra_8,theta,0.0
1,barra_9,theta,0.0047997754
2,barra_9,theta,0.0
3,barra_9,theta,0.0013815242
4,barra_9,theta,0.0
5,barra_9,theta,0.004973844
6,barra_9,theta,0.00086076319
7,barra_9,theta,0.0038774633
8,barra_9,theta,0.0002831293
9,barra_9,theta,-0.0029648357
10,barra_9,theta,0.044384817
11,barra_9,theta,0.058383846
12,barra_9,theta,0.060187778
13,barra_9,theta,0.064702747
14,barra_9,theta,0.062005792
15,barra_9,theta,0.060018838
16,barra_9,theta,0.052924613
17,barra_9,theta,-0.0082756715
18,barra_9,theta,0.0040392518
19,barra_9,theta,0.00085195391
20,barra_9,theta,0.0
21,barra_9,theta,0.0
22,barra_9,theta,0.0
23,barra_9,theta,0.0
24,barra_9,theta,0.0
1,barra_10,theta,0.0047997754
2,barra_10,theta,0.0
3,barra_10,theta,0.0013815242
4,barra_10,theta,0.0
5,barra_10,theta,0.004973844
6,barra_10,theta,0.00086076319
7,barra_10,theta,0.0038774633
8,barra_10,theta,0.0002831293
9,barra_10,theta,-0.0029648357
10,barra_10,theta,0.051915805
11,barra_10,theta,0.065959215
12,barra_10,theta,0.068379146
13,barra_10,theta,0.074607903
14,barra_10,theta,0.07145041
15,barra_10,theta,0.06880725
16,barra_10,theta,0.061186754
17,barra_10,theta,-0.0082756715
18,barra_10,theta,0.0040392518
19,barra_10,theta,0.00085195391
20,barra_10,theta,0.0
21,barra_10,theta,0.0
22,barra_10,theta,0.0
23,barra_10,theta,0.0
24,barra_10,theta,0.0
1,barra_11,theta,0.0047997754
2,barra_11,theta,0.0
3,barra_11,theta,0.0013815242
4,barra_11,theta,0.0
5,barra_11,theta,0.004973844
6,barra_11,theta,0.00086076319
7,barra_11,theta,0.0038774633
8,barra_11,theta,0.0002831293
9,barra_11,theta,-0.0029648357
10,barra_11,theta,0.063426917
11,barra_11,theta,0.077498065
12,barra_11,theta,0.080525714
13,barra_11,theta,0.088386941
14,barra_11,theta,0.084623543
15,barra_11,theta,0.081326214
16,barra_11,theta,0.073343225
17,barra_11,theta,-0.0082756715
18,barra_11,theta,0.0040392518
19,barra_11,theta,0.00085195391
20,barra_11,theta,0.0
21,barra_11,theta,0.0
22,barra_11,theta,0.0
23,barra_11,theta,0.0
24,barra_11,theta,0.0
1,barra_12,theta,0.0047997754
2,barra_12,theta,0.0
3,barra_12,theta,0.0013815242
4,barra_12,theta,0.0
5,barra_12,theta,0.004973844
6,barra_12,theta,0.00086076319
7,barra_12,theta,0.0038774633
8,barra_12,theta,0.0002831293
9,barra_12,theta,0.0010143301
10,barra_12,theta,0.078902265
11,barra_12,theta,0.092984572
12,barra_12,theta,0.096611691
13,barra_12,theta,0.10602054
14,barra_12,theta,0.10150943
15,barra_12,theta,0.097560838
16,barra_12,theta,0.089378478
17,barra_12,theta,-0.0082756715
18,barra_12,theta,0.0040392518
19,barra_12,theta,0.00085195391
20,barra_12,theta,0.0
21,barra_12,theta,0.0
22,barra_12,theta,0.0
23,barra_12,theta,0.0
24,barra_12,theta,0.0
1,barra_13,theta,0.0047997754
2,barra_13,theta,0.0
3,barra_13,theta,0.0013815242
4,barra_13,theta,0.0
5,barra_13,theta,0.004973844
6,barra_13,theta,0.00086076319
7,barra_13,theta,0.0038774633
8,barra_13,theta,0.0032205085
9,barra_13,theta,0.0090822766
10,barra_13,theta,0.09831506
11,barra_13,theta,0.11239204
12,barra_13,theta,0.11660806
13,barra_13,theta,0.12747419
14,barra_13,theta,0.12207768
15,barra_13,theta,0.11748329
16,barra_13,theta,0.10926418
17,barra_13,theta,-0.0040934111
18,barra_13,theta,0.0047914414
19,barra_13,theta,0.00085195391
20,barra_13,theta,0.0
21,barra_13,theta,0.00053138028
22,barra_13,theta,0.00053225222
23,barra_13,theta,0.0
24,barra_13,theta,0.0
1,barra_14,theta,0.0070174359
2,barra_14,theta,0.0018857565
3,barra_14,theta,0.0030265691
4,barra_14,theta,0.0015344944
5,barra_14,theta,0.0066577731
6,barra_14,theta,0.0038799631
7,barra_14,theta,0.0075712035
8,barra_14,theta,0.010398698
9,barra_14,theta,0.021222681
10,barra_14,theta,0.12162307
11,barra_14,theta,0.13567838
12,barra_14,theta,0.14047048
13,barra_14,theta,0.15270234
14,barra_14,theta,0.14628436
15,barra_14,theta,0.1410513
16,barra_14,theta,0.13295691
17,barra_14,theta,0.0042544142
18,barra_14,theta,0.0099981298
19,barra_14,theta,0.0033871346
20,barra_14,theta,0.0028341711
21,barra_14,theta,0.0062360385
22,barra_14,theta,0.0064186255
23,barra_14,theta,0.0033931047
24,barra_14,theta,0.00014615371
1,barra_15,theta,0.0093702472
2,barra_15,theta,0.0039112322
3,barra_15,theta,0.0048146228
4,barra_15,theta,0.0032135201
5,barra_15,theta,0.0084841815
6,barra_15,theta,0.0061545338
7,barra_15,theta,0.0078872159
8,barra_15,theta,0.010398698
9,barra_15,theta,0.020335406
10,barra_15,theta,0.12601133
11,barra_15,theta,0.13567838
12,barra_15,theta,0.13753708
13,barra_15,theta,0.14878892
14,barra_15,theta,0.14251814
15,barra_15,theta,0.14015599
16,barra_15,theta,0.13772433
17,barra_15,theta,0.0016226554
18,barra_15,theta,0.010951498
19,barra_15,theta,0.0051883923
20,barra_15,theta,0.0058107624
21,barra_15,theta,0.012073196
22,barra_15,theta,0.012442179
23,barra_15,theta,0.0069372932
24,barra_15,theta,0.0004559788
1,barra_16,theta,0.016513441
2,barra_16,theta,0.010836639
3,barra_16,theta,0.011582065
4,barra_16,theta,0.0099084229
5,barra_16,theta,0.015277143
6,barra_16,theta,0.01310898
7,barra_16,theta,0.012536132
8,barra_16,theta,0.014651235
9,barra_16,theta,0.023552796
10,barra_16,theta,0.13439227
11,barra_16,theta,0.1396721
12,barra_16,theta,0.13859157
13,barra_16,theta,0.14878892
14,barra_16,theta,0.14251814
15,barra_16,theta,0.14302631
16,barra_16,theta,0.14640002
17,barra_16,theta,0.003173157
18,barra_16,theta,0.016358562
19,barra_16,theta,0.01196462
20,barra_16,theta,0.01390018
21,barra_16,theta,0.023062451
22,barra_16,theta,0.023797932
23,barra_16,theta,0.015955191
24,barra_16,theta,0.0062399081
1,barra_17,theta,0.028427895
2,barra_17,theta,0.022642418
3,barra_17,theta,0.023309019
4,barra_17,theta,0.021599179
5,barra_17,theta,0.027016831
6,barra_17,theta,0.024724619
7,barra_17,theta,0.021500654
8,barra_17,theta,0.023139332
9,barra_17,theta,0.030862008
10,barra_17,theta,0.14674993
11,barra_17,theta,0.1476436
12,barra_17,theta,0.14362975
13,barra_17,theta,0.15270234
14,barra_17,theta,0.14628436
15,barra_17,theta,0.14965081
16,barra_17,theta,0.1589684
17,barra_17,theta,0.0088997295
18,barra_17,theta,0.026201543
19,barra_17,theta,0.023695958
20,barra_17,theta,0.027082013
21,barra_17,theta,0.039183236
22,barra_17,theta,0.040464599
23,barra_17,theta,0.030424946
24,barra_17,theta,0.017476089
1,barra_18,theta,0.045094562
2,barra_18,theta,0.039309084
3,barra_18,theta,0.039975686
4,barra_18,theta,0.038265846
5,barra_18,theta,0.043683497
6,barra_18,theta,0.040982844
7,barra_18,theta,0.034763555
8,barra_18,theta,0.035846081
9,barra_18,theta,0.042246707
10,barra_18,theta,0.16306845
11,barra_18,theta,0.159577
12,barra_18,theta,0.15263571
13,barra_18,theta,0.16051356
14,barra_18,theta,0.15380176
15,barra_18,theta,0.1600145
16,barra_18,theta,0.17541391
17,barra_18,theta,0.018785702
18,barra_18,theta,0.040462732
19,barra_18,theta,0.040362624
20,barra_18,theta,0.045329622
21,barra_18,theta,0.060396914
22,barra_18,theta,0.062399945
23,barra_18,theta,0.050311941
24,barra_18,theta,0.034142755
1,barra_19,theta,0.027835298
2,barra_19,theta,0.021047054
3,barra_19,theta,0.020709967
4,barra_19,theta,0.01799518
5,barra_19,theta,0.025423437
6,barra_19,theta,0.024316177
7,barra_19,theta,0.018096888
8,barra_19,theta,0.021125809
9,barra_19,theta,0.028704928
10,barra_19,theta,0.15646166
11,barra_19,theta,0.14958659
12,barra_19,theta,0.14071971
13,barra_19,theta,0.1488201
14,barra_19,theta,0.14254815
15,barra_19,theta,0.15045154
16,barra_19,theta,0.16943261
17,barra_19,theta,0.0027455303
18,barra_19,theta,0.023796065
19,barra_19,theta,0.021096779
20,barra_19,theta,0.023624892
21,barra_19,theta,0.038641696
22,barra_19,theta,0.039359772
23,barra_19,theta,0.028245506
24,barra_19,theta,0.012879761
1,barra_20,theta,0.015323497
2,barra_20,theta,0.0076331233
3,barra_20,theta,0.0063631261
4,barra_20,theta,0.0026715352
5,barra_20,theta,0.012077583
6,barra_20,theta,0.012290459
7,barra_20,theta,0.0057149576
8,barra_20,theta,0.010616119
9,barra_20,theta,0.019229991
10,barra_20,theta,0.15385465
11,barra_20,theta,0.14356586
12,barra_20,theta,0.13275983
13,barra_20,theta,0.14100887
14,barra_20,theta,0.13503075
15,barra_20,theta,0.14463099
16,barra_20,theta,0.16737039
17,barra_20,theta,-0.0091599075
18,barra_20,theta,0.011537966
19,barra_20,theta,0.0067454282
20,barra_20,theta,0.0069582258
21,barra_20,theta,0.021975029
22,barra_20,theta,0.02157494
23,barra_20,theta,0.011578839
24,barra_20,theta,-0.0029895922
1,barra_21,theta,0.0075805607
2,barra_21,theta,-0.00090688184
3,barra_21,theta,-0.0030347039
4,barra_21,theta,-0.0076708171
5,barra_21,theta,0.0036720175
6,barra_21,theta,0.0049242905
7,barra_21,theta,-0.0023650635
8,barra_21,theta,0.0043338868
9,barra_21,theta,0.013838195
10,barra_21,theta,0.15525783
11,barra_21,theta,0.14153074
12,barra_21,theta,0.12877193
13,barra_21,theta,0.13709545
14,barra_21,theta,0.13126453
15,barra_21,theta,0.14256783
16,barra_21,theta,0.16923549
17,barra_21,theta,-0.016914039
18,barra_21,theta,0.0037061031
19,barra_21,theta,-0.0026613141
20,barra_21,theta,-0.0046299923
21,barra_21,theta,0.010437704
22,barra_21,theta,0.009092058
23,barra_21,theta,0.00035522538
24,barra_21,theta,-0.013425264
1,barra_22,theta,0.004625604
2,barra_22,theta,-0.0045534267
3,barra_22,theta,-0.0074636875
4,barra_22,theta,-0.013011911
5,barra_22,theta,0.00022654178
6,barra_22,theta,0.0022363471
7,barra_22,theta,-0.006125933
8,barra_22,theta,0.0022960562
9,barra_22,theta,0.012545906
10,barra_22,theta,0.1606656
11,barra_22,theta,0.14348933
12,barra_22,theta,0.12877193
13,barra_22,theta,0.13709545
14,barra_22,theta,0.13126453
15,barra_22,theta,0.14427031
16,barra_22,theta,0.17502045
17,barra_22,theta,-0.020500227
18,barra_22,theta,0.00031821745
19,barra_22,theta,-0.0071036296
20,barra_22,theta,-0.011119407
21,barra_22,theta,0.0040502803
22,barra_22,theta,0.0019368585
23,barra_22,theta,-0.0054035199
24,barra_22,theta,-0.018405475
1,barra_23,theta,0.004625604
2,barra_23,theta,-0.0045534267
3,barra_23,theta,-0.0074636875
4,barra_23,theta,-0.013331702
5,barra_23,theta,0.00022654178
6,barra_23,theta,0.0022363471
7,barra_23,theta,-0.006125933
8,barra_23,theta,0.0022960562
9,barra_23,theta,0.015358283
10,barra_23,theta,0.17006196
11,barra_23,theta,0.14943383
12,barra_23,theta,0.13275983
13,barra_23,theta,0.14100887
14,barra_23,theta,0.13503075
15,barra_23,theta,0.14973163
16,barra_23,theta,0.18470963
17,barra_23,theta,-0.020118021
18,barra_23,theta,0.00031821745
19,barra_23,theta,-0.0071036296
20,barra_23,theta,-0.012489583
21,barra_23,theta,0.0028333976
22,barra_23,theta,0.00013069465
23,barra_23,theta,-0.0056754933
24,barra_23,theta,-0.018405475
1,barra_24,theta,0.004625604
2,barra_24,theta,-0.0045534267
3,barra_24,theta,-0.0074636875
4,barra_24,theta,-0.013331702
5,barra_24,theta,0.00022654178
6,barra_24,theta,0.0022363471
7,barra_24,theta,-0.006125933
8,barra_24,theta,0.0030597297
9,barra_24,theta,0.022264099
10,barra_24,theta,0.18343101
11,barra_24,theta,0.15934832
12,barra_24,theta,0.14071971
13,barra_24,theta,0.1488201
14,barra_24,theta,0.14254815
15,barra_24,theta,0.15893678
16,barra_24,theta,0.19828744
17,barra_24,theta,-0.01555508
18,barra_24,theta,0.00031821745
19,barra_24,theta,-0.0071036296
20,barra_24,theta,-0.012489583
21,barra_24,theta,0.0028333976
22,barra_24,theta,0.00013069465
23,barra_24,theta,-0.0056754933
24,barra_24,theta,-0.018405475
1,barra_25,theta,0.0094253794
2,barra_25,theta,-0.0045534267
3,barra_25,theta,-0.0074636875
4,barra_25,theta,-0.013331702
5,barra_25,theta,0.0015435965
6,barra_25,theta,0.0032223608
7,barra_25,theta,-0.001791768
8,barra_25,theta,0.0080728911
9,barra_25,theta,0.033247011
10,barra_25,theta,0.20075425
11,barra_25,theta,0.17321695
12,barra_25,theta,0.15263571
13,barra_25,theta,0.16051356
14,barra_25,theta,0.15380176
15,barra_25,theta,0.17187082
16,barra_25,theta,0.21573524
17,barra_25,theta,-0.0068280943
18,barra_25,theta,0.0030842141
19,barra_25,theta,-0.0071036296
20,barra_25,theta,-0.011691528
21,barra_25,theta,0.0061183701
22,barra_25,theta,0.0040136985
23,barra_25,theta,-0.0055994596
24,barra_25,theta,-0.018405475
1,barra_26,theta,0.0070559066
2,barra_26,theta,-0.0045534267
3,barra_26,theta,-0.0074636875
4,barra_26,theta,-0.013331702
5,barra_26,theta,-0.001125244
6,barra_26,theta,0.0032223608
7,barra_26,theta,-0.0018360683
8,barra_26,theta,0.0038203546
9,barra_26,theta,0.027444729
10,barra_26,theta,0.19377179
11,barra_26,theta,0.16524545
12,barra_26,theta,0.14397124
13,barra_26,theta,0.15145486
14,barra_26,theta,0.1448572
15,barra_26,theta,0.16384515
16,barra_26,theta,0.20887434
17,barra_26,theta,-0.012253705
18,barra_26,theta,0.00034820677
19,barra_26,theta,-0.008080834
20,barra_26,theta,-0.010742925
21,barra_26,theta,0.0095455017
22,barra_26,theta,0.00804188
23,barra_26,theta,-0.0053591004
24,barra_26,theta,-0.018405475
1,barra_27,theta,0.0094862091
2,barra_27,theta,-0.0018466879
3,barra_27,theta,-0.0042990261
4,barra_27,theta,-0.0094500212
5,barra_27,theta,0.0011797594
6,barra_27,theta,0.0053960985
7,barra_27,theta,-0.0002944376
8,barra_27,theta,0.0038203546
9,barra_27,theta,0.025740308
10,barra_27,theta,0.19078761
11,barra_27,theta,0.16125173
12,barra_27,theta,0.13927592
13,barra_27,theta,0.14628896
14,barra_27,theta,0.13965811
15,barra_27,theta,0.15956805
16,barra_27,theta,0.20592899
17,barra_27,theta,-0.013502039
18,barra_27,theta,0.0020697011
19,barra_27,theta,-0.0048895306
20,barra_27,theta,-0.0046734001
21,barra_27,theta,0.018134351
22,barra_27,theta,0.017410227
23,barra_27,theta,0.00036815698
24,barra_27,theta,-0.016350062
1,barra_28,theta,0.016706585
2,barra_28,theta,0.0057572629
3,barra_28,theta,0.0038395288
4,barra_28,theta,-0.00056125605
5,barra_28,theta,0.0084494052
6,barra_28,theta,0.012250114
7,barra_28,theta,0.0055752038
8,barra_28,theta,0.0077878838
9,barra_28,theta,0.028140553
10,barra_28,theta,0.19181362
11,barra_28,theta,0.16125173
12,barra_28,theta,0.13856567
13,barra_28,theta,0.14503147
14,barra_28,theta,0.13821949
15,barra_28,theta,0.15905453
16,barra_28,theta,0.20691096
17,barra_28,theta,-0.010568112
18,barra_28,theta,0.0082418248
19,barra_28,theta,0.0032711937
20,barra_28,theta,0.0064966044
21,barra_28,theta,0.031864313
22,barra_28,theta,0.032097421
23,barra_28,theta,0.011560409
24,barra_28,theta,-0.0088275136
1,barra_29,theta,0.028697913
2,barra_29,theta,0.018238876
3,barra_29,theta,0.016932121
4,barra_29,theta,0.013314605
5,barra_29,theta,0.020663874
6,barra_29,theta,0.023765724
7,barra_29,theta,0.015755579
8,barra_29,theta,0.015992111
9,barra_29,theta,0.034635882
10,barra_29,theta,0.19684572
11,barra_29,theta,0.16524545
12,barra_29,theta,0.14184331
13,barra_29,theta,0.1476874
14,barra_29,theta,0.14054709
15,barra_29,theta,0.16230664
16,barra_29,theta,0.21181632
17,barra_29,theta,-0.0034636376
18,barra_29,theta,0.018846811
19,barra_29,theta,0.016381501
20,barra_29,theta,0.022746727
21,barra_29,theta,0.050706181
22,barra_29,theta,0.052069036
23,barra_29,theta,0.028195838
24,barra_29,theta,0.0041403458
1,barra_30,theta,0.045440842
2,barra_30,theta,0.035576003
3,barra_30,theta,0.034953567
4,barra_30,theta,0.032148999
5,barra_30,theta,0.037801547
6,barra_30,theta,0.039924318
7,barra_30,theta,0.030229478
8,barra_30,theta,0.028416124
9,barra_30,theta,0.045209946
10,barra_30,theta,0.20586792
11,barra_30,theta,0.17321695
12,barra_30,theta,0.14909577
13,barra_30,theta,0.15424615
14,barra_30,theta,0.14663162
15,barra_30,theta,0.16931141
16,barra_30,theta,0.22062941
17,barra_30,theta,0.0077947365
18,barra_30,theta,0.033866964
19,barra_30,theta,0.034416171
20,barra_30,theta,0.044038225
21,barra_30,theta,0.074610654
22,barra_30,theta,0.077269907
23,barra_30,theta,0.050231284
24,barra_30,theta,0.02252492
1,barra_31,theta,0.031098922
2,barra_31,theta,0.020910651
3,barra_31,theta,0.020053626
4,barra_31,theta,0.01714133
5,barra_31,theta,0.022939503
6,barra_31,theta,0.025913533
7,barra_31,theta,0.01727882
8,barra_31,theta,0.015709375
9,barra_31,theta,0.032945042
10,barra_31,theta,0.19388532
11,barra_31,theta,0.16128355
12,barra_31,theta,0.13717977
13,barra_31,theta,0.14255268
14,barra_31,theta,0.13537801
15,barra_31,theta,0.15805955
16,barra_31,theta,0.20889445
17,barra_31,theta,-0.0047020246
18,barra_31,theta,0.020547771
19,barra_31,theta,0.019529276
20,barra_31,theta,0.028725391
21,barra_31,theta,0.059146354
22,barra_31,theta,0.061265231
23,barra_31,theta,0.033833347
24,barra_31,theta,0.0061643831
1,barra_32,theta,0.021518532
2,barra_32,theta,0.01111421
3,barra_32,theta,0.010100478
4,barra_32,theta,0.0071162209
5,barra_32,theta,0.01301167
6,barra_32,theta,0.01655434
7,barra_32,theta,0.0086277923
8,barra_32,theta,0.0072212777
9,barra_32,theta,0.024752096
10,barra_32,theta,0.18588095
11,barra_32,theta,0.15331205
12,barra_32,theta,0.12921989
13,barra_32,theta,0.13474146
14,barra_32,theta,0.12786061
15,barra_32,theta,0.15054331
16,barra_32,theta,0.2010555
17,barra_32,theta,-0.01304985
18,barra_32,theta,0.011650562
19,barra_32,theta,0.009584844
20,barra_32,theta,0.018496431
21,barra_32,theta,0.048816216
22,barra_32,theta,0.050574122
23,barra_32,theta,0.022879539
24,barra_32,theta,-0.0047644412
1,barra_33,theta,0.016718756
2,barra_33,theta,0.0062061924
3,barra_33,theta,0.005113951
4,barra_33,theta,0.0020936411
5,barra_33,theta,0.0080378265
6,barra_33,theta,0.011865385
7,barra_33,theta,0.0042936273
8,barra_33,theta,0.0029687411
9,barra_33,theta,0.020647431
10,barra_33,theta,0.18187076
11,barra_33,theta,0.14931833
12,barra_33,theta,0.12523199
13,barra_33,theta,0.13082803
14,barra_33,theta,0.12409439
15,barra_33,theta,0.14677767
16,barra_33,theta,0.19712819
17,barra_33,theta,-0.01723211
18,barra_33,theta,0.0071930603
19,barra_33,theta,0.0046026833
20,barra_33,theta,0.013371722
21,barra_33,theta,0.043640817
22,barra_33,theta,0.045217876
23,barra_33,theta,0.017391682
24,barra_33,theta,-0.010239782
