tempo,entidade,variavel,valor
INFO,GERAL,custo_total,83.67922877052015
INFO,GERAL,num_barras,33.0
INFO,GERAL,num_baterias,2.0
INFO,GERAL,periodos_tempo,24.0
1,barra_1,PS,0.0
2,barra_1,PS,0.0
3,barra_1,PS,0.0
4,barra_1,PS,0.0
5,barra_1,PS,0.0
6,barra_1,PS,0.0
7,barra_1,PS,0.0
8,barra_1,PS,0.0
9,barra_1,PS,0.0
10,barra_1,PS,0.0
11,barra_1,PS,0.0
12,barra_1,PS,0.0
13,barra_1,PS,0.0
14,barra_1,PS,0.0
15,barra_1,PS,0.0
16,barra_1,PS,0.0
17,barra_1,PS,0.0
18,barra_1,PS,0.0
19,barra_1,PS,0.0
20,barra_1,PS,0.0
21,barra_1,PS,0.0
22,barra_1,PS,0.0
23,barra_1,PS,0.0
24,barra_1,PS,0.0
1,barra_2,PS,0.0
2,barra_2,PS,0.0
3,barra_2,PS,0.0
4,barra_2,PS,0.0
5,barra_2,PS,0.0
6,barra_2,PS,0.0
7,barra_2,PS,0.0
8,barra_2,PS,0.0
9,barra_2,PS,0.0
10,barra_2,PS,0.0
11,barra_2,PS,0.0
12,barra_2,PS,0.0
13,barra_2,PS,0.0
14,barra_2,PS,0.0
15,barra_2,PS,0.0
16,barra_2,PS,0.0
17,barra_2,PS,0.0
18,barra_2,PS,0.0
19,barra_2,PS,0.0
20,barra_2,PS,0.0
21,barra_2,PS,0.0
22,barra_2,PS,0.0
23,barra_2,PS,0.0
24,barra_2,PS,0.0
1,barra_3,PS,0.0
2,barra_3,PS,0.0
3,barra_3,PS,0.0
4,barra_3,PS,0.0
5,barra_3,PS,0.0
6,barra_3,PS,0.0
7,barra_3,PS,0.0
8,barra_3,PS,0.0
9,barra_3,PS,0.0
10,barra_3,PS,0.0
11,barra_3,PS,0.0
12,barra_3,PS,0.0
13,barra_3,PS,0.0
14,barra_3,PS,0.0
15,barra_3,PS,0.0
16,barra_3,PS,0.0
17,barra_3,PS,0.0
18,barra_3,PS,0.0
19,barra_3,PS,0.0
20,barra_3,PS,0.0
21,barra_3,PS,0.0
22,barra_3,PS,0.0
23,barra_3,PS,0.0
24,barra_3,PS,0.0
1,barra_4,PS,0.0
2,barra_4,PS,0.0
3,barra_4,PS,0.0
4,barra_4,PS,0.0
5,barra_4,PS,0.0
6,barra_4,PS,0.0
7,barra_4,PS,0.0
8,barra_4,PS,0.0
9,barra_4,PS,0.0
10,barra_4,PS,0.0
11,barra_4,PS,0.0
12,barra_4,PS,0.0
13,barra_4,PS,0.0
14,barra_4,PS,0.0
15,barra_4,PS,0.0
16,barra_4,PS,0.0
17,barra_4,PS,0.0
18,barra_4,PS,0.0
19,barra_4,PS,0.0
20,barra_4,PS,0.0
21,barra_4,PS,0.0
22,barra_4,PS,0.0
23,barra_4,PS,0.0
24,barra_4,PS,0.0
1,barra_5,PS,0.0
2,barra_5,PS,0.0
3,barra_5,PS,0.0
4,barra_5,PS,0.0
5,barra_5,PS,0.0
6,barra_5,PS,0.0
7,barra_5,PS,0.0
8,barra_5,PS,0.0
9,barra_5,PS,0.0
10,barra_5,PS,0.0
11,barra_5,PS,0.0
12,barra_5,PS,0.0
13,barra_5,PS,0.0
14,barra_5,PS,0.0
15,barra_5,PS,0.0
16,barra_5,PS,0.0
17,barra_5,PS,0.0
18,barra_5,PS,0.0
19,barra_5,PS,0.0
20,barra_5,PS,0.0
21,barra_5,PS,0.0
22,barra_5,PS,0.0
23,barra_5,PS,0.0
24,barra_5,PS,0.0
1,barra_6,PS,0.0
2,barra_6,PS,0.0
3,barra_6,PS,0.0
4,barra_6,PS,0.0
5,barra_6,PS,0.0
6,barra_6,PS,0.012
7,barra_6,PS,0.048
8,barra_6,PS,0.1
9,barra_6,PS,0.18
10,barra_6,PS,0.52
11,barra_6,PS,0.64
12,barra_6,PS,0.736
13,barra_6,PS,0.8
14,barra_6,PS,0.768
15,barra_6,PS,0.672
16,barra_6,PS,0.26
17,barra_6,PS,0.152
18,barra_6,PS,0.06
19,barra_6,PS,0.012
20,barra_6,PS,0.0
21,barra_6,PS,0.0
22,barra_6,PS,0.0
23,barra_6,PS,0.0
24,barra_6,PS,0.0
1,barra_7,PS,0.0
2,barra_7,PS,0.0
3,barra_7,PS,0.0
4,barra_7,PS,0.0
5,barra_7,PS,0.0
6,barra_7,PS,0.0
7,barra_7,PS,0.0
8,barra_7,PS,0.0
9,barra_7,PS,0.0
10,barra_7,PS,0.0
11,barra_7,PS,0.0
12,barra_7,PS,0.0
13,barra_7,PS,0.0
14,barra_7,PS,0.0
15,barra_7,PS,0.0
16,barra_7,PS,0.0
17,barra_7,PS,0.0
18,barra_7,PS,0.0
19,barra_7,PS,0.0
20,barra_7,PS,0.0
21,barra_7,PS,0.0
22,barra_7,PS,0.0
23,barra_7,PS,0.0
24,barra_7,PS,0.0
1,barra_8,PS,0.0
2,barra_8,PS,0.0
3,barra_8,PS,0.0
4,barra_8,PS,0.0
5,barra_8,PS,0.0
6,barra_8,PS,0.0
7,barra_8,PS,0.0
8,barra_8,PS,0.0
9,barra_8,PS,0.0
10,barra_8,PS,0.0
11,barra_8,PS,0.0
12,barra_8,PS,0.0
13,barra_8,PS,0.0
14,barra_8,PS,0.0
15,barra_8,PS,0.0
16,barra_8,PS,0.0
17,barra_8,PS,0.0
18,barra_8,PS,0.0
19,barra_8,PS,0.0
20,barra_8,PS,0.0
21,barra_8,PS,0.0
22,barra_8,PS,0.0
23,barra_8,PS,0.0
24,barra_8,PS,0.0
1,barra_9,PS,0.0
2,barra_9,PS,0.0
3,barra_9,PS,0.0
4,barra_9,PS,0.0
5,barra_9,PS,0.0
6,barra_9,PS,0.0
7,barra_9,PS,0.0
8,barra_9,PS,0.0
9,barra_9,PS,0.0
10,barra_9,PS,0.0
11,barra_9,PS,0.0
12,barra_9,PS,0.0
13,barra_9,PS,0.0
14,barra_9,PS,0.0
15,barra_9,PS,0.0
16,barra_9,PS,0.0
17,barra_9,PS,0.0
18,barra_9,PS,0.0
19,barra_9,PS,0.0
20,barra_9,PS,0.0
21,barra_9,PS,0.0
22,barra_9,PS,0.0
23,barra_9,PS,0.0
24,barra_9,PS,0.0
1,barra_10,PS,0.0
2,barra_10,PS,0.0
3,barra_10,PS,0.0
4,barra_10,PS,0.0
5,barra_10,PS,0.0
6,barra_10,PS,0.0
7,barra_10,PS,0.0
8,barra_10,PS,0.0
9,barra_10,PS,0.0
10,barra_10,PS,0.0
11,barra_10,PS,0.0
12,barra_10,PS,0.0
13,barra_10,PS,0.0
14,barra_10,PS,0.0
15,barra_10,PS,0.0
16,barra_10,PS,0.0
17,barra_10,PS,0.0
18,barra_10,PS,0.0
19,barra_10,PS,0.0
20,barra_10,PS,0.0
21,barra_10,PS,0.0
22,barra_10,PS,0.0
23,barra_10,PS,0.0
24,barra_10,PS,0.0
1,barra_11,PS,0.0
2,barra_11,PS,0.0
3,barra_11,PS,0.0
4,barra_11,PS,0.0
5,barra_11,PS,0.0
6,barra_11,PS,0.0
7,barra_11,PS,0.0
8,barra_11,PS,0.0
9,barra_11,PS,0.0
10,barra_11,PS,0.0
11,barra_11,PS,0.0
12,barra_11,PS,0.0
13,barra_11,PS,0.0
14,barra_11,PS,0.0
15,barra_11,PS,0.0
16,barra_11,PS,0.0
17,barra_11,PS,0.0
18,barra_11,PS,0.0
19,barra_11,PS,0.0
20,barra_11,PS,0.0
21,barra_11,PS,0.0
22,barra_11,PS,0.0
23,barra_11,PS,0.0
24,barra_11,PS,0.0
1,barra_12,PS,0.0
2,barra_12,PS,0.0
3,barra_12,PS,0.0
4,barra_12,PS,0.0
5,barra_12,PS,0.0
6,barra_12,PS,0.0
7,barra_12,PS,0.0
8,barra_12,PS,0.0
9,barra_12,PS,0.0
10,barra_12,PS,0.0
11,barra_12,PS,0.0
12,barra_12,PS,0.0
13,barra_12,PS,0.0
14,barra_12,PS,0.0
15,barra_12,PS,0.0
16,barra_12,PS,0.0
17,barra_12,PS,0.0
18,barra_12,PS,0.0
19,barra_12,PS,0.0
20,barra_12,PS,0.0
21,barra_12,PS,0.0
22,barra_12,PS,0.0
23,barra_12,PS,0.0
24,barra_12,PS,0.0
1,barra_13,PS,0.0
2,barra_13,PS,0.0
3,barra_13,PS,0.0
4,barra_13,PS,0.0
5,barra_13,PS,0.0
6,barra_13,PS,0.0
7,barra_13,PS,0.0
8,barra_13,PS,0.0
9,barra_13,PS,0.0
10,barra_13,PS,0.0
11,barra_13,PS,0.0
12,barra_13,PS,0.0
13,barra_13,PS,0.0
14,barra_13,PS,0.0
15,barra_13,PS,0.0
16,barra_13,PS,0.0
17,barra_13,PS,0.0
18,barra_13,PS,0.0
19,barra_13,PS,0.0
20,barra_13,PS,0.0
21,barra_13,PS,0.0
22,barra_13,PS,0.0
23,barra_13,PS,0.0
24,barra_13,PS,0.0
1,barra_14,PS,0.0
2,barra_14,PS,0.0
3,barra_14,PS,0.0
4,barra_14,PS,0.0
5,barra_14,PS,0.0
6,barra_14,PS,0.0105
7,barra_14,PS,0.042
8,barra_14,PS,0.0875
9,barra_14,PS,0.1575
10,barra_14,PS,0.455
11,barra_14,PS,0.56
12,barra_14,PS,0.644
13,barra_14,PS,0.7
14,barra_14,PS,0.672
15,barra_14,PS,0.588
16,barra_14,PS,0.2275
17,barra_14,PS,0.133
18,barra_14,PS,0.0525
19,barra_14,PS,0.0105
20,barra_14,PS,0.0
21,barra_14,PS,0.0
22,barra_14,PS,0.0
23,barra_14,PS,0.0
24,barra_14,PS,0.0
1,barra_15,PS,0.0
2,barra_15,PS,0.0
3,barra_15,PS,0.0
4,barra_15,PS,0.0
5,barra_15,PS,0.0
6,barra_15,PS,0.0
7,barra_15,PS,0.0
8,barra_15,PS,0.0
9,barra_15,PS,0.0
10,barra_15,PS,0.0
11,barra_15,PS,0.0
12,barra_15,PS,0.0
13,barra_15,PS,0.0
14,barra_15,PS,0.0
15,barra_15,PS,0.0
16,barra_15,PS,0.0
17,barra_15,PS,0.0
18,barra_15,PS,0.0
19,barra_15,PS,0.0
20,barra_15,PS,0.0
21,barra_15,PS,0.0
22,barra_15,PS,0.0
23,barra_15,PS,0.0
24,barra_15,PS,0.0
1,barra_16,PS,0.0
2,barra_16,PS,0.0
3,barra_16,PS,0.0
4,barra_16,PS,0.0
5,barra_16,PS,0.0
6,barra_16,PS,0.0
7,barra_16,PS,0.0
8,barra_16,PS,0.0
9,barra_16,PS,0.0
10,barra_16,PS,0.0
11,barra_16,PS,0.0
12,barra_16,PS,0.0
13,barra_16,PS,0.0
14,barra_16,PS,0.0
15,barra_16,PS,0.0
16,barra_16,PS,0.0
17,barra_16,PS,0.0
18,barra_16,PS,0.0
19,barra_16,PS,0.0
20,barra_16,PS,0.0
21,barra_16,PS,0.0
22,barra_16,PS,0.0
23,barra_16,PS,0.0
24,barra_16,PS,0.0
1,barra_17,PS,0.0
2,barra_17,PS,0.0
3,barra_17,PS,0.0
4,barra_17,PS,0.0
5,barra_17,PS,0.0
6,barra_17,PS,0.0
7,barra_17,PS,0.0
8,barra_17,PS,0.0
9,barra_17,PS,0.0
10,barra_17,PS,0.0
11,barra_17,PS,0.0
12,barra_17,PS,0.0
13,barra_17,PS,0.0
14,barra_17,PS,0.0
15,barra_17,PS,0.0
16,barra_17,PS,0.0
17,barra_17,PS,0.0
18,barra_17,PS,0.0
19,barra_17,PS,0.0
20,barra_17,PS,0.0
21,barra_17,PS,0.0
22,barra_17,PS,0.0
23,barra_17,PS,0.0
24,barra_17,PS,0.0
1,barra_18,PS,0.0
2,barra_18,PS,0.0
3,barra_18,PS,0.0
4,barra_18,PS,0.11951999
5,barra_18,PS,0.14000627
6,barra_18,PS,0.14346622
7,barra_18,PS,0.15388565
8,barra_18,PS,0.1780001
9,barra_18,PS,0.19435316
10,barra_18,PS,0.11898934
11,barra_18,PS,0.025278551
12,barra_18,PS,0.0
13,barra_18,PS,0.0
14,barra_18,PS,0.0
15,barra_18,PS,0.0
16,barra_18,PS,0.20302764
17,barra_18,PS,0.19093286
18,barra_18,PS,0.15077829
19,barra_18,PS,0.12860591
20,barra_18,PS,0.090883857
21,barra_18,PS,0.058539077
22,barra_18,PS,0.0
23,barra_18,PS,0.0
24,barra_18,PS,0.0
1,barra_19,PS,0.0
2,barra_19,PS,0.0
3,barra_19,PS,0.0
4,barra_19,PS,0.0
5,barra_19,PS,0.0
6,barra_19,PS,0.0
7,barra_19,PS,0.0
8,barra_19,PS,0.0
9,barra_19,PS,0.0
10,barra_19,PS,0.0
11,barra_19,PS,0.0
12,barra_19,PS,0.0
13,barra_19,PS,0.0
14,barra_19,PS,0.0
15,barra_19,PS,0.0
16,barra_19,PS,0.0
17,barra_19,PS,0.0
18,barra_19,PS,0.0
19,barra_19,PS,0.0
20,barra_19,PS,0.0
21,barra_19,PS,0.0
22,barra_19,PS,0.0
23,barra_19,PS,0.0
24,barra_19,PS,0.0
1,barra_20,PS,0.0
2,barra_20,PS,0.0
3,barra_20,PS,0.0
4,barra_20,PS,0.0
5,barra_20,PS,0.0
6,barra_20,PS,0.0
7,barra_20,PS,0.0
8,barra_20,PS,0.0
9,barra_20,PS,0.0
10,barra_20,PS,0.0
11,barra_20,PS,0.0
12,barra_20,PS,0.0
13,barra_20,PS,0.0
14,barra_20,PS,0.0
15,barra_20,PS,0.0
16,barra_20,PS,0.0
17,barra_20,PS,0.0
18,barra_20,PS,0.0
19,barra_20,PS,0.0
20,barra_20,PS,0.0
21,barra_20,PS,0.0
22,barra_20,PS,0.0
23,barra_20,PS,0.0
24,barra_20,PS,0.0
1,barra_21,PS,0.0
2,barra_21,PS,0.0
3,barra_21,PS,0.0
4,barra_21,PS,0.0
5,barra_21,PS,0.0
6,barra_21,PS,0.0
7,barra_21,PS,0.0
8,barra_21,PS,0.0
9,barra_21,PS,0.0
10,barra_21,PS,0.0
11,barra_21,PS,0.0
12,barra_21,PS,0.0
13,barra_21,PS,0.0
14,barra_21,PS,0.0
15,barra_21,PS,0.0
16,barra_21,PS,0.0
17,barra_21,PS,0.0
18,barra_21,PS,0.0
19,barra_21,PS,0.0
20,barra_21,PS,0.0
21,barra_21,PS,0.0
22,barra_21,PS,0.0
23,barra_21,PS,0.0
24,barra_21,PS,0.0
1,barra_22,PS,0.0
2,barra_22,PS,0.0
3,barra_22,PS,0.0
4,barra_22,PS,0.0
5,barra_22,PS,0.0
6,barra_22,PS,0.0
7,barra_22,PS,0.0
8,barra_22,PS,0.0
9,barra_22,PS,0.0
10,barra_22,PS,0.0
11,barra_22,PS,0.0
12,barra_22,PS,0.0
13,barra_22,PS,0.0
14,barra_22,PS,0.0
15,barra_22,PS,0.0
16,barra_22,PS,0.0
17,barra_22,PS,0.0
18,barra_22,PS,0.0
19,barra_22,PS,0.0
20,barra_22,PS,0.0
21,barra_22,PS,0.0
22,barra_22,PS,0.0
23,barra_22,PS,0.0
24,barra_22,PS,0.0
1,barra_23,PS,0.0
2,barra_23,PS,0.0
3,barra_23,PS,0.0
4,barra_23,PS,0.0
5,barra_23,PS,0.0
6,barra_23,PS,0.0
7,barra_23,PS,0.0
8,barra_23,PS,0.0
9,barra_23,PS,0.0
10,barra_23,PS,0.0
11,barra_23,PS,0.0
12,barra_23,PS,0.0
13,barra_23,PS,0.0
14,barra_23,PS,0.0
15,barra_23,PS,0.0
16,barra_23,PS,0.0
17,barra_23,PS,0.0
18,barra_23,PS,0.0
19,barra_23,PS,0.0
20,barra_23,PS,0.0
21,barra_23,PS,0.0
22,barra_23,PS,0.0
23,barra_23,PS,0.0
24,barra_23,PS,0.0
1,barra_24,PS,0.0
2,barra_24,PS,0.0
3,barra_24,PS,0.0
4,barra_24,PS,0.0
5,barra_24,PS,0.0
6,barra_24,PS,0.0
7,barra_24,PS,0.0
8,barra_24,PS,0.0
9,barra_24,PS,0.0
10,barra_24,PS,0.0
11,barra_24,PS,0.0
12,barra_24,PS,0.0
13,barra_24,PS,0.0
14,barra_24,PS,0.0
15,barra_24,PS,0.0
16,barra_24,PS,0.0
17,barra_24,PS,0.0
18,barra_24,PS,0.0
19,barra_24,PS,0.0
20,barra_24,PS,0.0
21,barra_24,PS,0.0
22,barra_24,PS,0.0
23,barra_24,PS,0.0
24,barra_24,PS,0.0
1,barra_25,PS,0.0
2,barra_25,PS,0.0
3,barra_25,PS,0.0
4,barra_25,PS,0.0
5,barra_25,PS,0.0
6,barra_25,PS,0.0135
7,barra_25,PS,0.054
8,barra_25,PS,0.1125
9,barra_25,PS,0.2025
10,barra_25,PS,0.585
11,barra_25,PS,0.72
12,barra_25,PS,0.828
13,barra_25,PS,0.9
14,barra_25,PS,0.864
15,barra_25,PS,0.756
16,barra_25,PS,0.2925
17,barra_25,PS,0.171
18,barra_25,PS,0.0675
19,barra_25,PS,0.0135
20,barra_25,PS,0.0
21,barra_25,PS,0.0
22,barra_25,PS,0.0
23,barra_25,PS,0.0
24,barra_25,PS,0.0
1,barra_26,PS,0.0
2,barra_26,PS,0.0
3,barra_26,PS,0.0
4,barra_26,PS,0.0
5,barra_26,PS,0.0
6,barra_26,PS,0.0
7,barra_26,PS,0.0
8,barra_26,PS,0.0
9,barra_26,PS,0.0
10,barra_26,PS,0.0
11,barra_26,PS,0.0
12,barra_26,PS,0.0
13,barra_26,PS,0.0
14,barra_26,PS,0.0
15,barra_26,PS,0.0
16,barra_26,PS,0.0
17,barra_26,PS,0.0
18,barra_26,PS,0.0
19,barra_26,PS,0.0
20,barra_26,PS,0.0
21,barra_26,PS,0.0
22,barra_26,PS,0.0
23,barra_26,PS,0.0
24,barra_26,PS,0.0
1,barra_27,PS,0.0
2,barra_27,PS,0.0
3,barra_27,PS,0.0
4,barra_27,PS,0.0
5,barra_27,PS,0.0
6,barra_27,PS,0.0
7,barra_27,PS,0.0
8,barra_27,PS,0.0
9,barra_27,PS,0.0
10,barra_27,PS,0.0
11,barra_27,PS,0.0
12,barra_27,PS,0.0
13,barra_27,PS,0.0
14,barra_27,PS,0.0
15,barra_27,PS,0.0
16,barra_27,PS,0.0
17,barra_27,PS,0.0
18,barra_27,PS,0.0
19,barra_27,PS,0.0
20,barra_27,PS,0.0
21,barra_27,PS,0.0
22,barra_27,PS,0.0
23,barra_27,PS,0.0
24,barra_27,PS,0.0
1,barra_28,PS,0.0
2,barra_28,PS,0.0
3,barra_28,PS,0.0
4,barra_28,PS,0.0
5,barra_28,PS,0.0
6,barra_28,PS,0.0
7,barra_28,PS,0.0
8,barra_28,PS,0.0
9,barra_28,PS,0.0
10,barra_28,PS,0.0
11,barra_28,PS,0.0
12,barra_28,PS,0.0
13,barra_28,PS,0.0
14,barra_28,PS,0.0
15,barra_28,PS,0.0
16,barra_28,PS,0.0
17,barra_28,PS,0.0
18,barra_28,PS,0.0
19,barra_28,PS,0.0
20,barra_28,PS,0.0
21,barra_28,PS,0.0
22,barra_28,PS,0.0
23,barra_28,PS,0.0
24,barra_28,PS,0.0
1,barra_29,PS,0.0
2,barra_29,PS,0.0
3,barra_29,PS,0.0
4,barra_29,PS,0.0
5,barra_29,PS,0.0
6,barra_29,PS,0.0
7,barra_29,PS,0.0
8,barra_29,PS,0.0
9,barra_29,PS,0.0
10,barra_29,PS,0.0
11,barra_29,PS,0.0
12,barra_29,PS,0.0
13,barra_29,PS,0.0
14,barra_29,PS,0.0
15,barra_29,PS,0.0
16,barra_29,PS,0.0
17,barra_29,PS,0.0
18,barra_29,PS,0.0
19,barra_29,PS,0.0
20,barra_29,PS,0.0
21,barra_29,PS,0.0
22,barra_29,PS,0.0
23,barra_29,PS,0.0
24,barra_29,PS,0.0
1,barra_30,PS,0.016693853
2,barra_30,PS,0.013167732
3,barra_30,PS,0.0060773312
4,barra_30,PS,0.19739865
5,barra_30,PS,0.21355729
6,barra_30,PS,0.20141081
7,barra_30,PS,0.19188526
8,barra_30,PS,0.20960109
9,barra_30,PS,0.21935316
10,barra_30,PS,0.21543608
11,barra_30,PS,0.10168411
12,barra_30,PS,0.0
13,barra_30,PS,0.0
14,barra_30,PS,0.0
15,barra_30,PS,0.032511952
16,barra_30,PS,0.22552764
17,barra_30,PS,0.21767743
18,barra_30,PS,0.19566853
19,barra_30,PS,0.20355414
20,barra_30,PS,0.17664026
21,barra_30,PS,0.14971648
22,barra_30,PS,0.0
23,barra_30,PS,0.0
24,barra_30,PS,0.031667387
1,barra_31,PS,0.0
2,barra_31,PS,0.0
3,barra_31,PS,0.0
4,barra_31,PS,0.0
5,barra_31,PS,0.0
6,barra_31,PS,0.0
7,barra_31,PS,0.0
8,barra_31,PS,0.0
9,barra_31,PS,0.0
10,barra_31,PS,0.0
11,barra_31,PS,0.0
12,barra_31,PS,0.0
13,barra_31,PS,0.0
14,barra_31,PS,0.0
15,barra_31,PS,0.0
16,barra_31,PS,0.0
17,barra_31,PS,0.0
18,barra_31,PS,0.0
19,barra_31,PS,0.0
20,barra_31,PS,0.0
21,barra_31,PS,0.0
22,barra_31,PS,0.0
23,barra_31,PS,0.0
24,barra_31,PS,0.0
1,barra_32,PS,0.0
2,barra_32,PS,0.0
3,barra_32,PS,0.0
4,barra_32,PS,0.0
5,barra_32,PS,0.0
6,barra_32,PS,0.0
7,barra_32,PS,0.0
8,barra_32,PS,0.0
9,barra_32,PS,0.0
10,barra_32,PS,0.0
11,barra_32,PS,0.0
12,barra_32,PS,0.0
13,barra_32,PS,0.0
14,barra_32,PS,0.0
15,barra_32,PS,0.0
16,barra_32,PS,0.0
17,barra_32,PS,0.0
18,barra_32,PS,0.0
19,barra_32,PS,0.0
20,barra_32,PS,0.0
21,barra_32,PS,0.0
22,barra_32,PS,0.0
23,barra_32,PS,0.0
24,barra_32,PS,0.0
1,barra_33,PS,0.0
2,barra_33,PS,0.0
3,barra_33,PS,0.0
4,barra_33,PS,0.0
5,barra_33,PS,0.0
6,barra_33,PS,0.0
7,barra_33,PS,0.0
8,barra_33,PS,0.0
9,barra_33,PS,0.0
10,barra_33,PS,0.0
11,barra_33,PS,0.0
12,barra_33,PS,0.0
13,barra_33,PS,0.0
14,barra_33,PS,0.0
15,barra_33,PS,0.0
16,barra_33,PS,0.0
17,barra_33,PS,0.0
18,barra_33,PS,0.0
19,barra_33,PS,0.0
20,barra_33,PS,0.0
21,barra_33,PS,0.0
22,barra_33,PS,0.0
23,barra_33,PS,0.0
24,barra_33,PS,0.0
1,barra_1,PW,0.0
2,barra_1,PW,0.0
3,barra_1,PW,0.0
4,barra_1,PW,0.0
5,barra_1,PW,0.0
6,barra_1,PW,0.0
7,barra_1,PW,0.0
8,barra_1,PW,0.0
9,barra_1,PW,0.0
10,barra_1,PW,0.0
11,barra_1,PW,0.0
12,barra_1,PW,0.0
13,barra_1,PW,0.0
14,barra_1,PW,0.0
15,barra_1,PW,0.0
16,barra_1,PW,0.0
17,barra_1,PW,0.0
18,barra_1,PW,0.0
19,barra_1,PW,0.0
20,barra_1,PW,0.0
21,barra_1,PW,0.0
22,barra_1,PW,0.0
23,barra_1,PW,0.0
24,barra_1,PW,0.0
1,barra_2,PW,0.0
2,barra_2,PW,0.0
3,barra_2,PW,0.0
4,barra_2,PW,0.0
5,barra_2,PW,0.0
6,barra_2,PW,0.0
7,barra_2,PW,0.0
8,barra_2,PW,0.0
9,barra_2,PW,0.0
10,barra_2,PW,0.0
11,barra_2,PW,0.0
12,barra_2,PW,0.0
13,barra_2,PW,0.0
14,barra_2,PW,0.0
15,barra_2,PW,0.0
16,barra_2,PW,0.0
17,barra_2,PW,0.0
18,barra_2,PW,0.0
19,barra_2,PW,0.0
20,barra_2,PW,0.0
21,barra_2,PW,0.0
22,barra_2,PW,0.0
23,barra_2,PW,0.0
24,barra_2,PW,0.0
1,barra_3,PW,0.0
2,barra_3,PW,0.0
3,barra_3,PW,0.0
4,barra_3,PW,0.0
5,barra_3,PW,0.0
6,barra_3,PW,0.0
7,barra_3,PW,0.0
8,barra_3,PW,0.0
9,barra_3,PW,0.0
10,barra_3,PW,0.0
11,barra_3,PW,0.0
12,barra_3,PW,0.0
13,barra_3,PW,0.0
14,barra_3,PW,0.0
15,barra_3,PW,0.0
16,barra_3,PW,0.0
17,barra_3,PW,0.0
18,barra_3,PW,0.0
19,barra_3,PW,0.0
20,barra_3,PW,0.0
21,barra_3,PW,0.0
22,barra_3,PW,0.0
23,barra_3,PW,0.0
24,barra_3,PW,0.0
1,barra_4,PW,0.0
2,barra_4,PW,0.0
3,barra_4,PW,0.0
4,barra_4,PW,0.0
5,barra_4,PW,0.0
6,barra_4,PW,0.0
7,barra_4,PW,0.0
8,barra_4,PW,0.0
9,barra_4,PW,0.0
10,barra_4,PW,0.0
11,barra_4,PW,0.0
12,barra_4,PW,0.0
13,barra_4,PW,0.0
14,barra_4,PW,0.0
15,barra_4,PW,0.0
16,barra_4,PW,0.0
17,barra_4,PW,0.0
18,barra_4,PW,0.0
19,barra_4,PW,0.0
20,barra_4,PW,0.0
21,barra_4,PW,0.0
22,barra_4,PW,0.0
23,barra_4,PW,0.0
24,barra_4,PW,0.0
1,barra_5,PW,0.0
2,barra_5,PW,0.0
3,barra_5,PW,0.0
4,barra_5,PW,0.0
5,barra_5,PW,0.0
6,barra_5,PW,0.0
7,barra_5,PW,0.0
8,barra_5,PW,0.0
9,barra_5,PW,0.0
10,barra_5,PW,0.0
11,barra_5,PW,0.0
12,barra_5,PW,0.0
13,barra_5,PW,0.0
14,barra_5,PW,0.0
15,barra_5,PW,0.0
16,barra_5,PW,0.0
17,barra_5,PW,0.0
18,barra_5,PW,0.0
19,barra_5,PW,0.0
20,barra_5,PW,0.0
21,barra_5,PW,0.0
22,barra_5,PW,0.0
23,barra_5,PW,0.0
24,barra_5,PW,0.0
1,barra_6,PW,0.97220916
2,barra_6,PW,0.98498892
3,barra_6,PW,0.99425772
4,barra_6,PW,0.99995853
5,barra_6,PW,0.99276042
6,barra_6,PW,0.93226151
7,barra_6,PW,0.79532652
8,barra_6,PW,0.7201038
9,barra_6,PW,0.60841853
10,barra_6,PW,0.25495242
11,barra_6,PW,0.13260519
12,barra_6,PW,0.0
13,barra_6,PW,0.0
14,barra_6,PW,0.0
15,barra_6,PW,0.022756718
16,barra_6,PW,0.50313959
17,barra_6,PW,0.64895427
18,barra_6,PW,0.8184148
19,barra_6,PW,0.98174236
20,barra_6,PW,1.0240595
21,barra_6,PW,1.0360169
22,barra_6,PW,1.0786753
23,barra_6,PW,1.1097204
24,barra_6,PW,1.106768
1,barra_7,PW,0.0
2,barra_7,PW,0.0
3,barra_7,PW,0.0
4,barra_7,PW,0.0
5,barra_7,PW,0.0
6,barra_7,PW,0.0
7,barra_7,PW,0.0
8,barra_7,PW,0.0
9,barra_7,PW,0.0
10,barra_7,PW,0.0
11,barra_7,PW,0.0
12,barra_7,PW,0.0
13,barra_7,PW,0.0
14,barra_7,PW,0.0
15,barra_7,PW,0.0
16,barra_7,PW,0.0
17,barra_7,PW,0.0
18,barra_7,PW,0.0
19,barra_7,PW,0.0
20,barra_7,PW,0.0
21,barra_7,PW,0.0
22,barra_7,PW,0.0
23,barra_7,PW,0.0
24,barra_7,PW,0.0
1,barra_8,PW,0.0
2,barra_8,PW,0.0
3,barra_8,PW,0.0
4,barra_8,PW,0.0
5,barra_8,PW,0.0
6,barra_8,PW,0.0
7,barra_8,PW,0.0
8,barra_8,PW,0.0
9,barra_8,PW,0.0
10,barra_8,PW,0.0
11,barra_8,PW,0.0
12,barra_8,PW,0.0
13,barra_8,PW,0.0
14,barra_8,PW,0.0
15,barra_8,PW,0.0
16,barra_8,PW,0.0
17,barra_8,PW,0.0
18,barra_8,PW,0.0
19,barra_8,PW,0.0
20,barra_8,PW,0.0
21,barra_8,PW,0.0
22,barra_8,PW,0.0
23,barra_8,PW,0.0
24,barra_8,PW,0.0
1,barra_9,PW,0.0
2,barra_9,PW,0.0
3,barra_9,PW,0.0
4,barra_9,PW,0.0
5,barra_9,PW,0.0
6,barra_9,PW,0.0
7,barra_9,PW,0.0
8,barra_9,PW,0.0
9,barra_9,PW,0.0
10,barra_9,PW,0.0
11,barra_9,PW,0.0
12,barra_9,PW,0.0
13,barra_9,PW,0.0
14,barra_9,PW,0.0
15,barra_9,PW,0.0
16,barra_9,PW,0.0
17,barra_9,PW,0.0
18,barra_9,PW,0.0
19,barra_9,PW,0.0
20,barra_9,PW,0.0
21,barra_9,PW,0.0
22,barra_9,PW,0.0
23,barra_9,PW,0.0
24,barra_9,PW,0.0
1,barra_10,PW,0.0
2,barra_10,PW,0.0
3,barra_10,PW,0.0
4,barra_10,PW,0.0
5,barra_10,PW,0.0
6,barra_10,PW,0.0
7,barra_10,PW,0.0
8,barra_10,PW,0.0
9,barra_10,PW,0.0
10,barra_10,PW,0.0
11,barra_10,PW,0.0
12,barra_10,PW,0.0
13,barra_10,PW,0.0
14,barra_10,PW,0.0
15,barra_10,PW,0.0
16,barra_10,PW,0.0
17,barra_10,PW,0.0
18,barra_10,PW,0.0
19,barra_10,PW,0.0
20,barra_10,PW,0.0
21,barra_10,PW,0.0
22,barra_10,PW,0.0
23,barra_10,PW,0.0
24,barra_10,PW,0.0
1,barra_11,PW,0.0
2,barra_11,PW,0.0
3,barra_11,PW,0.0
4,barra_11,PW,0.0
5,barra_11,PW,0.0
6,barra_11,PW,0.0
7,barra_11,PW,0.0
8,barra_11,PW,0.0
9,barra_11,PW,0.0
10,barra_11,PW,0.0
11,barra_11,PW,0.0
12,barra_11,PW,0.0
13,barra_11,PW,0.0
14,barra_11,PW,0.0
15,barra_11,PW,0.0
16,barra_11,PW,0.0
17,barra_11,PW,0.0
18,barra_11,PW,0.0
19,barra_11,PW,0.0
20,barra_11,PW,0.0
21,barra_11,PW,0.0
22,barra_11,PW,0.0
23,barra_11,PW,0.0
24,barra_11,PW,0.0
1,barra_12,PW,0.0
2,barra_12,PW,0.0
3,barra_12,PW,0.0
4,barra_12,PW,0.0
5,barra_12,PW,0.0
6,barra_12,PW,0.0
7,barra_12,PW,0.0
8,barra_12,PW,0.0
9,barra_12,PW,0.0
10,barra_12,PW,0.0
11,barra_12,PW,0.0
12,barra_12,PW,0.0
13,barra_12,PW,0.0
14,barra_12,PW,0.0
15,barra_12,PW,0.0
16,barra_12,PW,0.0
17,barra_12,PW,0.0
18,barra_12,PW,0.0
19,barra_12,PW,0.0
20,barra_12,PW,0.0
21,barra_12,PW,0.0
22,barra_12,PW,0.0
23,barra_12,PW,0.0
24,barra_12,PW,0.0
1,barra_13,PW,0.0
2,barra_13,PW,0.0
3,barra_13,PW,0.0
4,barra_13,PW,0.0
5,barra_13,PW,0.0
6,barra_13,PW,0.0
7,barra_13,PW,0.0
8,barra_13,PW,0.0
9,barra_13,PW,0.0
10,barra_13,PW,0.0
11,barra_13,PW,0.0
12,barra_13,PW,0.0
13,barra_13,PW,0.0
14,barra_13,PW,0.0
15,barra_13,PW,0.0
16,barra_13,PW,0.0
17,barra_13,PW,0.0
18,barra_13,PW,0.0
19,barra_13,PW,0.0
20,barra_13,PW,0.0
21,barra_13,PW,0.0
22,barra_13,PW,0.0
23,barra_13,PW,0.0
24,barra_13,PW,0.0
1,barra_14,PW,0.52142287
2,barra_14,PW,0.54204082
3,barra_14,PW,0.55069838
4,barra_14,PW,0.60346055
5,barra_14,PW,0.5932846
6,barra_14,PW,0.52966227
7,barra_14,PW,0.47237843
8,barra_14,PW,0.42094611
9,barra_14,PW,0.33274854
10,barra_14,PW,0.019448111
11,barra_14,PW,0.0
12,barra_14,PW,0.0
13,barra_14,PW,0.0
14,barra_14,PW,0.0
15,barra_14,PW,0.0
16,barra_14,PW,0.23308761
17,barra_14,PW,0.36949443
18,barra_14,PW,0.47084173
19,barra_14,PW,0.58476758
20,barra_14,PW,0.61573151
21,barra_14,PW,0.62182229
22,barra_14,PW,0.49021482
23,barra_14,PW,0.56228001
24,barra_14,PW,0.59510613
1,barra_15,PW,0.0
2,barra_15,PW,0.0
3,barra_15,PW,0.0
4,barra_15,PW,0.0
5,barra_15,PW,0.0
6,barra_15,PW,0.0
7,barra_15,PW,0.0
8,barra_15,PW,0.0
9,barra_15,PW,0.0
10,barra_15,PW,0.0
11,barra_15,PW,0.0
12,barra_15,PW,0.0
13,barra_15,PW,0.0
14,barra_15,PW,0.0
15,barra_15,PW,0.0
16,barra_15,PW,0.0
17,barra_15,PW,0.0
18,barra_15,PW,0.0
19,barra_15,PW,0.0
20,barra_15,PW,0.0
21,barra_15,PW,0.0
22,barra_15,PW,0.0
23,barra_15,PW,0.0
24,barra_15,PW,0.0
1,barra_16,PW,0.0
2,barra_16,PW,0.0
3,barra_16,PW,0.0
4,barra_16,PW,0.0
5,barra_16,PW,0.0
6,barra_16,PW,0.0
7,barra_16,PW,0.0
8,barra_16,PW,0.0
9,barra_16,PW,0.0
10,barra_16,PW,0.0
11,barra_16,PW,0.0
12,barra_16,PW,0.0
13,barra_16,PW,0.0
14,barra_16,PW,0.0
15,barra_16,PW,0.0
16,barra_16,PW,0.0
17,barra_16,PW,0.0
18,barra_16,PW,0.0
19,barra_16,PW,0.0
20,barra_16,PW,0.0
21,barra_16,PW,0.0
22,barra_16,PW,0.0
23,barra_16,PW,0.0
24,barra_16,PW,0.0
1,barra_17,PW,0.0
2,barra_17,PW,0.0
3,barra_17,PW,0.0
4,barra_17,PW,0.0
5,barra_17,PW,0.0
6,barra_17,PW,0.0
7,barra_17,PW,0.0
8,barra_17,PW,0.0
9,barra_17,PW,0.0
10,barra_17,PW,0.0
11,barra_17,PW,0.0
12,barra_17,PW,0.0
13,barra_17,PW,0.0
14,barra_17,PW,0.0
15,barra_17,PW,0.0
16,barra_17,PW,0.0
17,barra_17,PW,0.0
18,barra_17,PW,0.0
19,barra_17,PW,0.0
20,barra_17,PW,0.0
21,barra_17,PW,0.0
22,barra_17,PW,0.0
23,barra_17,PW,0.0
24,barra_17,PW,0.0
1,barra_18,PW,0.612
2,barra_18,PW,0.63
3,barra_18,PW,0.648
4,barra_18,PW,0.444
5,barra_18,PW,0.42
6,barra_18,PW,0.396
7,barra_18,PW,0.36
8,barra_18,PW,0.33
9,barra_18,PW,0.3
10,barra_18,PW,0.276
11,barra_18,PW,0.264
12,barra_18,PW,0.252
13,barra_18,PW,0.24
14,barra_18,PW,0.228
15,barra_18,PW,0.24
16,barra_18,PW,0.27
17,barra_18,PW,0.312
18,barra_18,PW,0.372
19,barra_18,PW,0.432
20,barra_18,PW,0.48
21,barra_18,PW,0.516
22,barra_18,PW,0.81
23,barra_18,PW,0.756
24,barra_18,PW,0.684
1,barra_19,PW,0.0
2,barra_19,PW,0.0
3,barra_19,PW,0.0
4,barra_19,PW,0.0
5,barra_19,PW,0.0
6,barra_19,PW,0.0
7,barra_19,PW,0.0
8,barra_19,PW,0.0
9,barra_19,PW,0.0
10,barra_19,PW,0.0
11,barra_19,PW,0.0
12,barra_19,PW,0.0
13,barra_19,PW,0.0
14,barra_19,PW,0.0
15,barra_19,PW,0.0
16,barra_19,PW,0.0
17,barra_19,PW,0.0
18,barra_19,PW,0.0
19,barra_19,PW,0.0
20,barra_19,PW,0.0
21,barra_19,PW,0.0
22,barra_19,PW,0.0
23,barra_19,PW,0.0
24,barra_19,PW,0.0
1,barra_20,PW,0.0
2,barra_20,PW,0.0
3,barra_20,PW,0.0
4,barra_20,PW,0.0
5,barra_20,PW,0.0
6,barra_20,PW,0.0
7,barra_20,PW,0.0
8,barra_20,PW,0.0
9,barra_20,PW,0.0
10,barra_20,PW,0.0
11,barra_20,PW,0.0
12,barra_20,PW,0.0
13,barra_20,PW,0.0
14,barra_20,PW,0.0
15,barra_20,PW,0.0
16,barra_20,PW,0.0
17,barra_20,PW,0.0
18,barra_20,PW,0.0
19,barra_20,PW,0.0
20,barra_20,PW,0.0
21,barra_20,PW,0.0
22,barra_20,PW,0.0
23,barra_20,PW,0.0
24,barra_20,PW,0.0
1,barra_21,PW,0.0
2,barra_21,PW,0.0
3,barra_21,PW,0.0
4,barra_21,PW,0.0
5,barra_21,PW,0.0
6,barra_21,PW,0.0
7,barra_21,PW,0.0
8,barra_21,PW,0.0
9,barra_21,PW,0.0
10,barra_21,PW,0.0
11,barra_21,PW,0.0
12,barra_21,PW,0.0
13,barra_21,PW,0.0
14,barra_21,PW,0.0
15,barra_21,PW,0.0
16,barra_21,PW,0.0
17,barra_21,PW,0.0
18,barra_21,PW,0.0
19,barra_21,PW,0.0
20,barra_21,PW,0.0
21,barra_21,PW,0.0
22,barra_21,PW,0.0
23,barra_21,PW,0.0
24,barra_21,PW,0.0
1,barra_22,PW,0.0
2,barra_22,PW,0.0
3,barra_22,PW,0.0
4,barra_22,PW,0.0
5,barra_22,PW,0.0
6,barra_22,PW,0.0
7,barra_22,PW,0.0
8,barra_22,PW,0.0
9,barra_22,PW,0.0
10,barra_22,PW,0.0
11,barra_22,PW,0.0
12,barra_22,PW,0.0
13,barra_22,PW,0.0
14,barra_22,PW,0.0
15,barra_22,PW,0.0
16,barra_22,PW,0.0
17,barra_22,PW,0.0
18,barra_22,PW,0.0
19,barra_22,PW,0.0
20,barra_22,PW,0.0
21,barra_22,PW,0.0
22,barra_22,PW,0.0
23,barra_22,PW,0.0
24,barra_22,PW,0.0
1,barra_23,PW,0.0
2,barra_23,PW,0.0
3,barra_23,PW,0.0
4,barra_23,PW,0.0
5,barra_23,PW,0.0
6,barra_23,PW,0.0
7,barra_23,PW,0.0
8,barra_23,PW,0.0
9,barra_23,PW,0.0
10,barra_23,PW,0.0
11,barra_23,PW,0.0
12,barra_23,PW,0.0
13,barra_23,PW,0.0
14,barra_23,PW,0.0
15,barra_23,PW,0.0
16,barra_23,PW,0.0
17,barra_23,PW,0.0
18,barra_23,PW,0.0
19,barra_23,PW,0.0
20,barra_23,PW,0.0
21,barra_23,PW,0.0
22,barra_23,PW,0.0
23,barra_23,PW,0.0
24,barra_23,PW,0.0
1,barra_24,PW,0.0
2,barra_24,PW,0.0
3,barra_24,PW,0.0
4,barra_24,PW,0.0
5,barra_24,PW,0.0
6,barra_24,PW,0.0
7,barra_24,PW,0.0
8,barra_24,PW,0.0
9,barra_24,PW,0.0
10,barra_24,PW,0.0
11,barra_24,PW,0.0
12,barra_24,PW,0.0
13,barra_24,PW,0.0
14,barra_24,PW,0.0
15,barra_24,PW,0.0
16,barra_24,PW,0.0
17,barra_24,PW,0.0
18,barra_24,PW,0.0
19,barra_24,PW,0.0
20,barra_24,PW,0.0
21,barra_24,PW,0.0
22,barra_24,PW,0.0
23,barra_24,PW,0.0
24,barra_24,PW,0.0
1,barra_25,PW,0.54330172
2,barra_25,PW,0.55123982
3,barra_25,PW,0.55830609
4,barra_25,PW,0.60439865
5,barra_25,PW,0.59855729
6,barra_25,PW,0.55091081
7,barra_25,PW,0.46788526
8,barra_25,PW,0.39960109
9,barra_25,PW,0.29185316
10,barra_25,PW,0.0
11,barra_25,PW,0.0
12,barra_25,PW,0.0
13,barra_25,PW,0.0
14,barra_25,PW,0.0
15,barra_25,PW,0.0
16,barra_25,PW,0.18052764
17,barra_25,PW,0.33267743
18,barra_25,PW,0.46916853
19,barra_25,PW,0.58605414
20,barra_25,PW,0.61664026
21,barra_25,PW,0.62271648
22,barra_25,PW,0.47521441
23,barra_25,PW,0.56454639
24,barra_25,PW,0.63320957
1,barra_26,PW,0.0
2,barra_26,PW,0.0
3,barra_26,PW,0.0
4,barra_26,PW,0.0
5,barra_26,PW,0.0
6,barra_26,PW,0.0
7,barra_26,PW,0.0
8,barra_26,PW,0.0
9,barra_26,PW,0.0
10,barra_26,PW,0.0
11,barra_26,PW,0.0
12,barra_26,PW,0.0
13,barra_26,PW,0.0
14,barra_26,PW,0.0
15,barra_26,PW,0.0
16,barra_26,PW,0.0
17,barra_26,PW,0.0
18,barra_26,PW,0.0
19,barra_26,PW,0.0
20,barra_26,PW,0.0
21,barra_26,PW,0.0
22,barra_26,PW,0.0
23,barra_26,PW,0.0
24,barra_26,PW,0.0
1,barra_27,PW,0.0
2,barra_27,PW,0.0
3,barra_27,PW,0.0
4,barra_27,PW,0.0
5,barra_27,PW,0.0
6,barra_27,PW,0.0
7,barra_27,PW,0.0
8,barra_27,PW,0.0
9,barra_27,PW,0.0
10,barra_27,PW,0.0
11,barra_27,PW,0.0
12,barra_27,PW,0.0
13,barra_27,PW,0.0
14,barra_27,PW,0.0
15,barra_27,PW,0.0
16,barra_27,PW,0.0
17,barra_27,PW,0.0
18,barra_27,PW,0.0
19,barra_27,PW,0.0
20,barra_27,PW,0.0
21,barra_27,PW,0.0
22,barra_27,PW,0.0
23,barra_27,PW,0.0
24,barra_27,PW,0.0
1,barra_28,PW,0.0
2,barra_28,PW,0.0
3,barra_28,PW,0.0
4,barra_28,PW,0.0
5,barra_28,PW,0.0
6,barra_28,PW,0.0
7,barra_28,PW,0.0
8,barra_28,PW,0.0
9,barra_28,PW,0.0
10,barra_28,PW,0.0
11,barra_28,PW,0.0
12,barra_28,PW,0.0
13,barra_28,PW,0.0
14,barra_28,PW,0.0
15,barra_28,PW,0.0
16,barra_28,PW,0.0
17,barra_28,PW,0.0
18,barra_28,PW,0.0
19,barra_28,PW,0.0
20,barra_28,PW,0.0
21,barra_28,PW,0.0
22,barra_28,PW,0.0
23,barra_28,PW,0.0
24,barra_28,PW,0.0
1,barra_29,PW,0.0
2,barra_29,PW,0.0
3,barra_29,PW,0.0
4,barra_29,PW,0.0
5,barra_29,PW,0.0
6,barra_29,PW,0.0
7,barra_29,PW,0.0
8,barra_29,PW,0.0
9,barra_29,PW,0.0
10,barra_29,PW,0.0
11,barra_29,PW,0.0
12,barra_29,PW,0.0
13,barra_29,PW,0.0
14,barra_29,PW,0.0
15,barra_29,PW,0.0
16,barra_29,PW,0.0
17,barra_29,PW,0.0
18,barra_29,PW,0.0
19,barra_29,PW,0.0
20,barra_29,PW,0.0
21,barra_29,PW,0.0
22,barra_29,PW,0.0
23,barra_29,PW,0.0
24,barra_29,PW,0.0
1,barra_30,PW,0.561
2,barra_30,PW,0.5775
3,barra_30,PW,0.594
4,barra_30,PW,0.407
5,barra_30,PW,0.385
6,barra_30,PW,0.363
7,barra_30,PW,0.33
8,barra_30,PW,0.3025
9,barra_30,PW,0.275
10,barra_30,PW,0.253
11,barra_30,PW,0.242
12,barra_30,PW,0.231
13,barra_30,PW,0.22
14,barra_30,PW,0.209
15,barra_30,PW,0.22
16,barra_30,PW,0.2475
17,barra_30,PW,0.286
18,barra_30,PW,0.341
19,barra_30,PW,0.396
20,barra_30,PW,0.44
21,barra_30,PW,0.473
22,barra_30,PW,0.7425
23,barra_30,PW,0.693
24,barra_30,PW,0.627
1,barra_31,PW,0.0
2,barra_31,PW,0.0
3,barra_31,PW,0.0
4,barra_31,PW,0.0
5,barra_31,PW,0.0
6,barra_31,PW,0.0
7,barra_31,PW,0.0
8,barra_31,PW,0.0
9,barra_31,PW,0.0
10,barra_31,PW,0.0
11,barra_31,PW,0.0
12,barra_31,PW,0.0
13,barra_31,PW,0.0
14,barra_31,PW,0.0
15,barra_31,PW,0.0
16,barra_31,PW,0.0
17,barra_31,PW,0.0
18,barra_31,PW,0.0
19,barra_31,PW,0.0
20,barra_31,PW,0.0
21,barra_31,PW,0.0
22,barra_31,PW,0.0
23,barra_31,PW,0.0
24,barra_31,PW,0.0
1,barra_32,PW,0.0
2,barra_32,PW,0.0
3,barra_32,PW,0.0
4,barra_32,PW,0.0
5,barra_32,PW,0.0
6,barra_32,PW,0.0
7,barra_32,PW,0.0
8,barra_32,PW,0.0
9,barra_32,PW,0.0
10,barra_32,PW,0.0
11,barra_32,PW,0.0
12,barra_32,PW,0.0
13,barra_32,PW,0.0
14,barra_32,PW,0.0
15,barra_32,PW,0.0
16,barra_32,PW,0.0
17,barra_32,PW,0.0
18,barra_32,PW,0.0
19,barra_32,PW,0.0
20,barra_32,PW,0.0
21,barra_32,PW,0.0
22,barra_32,PW,0.0
23,barra_32,PW,0.0
24,barra_32,PW,0.0
1,barra_33,PW,0.0
2,barra_33,PW,0.0
3,barra_33,PW,0.0
4,barra_33,PW,0.0
5,barra_33,PW,0.0
6,barra_33,PW,0.0
7,barra_33,PW,0.0
8,barra_33,PW,0.0
9,barra_33,PW,0.0
10,barra_33,PW,0.0
11,barra_33,PW,0.0
12,barra_33,PW,0.0
13,barra_33,PW,0.0
14,barra_33,PW,0.0
15,barra_33,PW,0.0
16,barra_33,PW,0.0
17,barra_33,PW,0.0
18,barra_33,PW,0.0
19,barra_33,PW,0.0
20,barra_33,PW,0.0
21,barra_33,PW,0.0
22,barra_33,PW,0.0
23,barra_33,PW,0.0
24,barra_33,PW,0.0
1,barra_1,CS,0.0
2,barra_1,CS,0.0
3,barra_1,CS,0.0
4,barra_1,CS,0.0
5,barra_1,CS,0.0
6,barra_1,CS,0.0
7,barra_1,CS,0.0
8,barra_1,CS,0.0
9,barra_1,CS,0.0
10,barra_1,CS,0.0
11,barra_1,CS,0.0
12,barra_1,CS,0.0
13,barra_1,CS,0.0
14,barra_1,CS,0.0
15,barra_1,CS,0.0
16,barra_1,CS,0.0
17,barra_1,CS,0.0
18,barra_1,CS,0.0
19,barra_1,CS,0.0
20,barra_1,CS,0.0
21,barra_1,CS,0.0
22,barra_1,CS,0.0
23,barra_1,CS,0.0
24,barra_1,CS,0.0
1,barra_2,CS,0.0
2,barra_2,CS,0.0
3,barra_2,CS,0.0
4,barra_2,CS,0.0
5,barra_2,CS,0.0
6,barra_2,CS,0.0
7,barra_2,CS,0.0
8,barra_2,CS,0.0
9,barra_2,CS,0.0
10,barra_2,CS,0.0
11,barra_2,CS,0.0
12,barra_2,CS,0.0
13,barra_2,CS,0.0
14,barra_2,CS,0.0
15,barra_2,CS,0.0
16,barra_2,CS,0.0
17,barra_2,CS,0.0
18,barra_2,CS,0.0
19,barra_2,CS,0.0
20,barra_2,CS,0.0
21,barra_2,CS,0.0
22,barra_2,CS,0.0
23,barra_2,CS,0.0
24,barra_2,CS,0.0
1,barra_3,CS,0.0
2,barra_3,CS,0.0
3,barra_3,CS,0.0
4,barra_3,CS,0.0
5,barra_3,CS,0.0
6,barra_3,CS,0.0
7,barra_3,CS,0.0
8,barra_3,CS,0.0
9,barra_3,CS,0.0
10,barra_3,CS,0.0
11,barra_3,CS,0.0
12,barra_3,CS,0.0
13,barra_3,CS,0.0
14,barra_3,CS,0.0
15,barra_3,CS,0.0
16,barra_3,CS,0.0
17,barra_3,CS,0.0
18,barra_3,CS,0.0
19,barra_3,CS,0.0
20,barra_3,CS,0.0
21,barra_3,CS,0.0
22,barra_3,CS,0.0
23,barra_3,CS,0.0
24,barra_3,CS,0.0
1,barra_4,CS,0.0
2,barra_4,CS,0.0
3,barra_4,CS,0.0
4,barra_4,CS,0.0
5,barra_4,CS,0.0
6,barra_4,CS,0.0
7,barra_4,CS,0.0
8,barra_4,CS,0.0
9,barra_4,CS,0.0
10,barra_4,CS,0.0
11,barra_4,CS,0.0
12,barra_4,CS,0.0
13,barra_4,CS,0.0
14,barra_4,CS,0.0
15,barra_4,CS,0.0
16,barra_4,CS,0.0
17,barra_4,CS,0.0
18,barra_4,CS,0.0
19,barra_4,CS,0.0
20,barra_4,CS,0.0
21,barra_4,CS,0.0
22,barra_4,CS,0.0
23,barra_4,CS,0.0
24,barra_4,CS,0.0
1,barra_5,CS,0.0
2,barra_5,CS,0.0
3,barra_5,CS,0.0
4,barra_5,CS,0.0
5,barra_5,CS,0.0
6,barra_5,CS,0.0
7,barra_5,CS,0.0
8,barra_5,CS,0.0
9,barra_5,CS,0.0
10,barra_5,CS,0.0
11,barra_5,CS,0.0
12,barra_5,CS,0.0
13,barra_5,CS,0.0
14,barra_5,CS,0.0
15,barra_5,CS,0.0
16,barra_5,CS,0.0
17,barra_5,CS,0.0
18,barra_5,CS,0.0
19,barra_5,CS,0.0
20,barra_5,CS,0.0
21,barra_5,CS,0.0
22,barra_5,CS,0.0
23,barra_5,CS,0.0
24,barra_5,CS,0.0
1,barra_6,CS,0.0
2,barra_6,CS,0.0
3,barra_6,CS,0.0
4,barra_6,CS,0.0
5,barra_6,CS,0.0
6,barra_6,CS,-0.0
7,barra_6,CS,-0.0
8,barra_6,CS,-0.0
9,barra_6,CS,-0.0
10,barra_6,CS,-0.0
11,barra_6,CS,-0.0
12,barra_6,CS,-0.0
13,barra_6,CS,-0.0
14,barra_6,CS,-0.0
15,barra_6,CS,-0.0
16,barra_6,CS,-0.0
17,barra_6,CS,-0.0
18,barra_6,CS,-0.0
19,barra_6,CS,-0.0
20,barra_6,CS,0.0
21,barra_6,CS,0.0
22,barra_6,CS,0.0
23,barra_6,CS,0.0
24,barra_6,CS,0.0
1,barra_7,CS,0.0
2,barra_7,CS,0.0
3,barra_7,CS,0.0
4,barra_7,CS,0.0
5,barra_7,CS,0.0
6,barra_7,CS,0.0
7,barra_7,CS,0.0
8,barra_7,CS,0.0
9,barra_7,CS,0.0
10,barra_7,CS,0.0
11,barra_7,CS,0.0
12,barra_7,CS,0.0
13,barra_7,CS,0.0
14,barra_7,CS,0.0
15,barra_7,CS,0.0
16,barra_7,CS,0.0
17,barra_7,CS,0.0
18,barra_7,CS,0.0
19,barra_7,CS,0.0
20,barra_7,CS,0.0
21,barra_7,CS,0.0
22,barra_7,CS,0.0
23,barra_7,CS,0.0
24,barra_7,CS,0.0
1,barra_8,CS,0.0
2,barra_8,CS,0.0
3,barra_8,CS,0.0
4,barra_8,CS,0.0
5,barra_8,CS,0.0
6,barra_8,CS,0.0
7,barra_8,CS,0.0
8,barra_8,CS,0.0
9,barra_8,CS,0.0
10,barra_8,CS,0.0
11,barra_8,CS,0.0
12,barra_8,CS,0.0
13,barra_8,CS,0.0
14,barra_8,CS,0.0
15,barra_8,CS,0.0
16,barra_8,CS,0.0
17,barra_8,CS,0.0
18,barra_8,CS,0.0
19,barra_8,CS,0.0
20,barra_8,CS,0.0
21,barra_8,CS,0.0
22,barra_8,CS,0.0
23,barra_8,CS,0.0
24,barra_8,CS,0.0
1,barra_9,CS,0.0
2,barra_9,CS,0.0
3,barra_9,CS,0.0
4,barra_9,CS,0.0
5,barra_9,CS,0.0
6,barra_9,CS,0.0
7,barra_9,CS,0.0
8,barra_9,CS,0.0
9,barra_9,CS,0.0
10,barra_9,CS,0.0
11,barra_9,CS,0.0
12,barra_9,CS,0.0
13,barra_9,CS,0.0
14,barra_9,CS,0.0
15,barra_9,CS,0.0
16,barra_9,CS,0.0
17,barra_9,CS,0.0
18,barra_9,CS,0.0
19,barra_9,CS,0.0
20,barra_9,CS,0.0
21,barra_9,CS,0.0
22,barra_9,CS,0.0
23,barra_9,CS,0.0
24,barra_9,CS,0.0
1,barra_10,CS,0.0
2,barra_10,CS,0.0
3,barra_10,CS,0.0
4,barra_10,CS,0.0
5,barra_10,CS,0.0
6,barra_10,CS,0.0
7,barra_10,CS,0.0
8,barra_10,CS,0.0
9,barra_10,CS,0.0
10,barra_10,CS,0.0
11,barra_10,CS,0.0
12,barra_10,CS,0.0
13,barra_10,CS,0.0
14,barra_10,CS,0.0
15,barra_10,CS,0.0
16,barra_10,CS,0.0
17,barra_10,CS,0.0
18,barra_10,CS,0.0
19,barra_10,CS,0.0
20,barra_10,CS,0.0
21,barra_10,CS,0.0
22,barra_10,CS,0.0
23,barra_10,CS,0.0
24,barra_10,CS,0.0
1,barra_11,CS,0.0
2,barra_11,CS,0.0
3,barra_11,CS,0.0
4,barra_11,CS,0.0
5,barra_11,CS,0.0
6,barra_11,CS,0.0
7,barra_11,CS,0.0
8,barra_11,CS,0.0
9,barra_11,CS,0.0
10,barra_11,CS,0.0
11,barra_11,CS,0.0
12,barra_11,CS,0.0
13,barra_11,CS,0.0
14,barra_11,CS,0.0
15,barra_11,CS,0.0
16,barra_11,CS,0.0
17,barra_11,CS,0.0
18,barra_11,CS,0.0
19,barra_11,CS,0.0
20,barra_11,CS,0.0
21,barra_11,CS,0.0
22,barra_11,CS,0.0
23,barra_11,CS,0.0
24,barra_11,CS,0.0
1,barra_12,CS,0.0
2,barra_12,CS,0.0
3,barra_12,CS,0.0
4,barra_12,CS,0.0
5,barra_12,CS,0.0
6,barra_12,CS,0.0
7,barra_12,CS,0.0
8,barra_12,CS,0.0
9,barra_12,CS,0.0
10,barra_12,CS,0.0
11,barra_12,CS,0.0
12,barra_12,CS,0.0
13,barra_12,CS,0.0
14,barra_12,CS,0.0
15,barra_12,CS,0.0
16,barra_12,CS,0.0
17,barra_12,CS,0.0
18,barra_12,CS,0.0
19,barra_12,CS,0.0
20,barra_12,CS,0.0
21,barra_12,CS,0.0
22,barra_12,CS,0.0
23,barra_12,CS,0.0
24,barra_12,CS,0.0
1,barra_13,CS,0.0
2,barra_13,CS,0.0
3,barra_13,CS,0.0
4,barra_13,CS,0.0
5,barra_13,CS,0.0
6,barra_13,CS,0.0
7,barra_13,CS,0.0
8,barra_13,CS,0.0
9,barra_13,CS,0.0
10,barra_13,CS,0.0
11,barra_13,CS,0.0
12,barra_13,CS,0.0
13,barra_13,CS,0.0
14,barra_13,CS,0.0
15,barra_13,CS,0.0
16,barra_13,CS,0.0
17,barra_13,CS,0.0
18,barra_13,CS,0.0
19,barra_13,CS,0.0
20,barra_13,CS,0.0
21,barra_13,CS,0.0
22,barra_13,CS,0.0
23,barra_13,CS,0.0
24,barra_13,CS,0.0
1,barra_14,CS,0.0
2,barra_14,CS,0.0
3,barra_14,CS,0.0
4,barra_14,CS,0.0
5,barra_14,CS,0.0
6,barra_14,CS,-0.0
7,barra_14,CS,-0.0
8,barra_14,CS,-0.0
9,barra_14,CS,-0.0
10,barra_14,CS,-0.0
11,barra_14,CS,-0.0
12,barra_14,CS,-0.0
13,barra_14,CS,-0.0
14,barra_14,CS,-0.0
15,barra_14,CS,-0.0
16,barra_14,CS,-0.0
17,barra_14,CS,-0.0
18,barra_14,CS,-0.0
19,barra_14,CS,-0.0
20,barra_14,CS,0.0
21,barra_14,CS,0.0
22,barra_14,CS,0.0
23,barra_14,CS,0.0
24,barra_14,CS,0.0
1,barra_15,CS,0.0
2,barra_15,CS,0.0
3,barra_15,CS,0.0
4,barra_15,CS,0.0
5,barra_15,CS,0.0
6,barra_15,CS,0.0
7,barra_15,CS,0.0
8,barra_15,CS,0.0
9,barra_15,CS,0.0
10,barra_15,CS,0.0
11,barra_15,CS,0.0
12,barra_15,CS,0.0
13,barra_15,CS,0.0
14,barra_15,CS,0.0
15,barra_15,CS,0.0
16,barra_15,CS,0.0
17,barra_15,CS,0.0
18,barra_15,CS,0.0
19,barra_15,CS,0.0
20,barra_15,CS,0.0
21,barra_15,CS,0.0
22,barra_15,CS,0.0
23,barra_15,CS,0.0
24,barra_15,CS,0.0
1,barra_16,CS,0.0
2,barra_16,CS,0.0
3,barra_16,CS,0.0
4,barra_16,CS,0.0
5,barra_16,CS,0.0
6,barra_16,CS,0.0
7,barra_16,CS,0.0
8,barra_16,CS,0.0
9,barra_16,CS,0.0
10,barra_16,CS,0.0
11,barra_16,CS,0.0
12,barra_16,CS,0.0
13,barra_16,CS,0.0
14,barra_16,CS,0.0
15,barra_16,CS,0.0
16,barra_16,CS,0.0
17,barra_16,CS,0.0
18,barra_16,CS,0.0
19,barra_16,CS,0.0
20,barra_16,CS,0.0
21,barra_16,CS,0.0
22,barra_16,CS,0.0
23,barra_16,CS,0.0
24,barra_16,CS,0.0
1,barra_17,CS,0.0
2,barra_17,CS,0.0
3,barra_17,CS,0.0
4,barra_17,CS,0.0
5,barra_17,CS,0.0
6,barra_17,CS,0.0
7,barra_17,CS,0.0
8,barra_17,CS,0.0
9,barra_17,CS,0.0
10,barra_17,CS,0.0
11,barra_17,CS,0.0
12,barra_17,CS,0.0
13,barra_17,CS,0.0
14,barra_17,CS,0.0
15,barra_17,CS,0.0
16,barra_17,CS,0.0
17,barra_17,CS,0.0
18,barra_17,CS,0.0
19,barra_17,CS,0.0
20,barra_17,CS,0.0
21,barra_17,CS,0.0
22,barra_17,CS,0.0
23,barra_17,CS,0.0
24,barra_17,CS,0.0
1,barra_18,CS,0.0
2,barra_18,CS,0.0
3,barra_18,CS,0.0
4,barra_18,CS,0.0
5,barra_18,CS,0.0
6,barra_18,CS,0.0
7,barra_18,CS,0.0
8,barra_18,CS,0.0
9,barra_18,CS,0.0
10,barra_18,CS,0.0
11,barra_18,CS,0.0
12,barra_18,CS,0.0
13,barra_18,CS,0.0
14,barra_18,CS,0.0
15,barra_18,CS,0.0
16,barra_18,CS,0.0
17,barra_18,CS,0.0
18,barra_18,CS,0.0
19,barra_18,CS,0.0
20,barra_18,CS,0.0
21,barra_18,CS,0.0
22,barra_18,CS,0.0
23,barra_18,CS,0.0
24,barra_18,CS,0.0
1,barra_19,CS,0.0
2,barra_19,CS,0.0
3,barra_19,CS,0.0
4,barra_19,CS,0.0
5,barra_19,CS,0.0
6,barra_19,CS,0.0
7,barra_19,CS,0.0
8,barra_19,CS,0.0
9,barra_19,CS,0.0
10,barra_19,CS,0.0
11,barra_19,CS,0.0
12,barra_19,CS,0.0
13,barra_19,CS,0.0
14,barra_19,CS,0.0
15,barra_19,CS,0.0
16,barra_19,CS,0.0
17,barra_19,CS,0.0
18,barra_19,CS,0.0
19,barra_19,CS,0.0
20,barra_19,CS,0.0
21,barra_19,CS,0.0
22,barra_19,CS,0.0
23,barra_19,CS,0.0
24,barra_19,CS,0.0
1,barra_20,CS,0.0
2,barra_20,CS,0.0
3,barra_20,CS,0.0
4,barra_20,CS,0.0
5,barra_20,CS,0.0
6,barra_20,CS,0.0
7,barra_20,CS,0.0
8,barra_20,CS,0.0
9,barra_20,CS,0.0
10,barra_20,CS,0.0
11,barra_20,CS,0.0
12,barra_20,CS,0.0
13,barra_20,CS,0.0
14,barra_20,CS,0.0
15,barra_20,CS,0.0
16,barra_20,CS,0.0
17,barra_20,CS,0.0
18,barra_20,CS,0.0
19,barra_20,CS,0.0
20,barra_20,CS,0.0
21,barra_20,CS,0.0
22,barra_20,CS,0.0
23,barra_20,CS,0.0
24,barra_20,CS,0.0
1,barra_21,CS,0.0
2,barra_21,CS,0.0
3,barra_21,CS,0.0
4,barra_21,CS,0.0
5,barra_21,CS,0.0
6,barra_21,CS,0.0
7,barra_21,CS,0.0
8,barra_21,CS,0.0
9,barra_21,CS,0.0
10,barra_21,CS,0.0
11,barra_21,CS,0.0
12,barra_21,CS,0.0
13,barra_21,CS,0.0
14,barra_21,CS,0.0
15,barra_21,CS,0.0
16,barra_21,CS,0.0
17,barra_21,CS,0.0
18,barra_21,CS,0.0
19,barra_21,CS,0.0
20,barra_21,CS,0.0
21,barra_21,CS,0.0
22,barra_21,CS,0.0
23,barra_21,CS,0.0
24,barra_21,CS,0.0
1,barra_22,CS,0.0
2,barra_22,CS,0.0
3,barra_22,CS,0.0
4,barra_22,CS,0.0
5,barra_22,CS,0.0
6,barra_22,CS,0.0
7,barra_22,CS,0.0
8,barra_22,CS,0.0
9,barra_22,CS,0.0
10,barra_22,CS,0.0
11,barra_22,CS,0.0
12,barra_22,CS,0.0
13,barra_22,CS,0.0
14,barra_22,CS,0.0
15,barra_22,CS,0.0
16,barra_22,CS,0.0
17,barra_22,CS,0.0
18,barra_22,CS,0.0
19,barra_22,CS,0.0
20,barra_22,CS,0.0
21,barra_22,CS,0.0
22,barra_22,CS,0.0
23,barra_22,CS,0.0
24,barra_22,CS,0.0
1,barra_23,CS,0.0
2,barra_23,CS,0.0
3,barra_23,CS,0.0
4,barra_23,CS,0.0
5,barra_23,CS,0.0
6,barra_23,CS,0.0
7,barra_23,CS,0.0
8,barra_23,CS,0.0
9,barra_23,CS,0.0
10,barra_23,CS,0.0
11,barra_23,CS,0.0
12,barra_23,CS,0.0
13,barra_23,CS,0.0
14,barra_23,CS,0.0
15,barra_23,CS,0.0
16,barra_23,CS,0.0
17,barra_23,CS,0.0
18,barra_23,CS,0.0
19,barra_23,CS,0.0
20,barra_23,CS,0.0
21,barra_23,CS,0.0
22,barra_23,CS,0.0
23,barra_23,CS,0.0
24,barra_23,CS,0.0
1,barra_24,CS,0.0
2,barra_24,CS,0.0
3,barra_24,CS,0.0
4,barra_24,CS,0.0
5,barra_24,CS,0.0
6,barra_24,CS,0.0
7,barra_24,CS,0.0
8,barra_24,CS,0.0
9,barra_24,CS,0.0
10,barra_24,CS,0.0
11,barra_24,CS,0.0
12,barra_24,CS,0.0
13,barra_24,CS,0.0
14,barra_24,CS,0.0
15,barra_24,CS,0.0
16,barra_24,CS,0.0
17,barra_24,CS,0.0
18,barra_24,CS,0.0
19,barra_24,CS,0.0
20,barra_24,CS,0.0
21,barra_24,CS,0.0
22,barra_24,CS,0.0
23,barra_24,CS,0.0
24,barra_24,CS,0.0
1,barra_25,CS,0.0
2,barra_25,CS,0.0
3,barra_25,CS,0.0
4,barra_25,CS,0.0
5,barra_25,CS,0.0
6,barra_25,CS,-0.0
7,barra_25,CS,-0.0
8,barra_25,CS,-0.0
9,barra_25,CS,-0.0
10,barra_25,CS,-0.0
11,barra_25,CS,-0.0
12,barra_25,CS,-0.0
13,barra_25,CS,-0.0
14,barra_25,CS,-0.0
15,barra_25,CS,-0.0
16,barra_25,CS,-0.0
17,barra_25,CS,-0.0
18,barra_25,CS,-0.0
19,barra_25,CS,-0.0
20,barra_25,CS,0.0
21,barra_25,CS,0.0
22,barra_25,CS,0.0
23,barra_25,CS,0.0
24,barra_25,CS,0.0
1,barra_26,CS,0.0
2,barra_26,CS,0.0
3,barra_26,CS,0.0
4,barra_26,CS,0.0
5,barra_26,CS,0.0
6,barra_26,CS,0.0
7,barra_26,CS,0.0
8,barra_26,CS,0.0
9,barra_26,CS,0.0
10,barra_26,CS,0.0
11,barra_26,CS,0.0
12,barra_26,CS,0.0
13,barra_26,CS,0.0
14,barra_26,CS,0.0
15,barra_26,CS,0.0
16,barra_26,CS,0.0
17,barra_26,CS,0.0
18,barra_26,CS,0.0
19,barra_26,CS,0.0
20,barra_26,CS,0.0
21,barra_26,CS,0.0
22,barra_26,CS,0.0
23,barra_26,CS,0.0
24,barra_26,CS,0.0
1,barra_27,CS,0.0
2,barra_27,CS,0.0
3,barra_27,CS,0.0
4,barra_27,CS,0.0
5,barra_27,CS,0.0
6,barra_27,CS,0.0
7,barra_27,CS,0.0
8,barra_27,CS,0.0
9,barra_27,CS,0.0
10,barra_27,CS,0.0
11,barra_27,CS,0.0
12,barra_27,CS,0.0
13,barra_27,CS,0.0
14,barra_27,CS,0.0
15,barra_27,CS,0.0
16,barra_27,CS,0.0
17,barra_27,CS,0.0
18,barra_27,CS,0.0
19,barra_27,CS,0.0
20,barra_27,CS,0.0
21,barra_27,CS,0.0
22,barra_27,CS,0.0
23,barra_27,CS,0.0
24,barra_27,CS,0.0
1,barra_28,CS,0.0
2,barra_28,CS,0.0
3,barra_28,CS,0.0
4,barra_28,CS,0.0
5,barra_28,CS,0.0
6,barra_28,CS,0.0
7,barra_28,CS,0.0
8,barra_28,CS,0.0
9,barra_28,CS,0.0
10,barra_28,CS,0.0
11,barra_28,CS,0.0
12,barra_28,CS,0.0
13,barra_28,CS,0.0
14,barra_28,CS,0.0
15,barra_28,CS,0.0
16,barra_28,CS,0.0
17,barra_28,CS,0.0
18,barra_28,CS,0.0
19,barra_28,CS,0.0
20,barra_28,CS,0.0
21,barra_28,CS,0.0
22,barra_28,CS,0.0
23,barra_28,CS,0.0
24,barra_28,CS,0.0
1,barra_29,CS,0.0
2,barra_29,CS,0.0
3,barra_29,CS,0.0
4,barra_29,CS,0.0
5,barra_29,CS,0.0
6,barra_29,CS,0.0
7,barra_29,CS,0.0
8,barra_29,CS,0.0
9,barra_29,CS,0.0
10,barra_29,CS,0.0
11,barra_29,CS,0.0
12,barra_29,CS,0.0
13,barra_29,CS,0.0
14,barra_29,CS,0.0
15,barra_29,CS,0.0
16,barra_29,CS,0.0
17,barra_29,CS,0.0
18,barra_29,CS,0.0
19,barra_29,CS,0.0
20,barra_29,CS,0.0
21,barra_29,CS,0.0
22,barra_29,CS,0.0
23,barra_29,CS,0.0
24,barra_29,CS,0.0
1,barra_30,CS,0.0
2,barra_30,CS,0.0
3,barra_30,CS,0.0
4,barra_30,CS,0.0
5,barra_30,CS,0.0
6,barra_30,CS,0.0
7,barra_30,CS,0.0
8,barra_30,CS,0.0
9,barra_30,CS,0.0
10,barra_30,CS,0.0
11,barra_30,CS,0.0
12,barra_30,CS,0.0
13,barra_30,CS,0.0
14,barra_30,CS,0.0
15,barra_30,CS,0.0
16,barra_30,CS,0.0
17,barra_30,CS,0.0
18,barra_30,CS,0.0
19,barra_30,CS,0.0
20,barra_30,CS,0.0
21,barra_30,CS,0.0
22,barra_30,CS,0.0
23,barra_30,CS,0.0
24,barra_30,CS,0.0
1,barra_31,CS,0.0
2,barra_31,CS,0.0
3,barra_31,CS,0.0
4,barra_31,CS,0.0
5,barra_31,CS,0.0
6,barra_31,CS,0.0
7,barra_31,CS,0.0
8,barra_31,CS,0.0
9,barra_31,CS,0.0
10,barra_31,CS,0.0
11,barra_31,CS,0.0
12,barra_31,CS,0.0
13,barra_31,CS,0.0
14,barra_31,CS,0.0
15,barra_31,CS,0.0
16,barra_31,CS,0.0
17,barra_31,CS,0.0
18,barra_31,CS,0.0
19,barra_31,CS,0.0
20,barra_31,CS,0.0
21,barra_31,CS,0.0
22,barra_31,CS,0.0
23,barra_31,CS,0.0
24,barra_31,CS,0.0
1,barra_32,CS,0.0
2,barra_32,CS,0.0
3,barra_32,CS,0.0
4,barra_32,CS,0.0
5,barra_32,CS,0.0
6,barra_32,CS,0.0
7,barra_32,CS,0.0
8,barra_32,CS,0.0
9,barra_32,CS,0.0
10,barra_32,CS,0.0
11,barra_32,CS,0.0
12,barra_32,CS,0.0
13,barra_32,CS,0.0
14,barra_32,CS,0.0
15,barra_32,CS,0.0
16,barra_32,CS,0.0
17,barra_32,CS,0.0
18,barra_32,CS,0.0
19,barra_32,CS,0.0
20,barra_32,CS,0.0
21,barra_32,CS,0.0
22,barra_32,CS,0.0
23,barra_32,CS,0.0
24,barra_32,CS,0.0
1,barra_33,CS,0.0
2,barra_33,CS,0.0
3,barra_33,CS,0.0
4,barra_33,CS,0.0
5,barra_33,CS,0.0
6,barra_33,CS,0.0
7,barra_33,CS,0.0
8,barra_33,CS,0.0
9,barra_33,CS,0.0
10,barra_33,CS,0.0
11,barra_33,CS,0.0
12,barra_33,CS,0.0
13,barra_33,CS,0.0
14,barra_33,CS,0.0
15,barra_33,CS,0.0
16,barra_33,CS,0.0
17,barra_33,CS,0.0
18,barra_33,CS,0.0
19,barra_33,CS,0.0
20,barra_33,CS,0.0
21,barra_33,CS,0.0
22,barra_33,CS,0.0
23,barra_33,CS,0.0
24,barra_33,CS,0.0
1,barra_1,CW,0.0
2,barra_1,CW,0.0
3,barra_1,CW,0.0
4,barra_1,CW,0.0
5,barra_1,CW,0.0
6,barra_1,CW,0.0
7,barra_1,CW,0.0
8,barra_1,CW,0.0
9,barra_1,CW,0.0
10,barra_1,CW,0.0
11,barra_1,CW,0.0
12,barra_1,CW,0.0
13,barra_1,CW,0.0
14,barra_1,CW,0.0
15,barra_1,CW,0.0
16,barra_1,CW,0.0
17,barra_1,CW,0.0
18,barra_1,CW,0.0
19,barra_1,CW,0.0
20,barra_1,CW,0.0
21,barra_1,CW,0.0
22,barra_1,CW,0.0
23,barra_1,CW,0.0
24,barra_1,CW,0.0
1,barra_2,CW,0.0
2,barra_2,CW,0.0
3,barra_2,CW,0.0
4,barra_2,CW,0.0
5,barra_2,CW,0.0
6,barra_2,CW,0.0
7,barra_2,CW,0.0
8,barra_2,CW,0.0
9,barra_2,CW,0.0
10,barra_2,CW,0.0
11,barra_2,CW,0.0
12,barra_2,CW,0.0
13,barra_2,CW,0.0
14,barra_2,CW,0.0
15,barra_2,CW,0.0
16,barra_2,CW,0.0
17,barra_2,CW,0.0
18,barra_2,CW,0.0
19,barra_2,CW,0.0
20,barra_2,CW,0.0
21,barra_2,CW,0.0
22,barra_2,CW,0.0
23,barra_2,CW,0.0
24,barra_2,CW,0.0
1,barra_3,CW,0.0
2,barra_3,CW,0.0
3,barra_3,CW,0.0
4,barra_3,CW,0.0
5,barra_3,CW,0.0
6,barra_3,CW,0.0
7,barra_3,CW,0.0
8,barra_3,CW,0.0
9,barra_3,CW,0.0
10,barra_3,CW,0.0
11,barra_3,CW,0.0
12,barra_3,CW,0.0
13,barra_3,CW,0.0
14,barra_3,CW,0.0
15,barra_3,CW,0.0
16,barra_3,CW,0.0
17,barra_3,CW,0.0
18,barra_3,CW,0.0
19,barra_3,CW,0.0
20,barra_3,CW,0.0
21,barra_3,CW,0.0
22,barra_3,CW,0.0
23,barra_3,CW,0.0
24,barra_3,CW,0.0
1,barra_4,CW,0.0
2,barra_4,CW,0.0
3,barra_4,CW,0.0
4,barra_4,CW,0.0
5,barra_4,CW,0.0
6,barra_4,CW,0.0
7,barra_4,CW,0.0
8,barra_4,CW,0.0
9,barra_4,CW,0.0
10,barra_4,CW,0.0
11,barra_4,CW,0.0
12,barra_4,CW,0.0
13,barra_4,CW,0.0
14,barra_4,CW,0.0
15,barra_4,CW,0.0
16,barra_4,CW,0.0
17,barra_4,CW,0.0
18,barra_4,CW,0.0
19,barra_4,CW,0.0
20,barra_4,CW,0.0
21,barra_4,CW,0.0
22,barra_4,CW,0.0
23,barra_4,CW,0.0
24,barra_4,CW,0.0
1,barra_5,CW,0.0
2,barra_5,CW,0.0
3,barra_5,CW,0.0
4,barra_5,CW,0.0
5,barra_5,CW,0.0
6,barra_5,CW,0.0
7,barra_5,CW,0.0
8,barra_5,CW,0.0
9,barra_5,CW,0.0
10,barra_5,CW,0.0
11,barra_5,CW,0.0
12,barra_5,CW,0.0
13,barra_5,CW,0.0
14,barra_5,CW,0.0
15,barra_5,CW,0.0
16,barra_5,CW,0.0
17,barra_5,CW,0.0
18,barra_5,CW,0.0
19,barra_5,CW,0.0
20,barra_5,CW,0.0
21,barra_5,CW,0.0
22,barra_5,CW,0.0
23,barra_5,CW,0.0
24,barra_5,CW,0.0
1,barra_6,CW,0.0
2,barra_6,CW,0.0
3,barra_6,CW,0.0
4,barra_6,CW,0.0
5,barra_6,CW,0.0
6,barra_6,CW,0.0
7,barra_6,CW,0.0
8,barra_6,CW,0.0
9,barra_6,CW,0.0
10,barra_6,CW,0.0
11,barra_6,CW,0.0
12,barra_6,CW,0.0
13,barra_6,CW,0.0
14,barra_6,CW,0.0
15,barra_6,CW,0.0
16,barra_6,CW,0.0
17,barra_6,CW,0.0
18,barra_6,CW,0.0
19,barra_6,CW,0.0
20,barra_6,CW,0.0
21,barra_6,CW,0.0
22,barra_6,CW,0.0
23,barra_6,CW,0.0
24,barra_6,CW,0.0
1,barra_7,CW,0.0
2,barra_7,CW,0.0
3,barra_7,CW,0.0
4,barra_7,CW,0.0
5,barra_7,CW,0.0
6,barra_7,CW,0.0
7,barra_7,CW,0.0
8,barra_7,CW,0.0
9,barra_7,CW,0.0
10,barra_7,CW,0.0
11,barra_7,CW,0.0
12,barra_7,CW,0.0
13,barra_7,CW,0.0
14,barra_7,CW,0.0
15,barra_7,CW,0.0
16,barra_7,CW,0.0
17,barra_7,CW,0.0
18,barra_7,CW,0.0
19,barra_7,CW,0.0
20,barra_7,CW,0.0
21,barra_7,CW,0.0
22,barra_7,CW,0.0
23,barra_7,CW,0.0
24,barra_7,CW,0.0
1,barra_8,CW,0.0
2,barra_8,CW,0.0
3,barra_8,CW,0.0
4,barra_8,CW,0.0
5,barra_8,CW,0.0
6,barra_8,CW,0.0
7,barra_8,CW,0.0
8,barra_8,CW,0.0
9,barra_8,CW,0.0
10,barra_8,CW,0.0
11,barra_8,CW,0.0
12,barra_8,CW,0.0
13,barra_8,CW,0.0
14,barra_8,CW,0.0
15,barra_8,CW,0.0
16,barra_8,CW,0.0
17,barra_8,CW,0.0
18,barra_8,CW,0.0
19,barra_8,CW,0.0
20,barra_8,CW,0.0
21,barra_8,CW,0.0
22,barra_8,CW,0.0
23,barra_8,CW,0.0
24,barra_8,CW,0.0
1,barra_9,CW,0.0
2,barra_9,CW,0.0
3,barra_9,CW,0.0
4,barra_9,CW,0.0
5,barra_9,CW,0.0
6,barra_9,CW,0.0
7,barra_9,CW,0.0
8,barra_9,CW,0.0
9,barra_9,CW,0.0
10,barra_9,CW,0.0
11,barra_9,CW,0.0
12,barra_9,CW,0.0
13,barra_9,CW,0.0
14,barra_9,CW,0.0
15,barra_9,CW,0.0
16,barra_9,CW,0.0
17,barra_9,CW,0.0
18,barra_9,CW,0.0
19,barra_9,CW,0.0
20,barra_9,CW,0.0
21,barra_9,CW,0.0
22,barra_9,CW,0.0
23,barra_9,CW,0.0
24,barra_9,CW,0.0
1,barra_10,CW,0.0
2,barra_10,CW,0.0
3,barra_10,CW,0.0
4,barra_10,CW,0.0
5,barra_10,CW,0.0
6,barra_10,CW,0.0
7,barra_10,CW,0.0
8,barra_10,CW,0.0
9,barra_10,CW,0.0
10,barra_10,CW,0.0
11,barra_10,CW,0.0
12,barra_10,CW,0.0
13,barra_10,CW,0.0
14,barra_10,CW,0.0
15,barra_10,CW,0.0
16,barra_10,CW,0.0
17,barra_10,CW,0.0
18,barra_10,CW,0.0
19,barra_10,CW,0.0
20,barra_10,CW,0.0
21,barra_10,CW,0.0
22,barra_10,CW,0.0
23,barra_10,CW,0.0
24,barra_10,CW,0.0
1,barra_11,CW,0.0
2,barra_11,CW,0.0
3,barra_11,CW,0.0
4,barra_11,CW,0.0
5,barra_11,CW,0.0
6,barra_11,CW,0.0
7,barra_11,CW,0.0
8,barra_11,CW,0.0
9,barra_11,CW,0.0
10,barra_11,CW,0.0
11,barra_11,CW,0.0
12,barra_11,CW,0.0
13,barra_11,CW,0.0
14,barra_11,CW,0.0
15,barra_11,CW,0.0
16,barra_11,CW,0.0
17,barra_11,CW,0.0
18,barra_11,CW,0.0
19,barra_11,CW,0.0
20,barra_11,CW,0.0
21,barra_11,CW,0.0
22,barra_11,CW,0.0
23,barra_11,CW,0.0
24,barra_11,CW,0.0
1,barra_12,CW,0.0
2,barra_12,CW,0.0
3,barra_12,CW,0.0
4,barra_12,CW,0.0
5,barra_12,CW,0.0
6,barra_12,CW,0.0
7,barra_12,CW,0.0
8,barra_12,CW,0.0
9,barra_12,CW,0.0
10,barra_12,CW,0.0
11,barra_12,CW,0.0
12,barra_12,CW,0.0
13,barra_12,CW,0.0
14,barra_12,CW,0.0
15,barra_12,CW,0.0
16,barra_12,CW,0.0
17,barra_12,CW,0.0
18,barra_12,CW,0.0
19,barra_12,CW,0.0
20,barra_12,CW,0.0
21,barra_12,CW,0.0
22,barra_12,CW,0.0
23,barra_12,CW,0.0
24,barra_12,CW,0.0
1,barra_13,CW,0.0
2,barra_13,CW,0.0
3,barra_13,CW,0.0
4,barra_13,CW,0.0
5,barra_13,CW,0.0
6,barra_13,CW,0.0
7,barra_13,CW,0.0
8,barra_13,CW,0.0
9,barra_13,CW,0.0
10,barra_13,CW,0.0
11,barra_13,CW,0.0
12,barra_13,CW,0.0
13,barra_13,CW,0.0
14,barra_13,CW,0.0
15,barra_13,CW,0.0
16,barra_13,CW,0.0
17,barra_13,CW,0.0
18,barra_13,CW,0.0
19,barra_13,CW,0.0
20,barra_13,CW,0.0
21,barra_13,CW,0.0
22,barra_13,CW,0.0
23,barra_13,CW,0.0
24,barra_13,CW,0.0
1,barra_14,CW,0.0
2,barra_14,CW,0.0
3,barra_14,CW,0.0
4,barra_14,CW,0.0
5,barra_14,CW,0.0
6,barra_14,CW,0.0
7,barra_14,CW,0.0
8,barra_14,CW,0.0
9,barra_14,CW,0.0
10,barra_14,CW,0.0
11,barra_14,CW,0.0
12,barra_14,CW,0.0
13,barra_14,CW,0.0
14,barra_14,CW,0.0
15,barra_14,CW,0.0
16,barra_14,CW,0.0
17,barra_14,CW,0.0
18,barra_14,CW,0.0
19,barra_14,CW,0.0
20,barra_14,CW,0.0
21,barra_14,CW,0.0
22,barra_14,CW,0.0
23,barra_14,CW,0.0
24,barra_14,CW,0.0
1,barra_15,CW,0.0
2,barra_15,CW,0.0
3,barra_15,CW,0.0
4,barra_15,CW,0.0
5,barra_15,CW,0.0
6,barra_15,CW,0.0
7,barra_15,CW,0.0
8,barra_15,CW,0.0
9,barra_15,CW,0.0
10,barra_15,CW,0.0
11,barra_15,CW,0.0
12,barra_15,CW,0.0
13,barra_15,CW,0.0
14,barra_15,CW,0.0
15,barra_15,CW,0.0
16,barra_15,CW,0.0
17,barra_15,CW,0.0
18,barra_15,CW,0.0
19,barra_15,CW,0.0
20,barra_15,CW,0.0
21,barra_15,CW,0.0
22,barra_15,CW,0.0
23,barra_15,CW,0.0
24,barra_15,CW,0.0
1,barra_16,CW,0.0
2,barra_16,CW,0.0
3,barra_16,CW,0.0
4,barra_16,CW,0.0
5,barra_16,CW,0.0
6,barra_16,CW,0.0
7,barra_16,CW,0.0
8,barra_16,CW,0.0
9,barra_16,CW,0.0
10,barra_16,CW,0.0
11,barra_16,CW,0.0
12,barra_16,CW,0.0
13,barra_16,CW,0.0
14,barra_16,CW,0.0
15,barra_16,CW,0.0
16,barra_16,CW,0.0
17,barra_16,CW,0.0
18,barra_16,CW,0.0
19,barra_16,CW,0.0
20,barra_16,CW,0.0
21,barra_16,CW,0.0
22,barra_16,CW,0.0
23,barra_16,CW,0.0
24,barra_16,CW,0.0
1,barra_17,CW,0.0
2,barra_17,CW,0.0
3,barra_17,CW,0.0
4,barra_17,CW,0.0
5,barra_17,CW,0.0
6,barra_17,CW,0.0
7,barra_17,CW,0.0
8,barra_17,CW,0.0
9,barra_17,CW,0.0
10,barra_17,CW,0.0
11,barra_17,CW,0.0
12,barra_17,CW,0.0
13,barra_17,CW,0.0
14,barra_17,CW,0.0
15,barra_17,CW,0.0
16,barra_17,CW,0.0
17,barra_17,CW,0.0
18,barra_17,CW,0.0
19,barra_17,CW,0.0
20,barra_17,CW,0.0
21,barra_17,CW,0.0
22,barra_17,CW,0.0
23,barra_17,CW,0.0
24,barra_17,CW,0.0
1,barra_18,CW,-0.0
2,barra_18,CW,-0.0
3,barra_18,CW,-0.0
4,barra_18,CW,-0.0
5,barra_18,CW,-0.0
6,barra_18,CW,-0.0
7,barra_18,CW,-0.0
8,barra_18,CW,-0.0
9,barra_18,CW,-0.0
10,barra_18,CW,-0.0
11,barra_18,CW,-0.0
12,barra_18,CW,-0.0
13,barra_18,CW,-0.0
14,barra_18,CW,-0.0
15,barra_18,CW,-0.0
16,barra_18,CW,-0.0
17,barra_18,CW,-0.0
18,barra_18,CW,-0.0
19,barra_18,CW,-0.0
20,barra_18,CW,-0.0
21,barra_18,CW,-0.0
22,barra_18,CW,-0.0
23,barra_18,CW,-0.0
24,barra_18,CW,-0.0
1,barra_19,CW,0.0
2,barra_19,CW,0.0
3,barra_19,CW,0.0
4,barra_19,CW,0.0
5,barra_19,CW,0.0
6,barra_19,CW,0.0
7,barra_19,CW,0.0
8,barra_19,CW,0.0
9,barra_19,CW,0.0
10,barra_19,CW,0.0
11,barra_19,CW,0.0
12,barra_19,CW,0.0
13,barra_19,CW,0.0
14,barra_19,CW,0.0
15,barra_19,CW,0.0
16,barra_19,CW,0.0
17,barra_19,CW,0.0
18,barra_19,CW,0.0
19,barra_19,CW,0.0
20,barra_19,CW,0.0
21,barra_19,CW,0.0
22,barra_19,CW,0.0
23,barra_19,CW,0.0
24,barra_19,CW,0.0
1,barra_20,CW,0.0
2,barra_20,CW,0.0
3,barra_20,CW,0.0
4,barra_20,CW,0.0
5,barra_20,CW,0.0
6,barra_20,CW,0.0
7,barra_20,CW,0.0
8,barra_20,CW,0.0
9,barra_20,CW,0.0
10,barra_20,CW,0.0
11,barra_20,CW,0.0
12,barra_20,CW,0.0
13,barra_20,CW,0.0
14,barra_20,CW,0.0
15,barra_20,CW,0.0
16,barra_20,CW,0.0
17,barra_20,CW,0.0
18,barra_20,CW,0.0
19,barra_20,CW,0.0
20,barra_20,CW,0.0
21,barra_20,CW,0.0
22,barra_20,CW,0.0
23,barra_20,CW,0.0
24,barra_20,CW,0.0
1,barra_21,CW,0.0
2,barra_21,CW,0.0
3,barra_21,CW,0.0
4,barra_21,CW,0.0
5,barra_21,CW,0.0
6,barra_21,CW,0.0
7,barra_21,CW,0.0
8,barra_21,CW,0.0
9,barra_21,CW,0.0
10,barra_21,CW,0.0
11,barra_21,CW,0.0
12,barra_21,CW,0.0
13,barra_21,CW,0.0
14,barra_21,CW,0.0
15,barra_21,CW,0.0
16,barra_21,CW,0.0
17,barra_21,CW,0.0
18,barra_21,CW,0.0
19,barra_21,CW,0.0
20,barra_21,CW,0.0
21,barra_21,CW,0.0
22,barra_21,CW,0.0
23,barra_21,CW,0.0
24,barra_21,CW,0.0
1,barra_22,CW,0.0
2,barra_22,CW,0.0
3,barra_22,CW,0.0
4,barra_22,CW,0.0
5,barra_22,CW,0.0
6,barra_22,CW,0.0
7,barra_22,CW,0.0
8,barra_22,CW,0.0
9,barra_22,CW,0.0
10,barra_22,CW,0.0
11,barra_22,CW,0.0
12,barra_22,CW,0.0
13,barra_22,CW,0.0
14,barra_22,CW,0.0
15,barra_22,CW,0.0
16,barra_22,CW,0.0
17,barra_22,CW,0.0
18,barra_22,CW,0.0
19,barra_22,CW,0.0
20,barra_22,CW,0.0
21,barra_22,CW,0.0
22,barra_22,CW,0.0
23,barra_22,CW,0.0
24,barra_22,CW,0.0
1,barra_23,CW,0.0
2,barra_23,CW,0.0
3,barra_23,CW,0.0
4,barra_23,CW,0.0
5,barra_23,CW,0.0
6,barra_23,CW,0.0
7,barra_23,CW,0.0
8,barra_23,CW,0.0
9,barra_23,CW,0.0
10,barra_23,CW,0.0
11,barra_23,CW,0.0
12,barra_23,CW,0.0
13,barra_23,CW,0.0
14,barra_23,CW,0.0
15,barra_23,CW,0.0
16,barra_23,CW,0.0
17,barra_23,CW,0.0
18,barra_23,CW,0.0
19,barra_23,CW,0.0
20,barra_23,CW,0.0
21,barra_23,CW,0.0
22,barra_23,CW,0.0
23,barra_23,CW,0.0
24,barra_23,CW,0.0
1,barra_24,CW,0.0
2,barra_24,CW,0.0
3,barra_24,CW,0.0
4,barra_24,CW,0.0
5,barra_24,CW,0.0
6,barra_24,CW,0.0
7,barra_24,CW,0.0
8,barra_24,CW,0.0
9,barra_24,CW,0.0
10,barra_24,CW,0.0
11,barra_24,CW,0.0
12,barra_24,CW,0.0
13,barra_24,CW,0.0
14,barra_24,CW,0.0
15,barra_24,CW,0.0
16,barra_24,CW,0.0
17,barra_24,CW,0.0
18,barra_24,CW,0.0
19,barra_24,CW,0.0
20,barra_24,CW,0.0
21,barra_24,CW,0.0
22,barra_24,CW,0.0
23,barra_24,CW,0.0
24,barra_24,CW,0.0
1,barra_25,CW,0.0
2,barra_25,CW,0.0
3,barra_25,CW,0.0
4,barra_25,CW,0.0
5,barra_25,CW,0.0
6,barra_25,CW,0.0
7,barra_25,CW,0.0
8,barra_25,CW,0.0
9,barra_25,CW,0.0
10,barra_25,CW,0.0
11,barra_25,CW,0.0
12,barra_25,CW,0.0
13,barra_25,CW,0.0
14,barra_25,CW,0.0
15,barra_25,CW,0.0
16,barra_25,CW,0.0
17,barra_25,CW,0.0
18,barra_25,CW,0.0
19,barra_25,CW,0.0
20,barra_25,CW,0.0
21,barra_25,CW,0.0
22,barra_25,CW,0.0
23,barra_25,CW,0.0
24,barra_25,CW,0.0
1,barra_26,CW,0.0
2,barra_26,CW,0.0
3,barra_26,CW,0.0
4,barra_26,CW,0.0
5,barra_26,CW,0.0
6,barra_26,CW,0.0
7,barra_26,CW,0.0
8,barra_26,CW,0.0
9,barra_26,CW,0.0
10,barra_26,CW,0.0
11,barra_26,CW,0.0
12,barra_26,CW,0.0
13,barra_26,CW,0.0
14,barra_26,CW,0.0
15,barra_26,CW,0.0
16,barra_26,CW,0.0
17,barra_26,CW,0.0
18,barra_26,CW,0.0
19,barra_26,CW,0.0
20,barra_26,CW,0.0
21,barra_26,CW,0.0
22,barra_26,CW,0.0
23,barra_26,CW,0.0
24,barra_26,CW,0.0
1,barra_27,CW,0.0
2,barra_27,CW,0.0
3,barra_27,CW,0.0
4,barra_27,CW,0.0
5,barra_27,CW,0.0
6,barra_27,CW,0.0
7,barra_27,CW,0.0
8,barra_27,CW,0.0
9,barra_27,CW,0.0
10,barra_27,CW,0.0
11,barra_27,CW,0.0
12,barra_27,CW,0.0
13,barra_27,CW,0.0
14,barra_27,CW,0.0
15,barra_27,CW,0.0
16,barra_27,CW,0.0
17,barra_27,CW,0.0
18,barra_27,CW,0.0
19,barra_27,CW,0.0
20,barra_27,CW,0.0
21,barra_27,CW,0.0
22,barra_27,CW,0.0
23,barra_27,CW,0.0
24,barra_27,CW,0.0
1,barra_28,CW,0.0
2,barra_28,CW,0.0
3,barra_28,CW,0.0
4,barra_28,CW,0.0
5,barra_28,CW,0.0
6,barra_28,CW,0.0
7,barra_28,CW,0.0
8,barra_28,CW,0.0
9,barra_28,CW,0.0
10,barra_28,CW,0.0
11,barra_28,CW,0.0
12,barra_28,CW,0.0
13,barra_28,CW,0.0
14,barra_28,CW,0.0
15,barra_28,CW,0.0
16,barra_28,CW,0.0
17,barra_28,CW,0.0
18,barra_28,CW,0.0
19,barra_28,CW,0.0
20,barra_28,CW,0.0
21,barra_28,CW,0.0
22,barra_28,CW,0.0
23,barra_28,CW,0.0
24,barra_28,CW,0.0
1,barra_29,CW,0.0
2,barra_29,CW,0.0
3,barra_29,CW,0.0
4,barra_29,CW,0.0
5,barra_29,CW,0.0
6,barra_29,CW,0.0
7,barra_29,CW,0.0
8,barra_29,CW,0.0
9,barra_29,CW,0.0
10,barra_29,CW,0.0
11,barra_29,CW,0.0
12,barra_29,CW,0.0
13,barra_29,CW,0.0
14,barra_29,CW,0.0
15,barra_29,CW,0.0
16,barra_29,CW,0.0
17,barra_29,CW,0.0
18,barra_29,CW,0.0
19,barra_29,CW,0.0
20,barra_29,CW,0.0
21,barra_29,CW,0.0
22,barra_29,CW,0.0
23,barra_29,CW,0.0
24,barra_29,CW,0.0
1,barra_30,CW,-0.0
2,barra_30,CW,-0.0
3,barra_30,CW,-0.0
4,barra_30,CW,-0.0
5,barra_30,CW,-0.0
6,barra_30,CW,-0.0
7,barra_30,CW,-0.0
8,barra_30,CW,-0.0
9,barra_30,CW,-0.0
10,barra_30,CW,-0.0
11,barra_30,CW,-0.0
12,barra_30,CW,-0.0
13,barra_30,CW,-0.0
14,barra_30,CW,-0.0
15,barra_30,CW,-0.0
16,barra_30,CW,-0.0
17,barra_30,CW,-0.0
18,barra_30,CW,-0.0
19,barra_30,CW,-0.0
20,barra_30,CW,-0.0
21,barra_30,CW,-0.0
22,barra_30,CW,-0.0
23,barra_30,CW,-0.0
24,barra_30,CW,-0.0
1,barra_31,CW,0.0
2,barra_31,CW,0.0
3,barra_31,CW,0.0
4,barra_31,CW,0.0
5,barra_31,CW,0.0
6,barra_31,CW,0.0
7,barra_31,CW,0.0
8,barra_31,CW,0.0
9,barra_31,CW,0.0
10,barra_31,CW,0.0
11,barra_31,CW,0.0
12,barra_31,CW,0.0
13,barra_31,CW,0.0
14,barra_31,CW,0.0
15,barra_31,CW,0.0
16,barra_31,CW,0.0
17,barra_31,CW,0.0
18,barra_31,CW,0.0
19,barra_31,CW,0.0
20,barra_31,CW,0.0
21,barra_31,CW,0.0
22,barra_31,CW,0.0
23,barra_31,CW,0.0
24,barra_31,CW,0.0
1,barra_32,CW,0.0
2,barra_32,CW,0.0
3,barra_32,CW,0.0
4,barra_32,CW,0.0
5,barra_32,CW,0.0
6,barra_32,CW,0.0
7,barra_32,CW,0.0
8,barra_32,CW,0.0
9,barra_32,CW,0.0
10,barra_32,CW,0.0
11,barra_32,CW,0.0
12,barra_32,CW,0.0
13,barra_32,CW,0.0
14,barra_32,CW,0.0
15,barra_32,CW,0.0
16,barra_32,CW,0.0
17,barra_32,CW,0.0
18,barra_32,CW,0.0
19,barra_32,CW,0.0
20,barra_32,CW,0.0
21,barra_32,CW,0.0
22,barra_32,CW,0.0
23,barra_32,CW,0.0
24,barra_32,CW,0.0
1,barra_33,CW,0.0
2,barra_33,CW,0.0
3,barra_33,CW,0.0
4,barra_33,CW,0.0
5,barra_33,CW,0.0
6,barra_33,CW,0.0
7,barra_33,CW,0.0
8,barra_33,CW,0.0
9,barra_33,CW,0.0
10,barra_33,CW,0.0
11,barra_33,CW,0.0
12,barra_33,CW,0.0
13,barra_33,CW,0.0
14,barra_33,CW,0.0
15,barra_33,CW,0.0
16,barra_33,CW,0.0
17,barra_33,CW,0.0
18,barra_33,CW,0.0
19,barra_33,CW,0.0
20,barra_33,CW,0.0
21,barra_33,CW,0.0
22,barra_33,CW,0.0
23,barra_33,CW,0.0
24,barra_33,CW,0.0
1,bateria_25,P_ch,0.0
2,bateria_25,P_ch,0.0
3,bateria_25,P_ch,0.0
4,bateria_25,P_ch,0.0
5,bateria_25,P_ch,0.0
6,bateria_25,P_ch,0.0
7,bateria_25,P_ch,0.0
8,bateria_25,P_ch,0.0
9,bateria_25,P_ch,0.0
10,bateria_25,P_ch,0.0
11,bateria_25,P_ch,0.0
12,bateria_25,P_ch,0.011965669
13,bateria_25,P_ch,0.16806869
14,bateria_25,P_ch,0.14441555
15,bateria_25,P_ch,0.0
16,bateria_25,P_ch,0.0
17,bateria_25,P_ch,0.0
18,bateria_25,P_ch,0.0
19,bateria_25,P_ch,0.0
20,bateria_25,P_ch,0.0
21,bateria_25,P_ch,0.0
22,bateria_25,P_ch,0.0
23,bateria_25,P_ch,0.0
24,bateria_25,P_ch,0.0
1,bateria_6,P_ch,0.0
2,bateria_6,P_ch,0.0
3,bateria_6,P_ch,0.0
4,bateria_6,P_ch,0.0
5,bateria_6,P_ch,0.0
6,bateria_6,P_ch,0.0
7,bateria_6,P_ch,0.0
8,bateria_6,P_ch,0.0
9,bateria_6,P_ch,0.0
10,bateria_6,P_ch,0.0
11,bateria_6,P_ch,0.0
12,bateria_6,P_ch,0.0
13,bateria_6,P_ch,0.063006345
14,bateria_6,P_ch,0.066035108
15,bateria_6,P_ch,0.0
16,bateria_6,P_ch,0.0
17,bateria_6,P_ch,0.0
18,bateria_6,P_ch,0.0
19,bateria_6,P_ch,0.0
20,bateria_6,P_ch,0.0
21,bateria_6,P_ch,0.0
22,bateria_6,P_ch,0.0
23,bateria_6,P_ch,0.0
24,bateria_6,P_ch,0.0
1,bateria_25,P_dis,0.0
2,bateria_25,P_dis,0.0
3,bateria_25,P_dis,0.0
4,bateria_25,P_dis,0.0
5,bateria_25,P_dis,0.0
6,bateria_25,P_dis,0.0
7,bateria_25,P_dis,0.0
8,bateria_25,P_dis,0.0
9,bateria_25,P_dis,0.0
10,bateria_25,P_dis,0.0
11,bateria_25,P_dis,0.0
12,bateria_25,P_dis,0.0
13,bateria_25,P_dis,0.0
14,bateria_25,P_dis,0.0
15,bateria_25,P_dis,0.0
16,bateria_25,P_dis,0.0
17,bateria_25,P_dis,0.0
18,bateria_25,P_dis,0.0
19,bateria_25,P_dis,0.0
20,bateria_25,P_dis,0.0
21,bateria_25,P_dis,0.0
22,bateria_25,P_dis,0.0
23,bateria_25,P_dis,0.0
24,bateria_25,P_dis,0.0
1,bateria_6,P_dis,0.0
2,bateria_6,P_dis,0.0
3,bateria_6,P_dis,0.0
4,bateria_6,P_dis,0.0
5,bateria_6,P_dis,0.0
6,bateria_6,P_dis,0.0
7,bateria_6,P_dis,0.0
8,bateria_6,P_dis,0.0
9,bateria_6,P_dis,0.0
10,bateria_6,P_dis,0.0
11,bateria_6,P_dis,0.0
12,bateria_6,P_dis,0.0
13,bateria_6,P_dis,0.0
14,bateria_6,P_dis,0.0
15,bateria_6,P_dis,0.0
16,bateria_6,P_dis,0.0
17,bateria_6,P_dis,0.0
18,bateria_6,P_dis,0.0
19,bateria_6,P_dis,0.0
20,bateria_6,P_dis,0.0
21,bateria_6,P_dis,0.0
22,bateria_6,P_dis,0.0
23,bateria_6,P_dis,0.0
24,bateria_6,P_dis,0.0
1,bateria_25,E,1.0
2,bateria_25,E,1.0
3,bateria_25,E,1.0
4,bateria_25,E,1.0
5,bateria_25,E,1.0
6,bateria_25,E,1.0
7,bateria_25,E,1.0
8,bateria_25,E,1.0
9,bateria_25,E,1.0
10,bateria_25,E,1.0
11,bateria_25,E,1.0
12,bateria_25,E,1.0
13,bateria_25,E,1.0113674
14,bateria_25,E,1.1710326
15,bateria_25,E,1.3082274
16,bateria_25,E,1.3082274
17,bateria_25,E,1.3082274
18,bateria_25,E,1.3082274
19,bateria_25,E,1.3082274
20,bateria_25,E,1.3082274
21,bateria_25,E,1.3082274
22,bateria_25,E,1.3082274
23,bateria_25,E,1.3082274
24,bateria_25,E,1.3082274
1,bateria_6,E,1.0
2,bateria_6,E,1.0
3,bateria_6,E,1.0
4,bateria_6,E,1.0
5,bateria_6,E,1.0
6,bateria_6,E,1.0
7,bateria_6,E,1.0
8,bateria_6,E,1.0
9,bateria_6,E,1.0
10,bateria_6,E,1.0
11,bateria_6,E,1.0
12,bateria_6,E,1.0
13,bateria_6,E,1.0
14,bateria_6,E,1.059856
15,bateria_6,E,1.1225894
16,bateria_6,E,1.1225894
17,bateria_6,E,1.1225894
18,bateria_6,E,1.1225894
19,bateria_6,E,1.1225894
20,bateria_6,E,1.1225894
21,bateria_6,E,1.1225894
22,bateria_6,E,1.1225894
23,bateria_6,E,1.1225894
24,bateria_6,E,1.1225894
1,linha_1-2,F,-0.11530969
2,linha_1-2,F,-0.11791009
3,linha_1-2,F,-0.1197962
4,linha_1-2,F,-0.12066234
5,linha_1-2,F,-0.11949151
6,linha_1-2,F,-0.11264735
7,linha_1-2,F,-0.10412388
8,linha_1-2,F,-0.10216284
9,linha_1-2,F,-0.09861039
10,linha_1-2,F,-0.096340659
11,linha_1-2,F,-0.095945055
12,linha_1-2,F,-0.095805195
13,linha_1-2,F,-0.094015984
14,linha_1-2,F,-0.09047952
15,linha_1-2,F,-0.090465534
16,linha_1-2,F,-0.09434965
17,linha_1-2,F,-0.10047453
18,linha_1-2,F,-0.10708691
19,linha_1-2,F,-0.11969131
20,linha_1-2,F,-0.12311588
21,linha_1-2,F,-0.12433367
22,linha_1-2,F,-0.12867832
23,linha_1-2,F,-0.13184016
24,linha_1-2,F,-0.13153946
1,linha_2-3,F,-0.2303284
2,linha_2-3,F,-0.23551364
3,linha_2-3,F,-0.23927458
4,linha_2-3,F,-0.24100167
5,linha_2-3,F,-0.23866702
6,linha_2-3,F,-0.22501965
7,linha_2-3,F,-0.20802368
8,linha_2-3,F,-0.20411333
9,linha_2-3,F,-0.19702376
10,linha_2-3,F,-0.19248883
11,linha_2-3,F,-0.19169841
12,linha_2-3,F,-0.19141897
13,linha_2-3,F,-0.18784412
14,linha_2-3,F,-0.18077826
15,linha_2-3,F,-0.18075032
16,linha_2-3,F,-0.18851079
17,linha_2-3,F,-0.20074681
18,linha_2-3,F,-0.21393203
19,linha_2-3,F,-0.23906542
20,linha_2-3,F,-0.24589409
21,linha_2-3,F,-0.24832237
22,linha_2-3,F,-0.25698569
23,linha_2-3,F,-0.26329045
24,linha_2-3,F,-0.26269085
1,linha_3-4,F,-0.34482793
2,linha_3-4,F,-0.35257737
3,linha_3-4,F,-0.35819817
4,linha_3-4,F,-0.36077933
5,linha_3-4,F,-0.35729014
6,linha_3-4,F,-0.33689391
7,linha_3-4,F,-0.31149313
8,linha_3-4,F,-0.30564905
9,linha_3-4,F,-0.29505058
10,linha_3-4,F,-0.28826854
11,linha_3-4,F,-0.28708645
12,linha_3-4,F,-0.28666855
13,linha_3-4,F,-0.28132231
14,linha_3-4,F,-0.27075522
15,linha_3-4,F,-0.27071343
16,linha_3-4,F,-0.28231932
17,linha_3-4,F,-0.30061772
18,linha_3-4,F,-0.32032326
19,linha_3-4,F,-0.35788557
20,linha_3-4,F,-0.36809113
21,linha_3-4,F,-0.37172024
22,linha_3-4,F,-0.38466773
23,linha_3-4,F,-0.39409031
24,linha_3-4,F,-0.39319419
1,linha_4-5,F,-0.45852581
2,linha_4-5,F,-0.46880362
3,linha_4-5,F,-0.47625828
4,linha_4-5,F,-0.47968158
5,linha_4-5,F,-0.475054
6,linha_4-5,F,-0.44800321
7,linha_4-5,F,-0.41431508
8,linha_4-5,F,-0.40656428
9,linha_4-5,F,-0.39249694
10,linha_4-5,F,-0.38349026
11,linha_4-5,F,-0.38192043
12,linha_4-5,F,-0.38136544
13,linha_4-5,F,-0.37426555
14,linha_4-5,F,-0.36023226
15,linha_4-5,F,-0.36017676
16,linha_4-5,F,-0.37558959
17,linha_4-5,F,-0.39989119
18,linha_4-5,F,-0.42602616
19,linha_4-5,F,-0.47584369
20,linha_4-5,F,-0.48937896
21,linha_4-5,F,-0.49419212
22,linha_4-5,F,-0.5113639
23,linha_4-5,F,-0.52386073
24,linha_4-5,F,-0.52267225
1,linha_5-6,F,-0.57120217
2,linha_5-6,F,-0.58396776
3,linha_5-6,F,-0.59322685
4,linha_5-6,F,-0.59747878
5,linha_5-6,F,-0.59173108
6,linha_5-6,F,-0.55813253
7,linha_5-6,F,-0.51629005
8,linha_5-6,F,-0.50666314
9,linha_5-6,F,-0.48918253
10,linha_5-6,F,-0.47798685
11,linha_5-6,F,-0.47603549
12,linha_5-6,F,-0.47534562
13,linha_5-6,F,-0.46652015
14,linha_5-6,F,-0.44907618
15,linha_5-6,F,-0.44900719
16,linha_5-6,F,-0.468166
17,linha_5-6,F,-0.49837464
18,linha_5-6,F,-0.53083585
19,linha_5-6,F,-0.59271191
20,linha_5-6,F,-0.60950454
21,linha_5-6,F,-0.61547086
22,linha_5-6,F,-0.63675679
23,linha_5-6,F,-0.65224769
24,linha_5-6,F,-0.65077447
1,linha_6-7,F,0.4
2,linha_6-7,F,0.4
3,linha_6-7,F,0.4
4,linha_6-7,F,0.4014514
5,linha_6-7,F,0.4
6,linha_6-7,F,0.38509192
7,linha_6-7,F,0.32586853
8,linha_6-7,F,0.3122427
9,linha_6-7,F,0.29801496
10,linha_6-7,F,0.29574975
11,linha_6-7,F,0.29535494
12,linha_6-7,F,0.2593321
13,linha_6-7,F,0.26919068
14,linha_6-7,F,0.25157181
15,linha_6-7,F,0.24441079
16,linha_6-7,F,0.29376271
17,linha_6-7,F,0.30135858
18,linha_6-7,F,0.3464565
19,linha_6-7,F,0.4
20,linha_6-7,F,0.41359242
21,linha_6-7,F,0.41961845
22,linha_6-7,F,0.44111736
23,linha_6-7,F,0.45676326
24,linha_6-7,F,0.45527529
1,linha_7-8,F,0.2858325
2,linha_7-8,F,0.28322166
3,linha_7-8,F,0.28132798
4,linha_7-8,F,0.28192142
5,linha_7-8,F,0.2816339
6,linha_7-8,F,0.27350772
7,linha_7-8,F,0.22248559
8,linha_7-8,F,0.21074667
9,linha_7-8,F,0.2
10,linha_7-8,F,0.2
11,linha_7-8,F,0.2
12,linha_7-8,F,0.16397307
13,linha_7-8,F,0.17566391
14,linha_7-8,F,0.16151804
15,linha_7-8,F,0.15434237
16,linha_7-8,F,0.2
17,linha_7-8,F,0.20149213
18,linha_7-8,F,0.24022254
19,linha_7-8,F,0.2814333
20,linha_7-8,F,0.29169648
21,linha_7-8,F,0.29654818
22,linha_7-8,F,0.31385752
23,linha_7-8,F,0.32645444
24,linha_7-8,F,0.32525644
1,linha_8-9,F,0.17103603
2,linha_8-9,F,0.16580914
3,linha_8-9,F,0.16201799
4,linha_8-9,F,0.16174593
5,linha_8-9,F,0.16263043
6,linha_8-9,F,0.16132957
7,linha_8-9,F,0.11864369
8,linha_8-9,F,0.10882274
9,linha_8-9,F,0.10159259
10,linha_8-9,F,0.10386687
11,linha_8-9,F,0.10426326
12,linha_8-9,F,0.068304352
13,linha_8-9,F,0.081811387
14,linha_8-9,F,0.071180742
15,linha_8-9,F,0.064004717
16,linha_8-9,F,0.10586186
17,linha_8-9,F,0.10122283
18,linha_8-9,F,0.13348269
19,linha_8-9,F,0.16222883
20,linha_8-9,F,0.16910167
21,linha_8-9,F,0.17275258
22,linha_8-9,F,0.18577787
23,linha_8-9,F,0.19525706
24,linha_8-9,F,0.19435557
1,linha_9-10,F,0.055837905
2,linha_9-10,F,0.047994943
3,linha_9-10,F,0.04230631
4,linha_9-10,F,0.041165841
5,linha_9-10,F,0.04322529
6,linha_9-10,F,0.048779677
7,linha_9-10,F,0.014548882
8,linha_9-10,F,0.0066732317
9,linha_9-10,F,0.0029881734
10,linha_9-10,F,0.007541275
11,linha_9-10,F,0.0083348614
12,linha_9-10,F,-0.027500843
13,linha_9-10,F,-0.012204597
14,linha_9-10,F,-0.019298778
15,linha_9-10,F,-0.026460818
16,linha_9-10,F,0.011535259
17,linha_9-10,F,0.00074980075
18,linha_9-10,F,0.026448617
19,linha_9-10,F,0.04262268
20,linha_9-10,F,0.046077846
21,linha_9-10,F,0.048515849
22,linha_9-10,F,0.057213857
23,linha_9-10,F,0.063543864
24,linha_9-10,F,0.062941863
1,linha_10-11,F,-0.059471785
2,linha_10-11,F,-0.069915147
3,linha_10-11,F,-0.077489894
4,linha_10-11,F,-0.079496496
5,linha_10-11,F,-0.076266219
6,linha_10-11,F,-0.063867676
7,linha_10-11,F,-0.089574994
8,linha_10-11,F,-0.095489605
9,linha_10-11,F,-0.095622216
10,linha_10-11,F,-0.088799384
11,linha_10-11,F,-0.087610194
12,linha_10-11,F,-0.12325109
13,linha_10-11,F,-0.1061962
14,linha_10-11,F,-0.10973974
15,linha_10-11,F,-0.11687348
16,linha_10-11,F,-0.082814391
17,linha_10-11,F,-0.099724725
18,linha_10-11,F,-0.080638296
19,linha_10-11,F,-0.077068629
20,linha_10-11,F,-0.077038038
21,linha_10-11,F,-0.075817818
22,linha_10-11,F,-0.071464464
23,linha_10-11,F,-0.068296296
24,linha_10-11,F,-0.068597598
1,linha_11-12,F,-0.17466265
2,linha_11-12,F,-0.18768555
3,linha_11-12,F,-0.19713127
4,linha_11-12,F,-0.2
5,linha_11-12,F,-0.19560535
6,linha_11-12,F,-0.17638742
7,linha_11-12,F,-0.1935199
8,linha_11-12,F,-0.19746165
9,linha_11-12,F,-0.19404155
10,linha_11-12,F,-0.18496262
11,linha_11-12,F,-0.1833802
12,linha_11-12,F,-0.21877252
13,linha_11-12,F,-0.2
14,linha_11-12,F,-0.2
15,linha_11-12,F,-0.20709134
16,linha_11-12,F,-0.17699858
17,linha_11-12,F,-0.2
18,linha_11-12,F,-0.18756409
19,linha_11-12,F,-0.19660595
20,linha_11-12,F,-0.2
21,linha_11-12,F,-0.2
22,linha_11-12,F,-0.2
23,linha_11-12,F,-0.2
24,linha_11-12,F,-0.2
1,linha_12-13,F,-0.28944465
2,linha_12-13,F,-0.30501083
3,linha_12-13,F,-0.31630124
4,linha_12-13,F,-0.32002293
5,linha_12-13,F,-0.31447731
6,linha_12-13,F,-0.28850552
7,linha_12-13,F,-0.29706319
8,linha_12-13,F,-0.2990321
9,linha_12-13,F,-0.29208027
10,linha_12-13,F,-0.28077234
11,linha_12-13,F,-0.27880142
12,linha_12-13,F,-0.31387558
13,linha_12-13,F,-0.29342971
14,linha_12-13,F,-0.2899003
15,linha_12-13,F,-0.29693526
16,linha_12-13,F,-0.27085302
17,linha_12-13,F,-0.29987537
18,linha_12-13,F,-0.29408826
19,linha_12-13,F,-0.31567333
20,linha_12-13,F,-0.32247159
21,linha_12-13,F,-0.32368694
22,linha_12-13,F,-0.32802293
23,linha_12-13,F,-0.33117846
24,linha_12-13,F,-0.33087836
1,linha_13-14,F,-0.4035834
2,linha_13-14,F,-0.42161572
3,linha_13-14,F,-0.43469486
4,linha_13-14,F,-0.43924961
5,linha_13-14,F,-0.43258197
6,linha_13-14,F,-0.4
7,linha_13-14,F,-0.4
8,linha_13-14,F,-0.4
9,linha_13-14,F,-0.3895444
10,linha_13-14,F,-0.37603891
11,linha_13-14,F,-0.37368496
12,linha_13-14,F,-0.40839299
13,linha_13-14,F,-0.38630052
14,linha_13-14,F,-0.37926281
15,linha_13-14,F,-0.38624173
16,linha_13-14,F,-0.36419189
17,linha_13-14,F,-0.39915329
18,linha_13-14,F,-0.4
19,linha_13-14,F,-0.43396747
20,linha_13-14,F,-0.44412256
21,linha_13-14,F,-0.44654117
22,linha_13-14,F,-0.45517001
23,linha_13-14,F,-0.46144968
24,linha_13-14,F,-0.46085247
1,linha_14-15,F,0.11530969
2,linha_14-15,F,0.11791009
3,linha_14-15,F,0.11349349
4,linha_14-15,F,0.16174593
5,linha_14-15,F,0.15823578
6,linha_14-15,F,0.13771699
7,linha_14-15,F,0.11216359
8,linha_14-15,F,0.10628439
9,linha_14-15,F,0.09861039
10,linha_14-15,F,0.096340659
11,linha_14-15,F,0.18433943
12,linha_14-15,F,0.2338736
13,linha_14-15,F,0.3121719
14,linha_14-15,F,0.29123167
15,linha_14-15,F,0.2
16,linha_14-15,F,0.09434965
17,linha_14-15,F,0.10122283
18,linha_14-15,F,0.12104678
19,linha_14-15,F,0.15883478
20,linha_14-15,F,0.16910167
21,linha_14-15,F,0.17275258
22,linha_14-15,F,0.032288942
23,linha_14-15,F,0.098076658
24,linha_14-15,F,0.13153946
1,linha_15-16,F,0.0
2,linha_15-16,F,0.0
3,linha_15-16,F,-0.0063027131
4,linha_15-16,F,0.041165841
5,linha_15-16,F,0.038821839
6,linha_15-16,F,0.025119825
7,linha_15-16,F,0.0080558081
8,linha_15-16,F,0.0041298041
9,linha_15-16,F,0.0
10,linha_15-16,F,0.0
11,linha_15-16,F,0.088571346
12,linha_15-16,F,0.13841263
13,linha_15-16,F,0.21885498
14,linha_15-16,F,0.20133939
15,linha_15-16,F,0.10975375
16,linha_15-16,F,0.0
17,linha_15-16,F,0.00074980075
18,linha_15-16,F,0.013987814
19,linha_15-16,F,0.039221839
20,linha_15-16,F,0.046077846
21,linha_15-16,F,0.048515849
22,linha_15-16,F,-0.09638938
23,linha_15-16,F,-0.033763502
24,linha_15-16,F,0.0
1,linha_16-17,F,-0.11530969
2,linha_16-17,F,-0.11791009
3,linha_16-17,F,-0.12608632
4,linha_16-17,F,-0.079496496
5,linha_16-17,F,-0.08066967
6,linha_16-17,F,-0.087527528
7,linha_16-17,F,-0.096068068
8,linha_16-17,F,-0.098033033
9,linha_16-17,F,-0.09861039
10,linha_16-17,F,-0.096340659
11,linha_16-17,F,-0.0073737094
12,linha_16-17,F,0.042692738
13,linha_16-17,F,0.12512667
14,linha_16-17,F,0.11108449
15,linha_16-17,F,0.019326834
16,linha_16-17,F,-0.09434965
17,linha_16-17,F,-0.099724725
18,linha_16-17,F,-0.093099099
19,linha_16-17,F,-0.080469469
20,linha_16-17,F,-0.077038038
21,linha_16-17,F,-0.075817818
22,linha_16-17,F,-0.22482551
23,linha_16-17,F,-0.1655362
24,linha_16-17,F,-0.13153946
1,linha_17-18,F,-0.2303284
2,linha_17-18,F,-0.23551364
3,linha_17-18,F,-0.24553962
4,linha_17-18,F,-0.2
5,linha_17-18,F,-0.2
6,linha_17-18,F,-0.2
7,linha_17-18,F,-0.2
8,linha_17-18,F,-0.2
9,linha_17-18,F,-0.19702376
10,linha_17-18,F,-0.19248883
11,linha_17-18,F,-0.10330403
12,linha_17-18,F,-0.053112457
13,linha_17-18,F,0.031172969
14,linha_17-18,F,0.02064622
15,linha_17-18,F,-0.0711387
16,linha_17-18,F,-0.18851079
17,linha_17-18,F,-0.2
18,linha_17-18,F,-0.2
19,linha_17-18,F,-0.2
20,linha_17-18,F,-0.2
21,linha_17-18,F,-0.2
22,linha_17-18,F,-0.35269994
23,linha_17-18,F,-0.29685211
24,linha_17-18,F,-0.26269085
1,linha_18-19,F,0.3792373
2,linha_18-19,F,0.39202799
3,linha_18-19,F,0.4
4,linha_18-19,F,0.36077933
5,linha_18-19,F,0.35729014
6,linha_18-19,F,0.33689391
7,linha_18-19,F,0.31149313
8,linha_18-19,F,0.30564905
9,linha_18-19,F,0.29505058
10,linha_18-19,F,0.2
11,linha_18-19,F,0.1833802
12,linha_18-19,F,0.19625992
13,linha_18-19,F,0.2687875
14,linha_18-19,F,0.24628873
15,linha_18-19,F,0.16638182
16,linha_18-19,F,0.28231932
17,linha_18-19,F,0.30061772
18,linha_18-19,F,0.32032326
19,linha_18-19,F,0.35788557
20,linha_18-19,F,0.36809113
21,linha_18-19,F,0.37172024
22,linha_18-19,F,0.45517001
23,linha_18-19,F,0.45676326
24,linha_18-19,F,0.41864043
1,linha_19-20,F,0.26494485
2,linha_19-20,F,0.27520167
3,linha_19-20,F,0.28132798
4,linha_19-20,F,0.24100167
5,linha_19-20,F,0.23866702
6,linha_19-20,F,0.22501965
7,linha_19-20,F,0.20802368
8,linha_19-20,F,0.20411333
9,linha_19-20,F,0.19702376
10,linha_19-20,F,0.10386687
11,linha_19-20,F,0.087610194
12,linha_19-20,F,0.10065583
13,linha_19-20,F,0.17525913
14,linha_19-20,F,0.15621381
15,linha_19-20,F,0.07606827
16,linha_19-20,F,0.18851079
17,linha_19-20,F,0.20074681
18,linha_19-20,F,0.21393203
19,linha_19-20,F,0.23906542
20,linha_19-20,F,0.24589409
21,linha_19-20,F,0.24832237
22,linha_19-20,F,0.32802293
23,linha_19-20,F,0.32645444
24,linha_19-20,F,0.28832761
1,linha_20-21,F,0.15006475
2,linha_20-21,F,0.15775704
3,linha_20-21,F,0.16201799
4,linha_20-21,F,0.12066234
5,linha_20-21,F,0.11949151
6,linha_20-21,F,0.11264735
7,linha_20-21,F,0.10412388
8,linha_20-21,F,0.10216284
9,linha_20-21,F,0.09861039
10,linha_20-21,F,0.007541275
11,linha_20-21,F,-0.0083348614
12,linha_20-21,F,0.0048603474
13,linha_20-21,F,0.081405791
14,linha_20-21,F,0.065865892
15,linha_20-21,F,-0.014397264
16,linha_20-21,F,0.09434965
17,linha_20-21,F,0.10047453
18,linha_20-21,F,0.10708691
19,linha_20-21,F,0.11969131
20,linha_20-21,F,0.12311588
21,linha_20-21,F,0.12433367
22,linha_20-21,F,0.2
23,linha_20-21,F,0.19525706
24,linha_20-21,F,0.15727887
1,linha_21-22,F,0.034824637
2,linha_21-22,F,0.039926721
3,linha_21-22,F,0.04230631
4,linha_21-22,F,0.0
5,linha_21-22,F,0.0
6,linha_21-22,F,0.0
7,linha_21-22,F,0.0
8,linha_21-22,F,0.0
9,linha_21-22,F,0.0
10,linha_21-22,F,-0.088799384
11,linha_21-22,F,-0.10426326
12,linha_21-22,F,-0.090944847
13,linha_21-22,F,-0.012610193
14,linha_21-22,F,-0.024613628
15,linha_21-22,F,-0.10483403
16,linha_21-22,F,0.0
17,linha_21-22,F,0.0
18,linha_21-22,F,0.0
19,linha_21-22,F,0.0
20,linha_21-22,F,0.0
21,linha_21-22,F,0.0
22,linha_21-22,F,0.071464464
23,linha_21-22,F,0.063543864
24,linha_21-22,F,0.025790943
1,linha_22-23,F,-0.080485054
2,linha_22-23,F,-0.077983369
3,linha_22-23,F,-0.077489894
4,linha_22-23,F,-0.12066234
5,linha_22-23,F,-0.11949151
6,linha_22-23,F,-0.11264735
7,linha_22-23,F,-0.10412388
8,linha_22-23,F,-0.10216284
9,linha_22-23,F,-0.09861039
10,linha_22-23,F,-0.18496262
11,linha_22-23,F,-0.2
12,linha_22-23,F,-0.18656833
13,linha_22-23,F,-0.10660098
14,linha_22-23,F,-0.11504397
15,linha_22-23,F,-0.19509011
16,linha_22-23,F,-0.09434965
17,linha_22-23,F,-0.10047453
18,linha_22-23,F,-0.10708691
19,linha_22-23,F,-0.11969131
20,linha_22-23,F,-0.12311588
21,linha_22-23,F,-0.12433367
22,linha_22-23,F,-0.057213857
23,linha_22-23,F,-0.068296296
24,linha_22-23,F,-0.10574852
1,linha_23-24,F,-0.19563393
2,linha_23-24,F,-0.19573765
3,linha_23-24,F,-0.19713127
4,linha_23-24,F,-0.24100167
5,linha_23-24,F,-0.23866702
6,linha_23-24,F,-0.22501965
7,linha_23-24,F,-0.20802368
8,linha_23-24,F,-0.20411333
9,linha_23-24,F,-0.19702376
10,linha_23-24,F,-0.28077234
11,linha_23-24,F,-0.29535494
12,linha_23-24,F,-0.28183725
13,linha_23-24,F,-0.20040317
14,linha_23-24,F,-0.20528308
15,linha_23-24,F,-0.28499603
16,linha_23-24,F,-0.18851079
17,linha_23-24,F,-0.20074681
18,linha_23-24,F,-0.21393203
19,linha_23-24,F,-0.23906542
20,linha_23-24,F,-0.24589409
21,linha_23-24,F,-0.24832237
22,linha_23-24,F,-0.18577787
23,linha_23-24,F,-0.2
24,linha_23-24,F,-0.23700276
1,linha_24-25,F,-0.3103323
2,linha_24-25,F,-0.31303082
3,linha_24-25,F,-0.31630124
4,linha_24-25,F,-0.36077933
5,linha_24-25,F,-0.35729014
6,linha_24-25,F,-0.33689391
7,linha_24-25,F,-0.31149313
8,linha_24-25,F,-0.30564905
9,linha_24-25,F,-0.29505058
10,linha_24-25,F,-0.37603891
11,linha_24-25,F,-0.39013945
12,linha_24-25,F,-0.37656305
13,linha_24-25,F,-0.29383047
14,linha_24-25,F,-0.29515177
15,linha_24-25,F,-0.37437392
16,linha_24-25,F,-0.28231932
17,linha_24-25,F,-0.30061772
18,linha_24-25,F,-0.32032326
19,linha_24-25,F,-0.35788557
20,linha_24-25,F,-0.36809113
21,linha_24-25,F,-0.37172024
22,linha_24-25,F,-0.31385752
23,linha_24-25,F,-0.33117846
24,linha_24-25,F,-0.36765977
1,linha_25-26,F,0.2303284
2,linha_25-26,F,0.23551364
3,linha_25-26,F,0.23927458
4,linha_25-26,F,0.24100167
5,linha_25-26,F,0.23866702
6,linha_25-26,F,0.22501965
7,linha_25-26,F,0.20802368
8,linha_25-26,F,0.20411333
9,linha_25-26,F,0.19702376
10,linha_25-26,F,0.20701726
11,linha_25-26,F,0.32833497
12,linha_25-26,F,0.43831554
13,linha_25-26,F,0.43674305
14,linha_25-26,F,0.42311672
15,linha_25-26,F,0.38037332
16,linha_25-26,F,0.18851079
17,linha_25-26,F,0.20074681
18,linha_25-26,F,0.21393203
19,linha_25-26,F,0.23906542
20,linha_25-26,F,0.24589409
21,linha_25-26,F,0.24832237
22,linha_25-26,F,0.15819266
23,linha_25-26,F,0.23029334
24,linha_25-26,F,0.26269085
1,linha_26-27,F,0.11530969
2,linha_26-27,F,0.11791009
3,linha_26-27,F,0.1197962
4,linha_26-27,F,0.12066234
5,linha_26-27,F,0.11949151
6,linha_26-27,F,0.11264735
7,linha_26-27,F,0.10412388
8,linha_26-27,F,0.10216284
9,linha_26-27,F,0.09861039
10,linha_26-27,F,0.11091222
11,linha_26-27,F,0.23317851
12,linha_26-27,F,0.34403824
13,linha_26-27,F,0.34424952
14,linha_26-27,F,0.33406449
15,linha_26-27,F,0.29103154
16,linha_26-27,F,0.09434965
17,linha_26-27,F,0.10047453
18,linha_26-27,F,0.10708691
19,linha_26-27,F,0.11969131
20,linha_26-27,F,0.12311588
21,linha_26-27,F,0.12433367
22,linha_26-27,F,0.029573428
23,linha_26-27,F,0.09871093
24,linha_26-27,F,0.13153946
1,linha_27-28,F,0.0
2,linha_27-28,F,0.0
3,linha_27-28,F,0.0
4,linha_27-28,F,0.0
5,linha_27-28,F,0.0
6,linha_27-28,F,0.0
7,linha_27-28,F,0.0
8,linha_27-28,F,0.0
9,linha_27-28,F,0.0
10,linha_27-28,F,0.014600737
11,linha_27-28,F,0.13757462
12,linha_27-28,F,0.2491167
13,linha_27-28,F,0.25112564
14,linha_27-28,F,0.24442998
15,linha_27-28,F,0.20115209
16,linha_27-28,F,0.0
17,linha_27-28,F,0.0
18,linha_27-28,F,0.0
19,linha_27-28,F,0.0
20,linha_27-28,F,0.0
21,linha_27-28,F,0.0
22,linha_27-28,F,-0.099104894
23,linha_27-28,F,-0.03312923
24,linha_27-28,F,0.0
1,linha_28-29,F,-0.11530969
2,linha_28-29,F,-0.11791009
3,linha_28-29,F,-0.1197962
4,linha_28-29,F,-0.12066234
5,linha_28-29,F,-0.11949151
6,linha_28-29,F,-0.11264735
7,linha_28-29,F,-0.10412388
8,linha_28-29,F,-0.10216284
9,linha_28-29,F,-0.09861039
10,linha_28-29,F,-0.081739923
11,linha_28-29,F,0.041712909
12,linha_28-29,F,0.15371677
13,linha_28-29,F,0.15752654
14,linha_28-29,F,0.15434761
15,linha_28-29,F,0.11091045
16,linha_28-29,F,-0.09434965
17,linha_28-29,F,-0.10047453
18,linha_28-29,F,-0.10708691
19,linha_28-29,F,-0.11969131
20,linha_28-29,F,-0.12311588
21,linha_28-29,F,-0.12433367
22,linha_28-29,F,-0.2275302
23,linha_28-29,F,-0.1649032
24,linha_28-29,F,-0.13153946
1,linha_29-30,F,-0.2303284
2,linha_29-30,F,-0.23551364
3,linha_29-30,F,-0.23927458
4,linha_29-30,F,-0.24100167
5,linha_29-30,F,-0.23866702
6,linha_29-30,F,-0.22501965
7,linha_29-30,F,-0.20802368
8,linha_29-30,F,-0.20411333
9,linha_29-30,F,-0.19702376
10,linha_29-30,F,-0.17791727
11,linha_29-30,F,-0.054232146
12,linha_29-30,F,0.058027513
13,linha_29-30,F,0.063637708
14,linha_29-30,F,0.063995957
15,linha_29-30,F,0.02048585
16,linha_29-30,F,-0.18851079
17,linha_29-30,F,-0.20074681
18,linha_29-30,F,-0.21393203
19,linha_29-30,F,-0.23906542
20,linha_29-30,F,-0.24589409
21,linha_29-30,F,-0.24832237
22,linha_29-30,F,-0.35538844
23,linha_29-30,F,-0.29622163
24,linha_29-30,F,-0.26269085
1,linha_30-31,F,0.34482793
2,linha_30-31,F,0.35257737
3,linha_30-31,F,0.35819817
4,linha_30-31,F,0.36077933
5,linha_30-31,F,0.35729014
6,linha_30-31,F,0.33689391
7,linha_30-31,F,0.31149313
8,linha_30-31,F,0.30564905
9,linha_30-31,F,0.29505058
10,linha_30-31,F,0.28826854
11,linha_30-31,F,0.28708645
12,linha_30-31,F,0.28666855
13,linha_30-31,F,0.28132231
14,linha_30-31,F,0.27075522
15,linha_30-31,F,0.27071343
16,linha_30-31,F,0.28231932
17,linha_30-31,F,0.30061772
18,linha_30-31,F,0.32032326
19,linha_30-31,F,0.35788557
20,linha_30-31,F,0.36809113
21,linha_30-31,F,0.37172024
22,linha_30-31,F,0.38466773
23,linha_30-31,F,0.39409031
24,linha_30-31,F,0.39319419
1,linha_31-32,F,0.2303284
2,linha_31-32,F,0.23551364
3,linha_31-32,F,0.23927458
4,linha_31-32,F,0.24100167
5,linha_31-32,F,0.23866702
6,linha_31-32,F,0.22501965
7,linha_31-32,F,0.20802368
8,linha_31-32,F,0.20411333
9,linha_31-32,F,0.19702376
10,linha_31-32,F,0.19248883
11,linha_31-32,F,0.19169841
12,linha_31-32,F,0.19141897
13,linha_31-32,F,0.18784412
14,linha_31-32,F,0.18077826
15,linha_31-32,F,0.18075032
16,linha_31-32,F,0.18851079
17,linha_31-32,F,0.20074681
18,linha_31-32,F,0.21393203
19,linha_31-32,F,0.23906542
20,linha_31-32,F,0.24589409
21,linha_31-32,F,0.24832237
22,linha_31-32,F,0.25698569
23,linha_31-32,F,0.26329045
24,linha_31-32,F,0.26269085
1,linha_32-33,F,0.11530969
2,linha_32-33,F,0.11791009
3,linha_32-33,F,0.1197962
4,linha_32-33,F,0.12066234
5,linha_32-33,F,0.11949151
6,linha_32-33,F,0.11264735
7,linha_32-33,F,0.10412388
8,linha_32-33,F,0.10216284
9,linha_32-33,F,0.09861039
10,linha_32-33,F,0.096340659
11,linha_32-33,F,0.095945055
12,linha_32-33,F,0.095805195
13,linha_32-33,F,0.094015984
14,linha_32-33,F,0.09047952
15,linha_32-33,F,0.090465534
16,linha_32-33,F,0.09434965
17,linha_32-33,F,0.10047453
18,linha_32-33,F,0.10708691
19,linha_32-33,F,0.11969131
20,linha_32-33,F,0.12311588
21,linha_32-33,F,0.12433367
22,linha_32-33,F,0.12867832
23,linha_32-33,F,0.13184016
24,linha_32-33,F,0.13153946
1,linha_1-2,Ploss,0.00023061938
2,linha_1-2,Ploss,0.00023582018
3,linha_1-2,Ploss,0.00023959241
4,linha_1-2,Ploss,0.00024132468
5,linha_1-2,Ploss,0.00023898302
6,linha_1-2,Ploss,0.00022529471
7,linha_1-2,Ploss,0.00020824775
8,linha_1-2,Ploss,0.00020432567
9,linha_1-2,Ploss,0.00019722078
10,linha_1-2,Ploss,0.00019268132
11,linha_1-2,Ploss,0.00019189011
12,linha_1-2,Ploss,0.00019161039
13,linha_1-2,Ploss,0.00018803197
14,linha_1-2,Ploss,0.00018095904
15,linha_1-2,Ploss,0.00018093107
16,linha_1-2,Ploss,0.0001886993
17,linha_1-2,Ploss,0.00020094905
18,linha_1-2,Ploss,0.00021417383
19,linha_1-2,Ploss,0.00023938262
20,linha_1-2,Ploss,0.00024623177
21,linha_1-2,Ploss,0.00024866733
22,linha_1-2,Ploss,0.00025735664
23,linha_1-2,Ploss,0.00026368032
24,linha_1-2,Ploss,0.00026307892
1,linha_2-3,Ploss,0.00058197037
2,linha_2-3,Ploss,0.00061308183
3,linha_2-3,Ploss,0.0006356475
4,linha_2-3,Ploss,0.00064601002
5,linha_2-3,Ploss,0.0006320021
6,linha_2-3,Ploss,0.00055011788
7,linha_2-3,Ploss,0.00044814209
8,linha_2-3,Ploss,0.00042468001
9,linha_2-3,Ploss,0.00039404751
10,linha_2-3,Ploss,0.00038497766
11,linha_2-3,Ploss,0.00038339682
12,linha_2-3,Ploss,0.00038283794
13,linha_2-3,Ploss,0.00037568825
14,linha_2-3,Ploss,0.00036155653
15,linha_2-3,Ploss,0.00036150064
16,linha_2-3,Ploss,0.00037702158
17,linha_2-3,Ploss,0.00040448086
18,linha_2-3,Ploss,0.00048359218
19,linha_2-3,Ploss,0.00063439253
20,linha_2-3,Ploss,0.00067536452
21,linha_2-3,Ploss,0.00068993419
22,linha_2-3,Ploss,0.00074191412
23,linha_2-3,Ploss,0.00077974269
24,linha_2-3,Ploss,0.00077614509
1,linha_3-4,Ploss,0.0012689676
2,linha_3-4,Ploss,0.0013154642
3,linha_3-4,Ploss,0.001349189
4,linha_3-4,Ploss,0.001364676
5,linha_3-4,Ploss,0.0013437409
6,linha_3-4,Ploss,0.0012213634
7,linha_3-4,Ploss,0.0010689588
8,linha_3-4,Ploss,0.0010338943
9,linha_3-4,Ploss,0.00097030348
10,linha_3-4,Ploss,0.00092961121
11,linha_3-4,Ploss,0.00092251872
12,linha_3-4,Ploss,0.00092001128
13,linha_3-4,Ploss,0.00088793388
14,linha_3-4,Ploss,0.00082453131
15,linha_3-4,Ploss,0.00082428057
16,linha_3-4,Ploss,0.00089391593
17,linha_3-4,Ploss,0.0010037063
18,linha_3-4,Ploss,0.0011219396
19,linha_3-4,Ploss,0.0013473134
20,linha_3-4,Ploss,0.0014085468
21,linha_3-4,Ploss,0.0014303214
22,linha_3-4,Ploss,0.0015080064
23,linha_3-4,Ploss,0.0015645418
24,linha_3-4,Ploss,0.0015591652
1,linha_4-5,Ploss,0.0021852581
2,linha_4-5,Ploss,0.0022880362
3,linha_4-5,Ploss,0.0023625828
4,linha_4-5,Ploss,0.0023968158
5,linha_4-5,Ploss,0.00235054
6,linha_4-5,Ploss,0.0020800321
7,linha_4-5,Ploss,0.0017431508
8,linha_4-5,Ploss,0.0016656428
9,linha_4-5,Ploss,0.0015549816
10,linha_4-5,Ploss,0.0015009416
11,linha_4-5,Ploss,0.0014915226
12,linha_4-5,Ploss,0.0014881927
13,linha_4-5,Ploss,0.0014455933
14,linha_4-5,Ploss,0.0013613935
15,linha_4-5,Ploss,0.0013610605
16,linha_4-5,Ploss,0.0014535376
17,linha_4-5,Ploss,0.0015993471
18,linha_4-5,Ploss,0.0018602616
19,linha_4-5,Ploss,0.0023584369
20,linha_4-5,Ploss,0.0024937896
21,linha_4-5,Ploss,0.0025419212
22,linha_4-5,Ploss,0.002713639
23,linha_4-5,Ploss,0.0028386073
24,linha_4-5,Ploss,0.0028267225
1,linha_5-6,Ploss,0.0033120217
2,linha_5-6,Ploss,0.0034396776
3,linha_5-6,Ploss,0.0035322685
4,linha_5-6,Ploss,0.0035747878
5,linha_5-6,Ploss,0.0035173108
6,linha_5-6,Ploss,0.0031813253
7,linha_5-6,Ploss,0.0027629005
8,linha_5-6,Ploss,0.0026666314
9,linha_5-6,Ploss,0.0024918253
10,linha_5-6,Ploss,0.0023798685
11,linha_5-6,Ploss,0.0023603549
12,linha_5-6,Ploss,0.0023534562
13,linha_5-6,Ploss,0.0022652015
14,linha_5-6,Ploss,0.0020907618
15,linha_5-6,Ploss,0.0020900719
16,linha_5-6,Ploss,0.00228166
17,linha_5-6,Ploss,0.0025837464
18,linha_5-6,Ploss,0.0029083585
19,linha_5-6,Ploss,0.0035271191
20,linha_5-6,Ploss,0.0037330635
21,linha_5-6,Ploss,0.003816592
22,linha_5-6,Ploss,0.004114595
23,linha_5-6,Ploss,0.0043314677
24,linha_5-6,Ploss,0.0043108425
1,linha_6-7,Ploss,0.0016
2,linha_6-7,Ploss,0.0016
3,linha_6-7,Ploss,0.0016
4,linha_6-7,Ploss,0.001614514
5,linha_6-7,Ploss,0.0016
6,linha_6-7,Ploss,0.0015105515
7,linha_6-7,Ploss,0.0011552112
8,linha_6-7,Ploss,0.0010734562
9,linha_6-7,Ploss,0.00098808973
10,linha_6-7,Ploss,0.0009744985
11,linha_6-7,Ploss,0.00097212961
12,linha_6-7,Ploss,0.00075599263
13,linha_6-7,Ploss,0.00081514405
14,linha_6-7,Ploss,0.00070943086
15,linha_6-7,Ploss,0.00066646477
16,linha_6-7,Ploss,0.00096257627
17,linha_6-7,Ploss,0.0010081515
18,linha_6-7,Ploss,0.001278739
19,linha_6-7,Ploss,0.0016
20,linha_6-7,Ploss,0.0017359242
21,linha_6-7,Ploss,0.0017961845
22,linha_6-7,Ploss,0.0020111736
23,linha_6-7,Ploss,0.0021676326
24,linha_6-7,Ploss,0.0021527529
1,linha_7-8,Ploss,0.00091499498
2,linha_7-8,Ploss,0.00089932999
3,linha_7-8,Ploss,0.0008879679
4,linha_7-8,Ploss,0.00089152852
5,linha_7-8,Ploss,0.00088980341
6,linha_7-8,Ploss,0.00084104629
7,linha_7-8,Ploss,0.00053491353
8,linha_7-8,Ploss,0.00046448004
9,linha_7-8,Ploss,0.0004
10,linha_7-8,Ploss,0.0004
11,linha_7-8,Ploss,0.0004
12,linha_7-8,Ploss,0.00032794615
13,linha_7-8,Ploss,0.00035132782
14,linha_7-8,Ploss,0.00032303609
15,linha_7-8,Ploss,0.00030868474
16,linha_7-8,Ploss,0.0004
17,linha_7-8,Ploss,0.00040895277
18,linha_7-8,Ploss,0.00064133521
19,linha_7-8,Ploss,0.0008885998
20,linha_7-8,Ploss,0.00095017885
21,linha_7-8,Ploss,0.0009792891
22,linha_7-8,Ploss,0.0010831451
23,linha_7-8,Ploss,0.0011587267
24,linha_7-8,Ploss,0.0011515386
1,linha_8-9,Ploss,0.00034207206
2,linha_8-9,Ploss,0.00033161828
3,linha_8-9,Ploss,0.00032403597
4,linha_8-9,Ploss,0.00032349186
5,linha_8-9,Ploss,0.00032526087
6,linha_8-9,Ploss,0.00032265914
7,linha_8-9,Ploss,0.00023728738
8,linha_8-9,Ploss,0.00021764547
9,linha_8-9,Ploss,0.00020318519
10,linha_8-9,Ploss,0.00020773373
11,linha_8-9,Ploss,0.00020852653
12,linha_8-9,Ploss,0.0001366087
13,linha_8-9,Ploss,0.00016362277
14,linha_8-9,Ploss,0.00014236148
15,linha_8-9,Ploss,0.00012800943
16,linha_8-9,Ploss,0.00021172372
17,linha_8-9,Ploss,0.00020244566
18,linha_8-9,Ploss,0.00026696537
19,linha_8-9,Ploss,0.00032445766
20,linha_8-9,Ploss,0.00033820333
21,linha_8-9,Ploss,0.00034550516
22,linha_8-9,Ploss,0.00037155573
23,linha_8-9,Ploss,0.00039051413
24,linha_8-9,Ploss,0.00038871113
1,linha_9-10,Ploss,0.00011167581
2,linha_9-10,Ploss,9.5989886e-05
3,linha_9-10,Ploss,8.461262e-05
4,linha_9-10,Ploss,8.2331682e-05
5,linha_9-10,Ploss,8.6450579e-05
6,linha_9-10,Ploss,9.7559354e-05
7,linha_9-10,Ploss,2.9097764e-05
8,linha_9-10,Ploss,1.3346463e-05
9,linha_9-10,Ploss,5.9763467e-06
10,linha_9-10,Ploss,1.508255e-05
11,linha_9-10,Ploss,1.6669723e-05
12,linha_9-10,Ploss,5.5001686e-05
13,linha_9-10,Ploss,2.4409194e-05
14,linha_9-10,Ploss,3.8597557e-05
15,linha_9-10,Ploss,5.2921635e-05
16,linha_9-10,Ploss,2.3070518e-05
17,linha_9-10,Ploss,1.4996015e-06
18,linha_9-10,Ploss,5.2897234e-05
19,linha_9-10,Ploss,8.524536e-05
20,linha_9-10,Ploss,9.2155692e-05
21,linha_9-10,Ploss,9.7031697e-05
22,linha_9-10,Ploss,0.00011442771
23,linha_9-10,Ploss,0.00012708773
24,linha_9-10,Ploss,0.00012588373
1,linha_10-11,Ploss,0.00011894357
2,linha_10-11,Ploss,0.00013983029
3,linha_10-11,Ploss,0.00015497979
4,linha_10-11,Ploss,0.00015899299
5,linha_10-11,Ploss,0.00015253244
6,linha_10-11,Ploss,0.00012773535
7,linha_10-11,Ploss,0.00017914999
8,linha_10-11,Ploss,0.00019097921
9,linha_10-11,Ploss,0.00019124443
10,linha_10-11,Ploss,0.00017759877
11,linha_10-11,Ploss,0.00017522039
12,linha_10-11,Ploss,0.00024650218
13,linha_10-11,Ploss,0.00021239239
14,linha_10-11,Ploss,0.00021947948
15,linha_10-11,Ploss,0.00023374697
16,linha_10-11,Ploss,0.00016562878
17,linha_10-11,Ploss,0.00019944945
18,linha_10-11,Ploss,0.00016127659
19,linha_10-11,Ploss,0.00015413726
20,linha_10-11,Ploss,0.00015407608
21,linha_10-11,Ploss,0.00015163564
22,linha_10-11,Ploss,0.00014292893
23,linha_10-11,Ploss,0.00013659259
24,linha_10-11,Ploss,0.0001371952
1,linha_11-12,Ploss,0.0003493253
2,linha_11-12,Ploss,0.00037537109
3,linha_11-12,Ploss,0.00039426254
4,linha_11-12,Ploss,0.0004
5,linha_11-12,Ploss,0.00039121069
6,linha_11-12,Ploss,0.00035277484
7,linha_11-12,Ploss,0.0003870398
8,linha_11-12,Ploss,0.00039492331
9,linha_11-12,Ploss,0.0003880831
10,linha_11-12,Ploss,0.00036992524
11,linha_11-12,Ploss,0.00036676041
12,linha_11-12,Ploss,0.00051263514
13,linha_11-12,Ploss,0.0004
14,linha_11-12,Ploss,0.0004
15,linha_11-12,Ploss,0.00044254802
16,linha_11-12,Ploss,0.00035399716
17,linha_11-12,Ploss,0.0004
18,linha_11-12,Ploss,0.00037512819
19,linha_11-12,Ploss,0.00039321191
20,linha_11-12,Ploss,0.0004
21,linha_11-12,Ploss,0.0004
22,linha_11-12,Ploss,0.0004
23,linha_11-12,Ploss,0.0004
24,linha_11-12,Ploss,0.0004
1,linha_12-13,Ploss,0.00093666793
2,linha_12-13,Ploss,0.001030065
3,linha_12-13,Ploss,0.0010978074
4,linha_12-13,Ploss,0.0011201376
5,linha_12-13,Ploss,0.0010868639
6,linha_12-13,Ploss,0.0009310331
7,linha_12-13,Ploss,0.00098237914
8,linha_12-13,Ploss,0.00099419258
9,linha_12-13,Ploss,0.00095248162
10,linha_12-13,Ploss,0.00088463406
11,linha_12-13,Ploss,0.00087280851
12,linha_12-13,Ploss,0.0010832535
13,linha_12-13,Ploss,0.00096057827
14,linha_12-13,Ploss,0.00093940179
15,linha_12-13,Ploss,0.00098161154
16,linha_12-13,Ploss,0.00082511812
17,linha_12-13,Ploss,0.00099925224
18,linha_12-13,Ploss,0.00096452959
19,linha_12-13,Ploss,0.00109404
20,linha_12-13,Ploss,0.0011348295
21,linha_12-13,Ploss,0.0011421216
22,linha_12-13,Ploss,0.0011681376
23,linha_12-13,Ploss,0.0011870708
24,linha_12-13,Ploss,0.0011852702
1,linha_13-14,Ploss,0.001635834
2,linha_13-14,Ploss,0.0018161572
3,linha_13-14,Ploss,0.0019469486
4,linha_13-14,Ploss,0.0019924961
5,linha_13-14,Ploss,0.0019258197
6,linha_13-14,Ploss,0.0016
7,linha_13-14,Ploss,0.0016
8,linha_13-14,Ploss,0.0016
9,linha_13-14,Ploss,0.0015372664
10,linha_13-14,Ploss,0.0014562335
11,linha_13-14,Ploss,0.0014421098
12,linha_13-14,Ploss,0.0016839299
13,linha_13-14,Ploss,0.0015178031
14,linha_13-14,Ploss,0.0014755769
15,linha_13-14,Ploss,0.0015174504
16,linha_13-14,Ploss,0.0013851513
17,linha_13-14,Ploss,0.0015949197
18,linha_13-14,Ploss,0.0016
19,linha_13-14,Ploss,0.0019396747
20,linha_13-14,Ploss,0.0020412256
21,linha_13-14,Ploss,0.0020654117
22,linha_13-14,Ploss,0.0021517001
23,linha_13-14,Ploss,0.0022144968
24,linha_13-14,Ploss,0.0022085247
1,linha_14-15,Ploss,0.00023061938
2,linha_14-15,Ploss,0.00023582018
3,linha_14-15,Ploss,0.00022698698
4,linha_14-15,Ploss,0.00032349186
5,linha_14-15,Ploss,0.00031647156
6,linha_14-15,Ploss,0.00027543398
7,linha_14-15,Ploss,0.00022432718
8,linha_14-15,Ploss,0.00021256878
9,linha_14-15,Ploss,0.00019722078
10,linha_14-15,Ploss,0.00019268132
11,linha_14-15,Ploss,0.00036867887
12,linha_14-15,Ploss,0.00060324159
13,linha_14-15,Ploss,0.0010730314
14,linha_14-15,Ploss,0.00094739004
15,linha_14-15,Ploss,0.0004
16,linha_14-15,Ploss,0.0001886993
17,linha_14-15,Ploss,0.00020244566
18,linha_14-15,Ploss,0.00024209356
19,linha_14-15,Ploss,0.00031766957
20,linha_14-15,Ploss,0.00033820333
21,linha_14-15,Ploss,0.00034550516
22,linha_14-15,Ploss,6.4577884e-05
23,linha_14-15,Ploss,0.00019615332
24,linha_14-15,Ploss,0.00026307892
1,linha_15-16,Ploss,0.0
2,linha_15-16,Ploss,0.0
3,linha_15-16,Ploss,1.2605426e-05
4,linha_15-16,Ploss,8.2331682e-05
5,linha_15-16,Ploss,7.7643678e-05
6,linha_15-16,Ploss,5.023965e-05
7,linha_15-16,Ploss,1.6111616e-05
8,linha_15-16,Ploss,8.2596083e-06
9,linha_15-16,Ploss,0.0
10,linha_15-16,Ploss,0.0
11,linha_15-16,Ploss,0.00017714269
12,linha_15-16,Ploss,0.00027682527
13,linha_15-16,Ploss,0.00051312987
14,linha_15-16,Ploss,0.00040803632
15,linha_15-16,Ploss,0.00021950751
16,linha_15-16,Ploss,0.0
17,linha_15-16,Ploss,1.4996015e-06
18,linha_15-16,Ploss,2.7975628e-05
19,linha_15-16,Ploss,7.8443678e-05
20,linha_15-16,Ploss,9.2155692e-05
21,linha_15-16,Ploss,9.7031697e-05
22,linha_15-16,Ploss,0.00019277876
23,linha_15-16,Ploss,6.7527005e-05
24,linha_15-16,Ploss,0.0
1,linha_16-17,Ploss,0.00023061938
2,linha_16-17,Ploss,0.00023582018
3,linha_16-17,Ploss,0.00025217265
4,linha_16-17,Ploss,0.00015899299
5,linha_16-17,Ploss,0.00016133934
6,linha_16-17,Ploss,0.00017505506
7,linha_16-17,Ploss,0.00019213614
8,linha_16-17,Ploss,0.00019606607
9,linha_16-17,Ploss,0.00019722078
10,linha_16-17,Ploss,0.00019268132
11,linha_16-17,Ploss,1.4747419e-05
12,linha_16-17,Ploss,8.5385476e-05
13,linha_16-17,Ploss,0.00025025334
14,linha_16-17,Ploss,0.00022216898
15,linha_16-17,Ploss,3.8653669e-05
16,linha_16-17,Ploss,0.0001886993
17,linha_16-17,Ploss,0.00019944945
18,linha_16-17,Ploss,0.0001861982
19,linha_16-17,Ploss,0.00016093894
20,linha_16-17,Ploss,0.00015407608
21,linha_16-17,Ploss,0.00015163564
22,linha_16-17,Ploss,0.00054895308
23,linha_16-17,Ploss,0.00033107241
24,linha_16-17,Ploss,0.00026307892
1,linha_17-18,Ploss,0.00058197037
2,linha_17-18,Ploss,0.00061308183
3,linha_17-18,Ploss,0.00067323771
4,linha_17-18,Ploss,0.0004
5,linha_17-18,Ploss,0.0004
6,linha_17-18,Ploss,0.0004
7,linha_17-18,Ploss,0.0004
8,linha_17-18,Ploss,0.0004
9,linha_17-18,Ploss,0.00039404751
10,linha_17-18,Ploss,0.00038497766
11,linha_17-18,Ploss,0.00020660806
12,linha_17-18,Ploss,0.00010622491
13,linha_17-18,Ploss,6.2345938e-05
14,linha_17-18,Ploss,4.129244e-05
15,linha_17-18,Ploss,0.0001422774
16,linha_17-18,Ploss,0.00037702158
17,linha_17-18,Ploss,0.0004
18,linha_17-18,Ploss,0.0004
19,linha_17-18,Ploss,0.0004
20,linha_17-18,Ploss,0.0004
21,linha_17-18,Ploss,0.0004
22,linha_17-18,Ploss,0.0013161996
23,linha_17-18,Ploss,0.00098111266
24,linha_17-18,Ploss,0.00077614509
1,linha_18-19,Ploss,0.0014754238
2,linha_18-19,Ploss,0.0015521679
3,linha_18-19,Ploss,0.0016
4,linha_18-19,Ploss,0.001364676
5,linha_18-19,Ploss,0.0013437409
6,linha_18-19,Ploss,0.0012213634
7,linha_18-19,Ploss,0.0010689588
8,linha_18-19,Ploss,0.0010338943
9,linha_18-19,Ploss,0.00097030348
10,linha_18-19,Ploss,0.0004
11,linha_18-19,Ploss,0.00036676041
12,linha_18-19,Ploss,0.00039251983
13,linha_18-19,Ploss,0.00081272503
14,linha_18-19,Ploss,0.0006777324
15,linha_18-19,Ploss,0.00033276364
16,linha_18-19,Ploss,0.00089391593
17,linha_18-19,Ploss,0.0010037063
18,linha_18-19,Ploss,0.0011219396
19,linha_18-19,Ploss,0.0013473134
20,linha_18-19,Ploss,0.0014085468
21,linha_18-19,Ploss,0.0014303214
22,linha_18-19,Ploss,0.0021517001
23,linha_18-19,Ploss,0.0021676326
24,linha_18-19,Ploss,0.0017864043
1,linha_19-20,Ploss,0.00078966909
2,linha_19-20,Ploss,0.00085121005
3,linha_19-20,Ploss,0.0008879679
4,linha_19-20,Ploss,0.00064601002
5,linha_19-20,Ploss,0.0006320021
6,linha_19-20,Ploss,0.00055011788
7,linha_19-20,Ploss,0.00044814209
8,linha_19-20,Ploss,0.00042468001
9,linha_19-20,Ploss,0.00039404751
10,linha_19-20,Ploss,0.00020773373
11,linha_19-20,Ploss,0.00017522039
12,linha_19-20,Ploss,0.00020131166
13,linha_19-20,Ploss,0.00035051825
14,linha_19-20,Ploss,0.00031242763
15,linha_19-20,Ploss,0.00015213654
16,linha_19-20,Ploss,0.00037702158
17,linha_19-20,Ploss,0.00040448086
18,linha_19-20,Ploss,0.00048359218
19,linha_19-20,Ploss,0.00063439253
20,linha_19-20,Ploss,0.00067536452
21,linha_19-20,Ploss,0.00068993419
22,linha_19-20,Ploss,0.0011681376
23,linha_19-20,Ploss,0.0011587267
24,linha_19-20,Ploss,0.00092996567
1,linha_20-21,Ploss,0.00030012949
2,linha_20-21,Ploss,0.00031551407
3,linha_20-21,Ploss,0.00032403597
4,linha_20-21,Ploss,0.00024132468
5,linha_20-21,Ploss,0.00023898302
6,linha_20-21,Ploss,0.00022529471
7,linha_20-21,Ploss,0.00020824775
8,linha_20-21,Ploss,0.00020432567
9,linha_20-21,Ploss,0.00019722078
10,linha_20-21,Ploss,1.508255e-05
11,linha_20-21,Ploss,1.6669723e-05
12,linha_20-21,Ploss,9.7206948e-06
13,linha_20-21,Ploss,0.00016281158
14,linha_20-21,Ploss,0.00013173178
15,linha_20-21,Ploss,2.8794528e-05
16,linha_20-21,Ploss,0.0001886993
17,linha_20-21,Ploss,0.00020094905
18,linha_20-21,Ploss,0.00021417383
19,linha_20-21,Ploss,0.00023938262
20,linha_20-21,Ploss,0.00024623177
21,linha_20-21,Ploss,0.00024866733
22,linha_20-21,Ploss,0.0004
23,linha_20-21,Ploss,0.00039051413
24,linha_20-21,Ploss,0.00031455775
1,linha_21-22,Ploss,6.9649274e-05
2,linha_21-22,Ploss,7.9853442e-05
3,linha_21-22,Ploss,8.461262e-05
4,linha_21-22,Ploss,0.0
5,linha_21-22,Ploss,0.0
6,linha_21-22,Ploss,0.0
7,linha_21-22,Ploss,0.0
8,linha_21-22,Ploss,0.0
9,linha_21-22,Ploss,0.0
10,linha_21-22,Ploss,0.00017759877
11,linha_21-22,Ploss,0.00020852653
12,linha_21-22,Ploss,0.00018188969
13,linha_21-22,Ploss,2.5220386e-05
14,linha_21-22,Ploss,4.9227256e-05
15,linha_21-22,Ploss,0.00020966807
16,linha_21-22,Ploss,0.0
17,linha_21-22,Ploss,0.0
18,linha_21-22,Ploss,0.0
19,linha_21-22,Ploss,0.0
20,linha_21-22,Ploss,0.0
21,linha_21-22,Ploss,0.0
22,linha_21-22,Ploss,0.00014292893
23,linha_21-22,Ploss,0.00012708773
24,linha_21-22,Ploss,5.1581885e-05
1,linha_22-23,Ploss,0.00016097011
2,linha_22-23,Ploss,0.00015596674
3,linha_22-23,Ploss,0.00015497979
4,linha_22-23,Ploss,0.00024132468
5,linha_22-23,Ploss,0.00023898302
6,linha_22-23,Ploss,0.00022529471
7,linha_22-23,Ploss,0.00020824775
8,linha_22-23,Ploss,0.00020432567
9,linha_22-23,Ploss,0.00019722078
10,linha_22-23,Ploss,0.00036992524
11,linha_22-23,Ploss,0.0004
12,linha_22-23,Ploss,0.00037313667
13,linha_22-23,Ploss,0.00021320196
14,linha_22-23,Ploss,0.00023008794
15,linha_22-23,Ploss,0.00039018022
16,linha_22-23,Ploss,0.0001886993
17,linha_22-23,Ploss,0.00020094905
18,linha_22-23,Ploss,0.00021417383
19,linha_22-23,Ploss,0.00023938262
20,linha_22-23,Ploss,0.00024623177
21,linha_22-23,Ploss,0.00024866733
22,linha_22-23,Ploss,0.00011442771
23,linha_22-23,Ploss,0.00013659259
24,linha_22-23,Ploss,0.00021149704
1,linha_23-24,Ploss,0.00039126787
2,linha_23-24,Ploss,0.0003914753
3,linha_23-24,Ploss,0.00039426254
4,linha_23-24,Ploss,0.00064601002
5,linha_23-24,Ploss,0.0006320021
6,linha_23-24,Ploss,0.00055011788
7,linha_23-24,Ploss,0.00044814209
8,linha_23-24,Ploss,0.00042468001
9,linha_23-24,Ploss,0.00039404751
10,linha_23-24,Ploss,0.00088463406
11,linha_23-24,Ploss,0.00097212961
12,linha_23-24,Ploss,0.00089102352
13,linha_23-24,Ploss,0.00040241903
14,linha_23-24,Ploss,0.00043169846
15,linha_23-24,Ploss,0.00090997618
16,linha_23-24,Ploss,0.00037702158
17,linha_23-24,Ploss,0.00040448086
18,linha_23-24,Ploss,0.00048359218
19,linha_23-24,Ploss,0.00063439253
20,linha_23-24,Ploss,0.00067536452
21,linha_23-24,Ploss,0.00068993419
22,linha_23-24,Ploss,0.00037155573
23,linha_23-24,Ploss,0.0004
24,linha_23-24,Ploss,0.00062201657
1,linha_24-25,Ploss,0.0010619938
2,linha_24-25,Ploss,0.0010781849
3,linha_24-25,Ploss,0.0010978074
4,linha_24-25,Ploss,0.001364676
5,linha_24-25,Ploss,0.0013437409
6,linha_24-25,Ploss,0.0012213634
7,linha_24-25,Ploss,0.0010689588
8,linha_24-25,Ploss,0.0010338943
9,linha_24-25,Ploss,0.00097030348
10,linha_24-25,Ploss,0.0014562335
11,linha_24-25,Ploss,0.0015408367
12,linha_24-25,Ploss,0.0014593783
13,linha_24-25,Ploss,0.00096298282
14,linha_24-25,Ploss,0.00097091064
15,linha_24-25,Ploss,0.0014462435
16,linha_24-25,Ploss,0.00089391593
17,linha_24-25,Ploss,0.0010037063
18,linha_24-25,Ploss,0.0011219396
19,linha_24-25,Ploss,0.0013473134
20,linha_24-25,Ploss,0.0014085468
21,linha_24-25,Ploss,0.0014303214
22,linha_24-25,Ploss,0.0010831451
23,linha_24-25,Ploss,0.0011870708
24,linha_24-25,Ploss,0.0014059586
1,linha_25-26,Ploss,0.00058197037
2,linha_25-26,Ploss,0.00061308183
3,linha_25-26,Ploss,0.0006356475
4,linha_25-26,Ploss,0.00064601002
5,linha_25-26,Ploss,0.0006320021
6,linha_25-26,Ploss,0.00055011788
7,linha_25-26,Ploss,0.00044814209
8,linha_25-26,Ploss,0.00042468001
9,linha_25-26,Ploss,0.00039404751
10,linha_25-26,Ploss,0.00044210356
11,linha_25-26,Ploss,0.0011700098
12,linha_25-26,Ploss,0.0019831554
13,linha_25-26,Ploss,0.0019674305
14,linha_25-26,Ploss,0.0018311672
15,linha_25-26,Ploss,0.0014822399
16,linha_25-26,Ploss,0.00037702158
17,linha_25-26,Ploss,0.00040448086
18,linha_25-26,Ploss,0.00048359218
19,linha_25-26,Ploss,0.00063439253
20,linha_25-26,Ploss,0.00067536452
21,linha_25-26,Ploss,0.00068993419
22,linha_25-26,Ploss,0.00031638532
23,linha_25-26,Ploss,0.00058176003
24,linha_25-26,Ploss,0.00077614509
1,linha_26-27,Ploss,0.00023061938
2,linha_26-27,Ploss,0.00023582018
3,linha_26-27,Ploss,0.00023959241
4,linha_26-27,Ploss,0.00024132468
5,linha_26-27,Ploss,0.00023898302
6,linha_26-27,Ploss,0.00022529471
7,linha_26-27,Ploss,0.00020824775
8,linha_26-27,Ploss,0.00020432567
9,linha_26-27,Ploss,0.00019722078
10,linha_26-27,Ploss,0.00022182445
11,linha_26-27,Ploss,0.00059907107
12,linha_26-27,Ploss,0.0012642294
13,linha_26-27,Ploss,0.0012654971
14,linha_26-27,Ploss,0.001204387
15,linha_26-27,Ploss,0.00094618921
16,linha_26-27,Ploss,0.0001886993
17,linha_26-27,Ploss,0.00020094905
18,linha_26-27,Ploss,0.00021417383
19,linha_26-27,Ploss,0.00023938262
20,linha_26-27,Ploss,0.00024623177
21,linha_26-27,Ploss,0.00024866733
22,linha_26-27,Ploss,5.9146856e-05
23,linha_26-27,Ploss,0.00019742186
24,linha_26-27,Ploss,0.00026307892
1,linha_27-28,Ploss,0.0
2,linha_27-28,Ploss,0.0
3,linha_27-28,Ploss,0.0
4,linha_27-28,Ploss,0.0
5,linha_27-28,Ploss,0.0
6,linha_27-28,Ploss,0.0
7,linha_27-28,Ploss,0.0
8,linha_27-28,Ploss,0.0
9,linha_27-28,Ploss,0.0
10,linha_27-28,Ploss,2.9201473e-05
11,linha_27-28,Ploss,0.00027514924
12,linha_27-28,Ploss,0.00069470021
13,linha_27-28,Ploss,0.00070675384
14,linha_27-28,Ploss,0.00066657986
15,linha_27-28,Ploss,0.00040691252
16,linha_27-28,Ploss,0.0
17,linha_27-28,Ploss,0.0
18,linha_27-28,Ploss,0.0
19,linha_27-28,Ploss,0.0
20,linha_27-28,Ploss,0.0
21,linha_27-28,Ploss,0.0
22,linha_27-28,Ploss,0.00019820979
23,linha_27-28,Ploss,6.6258461e-05
24,linha_27-28,Ploss,0.0
1,linha_28-29,Ploss,0.00023061938
2,linha_28-29,Ploss,0.00023582018
3,linha_28-29,Ploss,0.00023959241
4,linha_28-29,Ploss,0.00024132468
5,linha_28-29,Ploss,0.00023898302
6,linha_28-29,Ploss,0.00022529471
7,linha_28-29,Ploss,0.00020824775
8,linha_28-29,Ploss,0.00020432567
9,linha_28-29,Ploss,0.00019722078
10,linha_28-29,Ploss,0.00016347985
11,linha_28-29,Ploss,8.3425819e-05
12,linha_28-29,Ploss,0.00030743354
13,linha_28-29,Ploss,0.00031505309
14,linha_28-29,Ploss,0.00030869523
15,linha_28-29,Ploss,0.00022182091
16,linha_28-29,Ploss,0.0001886993
17,linha_28-29,Ploss,0.00020094905
18,linha_28-29,Ploss,0.00021417383
19,linha_28-29,Ploss,0.00023938262
20,linha_28-29,Ploss,0.00024623177
21,linha_28-29,Ploss,0.00024866733
22,linha_28-29,Ploss,0.00056518119
23,linha_28-29,Ploss,0.0003298064
24,linha_28-29,Ploss,0.00026307892
1,linha_29-30,Ploss,0.00058197037
2,linha_29-30,Ploss,0.00061308183
3,linha_29-30,Ploss,0.0006356475
4,linha_29-30,Ploss,0.00064601002
5,linha_29-30,Ploss,0.0006320021
6,linha_29-30,Ploss,0.00055011788
7,linha_29-30,Ploss,0.00044814209
8,linha_29-30,Ploss,0.00042468001
9,linha_29-30,Ploss,0.00039404751
10,linha_29-30,Ploss,0.00035583453
11,linha_29-30,Ploss,0.00010846429
12,linha_29-30,Ploss,0.00011605503
13,linha_29-30,Ploss,0.00012727542
14,linha_29-30,Ploss,0.00012799191
15,linha_29-30,Ploss,4.0971699e-05
16,linha_29-30,Ploss,0.00037702158
17,linha_29-30,Ploss,0.00040448086
18,linha_29-30,Ploss,0.00048359218
19,linha_29-30,Ploss,0.00063439253
20,linha_29-30,Ploss,0.00067536452
21,linha_29-30,Ploss,0.00068993419
22,linha_29-30,Ploss,0.0013323307
23,linha_29-30,Ploss,0.00097732978
24,linha_29-30,Ploss,0.00077614509
1,linha_30-31,Ploss,0.0012689676
2,linha_30-31,Ploss,0.0013154642
3,linha_30-31,Ploss,0.001349189
4,linha_30-31,Ploss,0.001364676
5,linha_30-31,Ploss,0.0013437409
6,linha_30-31,Ploss,0.0012213634
7,linha_30-31,Ploss,0.0010689588
8,linha_30-31,Ploss,0.0010338943
9,linha_30-31,Ploss,0.00097030348
10,linha_30-31,Ploss,0.00092961121
11,linha_30-31,Ploss,0.00092251872
12,linha_30-31,Ploss,0.00092001128
13,linha_30-31,Ploss,0.00088793388
14,linha_30-31,Ploss,0.00082453131
15,linha_30-31,Ploss,0.00082428057
16,linha_30-31,Ploss,0.00089391593
17,linha_30-31,Ploss,0.0010037063
18,linha_30-31,Ploss,0.0011219396
19,linha_30-31,Ploss,0.0013473134
20,linha_30-31,Ploss,0.0014085468
21,linha_30-31,Ploss,0.0014303214
22,linha_30-31,Ploss,0.0015080064
23,linha_30-31,Ploss,0.0015645418
24,linha_30-31,Ploss,0.0015591652
1,linha_31-32,Ploss,0.00058197037
2,linha_31-32,Ploss,0.00061308183
3,linha_31-32,Ploss,0.0006356475
4,linha_31-32,Ploss,0.00064601002
5,linha_31-32,Ploss,0.0006320021
6,linha_31-32,Ploss,0.00055011788
7,linha_31-32,Ploss,0.00044814209
8,linha_31-32,Ploss,0.00042468001
9,linha_31-32,Ploss,0.00039404751
10,linha_31-32,Ploss,0.00038497766
11,linha_31-32,Ploss,0.00038339682
12,linha_31-32,Ploss,0.00038283794
13,linha_31-32,Ploss,0.00037568825
14,linha_31-32,Ploss,0.00036155653
15,linha_31-32,Ploss,0.00036150064
16,linha_31-32,Ploss,0.00037702158
17,linha_31-32,Ploss,0.00040448086
18,linha_31-32,Ploss,0.00048359218
19,linha_31-32,Ploss,0.00063439253
20,linha_31-32,Ploss,0.00067536452
21,linha_31-32,Ploss,0.00068993419
22,linha_31-32,Ploss,0.00074191412
23,linha_31-32,Ploss,0.00077974269
24,linha_31-32,Ploss,0.00077614509
1,linha_32-33,Ploss,0.00023061938
2,linha_32-33,Ploss,0.00023582018
3,linha_32-33,Ploss,0.00023959241
4,linha_32-33,Ploss,0.00024132468
5,linha_32-33,Ploss,0.00023898302
6,linha_32-33,Ploss,0.00022529471
7,linha_32-33,Ploss,0.00020824775
8,linha_32-33,Ploss,0.00020432567
9,linha_32-33,Ploss,0.00019722078
10,linha_32-33,Ploss,0.00019268132
11,linha_32-33,Ploss,0.00019189011
12,linha_32-33,Ploss,0.00019161039
13,linha_32-33,Ploss,0.00018803197
14,linha_32-33,Ploss,0.00018095904
15,linha_32-33,Ploss,0.00018093107
16,linha_32-33,Ploss,0.0001886993
17,linha_32-33,Ploss,0.00020094905
18,linha_32-33,Ploss,0.00021417383
19,linha_32-33,Ploss,0.00023938262
20,linha_32-33,Ploss,0.00024623177
21,linha_32-33,Ploss,0.00024866733
22,linha_32-33,Ploss,0.00025735664
23,linha_32-33,Ploss,0.00026368032
24,linha_32-33,Ploss,0.00026307892
1,barra_1,theta,0.0
2,barra_1,theta,0.0
3,barra_1,theta,0.0
4,barra_1,theta,0.0
5,barra_1,theta,0.0
6,barra_1,theta,0.0
7,barra_1,theta,0.0
8,barra_1,theta,0.0
9,barra_1,theta,0.0
10,barra_1,theta,0.0
11,barra_1,theta,0.0
12,barra_1,theta,0.0
13,barra_1,theta,0.0
14,barra_1,theta,0.0
15,barra_1,theta,0.0
16,barra_1,theta,0.0
17,barra_1,theta,0.0
18,barra_1,theta,0.0
19,barra_1,theta,0.0
20,barra_1,theta,0.0
21,barra_1,theta,0.0
22,barra_1,theta,0.0
23,barra_1,theta,0.0
24,barra_1,theta,0.0
1,barra_2,theta,0.0096091409
2,barra_2,theta,0.0098258408
3,barra_2,theta,0.009983017
4,barra_2,theta,0.010055195
5,barra_2,theta,0.0099576257
6,barra_2,theta,0.0093872794
7,barra_2,theta,0.0086769897
8,barra_2,theta,0.0085135698
9,barra_2,theta,0.0082175325
10,barra_2,theta,0.0080283883
11,barra_2,theta,0.0079954212
12,barra_2,theta,0.0079837662
13,barra_2,theta,0.0078346653
14,barra_2,theta,0.00753996
15,barra_2,theta,0.0075387945
16,barra_2,theta,0.0078624709
17,barra_2,theta,0.0083728771
18,barra_2,theta,0.0089239094
19,barra_2,theta,0.0099742757
20,barra_2,theta,0.010259657
21,barra_2,theta,0.010361139
22,barra_2,theta,0.010723193
23,barra_2,theta,0.01098668
24,barra_2,theta,0.010961622
1,barra_3,theta,0.028803174
2,barra_3,theta,0.029451977
3,barra_3,theta,0.029922566
4,barra_3,theta,0.030138667
5,barra_3,theta,0.029846544
6,barra_3,theta,0.028138917
7,barra_3,theta,0.026012296
8,barra_3,theta,0.025523014
9,barra_3,theta,0.024636179
10,barra_3,theta,0.024069124
11,barra_3,theta,0.023970289
12,barra_3,theta,0.023935347
13,barra_3,theta,0.023488342
14,barra_3,theta,0.022604815
15,barra_3,theta,0.022601321
16,barra_3,theta,0.023571703
17,barra_3,theta,0.025101778
18,barra_3,theta,0.026751579
19,barra_3,theta,0.029896394
20,barra_3,theta,0.030750831
21,barra_3,theta,0.031054669
22,barra_3,theta,0.032138667
23,barra_3,theta,0.032927551
24,barra_3,theta,0.032852526
1,barra_4,theta,0.057538834
2,barra_4,theta,0.058833425
3,barra_4,theta,0.059772413
4,barra_4,theta,0.060203611
5,barra_4,theta,0.059620722
6,barra_4,theta,0.056213409
7,barra_4,theta,0.051970057
8,barra_4,theta,0.050993768
9,barra_4,theta,0.049223727
10,barra_4,theta,0.048091502
11,barra_4,theta,0.04789416
12,barra_4,theta,0.047824393
13,barra_4,theta,0.046931868
14,barra_4,theta,0.04516775
15,barra_4,theta,0.045160773
16,barra_4,theta,0.047098313
17,barra_4,theta,0.050153254
18,barra_4,theta,0.053445184
19,barra_4,theta,0.059720191
20,barra_4,theta,0.061425092
21,barra_4,theta,0.062031356
22,barra_4,theta,0.064194311
23,barra_4,theta,0.06576841
24,barra_4,theta,0.065618709
1,barra_5,theta,0.095749319
2,barra_5,theta,0.097900393
3,barra_5,theta,0.099460603
4,barra_5,theta,0.10017708
5,barra_5,theta,0.099208556
6,barra_5,theta,0.093547009
7,barra_5,theta,0.086496314
8,barra_5,theta,0.084874125
9,barra_5,theta,0.081931805
10,barra_5,theta,0.080049024
11,barra_5,theta,0.079720863
12,barra_5,theta,0.079604846
13,barra_5,theta,0.078120664
14,barra_5,theta,0.075187105
15,barra_5,theta,0.075175503
16,barra_5,theta,0.078397446
17,barra_5,theta,0.08347752
18,barra_5,theta,0.088947364
19,barra_5,theta,0.099373833
20,barra_5,theta,0.10220667
21,barra_5,theta,0.10321403
22,barra_5,theta,0.10680797
23,barra_5,theta,0.10942347
24,barra_5,theta,0.10917473
1,barra_6,theta,0.1433495
2,barra_6,theta,0.14656437
3,barra_6,theta,0.14889617
4,barra_6,theta,0.14996697
5,barra_6,theta,0.14851948
6,barra_6,theta,0.14005805
7,barra_6,theta,0.12952048
8,barra_6,theta,0.12709605
9,barra_6,theta,0.12269702
10,barra_6,theta,0.11988126
11,barra_6,theta,0.11939049
12,barra_6,theta,0.11921698
13,barra_6,theta,0.11699734
14,barra_6,theta,0.11261012
15,barra_6,theta,0.11259277
16,barra_6,theta,0.11741128
17,barra_6,theta,0.12500874
18,barra_6,theta,0.13318369
19,barra_6,theta,0.14876649
20,barra_6,theta,0.15299872
21,barra_6,theta,0.15450327
22,barra_6,theta,0.15987104
23,barra_6,theta,0.16377744
24,barra_6,theta,0.16340593
1,barra_7,theta,0.11001617
2,barra_7,theta,0.11323104
3,barra_7,theta,0.11556284
4,barra_7,theta,0.11651269
5,barra_7,theta,0.11518615
6,barra_7,theta,0.10796706
7,barra_7,theta,0.10236477
8,barra_7,theta,0.10107583
9,barra_7,theta,0.097862437
10,barra_7,theta,0.095235449
11,barra_7,theta,0.094777576
12,barra_7,theta,0.097605973
13,barra_7,theta,0.094564787
14,barra_7,theta,0.091645802
15,barra_7,theta,0.092225203
16,barra_7,theta,0.092931053
17,barra_7,theta,0.099895526
18,barra_7,theta,0.10431231
19,barra_7,theta,0.11543316
20,barra_7,theta,0.11853268
21,barra_7,theta,0.11953507
22,barra_7,theta,0.12311126
23,barra_7,theta,0.12571384
24,barra_7,theta,0.12546633
1,barra_8,theta,0.086196792
2,barra_8,theta,0.089629234
3,barra_8,theta,0.092118842
4,barra_8,theta,0.09301924
5,barra_8,theta,0.091716654
6,barra_8,theta,0.085174751
7,barra_8,theta,0.083824308
8,barra_8,theta,0.083513605
9,barra_8,theta,0.08119577
10,barra_8,theta,0.078568782
11,barra_8,theta,0.078110909
12,barra_8,theta,0.08394155
13,barra_8,theta,0.079926128
14,barra_8,theta,0.078185965
15,barra_8,theta,0.079363339
16,barra_8,theta,0.076264387
17,barra_8,theta,0.083104515
18,barra_8,theta,0.084293766
19,barra_8,theta,0.091980384
20,barra_8,theta,0.094224642
21,barra_8,theta,0.094822718
22,barra_8,theta,0.096956463
23,barra_8,theta,0.098509303
24,barra_8,theta,0.098361624
1,barra_9,theta,0.071943789
2,barra_9,theta,0.075811805
3,barra_9,theta,0.078617343
4,barra_9,theta,0.079540412
5,barra_9,theta,0.078164118
6,barra_9,theta,0.07173062
7,barra_9,theta,0.073937334
8,barra_9,theta,0.074445044
9,barra_9,theta,0.072729721
10,barra_9,theta,0.06991321
11,barra_9,theta,0.069422304
12,barra_9,theta,0.07824952
13,barra_9,theta,0.073108512
14,barra_9,theta,0.072254237
15,barra_9,theta,0.074029612
16,barra_9,theta,0.067442565
17,barra_9,theta,0.074669279
18,barra_9,theta,0.073170209
19,barra_9,theta,0.078461315
20,barra_9,theta,0.080132836
21,barra_9,theta,0.08042667
22,barra_9,theta,0.081474974
23,barra_9,theta,0.082237881
24,barra_9,theta,0.082165327
1,barra_10,theta,0.067290631
2,barra_10,theta,0.071812227
3,barra_10,theta,0.075091817
4,barra_10,theta,0.076109926
5,barra_10,theta,0.074562011
6,barra_10,theta,0.067665647
7,barra_10,theta,0.072724927
8,barra_10,theta,0.073888941
9,barra_10,theta,0.072480706
10,barra_10,theta,0.06928477
11,barra_10,theta,0.068727732
12,barra_10,theta,0.080541257
13,barra_10,theta,0.074125562
14,barra_10,theta,0.073862468
15,barra_10,theta,0.076234681
16,barra_10,theta,0.066481293
17,barra_10,theta,0.074606796
18,barra_10,theta,0.070966157
19,barra_10,theta,0.074909425
20,barra_10,theta,0.076293016
21,barra_10,theta,0.076383682
22,barra_10,theta,0.076707153
23,barra_10,theta,0.076942559
24,barra_10,theta,0.076920171
1,barra_11,theta,0.072246613
2,barra_11,theta,0.077638489
3,barra_11,theta,0.081549308
4,barra_11,theta,0.082734634
5,barra_11,theta,0.080917529
6,barra_11,theta,0.072987953
7,barra_11,theta,0.08018951
8,barra_11,theta,0.081846408
9,barra_11,theta,0.080449224
10,barra_11,theta,0.076684719
11,barra_11,theta,0.076028582
12,barra_11,theta,0.090812182
13,barra_11,theta,0.082975245
14,barra_11,theta,0.083007447
15,barra_11,theta,0.085974137
16,barra_11,theta,0.073382493
17,barra_11,theta,0.08291719
18,barra_11,theta,0.077686015
19,barra_11,theta,0.08133181
20,barra_11,theta,0.082712852
21,barra_11,theta,0.082701834
22,barra_11,theta,0.082662525
23,barra_11,theta,0.082633917
24,barra_11,theta,0.082636638
1,barra_12,theta,0.086801834
2,barra_12,theta,0.093278951
3,barra_12,theta,0.097976914
4,barra_12,theta,0.0994013
5,barra_12,theta,0.097217974
6,barra_12,theta,0.087686905
7,barra_12,theta,0.096316168
8,barra_12,theta,0.098301546
9,barra_12,theta,0.096619354
10,barra_12,theta,0.092098271
11,barra_12,theta,0.091310265
12,barra_12,theta,0.10904323
13,barra_12,theta,0.099641912
14,barra_12,theta,0.099674113
15,barra_12,theta,0.10323175
16,barra_12,theta,0.088132374
17,barra_12,theta,0.099583856
18,barra_12,theta,0.093316356
19,barra_12,theta,0.09771564
20,barra_12,theta,0.099379519
21,barra_12,theta,0.099368501
22,barra_12,theta,0.099329191
23,barra_12,theta,0.099300584
24,barra_12,theta,0.099303304
1,barra_13,theta,0.11092222
2,barra_13,theta,0.11869652
3,barra_13,theta,0.12433535
4,barra_13,theta,0.12606988
5,barra_13,theta,0.12342442
6,barra_13,theta,0.11172903
7,barra_13,theta,0.12107143
8,barra_13,theta,0.12322089
9,barra_13,theta,0.12095938
10,barra_13,theta,0.11549597
11,barra_13,theta,0.11454372
12,barra_13,theta,0.13519952
13,barra_13,theta,0.12409439
14,barra_13,theta,0.12383247
15,barra_13,theta,0.12797635
16,barra_13,theta,0.11070346
17,barra_13,theta,0.12457347
18,barra_13,theta,0.11782371
19,barra_13,theta,0.12402175
20,barra_13,theta,0.12625215
21,barra_13,theta,0.12634241
22,barra_13,theta,0.12666444
23,barra_13,theta,0.12689879
24,barra_13,theta,0.1268765
1,barra_14,theta,0.14455417
2,barra_14,theta,0.15383116
3,barra_14,theta,0.16055992
4,barra_14,theta,0.16267401
5,barra_14,theta,0.15947291
6,barra_14,theta,0.14506236
7,barra_14,theta,0.15440477
8,barra_14,theta,0.15655422
9,barra_14,theta,0.15342141
10,barra_14,theta,0.14683254
11,barra_14,theta,0.14568413
12,barra_14,theta,0.16923227
13,barra_14,theta,0.1562861
14,barra_14,theta,0.15543771
15,barra_14,theta,0.16016316
16,barra_14,theta,0.14105278
17,barra_14,theta,0.15783624
18,barra_14,theta,0.15115705
19,barra_14,theta,0.16018571
20,barra_14,theta,0.16326236
21,barra_14,theta,0.16355418
22,barra_14,theta,0.16459527
23,barra_14,theta,0.16535293
24,barra_14,theta,0.16528087
1,barra_15,theta,0.13494503
2,barra_15,theta,0.14400532
3,barra_15,theta,0.15110213
4,barra_15,theta,0.14919519
5,barra_15,theta,0.1462866
6,barra_15,theta,0.13358595
7,barra_15,theta,0.1450578
8,barra_15,theta,0.14769719
9,barra_15,theta,0.14520388
10,barra_15,theta,0.13880415
11,barra_15,theta,0.13032251
12,barra_15,theta,0.14974281
13,barra_15,theta,0.13027177
14,barra_15,theta,0.1311684
15,barra_15,theta,0.1434965
16,barra_15,theta,0.13319031
17,barra_15,theta,0.14940101
18,barra_15,theta,0.14106981
19,barra_15,theta,0.14694947
20,barra_15,theta,0.14917056
21,barra_15,theta,0.14915813
22,barra_15,theta,0.16190452
23,barra_15,theta,0.15717987
24,barra_15,theta,0.15431925
1,barra_16,theta,0.13494503
2,barra_16,theta,0.14400532
3,barra_16,theta,0.15162736
4,barra_16,theta,0.1457647
5,barra_16,theta,0.14305145
6,barra_16,theta,0.13149263
7,barra_16,theta,0.14438648
8,barra_16,theta,0.14735304
9,barra_16,theta,0.14520388
10,barra_16,theta,0.13880415
11,barra_16,theta,0.12294157
12,barra_16,theta,0.13820842
13,barra_16,theta,0.11203386
14,barra_16,theta,0.11439012
15,barra_16,theta,0.13435035
16,barra_16,theta,0.13319031
17,barra_16,theta,0.14933853
18,barra_16,theta,0.13990416
19,barra_16,theta,0.14368099
20,barra_16,theta,0.14533074
21,barra_16,theta,0.14511514
22,barra_16,theta,0.16993697
23,barra_16,theta,0.1599935
24,barra_16,theta,0.15431925
1,barra_17,theta,0.14455417
2,barra_17,theta,0.15383116
3,barra_17,theta,0.16213455
4,barra_17,theta,0.15238941
5,barra_17,theta,0.14977392
6,barra_17,theta,0.13878659
7,barra_17,theta,0.15239216
8,barra_17,theta,0.15552246
9,barra_17,theta,0.15342141
10,barra_17,theta,0.14683254
11,barra_17,theta,0.12355604
12,barra_17,theta,0.13465069
13,barra_17,theta,0.10160664
14,barra_17,theta,0.10513308
15,barra_17,theta,0.13273978
16,barra_17,theta,0.14105278
17,barra_17,theta,0.15764892
18,barra_17,theta,0.14766242
19,barra_17,theta,0.15038678
20,barra_17,theta,0.15175057
21,barra_17,theta,0.15143329
22,barra_17,theta,0.18867243
23,barra_17,theta,0.17378818
24,barra_17,theta,0.16528087
1,barra_18,theta,0.1637482
2,barra_18,theta,0.1734573
3,barra_18,theta,0.18259619
4,barra_18,theta,0.16905607
5,barra_18,theta,0.16644059
6,barra_18,theta,0.15545326
7,barra_18,theta,0.16905882
8,barra_18,theta,0.17218912
9,barra_18,theta,0.16984006
10,barra_18,theta,0.16287328
11,barra_18,theta,0.13216471
12,barra_18,theta,0.13907673
13,barra_18,theta,0.099008888
14,barra_18,theta,0.10341256
15,barra_18,theta,0.13866801
16,barra_18,theta,0.15676202
17,barra_18,theta,0.17431559
18,barra_18,theta,0.16432909
19,barra_18,theta,0.16705344
20,barra_18,theta,0.16841724
21,barra_18,theta,0.16809996
22,barra_18,theta,0.21806409
23,barra_18,theta,0.19852586
24,barra_18,theta,0.18717178
1,barra_19,theta,0.1321451
2,barra_19,theta,0.1407883
3,barra_19,theta,0.14926285
4,barra_19,theta,0.13899113
5,barra_19,theta,0.13666641
6,barra_19,theta,0.12737877
7,barra_19,theta,0.14310106
8,barra_19,theta,0.14671837
9,barra_19,theta,0.14525251
10,barra_19,theta,0.14620661
11,barra_19,theta,0.11688303
12,barra_19,theta,0.12272174
13,barra_19,theta,0.07660993
14,barra_19,theta,0.082888497
15,barra_19,theta,0.12480285
16,barra_19,theta,0.13323541
17,barra_19,theta,0.14926411
18,barra_19,theta,0.13763548
19,barra_19,theta,0.13722965
20,barra_19,theta,0.13774298
21,barra_19,theta,0.13712327
22,barra_19,theta,0.18013326
23,barra_19,theta,0.16046225
24,barra_19,theta,0.15228508
1,barra_20,theta,0.11006636
2,barra_20,theta,0.11785483
3,barra_20,theta,0.12581885
4,barra_20,theta,0.11890766
5,barra_20,theta,0.11677749
6,barra_20,theta,0.10862713
7,barra_20,theta,0.12576576
8,barra_20,theta,0.12970893
9,barra_20,theta,0.12883386
10,barra_20,theta,0.13755104
11,barra_20,theta,0.10958218
12,barra_20,theta,0.11433375
13,barra_20,theta,0.062005002
14,barra_20,theta,0.069870679
15,barra_20,theta,0.11846383
16,barra_20,theta,0.11752617
17,barra_20,theta,0.13253521
18,barra_20,theta,0.11980781
19,barra_20,theta,0.11730753
20,barra_20,theta,0.11725181
21,barra_20,theta,0.11642974
22,barra_20,theta,0.15279802
23,barra_20,theta,0.13325772
24,barra_20,theta,0.12825777
1,barra_21,theta,0.097560963
2,barra_21,theta,0.10470841
3,barra_21,theta,0.11231736
4,barra_21,theta,0.10885246
5,barra_21,theta,0.10681986
6,barra_21,theta,0.099239849
7,barra_21,theta,0.11708877
8,barra_21,theta,0.12119536
9,barra_21,theta,0.12061633
10,barra_21,theta,0.1369226
11,barra_21,theta,0.11027675
12,barra_21,theta,0.11392872
13,barra_21,theta,0.055221186
14,barra_21,theta,0.064381855
15,barra_21,theta,0.1196636
16,barra_21,theta,0.1096637
17,barra_21,theta,0.12416233
18,barra_21,theta,0.1108839
19,barra_21,theta,0.10733325
20,barra_21,theta,0.10699215
21,barra_21,theta,0.1060686
22,barra_21,theta,0.13613135
23,barra_21,theta,0.1169863
24,barra_21,theta,0.1151512
1,barra_22,theta,0.09465891
2,barra_22,theta,0.10138118
3,barra_22,theta,0.10879183
4,barra_22,theta,0.10885246
5,barra_22,theta,0.10681986
6,barra_22,theta,0.099239849
7,barra_22,theta,0.11708877
8,barra_22,theta,0.12119536
9,barra_22,theta,0.12061633
10,barra_22,theta,0.14432255
11,barra_22,theta,0.11896535
12,barra_22,theta,0.12150746
13,barra_22,theta,0.056272036
14,barra_22,theta,0.066432991
15,barra_22,theta,0.12839977
16,barra_22,theta,0.1096637
17,barra_22,theta,0.12416233
18,barra_22,theta,0.1108839
19,barra_22,theta,0.10733325
20,barra_22,theta,0.10699215
21,barra_22,theta,0.1060686
22,barra_22,theta,0.13017598
23,barra_22,theta,0.11169097
24,barra_22,theta,0.11300196
1,barra_23,theta,0.101366
2,barra_23,theta,0.1078798
3,barra_23,theta,0.11524932
4,barra_23,theta,0.11890766
5,barra_23,theta,0.11677749
6,barra_23,theta,0.10862713
7,barra_23,theta,0.12576576
8,barra_23,theta,0.12970893
9,barra_23,theta,0.12883386
10,barra_23,theta,0.1597361
11,barra_23,theta,0.13563202
12,barra_23,theta,0.13705482
13,barra_23,theta,0.065155451
14,barra_23,theta,0.076019988
15,barra_23,theta,0.14465728
16,barra_23,theta,0.11752617
17,barra_23,theta,0.13253521
18,barra_23,theta,0.11980781
19,barra_23,theta,0.11730753
20,barra_23,theta,0.11725181
21,barra_23,theta,0.11642974
22,barra_23,theta,0.1349438
23,barra_23,theta,0.11738233
24,barra_23,theta,0.12181433
1,barra_24,theta,0.11766883
2,barra_24,theta,0.12419127
3,barra_24,theta,0.13167693
4,barra_24,theta,0.13899113
5,barra_24,theta,0.13666641
6,barra_24,theta,0.12737877
7,barra_24,theta,0.14310106
8,barra_24,theta,0.14671837
9,barra_24,theta,0.14525251
10,barra_24,theta,0.1831338
11,barra_24,theta,0.16024493
12,barra_24,theta,0.16054126
13,barra_24,theta,0.081855715
14,barra_24,theta,0.093126911
15,barra_24,theta,0.16840695
16,barra_24,theta,0.13323541
17,barra_24,theta,0.14926411
18,barra_24,theta,0.13763548
19,barra_24,theta,0.13722965
20,barra_24,theta,0.13774298
21,barra_24,theta,0.13712327
22,barra_24,theta,0.15042529
23,barra_24,theta,0.134049
24,barra_24,theta,0.14156456
1,barra_25,theta,0.14352985
2,barra_25,theta,0.15027717
3,barra_25,theta,0.15803536
4,barra_25,theta,0.16905607
5,barra_25,theta,0.16644059
6,barra_25,theta,0.15545326
7,barra_25,theta,0.16905882
8,barra_25,theta,0.17218912
9,barra_25,theta,0.16984006
10,barra_25,theta,0.21447037
11,barra_25,theta,0.19275655
12,barra_25,theta,0.19192151
13,barra_25,theta,0.10634159
14,barra_25,theta,0.11772289
15,barra_25,theta,0.19960478
16,barra_25,theta,0.15676202
17,barra_25,theta,0.17431559
18,barra_25,theta,0.16432909
19,barra_25,theta,0.16705344
20,barra_25,theta,0.16841724
21,barra_25,theta,0.16809996
22,barra_25,theta,0.17658008
23,barra_25,theta,0.1616472
24,barra_25,theta,0.17220288
1,barra_26,theta,0.12433582
2,barra_26,theta,0.13065103
3,barra_26,theta,0.13809581
4,barra_26,theta,0.1489726
5,barra_26,theta,0.14655167
6,barra_26,theta,0.13670162
7,barra_26,theta,0.15172352
8,barra_26,theta,0.15517968
9,barra_26,theta,0.15342141
10,barra_26,theta,0.19721893
11,barra_26,theta,0.16539531
12,barra_26,theta,0.15539522
13,barra_26,theta,0.069946334
14,barra_26,theta,0.082463166
15,barra_26,theta,0.167907
16,barra_26,theta,0.14105278
17,barra_26,theta,0.15758669
18,barra_26,theta,0.14650142
19,barra_26,theta,0.14713133
20,barra_26,theta,0.14792607
21,barra_26,theta,0.14740643
22,barra_26,theta,0.16339736
23,barra_26,theta,0.14245609
24,barra_26,theta,0.15031197
1,barra_27,theta,0.11472668
2,barra_27,theta,0.12082519
3,barra_27,theta,0.1281128
4,barra_27,theta,0.13891741
5,barra_27,theta,0.13659404
6,barra_27,theta,0.12731434
7,barra_27,theta,0.14304653
8,barra_27,theta,0.14666611
9,barra_27,theta,0.14520388
10,barra_27,theta,0.18797625
11,barra_27,theta,0.14596376
12,barra_27,theta,0.12672536
13,barra_27,theta,0.041258874
14,barra_27,theta,0.054624458
15,barra_27,theta,0.14365437
16,barra_27,theta,0.13319031
17,barra_27,theta,0.14921381
18,barra_27,theta,0.13757751
19,barra_27,theta,0.13715705
20,barra_27,theta,0.13766641
21,barra_27,theta,0.13704529
22,barra_27,theta,0.16093291
23,barra_27,theta,0.13423018
24,barra_27,theta,0.13935035
1,barra_28,theta,0.11472668
2,barra_28,theta,0.12082519
3,barra_28,theta,0.1281128
4,barra_28,theta,0.13891741
5,barra_28,theta,0.13659404
6,barra_28,theta,0.12731434
7,barra_28,theta,0.14304653
8,barra_28,theta,0.14666611
9,barra_28,theta,0.14520388
10,barra_28,theta,0.18675952
11,barra_28,theta,0.13449921
12,barra_28,theta,0.10596564
13,barra_28,theta,0.020331737
14,barra_28,theta,0.034255294
15,barra_28,theta,0.1268917
16,barra_28,theta,0.13319031
17,barra_28,theta,0.14921381
18,barra_28,theta,0.13757751
19,barra_28,theta,0.13715705
20,barra_28,theta,0.13766641
21,barra_28,theta,0.13704529
22,barra_28,theta,0.16919165
23,barra_28,theta,0.13699095
24,barra_28,theta,0.13935035
1,barra_29,theta,0.12433582
2,barra_29,theta,0.13065103
3,barra_29,theta,0.13809581
4,barra_29,theta,0.1489726
5,barra_29,theta,0.14655167
6,barra_29,theta,0.13670162
7,barra_29,theta,0.15172352
8,barra_29,theta,0.15517968
9,barra_29,theta,0.15342141
10,barra_29,theta,0.19357118
11,barra_29,theta,0.13102314
12,barra_29,theta,0.093155908
13,barra_29,theta,0.0072045253
14,barra_29,theta,0.021392993
15,barra_29,theta,0.11764916
16,barra_29,theta,0.14105278
17,barra_29,theta,0.15758669
18,barra_29,theta,0.14650142
19,barra_29,theta,0.14713133
20,barra_29,theta,0.14792607
21,barra_29,theta,0.14740643
22,barra_29,theta,0.1881525
23,barra_29,theta,0.15073288
24,barra_29,theta,0.15031197
1,barra_30,theta,0.14352985
2,barra_30,theta,0.15027717
3,barra_30,theta,0.15803536
4,barra_30,theta,0.16905607
5,barra_30,theta,0.16644059
6,barra_30,theta,0.15545326
7,barra_30,theta,0.16905882
8,barra_30,theta,0.17218912
9,barra_30,theta,0.16984006
10,barra_30,theta,0.20839762
11,barra_30,theta,0.13554248
12,barra_30,theta,0.088320282
13,barra_30,theta,0.0019013829
14,barra_30,theta,0.016059996
15,barra_30,theta,0.11594201
16,barra_30,theta,0.15676202
17,barra_30,theta,0.17431559
18,barra_30,theta,0.16432909
19,barra_30,theta,0.16705344
20,barra_30,theta,0.16841724
21,barra_30,theta,0.16809996
22,barra_30,theta,0.2177682
23,barra_30,theta,0.17541802
24,barra_30,theta,0.17220288
1,barra_31,theta,0.11479419
2,barra_31,theta,0.12089572
3,barra_31,theta,0.12818552
4,barra_31,theta,0.13899113
5,barra_31,theta,0.13666641
6,barra_31,theta,0.12737877
7,barra_31,theta,0.14310106
8,barra_31,theta,0.14671837
9,barra_31,theta,0.14525251
10,barra_31,theta,0.18437524
11,barra_31,theta,0.11161861
12,barra_31,theta,0.064431237
13,barra_31,theta,-0.021542143
14,barra_31,theta,-0.0065029387
15,barra_31,theta,0.093382556
16,barra_31,theta,0.13323541
17,barra_31,theta,0.14926411
18,barra_31,theta,0.13763548
19,barra_31,theta,0.13722965
20,barra_31,theta,0.13774298
21,barra_31,theta,0.13712327
22,barra_31,theta,0.18571256
23,barra_31,theta,0.14257716
24,barra_31,theta,0.1394367
1,barra_32,theta,0.095600158
2,barra_32,theta,0.10126958
3,barra_32,theta,0.10824597
4,barra_32,theta,0.11890766
5,barra_32,theta,0.11677749
6,barra_32,theta,0.10862713
7,barra_32,theta,0.12576576
8,barra_32,theta,0.12970893
9,barra_32,theta,0.12883386
10,barra_32,theta,0.1683345
11,barra_32,theta,0.095643742
12,barra_32,theta,0.048479656
13,barra_32,theta,-0.03719582
14,barra_32,theta,-0.021567794
15,barra_32,theta,0.078320029
16,barra_32,theta,0.11752617
17,barra_32,theta,0.13253521
18,barra_32,theta,0.11980781
19,barra_32,theta,0.11730753
20,barra_32,theta,0.11725181
21,barra_32,theta,0.11642974
22,barra_32,theta,0.16429708
23,barra_32,theta,0.12063629
24,barra_32,theta,0.11754579
1,barra_33,theta,0.085991017
2,barra_33,theta,0.091443743
3,barra_33,theta,0.09826295
4,barra_33,theta,0.10885246
5,barra_33,theta,0.10681986
6,barra_33,theta,0.099239849
7,barra_33,theta,0.11708877
8,barra_33,theta,0.12119536
9,barra_33,theta,0.12061633
10,barra_33,theta,0.16030612
11,barra_33,theta,0.087648321
12,barra_33,theta,0.040495889
13,barra_33,theta,-0.045030485
14,barra_33,theta,-0.029107754
15,barra_33,theta,0.070781235
16,barra_33,theta,0.1096637
17,barra_33,theta,0.12416233
18,barra_33,theta,0.1108839
19,barra_33,theta,0.10733325
20,barra_33,theta,0.10699215
21,barra_33,theta,0.1060686
22,barra_33,theta,0.15357389
23,barra_33,theta,0.10964961
24,barra_33,theta,0.10658417
