tempo,entidade,variavel,valor
INFO,GERAL,custo_total,2848.995558490299
INFO,GERAL,num_barras,33.0
INFO,GERAL,num_baterias,2.0
INFO,GERAL,periodos_tempo,24.0
1,barra_1,PS,0.0
2,barra_1,PS,0.0
3,barra_1,PS,0.0
4,barra_1,PS,0.0
5,barra_1,PS,0.0
6,barra_1,PS,0.0
7,barra_1,PS,0.0
8,barra_1,PS,0.0
9,barra_1,PS,0.0
10,barra_1,PS,0.0
11,barra_1,PS,0.0
12,barra_1,PS,0.0
13,barra_1,PS,0.0
14,barra_1,PS,0.0
15,barra_1,PS,0.0
16,barra_1,PS,0.0
17,barra_1,PS,0.0
18,barra_1,PS,0.0
19,barra_1,PS,0.0
20,barra_1,PS,0.0
21,barra_1,PS,0.0
22,barra_1,PS,0.0
23,barra_1,PS,0.0
24,barra_1,PS,0.0
1,barra_2,PS,0.0
2,barra_2,PS,0.0
3,barra_2,PS,0.0
4,barra_2,PS,0.0
5,barra_2,PS,0.0
6,barra_2,PS,0.0
7,barra_2,PS,0.0
8,barra_2,PS,0.0
9,barra_2,PS,0.0
10,barra_2,PS,0.0
11,barra_2,PS,0.0
12,barra_2,PS,0.0
13,barra_2,PS,0.0
14,barra_2,PS,0.0
15,barra_2,PS,0.0
16,barra_2,PS,0.0
17,barra_2,PS,0.0
18,barra_2,PS,0.0
19,barra_2,PS,0.0
20,barra_2,PS,0.0
21,barra_2,PS,0.0
22,barra_2,PS,0.0
23,barra_2,PS,0.0
24,barra_2,PS,0.0
1,barra_3,PS,0.0
2,barra_3,PS,0.0
3,barra_3,PS,0.0
4,barra_3,PS,0.0
5,barra_3,PS,0.0
6,barra_3,PS,0.0
7,barra_3,PS,0.0
8,barra_3,PS,0.0
9,barra_3,PS,0.0
10,barra_3,PS,0.0
11,barra_3,PS,0.0
12,barra_3,PS,0.0
13,barra_3,PS,0.0
14,barra_3,PS,0.0
15,barra_3,PS,0.0
16,barra_3,PS,0.0
17,barra_3,PS,0.0
18,barra_3,PS,0.0
19,barra_3,PS,0.0
20,barra_3,PS,0.0
21,barra_3,PS,0.0
22,barra_3,PS,0.0
23,barra_3,PS,0.0
24,barra_3,PS,0.0
1,barra_4,PS,0.0
2,barra_4,PS,0.0
3,barra_4,PS,0.0
4,barra_4,PS,0.0
5,barra_4,PS,0.0
6,barra_4,PS,0.0
7,barra_4,PS,0.0
8,barra_4,PS,0.0
9,barra_4,PS,0.0
10,barra_4,PS,0.0
11,barra_4,PS,0.0
12,barra_4,PS,0.0
13,barra_4,PS,0.0
14,barra_4,PS,0.0
15,barra_4,PS,0.0
16,barra_4,PS,0.0
17,barra_4,PS,0.0
18,barra_4,PS,0.0
19,barra_4,PS,0.0
20,barra_4,PS,0.0
21,barra_4,PS,0.0
22,barra_4,PS,0.0
23,barra_4,PS,0.0
24,barra_4,PS,0.0
1,barra_5,PS,0.0
2,barra_5,PS,0.0
3,barra_5,PS,0.0
4,barra_5,PS,0.0
5,barra_5,PS,0.0
6,barra_5,PS,0.0
7,barra_5,PS,0.0
8,barra_5,PS,0.0
9,barra_5,PS,0.0
10,barra_5,PS,0.0
11,barra_5,PS,0.0
12,barra_5,PS,0.0
13,barra_5,PS,0.0
14,barra_5,PS,0.0
15,barra_5,PS,0.0
16,barra_5,PS,0.0
17,barra_5,PS,0.0
18,barra_5,PS,0.0
19,barra_5,PS,0.0
20,barra_5,PS,0.0
21,barra_5,PS,0.0
22,barra_5,PS,0.0
23,barra_5,PS,0.0
24,barra_5,PS,0.0
1,barra_6,PS,0.0
2,barra_6,PS,0.0
3,barra_6,PS,0.0
4,barra_6,PS,0.0
5,barra_6,PS,0.0
6,barra_6,PS,0.012
7,barra_6,PS,0.048
8,barra_6,PS,0.1
9,barra_6,PS,0.18
10,barra_6,PS,0.26
11,barra_6,PS,0.32
12,barra_6,PS,0.368
13,barra_6,PS,0.4
14,barra_6,PS,0.384
15,barra_6,PS,0.336
16,barra_6,PS,0.26
17,barra_6,PS,0.152
18,barra_6,PS,0.06
19,barra_6,PS,0.012
20,barra_6,PS,0.0
21,barra_6,PS,0.0
22,barra_6,PS,0.0
23,barra_6,PS,0.0
24,barra_6,PS,0.0
1,barra_7,PS,0.0
2,barra_7,PS,0.0
3,barra_7,PS,0.0
4,barra_7,PS,0.0
5,barra_7,PS,0.0
6,barra_7,PS,0.0
7,barra_7,PS,0.0
8,barra_7,PS,0.0
9,barra_7,PS,0.0
10,barra_7,PS,0.0
11,barra_7,PS,0.0
12,barra_7,PS,0.0
13,barra_7,PS,0.0
14,barra_7,PS,0.0
15,barra_7,PS,0.0
16,barra_7,PS,0.0
17,barra_7,PS,0.0
18,barra_7,PS,0.0
19,barra_7,PS,0.0
20,barra_7,PS,0.0
21,barra_7,PS,0.0
22,barra_7,PS,0.0
23,barra_7,PS,0.0
24,barra_7,PS,0.0
1,barra_8,PS,0.0
2,barra_8,PS,0.0
3,barra_8,PS,0.0
4,barra_8,PS,0.0
5,barra_8,PS,0.0
6,barra_8,PS,0.0
7,barra_8,PS,0.0
8,barra_8,PS,0.0
9,barra_8,PS,0.0
10,barra_8,PS,0.0
11,barra_8,PS,0.0
12,barra_8,PS,0.0
13,barra_8,PS,0.0
14,barra_8,PS,0.0
15,barra_8,PS,0.0
16,barra_8,PS,0.0
17,barra_8,PS,0.0
18,barra_8,PS,0.0
19,barra_8,PS,0.0
20,barra_8,PS,0.0
21,barra_8,PS,0.0
22,barra_8,PS,0.0
23,barra_8,PS,0.0
24,barra_8,PS,0.0
1,barra_9,PS,0.0
2,barra_9,PS,0.0
3,barra_9,PS,0.0
4,barra_9,PS,0.0
5,barra_9,PS,0.0
6,barra_9,PS,0.0
7,barra_9,PS,0.0
8,barra_9,PS,0.0
9,barra_9,PS,0.0
10,barra_9,PS,0.0
11,barra_9,PS,0.0
12,barra_9,PS,0.0
13,barra_9,PS,0.0
14,barra_9,PS,0.0
15,barra_9,PS,0.0
16,barra_9,PS,0.0
17,barra_9,PS,0.0
18,barra_9,PS,0.0
19,barra_9,PS,0.0
20,barra_9,PS,0.0
21,barra_9,PS,0.0
22,barra_9,PS,0.0
23,barra_9,PS,0.0
24,barra_9,PS,0.0
1,barra_10,PS,0.0
2,barra_10,PS,0.0
3,barra_10,PS,0.0
4,barra_10,PS,0.0
5,barra_10,PS,0.0
6,barra_10,PS,0.0
7,barra_10,PS,0.0
8,barra_10,PS,0.0
9,barra_10,PS,0.0
10,barra_10,PS,0.0
11,barra_10,PS,0.0
12,barra_10,PS,0.0
13,barra_10,PS,0.0
14,barra_10,PS,0.0
15,barra_10,PS,0.0
16,barra_10,PS,0.0
17,barra_10,PS,0.0
18,barra_10,PS,0.0
19,barra_10,PS,0.0
20,barra_10,PS,0.0
21,barra_10,PS,0.0
22,barra_10,PS,0.0
23,barra_10,PS,0.0
24,barra_10,PS,0.0
1,barra_11,PS,0.0
2,barra_11,PS,0.0
3,barra_11,PS,0.0
4,barra_11,PS,0.0
5,barra_11,PS,0.0
6,barra_11,PS,0.0
7,barra_11,PS,0.0
8,barra_11,PS,0.0
9,barra_11,PS,0.0
10,barra_11,PS,0.0
11,barra_11,PS,0.0
12,barra_11,PS,0.0
13,barra_11,PS,0.0
14,barra_11,PS,0.0
15,barra_11,PS,0.0
16,barra_11,PS,0.0
17,barra_11,PS,0.0
18,barra_11,PS,0.0
19,barra_11,PS,0.0
20,barra_11,PS,0.0
21,barra_11,PS,0.0
22,barra_11,PS,0.0
23,barra_11,PS,0.0
24,barra_11,PS,0.0
1,barra_12,PS,0.0
2,barra_12,PS,0.0
3,barra_12,PS,0.0
4,barra_12,PS,0.0
5,barra_12,PS,0.0
6,barra_12,PS,0.0
7,barra_12,PS,0.0
8,barra_12,PS,0.0
9,barra_12,PS,0.0
10,barra_12,PS,0.0
11,barra_12,PS,0.0
12,barra_12,PS,0.0
13,barra_12,PS,0.0
14,barra_12,PS,0.0
15,barra_12,PS,0.0
16,barra_12,PS,0.0
17,barra_12,PS,0.0
18,barra_12,PS,0.0
19,barra_12,PS,0.0
20,barra_12,PS,0.0
21,barra_12,PS,0.0
22,barra_12,PS,0.0
23,barra_12,PS,0.0
24,barra_12,PS,0.0
1,barra_13,PS,0.0
2,barra_13,PS,0.0
3,barra_13,PS,0.0
4,barra_13,PS,0.0
5,barra_13,PS,0.0
6,barra_13,PS,0.0
7,barra_13,PS,0.0
8,barra_13,PS,0.0
9,barra_13,PS,0.0
10,barra_13,PS,0.0
11,barra_13,PS,0.0
12,barra_13,PS,0.0
13,barra_13,PS,0.0
14,barra_13,PS,0.0
15,barra_13,PS,0.0
16,barra_13,PS,0.0
17,barra_13,PS,0.0
18,barra_13,PS,0.0
19,barra_13,PS,0.0
20,barra_13,PS,0.0
21,barra_13,PS,0.0
22,barra_13,PS,0.0
23,barra_13,PS,0.0
24,barra_13,PS,0.0
1,barra_14,PS,0.0
2,barra_14,PS,0.0
3,barra_14,PS,0.0
4,barra_14,PS,0.0
5,barra_14,PS,0.0
6,barra_14,PS,0.0105
7,barra_14,PS,0.042
8,barra_14,PS,0.0875
9,barra_14,PS,0.1575
10,barra_14,PS,0.2275
11,barra_14,PS,0.28
12,barra_14,PS,0.322
13,barra_14,PS,0.35
14,barra_14,PS,0.336
15,barra_14,PS,0.294
16,barra_14,PS,0.2275
17,barra_14,PS,0.133
18,barra_14,PS,0.0525
19,barra_14,PS,0.0105
20,barra_14,PS,0.0
21,barra_14,PS,0.0
22,barra_14,PS,0.0
23,barra_14,PS,0.0
24,barra_14,PS,0.0
1,barra_15,PS,0.0
2,barra_15,PS,0.0
3,barra_15,PS,0.0
4,barra_15,PS,0.0
5,barra_15,PS,0.0
6,barra_15,PS,0.0
7,barra_15,PS,0.0
8,barra_15,PS,0.0
9,barra_15,PS,0.0
10,barra_15,PS,0.0
11,barra_15,PS,0.0
12,barra_15,PS,0.0
13,barra_15,PS,0.0
14,barra_15,PS,0.0
15,barra_15,PS,0.0
16,barra_15,PS,0.0
17,barra_15,PS,0.0
18,barra_15,PS,0.0
19,barra_15,PS,0.0
20,barra_15,PS,0.0
21,barra_15,PS,0.0
22,barra_15,PS,0.0
23,barra_15,PS,0.0
24,barra_15,PS,0.0
1,barra_16,PS,0.0
2,barra_16,PS,0.0
3,barra_16,PS,0.0
4,barra_16,PS,0.0
5,barra_16,PS,0.0
6,barra_16,PS,0.0
7,barra_16,PS,0.0
8,barra_16,PS,0.0
9,barra_16,PS,0.0
10,barra_16,PS,0.0
11,barra_16,PS,0.0
12,barra_16,PS,0.0
13,barra_16,PS,0.0
14,barra_16,PS,0.0
15,barra_16,PS,0.0
16,barra_16,PS,0.0
17,barra_16,PS,0.0
18,barra_16,PS,0.0
19,barra_16,PS,0.0
20,barra_16,PS,0.0
21,barra_16,PS,0.0
22,barra_16,PS,0.0
23,barra_16,PS,0.0
24,barra_16,PS,0.0
1,barra_17,PS,0.0
2,barra_17,PS,0.0
3,barra_17,PS,0.0
4,barra_17,PS,0.0
5,barra_17,PS,0.0
6,barra_17,PS,0.0
7,barra_17,PS,0.0
8,barra_17,PS,0.0
9,barra_17,PS,0.0
10,barra_17,PS,0.0
11,barra_17,PS,0.0
12,barra_17,PS,0.0
13,barra_17,PS,0.0
14,barra_17,PS,0.0
15,barra_17,PS,0.0
16,barra_17,PS,0.0
17,barra_17,PS,0.0
18,barra_17,PS,0.0
19,barra_17,PS,0.0
20,barra_17,PS,0.0
21,barra_17,PS,0.0
22,barra_17,PS,0.0
23,barra_17,PS,0.0
24,barra_17,PS,0.0
1,barra_18,PS,0.0
2,barra_18,PS,0.0
3,barra_18,PS,0.0
4,barra_18,PS,0.0
5,barra_18,PS,0.0
6,barra_18,PS,0.0
7,barra_18,PS,0.0
8,barra_18,PS,0.0
9,barra_18,PS,0.0
10,barra_18,PS,0.0
11,barra_18,PS,0.0
12,barra_18,PS,0.0
13,barra_18,PS,0.0
14,barra_18,PS,0.0
15,barra_18,PS,0.0
16,barra_18,PS,0.0
17,barra_18,PS,0.0
18,barra_18,PS,0.0
19,barra_18,PS,0.0
20,barra_18,PS,0.0
21,barra_18,PS,0.0
22,barra_18,PS,0.0
23,barra_18,PS,0.0
24,barra_18,PS,0.0
1,barra_19,PS,0.0
2,barra_19,PS,0.0
3,barra_19,PS,0.0
4,barra_19,PS,0.0
5,barra_19,PS,0.0
6,barra_19,PS,0.0
7,barra_19,PS,0.0
8,barra_19,PS,0.0
9,barra_19,PS,0.0
10,barra_19,PS,0.0
11,barra_19,PS,0.0
12,barra_19,PS,0.0
13,barra_19,PS,0.0
14,barra_19,PS,0.0
15,barra_19,PS,0.0
16,barra_19,PS,0.0
17,barra_19,PS,0.0
18,barra_19,PS,0.0
19,barra_19,PS,0.0
20,barra_19,PS,0.0
21,barra_19,PS,0.0
22,barra_19,PS,0.0
23,barra_19,PS,0.0
24,barra_19,PS,0.0
1,barra_20,PS,0.0
2,barra_20,PS,0.0
3,barra_20,PS,0.0
4,barra_20,PS,0.0
5,barra_20,PS,0.0
6,barra_20,PS,0.0
7,barra_20,PS,0.0
8,barra_20,PS,0.0
9,barra_20,PS,0.0
10,barra_20,PS,0.0
11,barra_20,PS,0.0
12,barra_20,PS,0.0
13,barra_20,PS,0.0
14,barra_20,PS,0.0
15,barra_20,PS,0.0
16,barra_20,PS,0.0
17,barra_20,PS,0.0
18,barra_20,PS,0.0
19,barra_20,PS,0.0
20,barra_20,PS,0.0
21,barra_20,PS,0.0
22,barra_20,PS,0.0
23,barra_20,PS,0.0
24,barra_20,PS,0.0
1,barra_21,PS,0.0
2,barra_21,PS,0.0
3,barra_21,PS,0.0
4,barra_21,PS,0.0
5,barra_21,PS,0.0
6,barra_21,PS,0.0
7,barra_21,PS,0.0
8,barra_21,PS,0.0
9,barra_21,PS,0.0
10,barra_21,PS,0.0
11,barra_21,PS,0.0
12,barra_21,PS,0.0
13,barra_21,PS,0.0
14,barra_21,PS,0.0
15,barra_21,PS,0.0
16,barra_21,PS,0.0
17,barra_21,PS,0.0
18,barra_21,PS,0.0
19,barra_21,PS,0.0
20,barra_21,PS,0.0
21,barra_21,PS,0.0
22,barra_21,PS,0.0
23,barra_21,PS,0.0
24,barra_21,PS,0.0
1,barra_22,PS,0.0
2,barra_22,PS,0.0
3,barra_22,PS,0.0
4,barra_22,PS,0.0
5,barra_22,PS,0.0
6,barra_22,PS,0.0
7,barra_22,PS,0.0
8,barra_22,PS,0.0
9,barra_22,PS,0.0
10,barra_22,PS,0.0
11,barra_22,PS,0.0
12,barra_22,PS,0.0
13,barra_22,PS,0.0
14,barra_22,PS,0.0
15,barra_22,PS,0.0
16,barra_22,PS,0.0
17,barra_22,PS,0.0
18,barra_22,PS,0.0
19,barra_22,PS,0.0
20,barra_22,PS,0.0
21,barra_22,PS,0.0
22,barra_22,PS,0.0
23,barra_22,PS,0.0
24,barra_22,PS,0.0
1,barra_23,PS,0.0
2,barra_23,PS,0.0
3,barra_23,PS,0.0
4,barra_23,PS,0.0
5,barra_23,PS,0.0
6,barra_23,PS,0.0
7,barra_23,PS,0.0
8,barra_23,PS,0.0
9,barra_23,PS,0.0
10,barra_23,PS,0.0
11,barra_23,PS,0.0
12,barra_23,PS,0.0
13,barra_23,PS,0.0
14,barra_23,PS,0.0
15,barra_23,PS,0.0
16,barra_23,PS,0.0
17,barra_23,PS,0.0
18,barra_23,PS,0.0
19,barra_23,PS,0.0
20,barra_23,PS,0.0
21,barra_23,PS,0.0
22,barra_23,PS,0.0
23,barra_23,PS,0.0
24,barra_23,PS,0.0
1,barra_24,PS,0.0
2,barra_24,PS,0.0
3,barra_24,PS,0.0
4,barra_24,PS,0.0
5,barra_24,PS,0.0
6,barra_24,PS,0.0
7,barra_24,PS,0.0
8,barra_24,PS,0.0
9,barra_24,PS,0.0
10,barra_24,PS,0.0
11,barra_24,PS,0.0
12,barra_24,PS,0.0
13,barra_24,PS,0.0
14,barra_24,PS,0.0
15,barra_24,PS,0.0
16,barra_24,PS,0.0
17,barra_24,PS,0.0
18,barra_24,PS,0.0
19,barra_24,PS,0.0
20,barra_24,PS,0.0
21,barra_24,PS,0.0
22,barra_24,PS,0.0
23,barra_24,PS,0.0
24,barra_24,PS,0.0
1,barra_25,PS,0.0
2,barra_25,PS,0.0
3,barra_25,PS,0.0
4,barra_25,PS,0.0
5,barra_25,PS,0.0
6,barra_25,PS,0.0135
7,barra_25,PS,0.054
8,barra_25,PS,0.1125
9,barra_25,PS,0.2025
10,barra_25,PS,0.2925
11,barra_25,PS,0.36
12,barra_25,PS,0.414
13,barra_25,PS,0.45
14,barra_25,PS,0.432
15,barra_25,PS,0.378
16,barra_25,PS,0.2925
17,barra_25,PS,0.171
18,barra_25,PS,0.0675
19,barra_25,PS,0.0135
20,barra_25,PS,0.0
21,barra_25,PS,0.0
22,barra_25,PS,0.0
23,barra_25,PS,0.0
24,barra_25,PS,0.0
1,barra_26,PS,0.0
2,barra_26,PS,0.0
3,barra_26,PS,0.0
4,barra_26,PS,0.0
5,barra_26,PS,0.0
6,barra_26,PS,0.0
7,barra_26,PS,0.0
8,barra_26,PS,0.0
9,barra_26,PS,0.0
10,barra_26,PS,0.0
11,barra_26,PS,0.0
12,barra_26,PS,0.0
13,barra_26,PS,0.0
14,barra_26,PS,0.0
15,barra_26,PS,0.0
16,barra_26,PS,0.0
17,barra_26,PS,0.0
18,barra_26,PS,0.0
19,barra_26,PS,0.0
20,barra_26,PS,0.0
21,barra_26,PS,0.0
22,barra_26,PS,0.0
23,barra_26,PS,0.0
24,barra_26,PS,0.0
1,barra_27,PS,0.0
2,barra_27,PS,0.0
3,barra_27,PS,0.0
4,barra_27,PS,0.0
5,barra_27,PS,0.0
6,barra_27,PS,0.0
7,barra_27,PS,0.0
8,barra_27,PS,0.0
9,barra_27,PS,0.0
10,barra_27,PS,0.0
11,barra_27,PS,0.0
12,barra_27,PS,0.0
13,barra_27,PS,0.0
14,barra_27,PS,0.0
15,barra_27,PS,0.0
16,barra_27,PS,0.0
17,barra_27,PS,0.0
18,barra_27,PS,0.0
19,barra_27,PS,0.0
20,barra_27,PS,0.0
21,barra_27,PS,0.0
22,barra_27,PS,0.0
23,barra_27,PS,0.0
24,barra_27,PS,0.0
1,barra_28,PS,0.0
2,barra_28,PS,0.0
3,barra_28,PS,0.0
4,barra_28,PS,0.0
5,barra_28,PS,0.0
6,barra_28,PS,0.0
7,barra_28,PS,0.0
8,barra_28,PS,0.0
9,barra_28,PS,0.0
10,barra_28,PS,0.0
11,barra_28,PS,0.0
12,barra_28,PS,0.0
13,barra_28,PS,0.0
14,barra_28,PS,0.0
15,barra_28,PS,0.0
16,barra_28,PS,0.0
17,barra_28,PS,0.0
18,barra_28,PS,0.0
19,barra_28,PS,0.0
20,barra_28,PS,0.0
21,barra_28,PS,0.0
22,barra_28,PS,0.0
23,barra_28,PS,0.0
24,barra_28,PS,0.0
1,barra_29,PS,0.0
2,barra_29,PS,0.0
3,barra_29,PS,0.0
4,barra_29,PS,0.0
5,barra_29,PS,0.0
6,barra_29,PS,0.0
7,barra_29,PS,0.0
8,barra_29,PS,0.0
9,barra_29,PS,0.0
10,barra_29,PS,0.0
11,barra_29,PS,0.0
12,barra_29,PS,0.0
13,barra_29,PS,0.0
14,barra_29,PS,0.0
15,barra_29,PS,0.0
16,barra_29,PS,0.0
17,barra_29,PS,0.0
18,barra_29,PS,0.0
19,barra_29,PS,0.0
20,barra_29,PS,0.0
21,barra_29,PS,0.0
22,barra_29,PS,0.0
23,barra_29,PS,0.0
24,barra_29,PS,0.0
1,barra_30,PS,0.37339906
2,barra_30,PS,0.37889664
3,barra_30,PS,0.38137139
4,barra_30,PS,0.37953661
5,barra_30,PS,0.38558159
6,barra_30,PS,0.36763908
7,barra_30,PS,0.34809772
8,barra_30,PS,0.3535485
9,barra_30,PS,0.3518436
10,barra_30,PS,0.352968
11,barra_30,PS,0.35674721
12,barra_30,PS,0.36164044
13,barra_30,PS,0.32645449
14,barra_30,PS,0.31780765
15,barra_30,PS,0.34390686
16,barra_30,PS,0.34705671
17,barra_30,PS,0.35445648
18,barra_30,PS,0.35512639
19,barra_30,PS,0.38092926
20,barra_30,PS,0.37341298
21,barra_30,PS,0.36206128
22,barra_30,PS,0.36943377
23,barra_30,PS,0.39930431
24,barra_30,PS,0.42003378
1,barra_31,PS,0.0
2,barra_31,PS,0.0
3,barra_31,PS,0.0
4,barra_31,PS,0.0
5,barra_31,PS,0.0
6,barra_31,PS,0.0
7,barra_31,PS,0.0
8,barra_31,PS,0.0
9,barra_31,PS,0.0
10,barra_31,PS,0.0
11,barra_31,PS,0.0
12,barra_31,PS,0.0
13,barra_31,PS,0.0
14,barra_31,PS,0.0
15,barra_31,PS,0.0
16,barra_31,PS,0.0
17,barra_31,PS,0.0
18,barra_31,PS,0.0
19,barra_31,PS,0.0
20,barra_31,PS,0.0
21,barra_31,PS,0.0
22,barra_31,PS,0.0
23,barra_31,PS,0.0
24,barra_31,PS,0.0
1,barra_32,PS,0.0
2,barra_32,PS,0.0
3,barra_32,PS,0.0
4,barra_32,PS,0.0
5,barra_32,PS,0.0
6,barra_32,PS,0.0
7,barra_32,PS,0.0
8,barra_32,PS,0.0
9,barra_32,PS,0.0
10,barra_32,PS,0.0
11,barra_32,PS,0.0
12,barra_32,PS,0.0
13,barra_32,PS,0.0
14,barra_32,PS,0.0
15,barra_32,PS,0.0
16,barra_32,PS,0.0
17,barra_32,PS,0.0
18,barra_32,PS,0.0
19,barra_32,PS,0.0
20,barra_32,PS,0.0
21,barra_32,PS,0.0
22,barra_32,PS,0.0
23,barra_32,PS,0.0
24,barra_32,PS,0.0
1,barra_33,PS,0.0
2,barra_33,PS,0.0
3,barra_33,PS,0.0
4,barra_33,PS,0.0
5,barra_33,PS,0.0
6,barra_33,PS,0.0
7,barra_33,PS,0.0
8,barra_33,PS,0.0
9,barra_33,PS,0.0
10,barra_33,PS,0.0
11,barra_33,PS,0.0
12,barra_33,PS,0.0
13,barra_33,PS,0.0
14,barra_33,PS,0.0
15,barra_33,PS,0.0
16,barra_33,PS,0.0
17,barra_33,PS,0.0
18,barra_33,PS,0.0
19,barra_33,PS,0.0
20,barra_33,PS,0.0
21,barra_33,PS,0.0
22,barra_33,PS,0.0
23,barra_33,PS,0.0
24,barra_33,PS,0.0
1,barra_1,PW,0.0
2,barra_1,PW,0.0
3,barra_1,PW,0.0
4,barra_1,PW,0.0
5,barra_1,PW,0.0
6,barra_1,PW,0.0
7,barra_1,PW,0.0
8,barra_1,PW,0.0
9,barra_1,PW,0.0
10,barra_1,PW,0.0
11,barra_1,PW,0.0
12,barra_1,PW,0.0
13,barra_1,PW,0.0
14,barra_1,PW,0.0
15,barra_1,PW,0.0
16,barra_1,PW,0.0
17,barra_1,PW,0.0
18,barra_1,PW,0.0
19,barra_1,PW,0.0
20,barra_1,PW,0.0
21,barra_1,PW,0.0
22,barra_1,PW,0.0
23,barra_1,PW,0.0
24,barra_1,PW,0.0
1,barra_2,PW,0.0
2,barra_2,PW,0.0
3,barra_2,PW,0.0
4,barra_2,PW,0.0
5,barra_2,PW,0.0
6,barra_2,PW,0.0
7,barra_2,PW,0.0
8,barra_2,PW,0.0
9,barra_2,PW,0.0
10,barra_2,PW,0.0
11,barra_2,PW,0.0
12,barra_2,PW,0.0
13,barra_2,PW,0.0
14,barra_2,PW,0.0
15,barra_2,PW,0.0
16,barra_2,PW,0.0
17,barra_2,PW,0.0
18,barra_2,PW,0.0
19,barra_2,PW,0.0
20,barra_2,PW,0.0
21,barra_2,PW,0.0
22,barra_2,PW,0.0
23,barra_2,PW,0.0
24,barra_2,PW,0.0
1,barra_3,PW,0.0
2,barra_3,PW,0.0
3,barra_3,PW,0.0
4,barra_3,PW,0.0
5,barra_3,PW,0.0
6,barra_3,PW,0.0
7,barra_3,PW,0.0
8,barra_3,PW,0.0
9,barra_3,PW,0.0
10,barra_3,PW,0.0
11,barra_3,PW,0.0
12,barra_3,PW,0.0
13,barra_3,PW,0.0
14,barra_3,PW,0.0
15,barra_3,PW,0.0
16,barra_3,PW,0.0
17,barra_3,PW,0.0
18,barra_3,PW,0.0
19,barra_3,PW,0.0
20,barra_3,PW,0.0
21,barra_3,PW,0.0
22,barra_3,PW,0.0
23,barra_3,PW,0.0
24,barra_3,PW,0.0
1,barra_4,PW,0.0
2,barra_4,PW,0.0
3,barra_4,PW,0.0
4,barra_4,PW,0.0
5,barra_4,PW,0.0
6,barra_4,PW,0.0
7,barra_4,PW,0.0
8,barra_4,PW,0.0
9,barra_4,PW,0.0
10,barra_4,PW,0.0
11,barra_4,PW,0.0
12,barra_4,PW,0.0
13,barra_4,PW,0.0
14,barra_4,PW,0.0
15,barra_4,PW,0.0
16,barra_4,PW,0.0
17,barra_4,PW,0.0
18,barra_4,PW,0.0
19,barra_4,PW,0.0
20,barra_4,PW,0.0
21,barra_4,PW,0.0
22,barra_4,PW,0.0
23,barra_4,PW,0.0
24,barra_4,PW,0.0
1,barra_5,PW,0.0
2,barra_5,PW,0.0
3,barra_5,PW,0.0
4,barra_5,PW,0.0
5,barra_5,PW,0.0
6,barra_5,PW,0.0
7,barra_5,PW,0.0
8,barra_5,PW,0.0
9,barra_5,PW,0.0
10,barra_5,PW,0.0
11,barra_5,PW,0.0
12,barra_5,PW,0.0
13,barra_5,PW,0.0
14,barra_5,PW,0.0
15,barra_5,PW,0.0
16,barra_5,PW,0.0
17,barra_5,PW,0.0
18,barra_5,PW,0.0
19,barra_5,PW,0.0
20,barra_5,PW,0.0
21,barra_5,PW,0.0
22,barra_5,PW,0.0
23,barra_5,PW,0.0
24,barra_5,PW,0.0
1,barra_6,PW,0.76541895
2,barra_6,PW,0.78177415
3,barra_6,PW,0.79363187
4,barra_6,PW,0.79908139
5,barra_6,PW,0.79171434
6,barra_6,PW,0.73539374
7,barra_6,PW,0.63333643
8,barra_6,PW,0.57019567
9,barra_6,PW,0.47301294
10,barra_6,PW,0.38203516
11,barra_6,PW,0.25739409
12,barra_6,PW,0.1347672
13,barra_6,PW,0.0
14,barra_6,PW,0.0
15,barra_6,PW,0.16665344
16,barra_6,PW,0.37240653
17,barra_6,PW,0.51003365
18,barra_6,PW,0.64429969
19,barra_6,PW,0.78097398
20,barra_6,PW,0.81451205
21,barra_6,PW,0.82201977
22,barra_6,PW,0.8415629
23,barra_6,PW,0.85430417
24,barra_6,PW,0.85309252
1,barra_7,PW,0.0
2,barra_7,PW,0.0
3,barra_7,PW,0.0
4,barra_7,PW,0.0
5,barra_7,PW,0.0
6,barra_7,PW,0.0
7,barra_7,PW,0.0
8,barra_7,PW,0.0
9,barra_7,PW,0.0
10,barra_7,PW,0.0
11,barra_7,PW,0.0
12,barra_7,PW,0.0
13,barra_7,PW,0.0
14,barra_7,PW,0.0
15,barra_7,PW,0.0
16,barra_7,PW,0.0
17,barra_7,PW,0.0
18,barra_7,PW,0.0
19,barra_7,PW,0.0
20,barra_7,PW,0.0
21,barra_7,PW,0.0
22,barra_7,PW,0.0
23,barra_7,PW,0.0
24,barra_7,PW,0.0
1,barra_8,PW,0.0
2,barra_8,PW,0.0
3,barra_8,PW,0.0
4,barra_8,PW,0.0
5,barra_8,PW,0.0
6,barra_8,PW,0.0
7,barra_8,PW,0.0
8,barra_8,PW,0.0
9,barra_8,PW,0.0
10,barra_8,PW,0.0
11,barra_8,PW,0.0
12,barra_8,PW,0.0
13,barra_8,PW,0.0
14,barra_8,PW,0.0
15,barra_8,PW,0.0
16,barra_8,PW,0.0
17,barra_8,PW,0.0
18,barra_8,PW,0.0
19,barra_8,PW,0.0
20,barra_8,PW,0.0
21,barra_8,PW,0.0
22,barra_8,PW,0.0
23,barra_8,PW,0.0
24,barra_8,PW,0.0
1,barra_9,PW,0.0
2,barra_9,PW,0.0
3,barra_9,PW,0.0
4,barra_9,PW,0.0
5,barra_9,PW,0.0
6,barra_9,PW,0.0
7,barra_9,PW,0.0
8,barra_9,PW,0.0
9,barra_9,PW,0.0
10,barra_9,PW,0.0
11,barra_9,PW,0.0
12,barra_9,PW,0.0
13,barra_9,PW,0.0
14,barra_9,PW,0.0
15,barra_9,PW,0.0
16,barra_9,PW,0.0
17,barra_9,PW,0.0
18,barra_9,PW,0.0
19,barra_9,PW,0.0
20,barra_9,PW,0.0
21,barra_9,PW,0.0
22,barra_9,PW,0.0
23,barra_9,PW,0.0
24,barra_9,PW,0.0
1,barra_10,PW,0.0
2,barra_10,PW,0.0
3,barra_10,PW,0.0
4,barra_10,PW,0.0
5,barra_10,PW,0.0
6,barra_10,PW,0.0
7,barra_10,PW,0.0
8,barra_10,PW,0.0
9,barra_10,PW,0.0
10,barra_10,PW,0.0
11,barra_10,PW,0.0
12,barra_10,PW,0.0
13,barra_10,PW,0.0
14,barra_10,PW,0.0
15,barra_10,PW,0.0
16,barra_10,PW,0.0
17,barra_10,PW,0.0
18,barra_10,PW,0.0
19,barra_10,PW,0.0
20,barra_10,PW,0.0
21,barra_10,PW,0.0
22,barra_10,PW,0.0
23,barra_10,PW,0.0
24,barra_10,PW,0.0
1,barra_11,PW,0.0
2,barra_11,PW,0.0
3,barra_11,PW,0.0
4,barra_11,PW,0.0
5,barra_11,PW,0.0
6,barra_11,PW,0.0
7,barra_11,PW,0.0
8,barra_11,PW,0.0
9,barra_11,PW,0.0
10,barra_11,PW,0.0
11,barra_11,PW,0.0
12,barra_11,PW,0.0
13,barra_11,PW,0.0
14,barra_11,PW,0.0
15,barra_11,PW,0.0
16,barra_11,PW,0.0
17,barra_11,PW,0.0
18,barra_11,PW,0.0
19,barra_11,PW,0.0
20,barra_11,PW,0.0
21,barra_11,PW,0.0
22,barra_11,PW,0.0
23,barra_11,PW,0.0
24,barra_11,PW,0.0
1,barra_12,PW,0.0
2,barra_12,PW,0.0
3,barra_12,PW,0.0
4,barra_12,PW,0.0
5,barra_12,PW,0.0
6,barra_12,PW,0.0
7,barra_12,PW,0.0
8,barra_12,PW,0.0
9,barra_12,PW,0.0
10,barra_12,PW,0.0
11,barra_12,PW,0.0
12,barra_12,PW,0.0
13,barra_12,PW,0.0
14,barra_12,PW,0.0
15,barra_12,PW,0.0
16,barra_12,PW,0.0
17,barra_12,PW,0.0
18,barra_12,PW,0.0
19,barra_12,PW,0.0
20,barra_12,PW,0.0
21,barra_12,PW,0.0
22,barra_12,PW,0.0
23,barra_12,PW,0.0
24,barra_12,PW,0.0
1,barra_13,PW,0.0
2,barra_13,PW,0.0
3,barra_13,PW,0.0
4,barra_13,PW,0.0
5,barra_13,PW,0.0
6,barra_13,PW,0.0
7,barra_13,PW,0.0
8,barra_13,PW,0.0
9,barra_13,PW,0.0
10,barra_13,PW,0.0
11,barra_13,PW,0.0
12,barra_13,PW,0.0
13,barra_13,PW,0.0
14,barra_13,PW,0.0
15,barra_13,PW,0.0
16,barra_13,PW,0.0
17,barra_13,PW,0.0
18,barra_13,PW,0.0
19,barra_13,PW,0.0
20,barra_13,PW,0.0
21,barra_13,PW,0.0
22,barra_13,PW,0.0
23,barra_13,PW,0.0
24,barra_13,PW,0.0
1,barra_14,PW,0.21549927
2,barra_14,PW,0.22048588
3,barra_14,PW,0.22086343
4,barra_14,PW,0.21467542
5,barra_14,PW,0.23066747
6,barra_14,PW,0.20059451
7,barra_14,PW,0.1590501
8,barra_14,PW,0.13147843
9,barra_14,PW,0.068203132
10,barra_14,PW,0.0062414288
11,barra_14,PW,0.0
12,barra_14,PW,0.0
13,barra_14,PW,0.0
14,barra_14,PW,0.0
15,barra_14,PW,0.0
16,barra_14,PW,0.0016398387
17,barra_14,PW,0.092074951
18,barra_14,PW,0.15254685
19,barra_14,PW,0.20968808
20,barra_14,PW,0.19517522
21,barra_14,PW,0.16770879
22,barra_14,PW,0.17215778
23,barra_14,PW,0.22783661
24,barra_14,PW,0.27297877
1,barra_15,PW,0.0
2,barra_15,PW,0.0
3,barra_15,PW,0.0
4,barra_15,PW,0.0
5,barra_15,PW,0.0
6,barra_15,PW,0.0
7,barra_15,PW,0.0
8,barra_15,PW,0.0
9,barra_15,PW,0.0
10,barra_15,PW,0.0
11,barra_15,PW,0.0
12,barra_15,PW,0.0
13,barra_15,PW,0.0
14,barra_15,PW,0.0
15,barra_15,PW,0.0
16,barra_15,PW,0.0
17,barra_15,PW,0.0
18,barra_15,PW,0.0
19,barra_15,PW,0.0
20,barra_15,PW,0.0
21,barra_15,PW,0.0
22,barra_15,PW,0.0
23,barra_15,PW,0.0
24,barra_15,PW,0.0
1,barra_16,PW,0.0
2,barra_16,PW,0.0
3,barra_16,PW,0.0
4,barra_16,PW,0.0
5,barra_16,PW,0.0
6,barra_16,PW,0.0
7,barra_16,PW,0.0
8,barra_16,PW,0.0
9,barra_16,PW,0.0
10,barra_16,PW,0.0
11,barra_16,PW,0.0
12,barra_16,PW,0.0
13,barra_16,PW,0.0
14,barra_16,PW,0.0
15,barra_16,PW,0.0
16,barra_16,PW,0.0
17,barra_16,PW,0.0
18,barra_16,PW,0.0
19,barra_16,PW,0.0
20,barra_16,PW,0.0
21,barra_16,PW,0.0
22,barra_16,PW,0.0
23,barra_16,PW,0.0
24,barra_16,PW,0.0
1,barra_17,PW,0.0
2,barra_17,PW,0.0
3,barra_17,PW,0.0
4,barra_17,PW,0.0
5,barra_17,PW,0.0
6,barra_17,PW,0.0
7,barra_17,PW,0.0
8,barra_17,PW,0.0
9,barra_17,PW,0.0
10,barra_17,PW,0.0
11,barra_17,PW,0.0
12,barra_17,PW,0.0
13,barra_17,PW,0.0
14,barra_17,PW,0.0
15,barra_17,PW,0.0
16,barra_17,PW,0.0
17,barra_17,PW,0.0
18,barra_17,PW,0.0
19,barra_17,PW,0.0
20,barra_17,PW,0.0
21,barra_17,PW,0.0
22,barra_17,PW,0.0
23,barra_17,PW,0.0
24,barra_17,PW,0.0
1,barra_18,PW,0.204
2,barra_18,PW,0.21
3,barra_18,PW,0.216
4,barra_18,PW,0.222
5,barra_18,PW,0.21
6,barra_18,PW,0.198
7,barra_18,PW,0.18
8,barra_18,PW,0.165
9,barra_18,PW,0.15
10,barra_18,PW,0.138
11,barra_18,PW,0.132
12,barra_18,PW,0.126
13,barra_18,PW,0.11266284
14,barra_18,PW,0.11361739
15,barra_18,PW,0.12
16,barra_18,PW,0.135
17,barra_18,PW,0.156
18,barra_18,PW,0.186
19,barra_18,PW,0.216
20,barra_18,PW,0.24
21,barra_18,PW,0.258
22,barra_18,PW,0.27
23,barra_18,PW,0.252
24,barra_18,PW,0.228
1,barra_19,PW,0.0
2,barra_19,PW,0.0
3,barra_19,PW,0.0
4,barra_19,PW,0.0
5,barra_19,PW,0.0
6,barra_19,PW,0.0
7,barra_19,PW,0.0
8,barra_19,PW,0.0
9,barra_19,PW,0.0
10,barra_19,PW,0.0
11,barra_19,PW,0.0
12,barra_19,PW,0.0
13,barra_19,PW,0.0
14,barra_19,PW,0.0
15,barra_19,PW,0.0
16,barra_19,PW,0.0
17,barra_19,PW,0.0
18,barra_19,PW,0.0
19,barra_19,PW,0.0
20,barra_19,PW,0.0
21,barra_19,PW,0.0
22,barra_19,PW,0.0
23,barra_19,PW,0.0
24,barra_19,PW,0.0
1,barra_20,PW,0.0
2,barra_20,PW,0.0
3,barra_20,PW,0.0
4,barra_20,PW,0.0
5,barra_20,PW,0.0
6,barra_20,PW,0.0
7,barra_20,PW,0.0
8,barra_20,PW,0.0
9,barra_20,PW,0.0
10,barra_20,PW,0.0
11,barra_20,PW,0.0
12,barra_20,PW,0.0
13,barra_20,PW,0.0
14,barra_20,PW,0.0
15,barra_20,PW,0.0
16,barra_20,PW,0.0
17,barra_20,PW,0.0
18,barra_20,PW,0.0
19,barra_20,PW,0.0
20,barra_20,PW,0.0
21,barra_20,PW,0.0
22,barra_20,PW,0.0
23,barra_20,PW,0.0
24,barra_20,PW,0.0
1,barra_21,PW,0.0
2,barra_21,PW,0.0
3,barra_21,PW,0.0
4,barra_21,PW,0.0
5,barra_21,PW,0.0
6,barra_21,PW,0.0
7,barra_21,PW,0.0
8,barra_21,PW,0.0
9,barra_21,PW,0.0
10,barra_21,PW,0.0
11,barra_21,PW,0.0
12,barra_21,PW,0.0
13,barra_21,PW,0.0
14,barra_21,PW,0.0
15,barra_21,PW,0.0
16,barra_21,PW,0.0
17,barra_21,PW,0.0
18,barra_21,PW,0.0
19,barra_21,PW,0.0
20,barra_21,PW,0.0
21,barra_21,PW,0.0
22,barra_21,PW,0.0
23,barra_21,PW,0.0
24,barra_21,PW,0.0
1,barra_22,PW,0.0
2,barra_22,PW,0.0
3,barra_22,PW,0.0
4,barra_22,PW,0.0
5,barra_22,PW,0.0
6,barra_22,PW,0.0
7,barra_22,PW,0.0
8,barra_22,PW,0.0
9,barra_22,PW,0.0
10,barra_22,PW,0.0
11,barra_22,PW,0.0
12,barra_22,PW,0.0
13,barra_22,PW,0.0
14,barra_22,PW,0.0
15,barra_22,PW,0.0
16,barra_22,PW,0.0
17,barra_22,PW,0.0
18,barra_22,PW,0.0
19,barra_22,PW,0.0
20,barra_22,PW,0.0
21,barra_22,PW,0.0
22,barra_22,PW,0.0
23,barra_22,PW,0.0
24,barra_22,PW,0.0
1,barra_23,PW,0.0
2,barra_23,PW,0.0
3,barra_23,PW,0.0
4,barra_23,PW,0.0
5,barra_23,PW,0.0
6,barra_23,PW,0.0
7,barra_23,PW,0.0
8,barra_23,PW,0.0
9,barra_23,PW,0.0
10,barra_23,PW,0.0
11,barra_23,PW,0.0
12,barra_23,PW,0.0
13,barra_23,PW,0.0
14,barra_23,PW,0.0
15,barra_23,PW,0.0
16,barra_23,PW,0.0
17,barra_23,PW,0.0
18,barra_23,PW,0.0
19,barra_23,PW,0.0
20,barra_23,PW,0.0
21,barra_23,PW,0.0
22,barra_23,PW,0.0
23,barra_23,PW,0.0
24,barra_23,PW,0.0
1,barra_24,PW,0.0
2,barra_24,PW,0.0
3,barra_24,PW,0.0
4,barra_24,PW,0.0
5,barra_24,PW,0.0
6,barra_24,PW,0.0
7,barra_24,PW,0.0
8,barra_24,PW,0.0
9,barra_24,PW,0.0
10,barra_24,PW,0.0
11,barra_24,PW,0.0
12,barra_24,PW,0.0
13,barra_24,PW,0.0
14,barra_24,PW,0.0
15,barra_24,PW,0.0
16,barra_24,PW,0.0
17,barra_24,PW,0.0
18,barra_24,PW,0.0
19,barra_24,PW,0.0
20,barra_24,PW,0.0
21,barra_24,PW,0.0
22,barra_24,PW,0.0
23,barra_24,PW,0.0
24,barra_24,PW,0.0
1,barra_25,PW,0.695659
2,barra_25,PW,0.703944
3,barra_25,PW,0.709952
4,barra_25,PW,0.712713
5,barra_25,PW,0.708981
6,barra_25,PW,0.673678
7,barra_25,PW,0.606027
8,barra_25,PW,0.53664905
9,barra_25,PW,0.42352407
10,barra_25,PW,0.31866294
11,barra_25,PW,0.24857165
12,barra_25,PW,0.19365936
13,barra_25,PW,0.14594082
14,barra_25,PW,0.14079386
15,barra_25,PW,0.19469905
16,barra_25,PW,0.30562766
17,barra_25,PW,0.46716732
18,barra_25,PW,0.601966
19,barra_25,PW,0.696119
20,barra_25,PW,0.720529
21,barra_25,PW,0.724408
22,barra_25,PW,0.74267527
23,barra_25,PW,0.75727396
24,barra_25,PW,0.75588687
1,barra_26,PW,0.0
2,barra_26,PW,0.0
3,barra_26,PW,0.0
4,barra_26,PW,0.0
5,barra_26,PW,0.0
6,barra_26,PW,0.0
7,barra_26,PW,0.0
8,barra_26,PW,0.0
9,barra_26,PW,0.0
10,barra_26,PW,0.0
11,barra_26,PW,0.0
12,barra_26,PW,0.0
13,barra_26,PW,0.0
14,barra_26,PW,0.0
15,barra_26,PW,0.0
16,barra_26,PW,0.0
17,barra_26,PW,0.0
18,barra_26,PW,0.0
19,barra_26,PW,0.0
20,barra_26,PW,0.0
21,barra_26,PW,0.0
22,barra_26,PW,0.0
23,barra_26,PW,0.0
24,barra_26,PW,0.0
1,barra_27,PW,0.0
2,barra_27,PW,0.0
3,barra_27,PW,0.0
4,barra_27,PW,0.0
5,barra_27,PW,0.0
6,barra_27,PW,0.0
7,barra_27,PW,0.0
8,barra_27,PW,0.0
9,barra_27,PW,0.0
10,barra_27,PW,0.0
11,barra_27,PW,0.0
12,barra_27,PW,0.0
13,barra_27,PW,0.0
14,barra_27,PW,0.0
15,barra_27,PW,0.0
16,barra_27,PW,0.0
17,barra_27,PW,0.0
18,barra_27,PW,0.0
19,barra_27,PW,0.0
20,barra_27,PW,0.0
21,barra_27,PW,0.0
22,barra_27,PW,0.0
23,barra_27,PW,0.0
24,barra_27,PW,0.0
1,barra_28,PW,0.0
2,barra_28,PW,0.0
3,barra_28,PW,0.0
4,barra_28,PW,0.0
5,barra_28,PW,0.0
6,barra_28,PW,0.0
7,barra_28,PW,0.0
8,barra_28,PW,0.0
9,barra_28,PW,0.0
10,barra_28,PW,0.0
11,barra_28,PW,0.0
12,barra_28,PW,0.0
13,barra_28,PW,0.0
14,barra_28,PW,0.0
15,barra_28,PW,0.0
16,barra_28,PW,0.0
17,barra_28,PW,0.0
18,barra_28,PW,0.0
19,barra_28,PW,0.0
20,barra_28,PW,0.0
21,barra_28,PW,0.0
22,barra_28,PW,0.0
23,barra_28,PW,0.0
24,barra_28,PW,0.0
1,barra_29,PW,0.0
2,barra_29,PW,0.0
3,barra_29,PW,0.0
4,barra_29,PW,0.0
5,barra_29,PW,0.0
6,barra_29,PW,0.0
7,barra_29,PW,0.0
8,barra_29,PW,0.0
9,barra_29,PW,0.0
10,barra_29,PW,0.0
11,barra_29,PW,0.0
12,barra_29,PW,0.0
13,barra_29,PW,0.0
14,barra_29,PW,0.0
15,barra_29,PW,0.0
16,barra_29,PW,0.0
17,barra_29,PW,0.0
18,barra_29,PW,0.0
19,barra_29,PW,0.0
20,barra_29,PW,0.0
21,barra_29,PW,0.0
22,barra_29,PW,0.0
23,barra_29,PW,0.0
24,barra_29,PW,0.0
1,barra_30,PW,0.187
2,barra_30,PW,0.1925
3,barra_30,PW,0.198
4,barra_30,PW,0.2035
5,barra_30,PW,0.1925
6,barra_30,PW,0.1815
7,barra_30,PW,0.165
8,barra_30,PW,0.15125
9,barra_30,PW,0.1375
10,barra_30,PW,0.1265
11,barra_30,PW,0.121
12,barra_30,PW,0.1155
13,barra_30,PW,0.11
14,barra_30,PW,0.1045
15,barra_30,PW,0.11
16,barra_30,PW,0.12375
17,barra_30,PW,0.143
18,barra_30,PW,0.1705
19,barra_30,PW,0.198
20,barra_30,PW,0.22
21,barra_30,PW,0.2365
22,barra_30,PW,0.2475
23,barra_30,PW,0.231
24,barra_30,PW,0.209
1,barra_31,PW,0.0
2,barra_31,PW,0.0
3,barra_31,PW,0.0
4,barra_31,PW,0.0
5,barra_31,PW,0.0
6,barra_31,PW,0.0
7,barra_31,PW,0.0
8,barra_31,PW,0.0
9,barra_31,PW,0.0
10,barra_31,PW,0.0
11,barra_31,PW,0.0
12,barra_31,PW,0.0
13,barra_31,PW,0.0
14,barra_31,PW,0.0
15,barra_31,PW,0.0
16,barra_31,PW,0.0
17,barra_31,PW,0.0
18,barra_31,PW,0.0
19,barra_31,PW,0.0
20,barra_31,PW,0.0
21,barra_31,PW,0.0
22,barra_31,PW,0.0
23,barra_31,PW,0.0
24,barra_31,PW,0.0
1,barra_32,PW,0.0
2,barra_32,PW,0.0
3,barra_32,PW,0.0
4,barra_32,PW,0.0
5,barra_32,PW,0.0
6,barra_32,PW,0.0
7,barra_32,PW,0.0
8,barra_32,PW,0.0
9,barra_32,PW,0.0
10,barra_32,PW,0.0
11,barra_32,PW,0.0
12,barra_32,PW,0.0
13,barra_32,PW,0.0
14,barra_32,PW,0.0
15,barra_32,PW,0.0
16,barra_32,PW,0.0
17,barra_32,PW,0.0
18,barra_32,PW,0.0
19,barra_32,PW,0.0
20,barra_32,PW,0.0
21,barra_32,PW,0.0
22,barra_32,PW,0.0
23,barra_32,PW,0.0
24,barra_32,PW,0.0
1,barra_33,PW,0.0
2,barra_33,PW,0.0
3,barra_33,PW,0.0
4,barra_33,PW,0.0
5,barra_33,PW,0.0
6,barra_33,PW,0.0
7,barra_33,PW,0.0
8,barra_33,PW,0.0
9,barra_33,PW,0.0
10,barra_33,PW,0.0
11,barra_33,PW,0.0
12,barra_33,PW,0.0
13,barra_33,PW,0.0
14,barra_33,PW,0.0
15,barra_33,PW,0.0
16,barra_33,PW,0.0
17,barra_33,PW,0.0
18,barra_33,PW,0.0
19,barra_33,PW,0.0
20,barra_33,PW,0.0
21,barra_33,PW,0.0
22,barra_33,PW,0.0
23,barra_33,PW,0.0
24,barra_33,PW,0.0
1,barra_1,CS,0.0
2,barra_1,CS,0.0
3,barra_1,CS,0.0
4,barra_1,CS,0.0
5,barra_1,CS,0.0
6,barra_1,CS,0.0
7,barra_1,CS,0.0
8,barra_1,CS,0.0
9,barra_1,CS,0.0
10,barra_1,CS,0.0
11,barra_1,CS,0.0
12,barra_1,CS,0.0
13,barra_1,CS,0.0
14,barra_1,CS,0.0
15,barra_1,CS,0.0
16,barra_1,CS,0.0
17,barra_1,CS,0.0
18,barra_1,CS,0.0
19,barra_1,CS,0.0
20,barra_1,CS,0.0
21,barra_1,CS,0.0
22,barra_1,CS,0.0
23,barra_1,CS,0.0
24,barra_1,CS,0.0
1,barra_2,CS,0.0
2,barra_2,CS,0.0
3,barra_2,CS,0.0
4,barra_2,CS,0.0
5,barra_2,CS,0.0
6,barra_2,CS,0.0
7,barra_2,CS,0.0
8,barra_2,CS,0.0
9,barra_2,CS,0.0
10,barra_2,CS,0.0
11,barra_2,CS,0.0
12,barra_2,CS,0.0
13,barra_2,CS,0.0
14,barra_2,CS,0.0
15,barra_2,CS,0.0
16,barra_2,CS,0.0
17,barra_2,CS,0.0
18,barra_2,CS,0.0
19,barra_2,CS,0.0
20,barra_2,CS,0.0
21,barra_2,CS,0.0
22,barra_2,CS,0.0
23,barra_2,CS,0.0
24,barra_2,CS,0.0
1,barra_3,CS,0.0
2,barra_3,CS,0.0
3,barra_3,CS,0.0
4,barra_3,CS,0.0
5,barra_3,CS,0.0
6,barra_3,CS,0.0
7,barra_3,CS,0.0
8,barra_3,CS,0.0
9,barra_3,CS,0.0
10,barra_3,CS,0.0
11,barra_3,CS,0.0
12,barra_3,CS,0.0
13,barra_3,CS,0.0
14,barra_3,CS,0.0
15,barra_3,CS,0.0
16,barra_3,CS,0.0
17,barra_3,CS,0.0
18,barra_3,CS,0.0
19,barra_3,CS,0.0
20,barra_3,CS,0.0
21,barra_3,CS,0.0
22,barra_3,CS,0.0
23,barra_3,CS,0.0
24,barra_3,CS,0.0
1,barra_4,CS,0.0
2,barra_4,CS,0.0
3,barra_4,CS,0.0
4,barra_4,CS,0.0
5,barra_4,CS,0.0
6,barra_4,CS,0.0
7,barra_4,CS,0.0
8,barra_4,CS,0.0
9,barra_4,CS,0.0
10,barra_4,CS,0.0
11,barra_4,CS,0.0
12,barra_4,CS,0.0
13,barra_4,CS,0.0
14,barra_4,CS,0.0
15,barra_4,CS,0.0
16,barra_4,CS,0.0
17,barra_4,CS,0.0
18,barra_4,CS,0.0
19,barra_4,CS,0.0
20,barra_4,CS,0.0
21,barra_4,CS,0.0
22,barra_4,CS,0.0
23,barra_4,CS,0.0
24,barra_4,CS,0.0
1,barra_5,CS,0.0
2,barra_5,CS,0.0
3,barra_5,CS,0.0
4,barra_5,CS,0.0
5,barra_5,CS,0.0
6,barra_5,CS,0.0
7,barra_5,CS,0.0
8,barra_5,CS,0.0
9,barra_5,CS,0.0
10,barra_5,CS,0.0
11,barra_5,CS,0.0
12,barra_5,CS,0.0
13,barra_5,CS,0.0
14,barra_5,CS,0.0
15,barra_5,CS,0.0
16,barra_5,CS,0.0
17,barra_5,CS,0.0
18,barra_5,CS,0.0
19,barra_5,CS,0.0
20,barra_5,CS,0.0
21,barra_5,CS,0.0
22,barra_5,CS,0.0
23,barra_5,CS,0.0
24,barra_5,CS,0.0
1,barra_6,CS,0.0
2,barra_6,CS,0.0
3,barra_6,CS,0.0
4,barra_6,CS,0.0
5,barra_6,CS,0.0
6,barra_6,CS,-0.0
7,barra_6,CS,-0.0
8,barra_6,CS,-0.0
9,barra_6,CS,-0.0
10,barra_6,CS,-0.0
11,barra_6,CS,-0.0
12,barra_6,CS,-0.0
13,barra_6,CS,-0.0
14,barra_6,CS,-0.0
15,barra_6,CS,-0.0
16,barra_6,CS,-0.0
17,barra_6,CS,-0.0
18,barra_6,CS,-0.0
19,barra_6,CS,-0.0
20,barra_6,CS,0.0
21,barra_6,CS,0.0
22,barra_6,CS,0.0
23,barra_6,CS,0.0
24,barra_6,CS,0.0
1,barra_7,CS,0.0
2,barra_7,CS,0.0
3,barra_7,CS,0.0
4,barra_7,CS,0.0
5,barra_7,CS,0.0
6,barra_7,CS,0.0
7,barra_7,CS,0.0
8,barra_7,CS,0.0
9,barra_7,CS,0.0
10,barra_7,CS,0.0
11,barra_7,CS,0.0
12,barra_7,CS,0.0
13,barra_7,CS,0.0
14,barra_7,CS,0.0
15,barra_7,CS,0.0
16,barra_7,CS,0.0
17,barra_7,CS,0.0
18,barra_7,CS,0.0
19,barra_7,CS,0.0
20,barra_7,CS,0.0
21,barra_7,CS,0.0
22,barra_7,CS,0.0
23,barra_7,CS,0.0
24,barra_7,CS,0.0
1,barra_8,CS,0.0
2,barra_8,CS,0.0
3,barra_8,CS,0.0
4,barra_8,CS,0.0
5,barra_8,CS,0.0
6,barra_8,CS,0.0
7,barra_8,CS,0.0
8,barra_8,CS,0.0
9,barra_8,CS,0.0
10,barra_8,CS,0.0
11,barra_8,CS,0.0
12,barra_8,CS,0.0
13,barra_8,CS,0.0
14,barra_8,CS,0.0
15,barra_8,CS,0.0
16,barra_8,CS,0.0
17,barra_8,CS,0.0
18,barra_8,CS,0.0
19,barra_8,CS,0.0
20,barra_8,CS,0.0
21,barra_8,CS,0.0
22,barra_8,CS,0.0
23,barra_8,CS,0.0
24,barra_8,CS,0.0
1,barra_9,CS,0.0
2,barra_9,CS,0.0
3,barra_9,CS,0.0
4,barra_9,CS,0.0
5,barra_9,CS,0.0
6,barra_9,CS,0.0
7,barra_9,CS,0.0
8,barra_9,CS,0.0
9,barra_9,CS,0.0
10,barra_9,CS,0.0
11,barra_9,CS,0.0
12,barra_9,CS,0.0
13,barra_9,CS,0.0
14,barra_9,CS,0.0
15,barra_9,CS,0.0
16,barra_9,CS,0.0
17,barra_9,CS,0.0
18,barra_9,CS,0.0
19,barra_9,CS,0.0
20,barra_9,CS,0.0
21,barra_9,CS,0.0
22,barra_9,CS,0.0
23,barra_9,CS,0.0
24,barra_9,CS,0.0
1,barra_10,CS,0.0
2,barra_10,CS,0.0
3,barra_10,CS,0.0
4,barra_10,CS,0.0
5,barra_10,CS,0.0
6,barra_10,CS,0.0
7,barra_10,CS,0.0
8,barra_10,CS,0.0
9,barra_10,CS,0.0
10,barra_10,CS,0.0
11,barra_10,CS,0.0
12,barra_10,CS,0.0
13,barra_10,CS,0.0
14,barra_10,CS,0.0
15,barra_10,CS,0.0
16,barra_10,CS,0.0
17,barra_10,CS,0.0
18,barra_10,CS,0.0
19,barra_10,CS,0.0
20,barra_10,CS,0.0
21,barra_10,CS,0.0
22,barra_10,CS,0.0
23,barra_10,CS,0.0
24,barra_10,CS,0.0
1,barra_11,CS,0.0
2,barra_11,CS,0.0
3,barra_11,CS,0.0
4,barra_11,CS,0.0
5,barra_11,CS,0.0
6,barra_11,CS,0.0
7,barra_11,CS,0.0
8,barra_11,CS,0.0
9,barra_11,CS,0.0
10,barra_11,CS,0.0
11,barra_11,CS,0.0
12,barra_11,CS,0.0
13,barra_11,CS,0.0
14,barra_11,CS,0.0
15,barra_11,CS,0.0
16,barra_11,CS,0.0
17,barra_11,CS,0.0
18,barra_11,CS,0.0
19,barra_11,CS,0.0
20,barra_11,CS,0.0
21,barra_11,CS,0.0
22,barra_11,CS,0.0
23,barra_11,CS,0.0
24,barra_11,CS,0.0
1,barra_12,CS,0.0
2,barra_12,CS,0.0
3,barra_12,CS,0.0
4,barra_12,CS,0.0
5,barra_12,CS,0.0
6,barra_12,CS,0.0
7,barra_12,CS,0.0
8,barra_12,CS,0.0
9,barra_12,CS,0.0
10,barra_12,CS,0.0
11,barra_12,CS,0.0
12,barra_12,CS,0.0
13,barra_12,CS,0.0
14,barra_12,CS,0.0
15,barra_12,CS,0.0
16,barra_12,CS,0.0
17,barra_12,CS,0.0
18,barra_12,CS,0.0
19,barra_12,CS,0.0
20,barra_12,CS,0.0
21,barra_12,CS,0.0
22,barra_12,CS,0.0
23,barra_12,CS,0.0
24,barra_12,CS,0.0
1,barra_13,CS,0.0
2,barra_13,CS,0.0
3,barra_13,CS,0.0
4,barra_13,CS,0.0
5,barra_13,CS,0.0
6,barra_13,CS,0.0
7,barra_13,CS,0.0
8,barra_13,CS,0.0
9,barra_13,CS,0.0
10,barra_13,CS,0.0
11,barra_13,CS,0.0
12,barra_13,CS,0.0
13,barra_13,CS,0.0
14,barra_13,CS,0.0
15,barra_13,CS,0.0
16,barra_13,CS,0.0
17,barra_13,CS,0.0
18,barra_13,CS,0.0
19,barra_13,CS,0.0
20,barra_13,CS,0.0
21,barra_13,CS,0.0
22,barra_13,CS,0.0
23,barra_13,CS,0.0
24,barra_13,CS,0.0
1,barra_14,CS,0.0
2,barra_14,CS,0.0
3,barra_14,CS,0.0
4,barra_14,CS,0.0
5,barra_14,CS,0.0
6,barra_14,CS,-0.0
7,barra_14,CS,-0.0
8,barra_14,CS,-0.0
9,barra_14,CS,-0.0
10,barra_14,CS,-0.0
11,barra_14,CS,-0.0
12,barra_14,CS,-0.0
13,barra_14,CS,-0.0
14,barra_14,CS,-0.0
15,barra_14,CS,-0.0
16,barra_14,CS,-0.0
17,barra_14,CS,-0.0
18,barra_14,CS,-0.0
19,barra_14,CS,-0.0
20,barra_14,CS,0.0
21,barra_14,CS,0.0
22,barra_14,CS,0.0
23,barra_14,CS,0.0
24,barra_14,CS,0.0
1,barra_15,CS,0.0
2,barra_15,CS,0.0
3,barra_15,CS,0.0
4,barra_15,CS,0.0
5,barra_15,CS,0.0
6,barra_15,CS,0.0
7,barra_15,CS,0.0
8,barra_15,CS,0.0
9,barra_15,CS,0.0
10,barra_15,CS,0.0
11,barra_15,CS,0.0
12,barra_15,CS,0.0
13,barra_15,CS,0.0
14,barra_15,CS,0.0
15,barra_15,CS,0.0
16,barra_15,CS,0.0
17,barra_15,CS,0.0
18,barra_15,CS,0.0
19,barra_15,CS,0.0
20,barra_15,CS,0.0
21,barra_15,CS,0.0
22,barra_15,CS,0.0
23,barra_15,CS,0.0
24,barra_15,CS,0.0
1,barra_16,CS,0.0
2,barra_16,CS,0.0
3,barra_16,CS,0.0
4,barra_16,CS,0.0
5,barra_16,CS,0.0
6,barra_16,CS,0.0
7,barra_16,CS,0.0
8,barra_16,CS,0.0
9,barra_16,CS,0.0
10,barra_16,CS,0.0
11,barra_16,CS,0.0
12,barra_16,CS,0.0
13,barra_16,CS,0.0
14,barra_16,CS,0.0
15,barra_16,CS,0.0
16,barra_16,CS,0.0
17,barra_16,CS,0.0
18,barra_16,CS,0.0
19,barra_16,CS,0.0
20,barra_16,CS,0.0
21,barra_16,CS,0.0
22,barra_16,CS,0.0
23,barra_16,CS,0.0
24,barra_16,CS,0.0
1,barra_17,CS,0.0
2,barra_17,CS,0.0
3,barra_17,CS,0.0
4,barra_17,CS,0.0
5,barra_17,CS,0.0
6,barra_17,CS,0.0
7,barra_17,CS,0.0
8,barra_17,CS,0.0
9,barra_17,CS,0.0
10,barra_17,CS,0.0
11,barra_17,CS,0.0
12,barra_17,CS,0.0
13,barra_17,CS,0.0
14,barra_17,CS,0.0
15,barra_17,CS,0.0
16,barra_17,CS,0.0
17,barra_17,CS,0.0
18,barra_17,CS,0.0
19,barra_17,CS,0.0
20,barra_17,CS,0.0
21,barra_17,CS,0.0
22,barra_17,CS,0.0
23,barra_17,CS,0.0
24,barra_17,CS,0.0
1,barra_18,CS,0.0
2,barra_18,CS,0.0
3,barra_18,CS,0.0
4,barra_18,CS,0.0
5,barra_18,CS,0.0
6,barra_18,CS,0.0
7,barra_18,CS,0.0
8,barra_18,CS,0.0
9,barra_18,CS,0.0
10,barra_18,CS,0.0
11,barra_18,CS,0.0
12,barra_18,CS,0.0
13,barra_18,CS,0.0
14,barra_18,CS,0.0
15,barra_18,CS,0.0
16,barra_18,CS,0.0
17,barra_18,CS,0.0
18,barra_18,CS,0.0
19,barra_18,CS,0.0
20,barra_18,CS,0.0
21,barra_18,CS,0.0
22,barra_18,CS,0.0
23,barra_18,CS,0.0
24,barra_18,CS,0.0
1,barra_19,CS,0.0
2,barra_19,CS,0.0
3,barra_19,CS,0.0
4,barra_19,CS,0.0
5,barra_19,CS,0.0
6,barra_19,CS,0.0
7,barra_19,CS,0.0
8,barra_19,CS,0.0
9,barra_19,CS,0.0
10,barra_19,CS,0.0
11,barra_19,CS,0.0
12,barra_19,CS,0.0
13,barra_19,CS,0.0
14,barra_19,CS,0.0
15,barra_19,CS,0.0
16,barra_19,CS,0.0
17,barra_19,CS,0.0
18,barra_19,CS,0.0
19,barra_19,CS,0.0
20,barra_19,CS,0.0
21,barra_19,CS,0.0
22,barra_19,CS,0.0
23,barra_19,CS,0.0
24,barra_19,CS,0.0
1,barra_20,CS,0.0
2,barra_20,CS,0.0
3,barra_20,CS,0.0
4,barra_20,CS,0.0
5,barra_20,CS,0.0
6,barra_20,CS,0.0
7,barra_20,CS,0.0
8,barra_20,CS,0.0
9,barra_20,CS,0.0
10,barra_20,CS,0.0
11,barra_20,CS,0.0
12,barra_20,CS,0.0
13,barra_20,CS,0.0
14,barra_20,CS,0.0
15,barra_20,CS,0.0
16,barra_20,CS,0.0
17,barra_20,CS,0.0
18,barra_20,CS,0.0
19,barra_20,CS,0.0
20,barra_20,CS,0.0
21,barra_20,CS,0.0
22,barra_20,CS,0.0
23,barra_20,CS,0.0
24,barra_20,CS,0.0
1,barra_21,CS,0.0
2,barra_21,CS,0.0
3,barra_21,CS,0.0
4,barra_21,CS,0.0
5,barra_21,CS,0.0
6,barra_21,CS,0.0
7,barra_21,CS,0.0
8,barra_21,CS,0.0
9,barra_21,CS,0.0
10,barra_21,CS,0.0
11,barra_21,CS,0.0
12,barra_21,CS,0.0
13,barra_21,CS,0.0
14,barra_21,CS,0.0
15,barra_21,CS,0.0
16,barra_21,CS,0.0
17,barra_21,CS,0.0
18,barra_21,CS,0.0
19,barra_21,CS,0.0
20,barra_21,CS,0.0
21,barra_21,CS,0.0
22,barra_21,CS,0.0
23,barra_21,CS,0.0
24,barra_21,CS,0.0
1,barra_22,CS,0.0
2,barra_22,CS,0.0
3,barra_22,CS,0.0
4,barra_22,CS,0.0
5,barra_22,CS,0.0
6,barra_22,CS,0.0
7,barra_22,CS,0.0
8,barra_22,CS,0.0
9,barra_22,CS,0.0
10,barra_22,CS,0.0
11,barra_22,CS,0.0
12,barra_22,CS,0.0
13,barra_22,CS,0.0
14,barra_22,CS,0.0
15,barra_22,CS,0.0
16,barra_22,CS,0.0
17,barra_22,CS,0.0
18,barra_22,CS,0.0
19,barra_22,CS,0.0
20,barra_22,CS,0.0
21,barra_22,CS,0.0
22,barra_22,CS,0.0
23,barra_22,CS,0.0
24,barra_22,CS,0.0
1,barra_23,CS,0.0
2,barra_23,CS,0.0
3,barra_23,CS,0.0
4,barra_23,CS,0.0
5,barra_23,CS,0.0
6,barra_23,CS,0.0
7,barra_23,CS,0.0
8,barra_23,CS,0.0
9,barra_23,CS,0.0
10,barra_23,CS,0.0
11,barra_23,CS,0.0
12,barra_23,CS,0.0
13,barra_23,CS,0.0
14,barra_23,CS,0.0
15,barra_23,CS,0.0
16,barra_23,CS,0.0
17,barra_23,CS,0.0
18,barra_23,CS,0.0
19,barra_23,CS,0.0
20,barra_23,CS,0.0
21,barra_23,CS,0.0
22,barra_23,CS,0.0
23,barra_23,CS,0.0
24,barra_23,CS,0.0
1,barra_24,CS,0.0
2,barra_24,CS,0.0
3,barra_24,CS,0.0
4,barra_24,CS,0.0
5,barra_24,CS,0.0
6,barra_24,CS,0.0
7,barra_24,CS,0.0
8,barra_24,CS,0.0
9,barra_24,CS,0.0
10,barra_24,CS,0.0
11,barra_24,CS,0.0
12,barra_24,CS,0.0
13,barra_24,CS,0.0
14,barra_24,CS,0.0
15,barra_24,CS,0.0
16,barra_24,CS,0.0
17,barra_24,CS,0.0
18,barra_24,CS,0.0
19,barra_24,CS,0.0
20,barra_24,CS,0.0
21,barra_24,CS,0.0
22,barra_24,CS,0.0
23,barra_24,CS,0.0
24,barra_24,CS,0.0
1,barra_25,CS,0.0
2,barra_25,CS,0.0
3,barra_25,CS,0.0
4,barra_25,CS,0.0
5,barra_25,CS,0.0
6,barra_25,CS,-0.0
7,barra_25,CS,-0.0
8,barra_25,CS,-0.0
9,barra_25,CS,-0.0
10,barra_25,CS,-0.0
11,barra_25,CS,-0.0
12,barra_25,CS,-0.0
13,barra_25,CS,-0.0
14,barra_25,CS,-0.0
15,barra_25,CS,-0.0
16,barra_25,CS,-0.0
17,barra_25,CS,-0.0
18,barra_25,CS,-0.0
19,barra_25,CS,-0.0
20,barra_25,CS,0.0
21,barra_25,CS,0.0
22,barra_25,CS,0.0
23,barra_25,CS,0.0
24,barra_25,CS,0.0
1,barra_26,CS,0.0
2,barra_26,CS,0.0
3,barra_26,CS,0.0
4,barra_26,CS,0.0
5,barra_26,CS,0.0
6,barra_26,CS,0.0
7,barra_26,CS,0.0
8,barra_26,CS,0.0
9,barra_26,CS,0.0
10,barra_26,CS,0.0
11,barra_26,CS,0.0
12,barra_26,CS,0.0
13,barra_26,CS,0.0
14,barra_26,CS,0.0
15,barra_26,CS,0.0
16,barra_26,CS,0.0
17,barra_26,CS,0.0
18,barra_26,CS,0.0
19,barra_26,CS,0.0
20,barra_26,CS,0.0
21,barra_26,CS,0.0
22,barra_26,CS,0.0
23,barra_26,CS,0.0
24,barra_26,CS,0.0
1,barra_27,CS,0.0
2,barra_27,CS,0.0
3,barra_27,CS,0.0
4,barra_27,CS,0.0
5,barra_27,CS,0.0
6,barra_27,CS,0.0
7,barra_27,CS,0.0
8,barra_27,CS,0.0
9,barra_27,CS,0.0
10,barra_27,CS,0.0
11,barra_27,CS,0.0
12,barra_27,CS,0.0
13,barra_27,CS,0.0
14,barra_27,CS,0.0
15,barra_27,CS,0.0
16,barra_27,CS,0.0
17,barra_27,CS,0.0
18,barra_27,CS,0.0
19,barra_27,CS,0.0
20,barra_27,CS,0.0
21,barra_27,CS,0.0
22,barra_27,CS,0.0
23,barra_27,CS,0.0
24,barra_27,CS,0.0
1,barra_28,CS,0.0
2,barra_28,CS,0.0
3,barra_28,CS,0.0
4,barra_28,CS,0.0
5,barra_28,CS,0.0
6,barra_28,CS,0.0
7,barra_28,CS,0.0
8,barra_28,CS,0.0
9,barra_28,CS,0.0
10,barra_28,CS,0.0
11,barra_28,CS,0.0
12,barra_28,CS,0.0
13,barra_28,CS,0.0
14,barra_28,CS,0.0
15,barra_28,CS,0.0
16,barra_28,CS,0.0
17,barra_28,CS,0.0
18,barra_28,CS,0.0
19,barra_28,CS,0.0
20,barra_28,CS,0.0
21,barra_28,CS,0.0
22,barra_28,CS,0.0
23,barra_28,CS,0.0
24,barra_28,CS,0.0
1,barra_29,CS,0.0
2,barra_29,CS,0.0
3,barra_29,CS,0.0
4,barra_29,CS,0.0
5,barra_29,CS,0.0
6,barra_29,CS,0.0
7,barra_29,CS,0.0
8,barra_29,CS,0.0
9,barra_29,CS,0.0
10,barra_29,CS,0.0
11,barra_29,CS,0.0
12,barra_29,CS,0.0
13,barra_29,CS,0.0
14,barra_29,CS,0.0
15,barra_29,CS,0.0
16,barra_29,CS,0.0
17,barra_29,CS,0.0
18,barra_29,CS,0.0
19,barra_29,CS,0.0
20,barra_29,CS,0.0
21,barra_29,CS,0.0
22,barra_29,CS,0.0
23,barra_29,CS,0.0
24,barra_29,CS,0.0
1,barra_30,CS,0.0
2,barra_30,CS,0.0
3,barra_30,CS,0.0
4,barra_30,CS,0.0
5,barra_30,CS,0.0
6,barra_30,CS,0.0
7,barra_30,CS,0.0
8,barra_30,CS,0.0
9,barra_30,CS,0.0
10,barra_30,CS,0.0
11,barra_30,CS,0.0
12,barra_30,CS,0.0
13,barra_30,CS,0.0
14,barra_30,CS,0.0
15,barra_30,CS,0.0
16,barra_30,CS,0.0
17,barra_30,CS,0.0
18,barra_30,CS,0.0
19,barra_30,CS,0.0
20,barra_30,CS,0.0
21,barra_30,CS,0.0
22,barra_30,CS,0.0
23,barra_30,CS,0.0
24,barra_30,CS,0.0
1,barra_31,CS,0.0
2,barra_31,CS,0.0
3,barra_31,CS,0.0
4,barra_31,CS,0.0
5,barra_31,CS,0.0
6,barra_31,CS,0.0
7,barra_31,CS,0.0
8,barra_31,CS,0.0
9,barra_31,CS,0.0
10,barra_31,CS,0.0
11,barra_31,CS,0.0
12,barra_31,CS,0.0
13,barra_31,CS,0.0
14,barra_31,CS,0.0
15,barra_31,CS,0.0
16,barra_31,CS,0.0
17,barra_31,CS,0.0
18,barra_31,CS,0.0
19,barra_31,CS,0.0
20,barra_31,CS,0.0
21,barra_31,CS,0.0
22,barra_31,CS,0.0
23,barra_31,CS,0.0
24,barra_31,CS,0.0
1,barra_32,CS,0.0
2,barra_32,CS,0.0
3,barra_32,CS,0.0
4,barra_32,CS,0.0
5,barra_32,CS,0.0
6,barra_32,CS,0.0
7,barra_32,CS,0.0
8,barra_32,CS,0.0
9,barra_32,CS,0.0
10,barra_32,CS,0.0
11,barra_32,CS,0.0
12,barra_32,CS,0.0
13,barra_32,CS,0.0
14,barra_32,CS,0.0
15,barra_32,CS,0.0
16,barra_32,CS,0.0
17,barra_32,CS,0.0
18,barra_32,CS,0.0
19,barra_32,CS,0.0
20,barra_32,CS,0.0
21,barra_32,CS,0.0
22,barra_32,CS,0.0
23,barra_32,CS,0.0
24,barra_32,CS,0.0
1,barra_33,CS,0.0
2,barra_33,CS,0.0
3,barra_33,CS,0.0
4,barra_33,CS,0.0
5,barra_33,CS,0.0
6,barra_33,CS,0.0
7,barra_33,CS,0.0
8,barra_33,CS,0.0
9,barra_33,CS,0.0
10,barra_33,CS,0.0
11,barra_33,CS,0.0
12,barra_33,CS,0.0
13,barra_33,CS,0.0
14,barra_33,CS,0.0
15,barra_33,CS,0.0
16,barra_33,CS,0.0
17,barra_33,CS,0.0
18,barra_33,CS,0.0
19,barra_33,CS,0.0
20,barra_33,CS,0.0
21,barra_33,CS,0.0
22,barra_33,CS,0.0
23,barra_33,CS,0.0
24,barra_33,CS,0.0
1,barra_1,CW,0.0
2,barra_1,CW,0.0
3,barra_1,CW,0.0
4,barra_1,CW,0.0
5,barra_1,CW,0.0
6,barra_1,CW,0.0
7,barra_1,CW,0.0
8,barra_1,CW,0.0
9,barra_1,CW,0.0
10,barra_1,CW,0.0
11,barra_1,CW,0.0
12,barra_1,CW,0.0
13,barra_1,CW,0.0
14,barra_1,CW,0.0
15,barra_1,CW,0.0
16,barra_1,CW,0.0
17,barra_1,CW,0.0
18,barra_1,CW,0.0
19,barra_1,CW,0.0
20,barra_1,CW,0.0
21,barra_1,CW,0.0
22,barra_1,CW,0.0
23,barra_1,CW,0.0
24,barra_1,CW,0.0
1,barra_2,CW,0.0
2,barra_2,CW,0.0
3,barra_2,CW,0.0
4,barra_2,CW,0.0
5,barra_2,CW,0.0
6,barra_2,CW,0.0
7,barra_2,CW,0.0
8,barra_2,CW,0.0
9,barra_2,CW,0.0
10,barra_2,CW,0.0
11,barra_2,CW,0.0
12,barra_2,CW,0.0
13,barra_2,CW,0.0
14,barra_2,CW,0.0
15,barra_2,CW,0.0
16,barra_2,CW,0.0
17,barra_2,CW,0.0
18,barra_2,CW,0.0
19,barra_2,CW,0.0
20,barra_2,CW,0.0
21,barra_2,CW,0.0
22,barra_2,CW,0.0
23,barra_2,CW,0.0
24,barra_2,CW,0.0
1,barra_3,CW,0.0
2,barra_3,CW,0.0
3,barra_3,CW,0.0
4,barra_3,CW,0.0
5,barra_3,CW,0.0
6,barra_3,CW,0.0
7,barra_3,CW,0.0
8,barra_3,CW,0.0
9,barra_3,CW,0.0
10,barra_3,CW,0.0
11,barra_3,CW,0.0
12,barra_3,CW,0.0
13,barra_3,CW,0.0
14,barra_3,CW,0.0
15,barra_3,CW,0.0
16,barra_3,CW,0.0
17,barra_3,CW,0.0
18,barra_3,CW,0.0
19,barra_3,CW,0.0
20,barra_3,CW,0.0
21,barra_3,CW,0.0
22,barra_3,CW,0.0
23,barra_3,CW,0.0
24,barra_3,CW,0.0
1,barra_4,CW,0.0
2,barra_4,CW,0.0
3,barra_4,CW,0.0
4,barra_4,CW,0.0
5,barra_4,CW,0.0
6,barra_4,CW,0.0
7,barra_4,CW,0.0
8,barra_4,CW,0.0
9,barra_4,CW,0.0
10,barra_4,CW,0.0
11,barra_4,CW,0.0
12,barra_4,CW,0.0
13,barra_4,CW,0.0
14,barra_4,CW,0.0
15,barra_4,CW,0.0
16,barra_4,CW,0.0
17,barra_4,CW,0.0
18,barra_4,CW,0.0
19,barra_4,CW,0.0
20,barra_4,CW,0.0
21,barra_4,CW,0.0
22,barra_4,CW,0.0
23,barra_4,CW,0.0
24,barra_4,CW,0.0
1,barra_5,CW,0.0
2,barra_5,CW,0.0
3,barra_5,CW,0.0
4,barra_5,CW,0.0
5,barra_5,CW,0.0
6,barra_5,CW,0.0
7,barra_5,CW,0.0
8,barra_5,CW,0.0
9,barra_5,CW,0.0
10,barra_5,CW,0.0
11,barra_5,CW,0.0
12,barra_5,CW,0.0
13,barra_5,CW,0.0
14,barra_5,CW,0.0
15,barra_5,CW,0.0
16,barra_5,CW,0.0
17,barra_5,CW,0.0
18,barra_5,CW,0.0
19,barra_5,CW,0.0
20,barra_5,CW,0.0
21,barra_5,CW,0.0
22,barra_5,CW,0.0
23,barra_5,CW,0.0
24,barra_5,CW,0.0
1,barra_6,CW,0.0
2,barra_6,CW,0.0
3,barra_6,CW,0.0
4,barra_6,CW,0.0
5,barra_6,CW,0.0
6,barra_6,CW,0.0
7,barra_6,CW,0.0
8,barra_6,CW,0.0
9,barra_6,CW,0.0
10,barra_6,CW,0.0
11,barra_6,CW,0.0
12,barra_6,CW,0.0
13,barra_6,CW,0.0
14,barra_6,CW,0.0
15,barra_6,CW,0.0
16,barra_6,CW,0.0
17,barra_6,CW,0.0
18,barra_6,CW,0.0
19,barra_6,CW,0.0
20,barra_6,CW,0.0
21,barra_6,CW,0.0
22,barra_6,CW,0.0
23,barra_6,CW,0.0
24,barra_6,CW,0.0
1,barra_7,CW,0.0
2,barra_7,CW,0.0
3,barra_7,CW,0.0
4,barra_7,CW,0.0
5,barra_7,CW,0.0
6,barra_7,CW,0.0
7,barra_7,CW,0.0
8,barra_7,CW,0.0
9,barra_7,CW,0.0
10,barra_7,CW,0.0
11,barra_7,CW,0.0
12,barra_7,CW,0.0
13,barra_7,CW,0.0
14,barra_7,CW,0.0
15,barra_7,CW,0.0
16,barra_7,CW,0.0
17,barra_7,CW,0.0
18,barra_7,CW,0.0
19,barra_7,CW,0.0
20,barra_7,CW,0.0
21,barra_7,CW,0.0
22,barra_7,CW,0.0
23,barra_7,CW,0.0
24,barra_7,CW,0.0
1,barra_8,CW,0.0
2,barra_8,CW,0.0
3,barra_8,CW,0.0
4,barra_8,CW,0.0
5,barra_8,CW,0.0
6,barra_8,CW,0.0
7,barra_8,CW,0.0
8,barra_8,CW,0.0
9,barra_8,CW,0.0
10,barra_8,CW,0.0
11,barra_8,CW,0.0
12,barra_8,CW,0.0
13,barra_8,CW,0.0
14,barra_8,CW,0.0
15,barra_8,CW,0.0
16,barra_8,CW,0.0
17,barra_8,CW,0.0
18,barra_8,CW,0.0
19,barra_8,CW,0.0
20,barra_8,CW,0.0
21,barra_8,CW,0.0
22,barra_8,CW,0.0
23,barra_8,CW,0.0
24,barra_8,CW,0.0
1,barra_9,CW,0.0
2,barra_9,CW,0.0
3,barra_9,CW,0.0
4,barra_9,CW,0.0
5,barra_9,CW,0.0
6,barra_9,CW,0.0
7,barra_9,CW,0.0
8,barra_9,CW,0.0
9,barra_9,CW,0.0
10,barra_9,CW,0.0
11,barra_9,CW,0.0
12,barra_9,CW,0.0
13,barra_9,CW,0.0
14,barra_9,CW,0.0
15,barra_9,CW,0.0
16,barra_9,CW,0.0
17,barra_9,CW,0.0
18,barra_9,CW,0.0
19,barra_9,CW,0.0
20,barra_9,CW,0.0
21,barra_9,CW,0.0
22,barra_9,CW,0.0
23,barra_9,CW,0.0
24,barra_9,CW,0.0
1,barra_10,CW,0.0
2,barra_10,CW,0.0
3,barra_10,CW,0.0
4,barra_10,CW,0.0
5,barra_10,CW,0.0
6,barra_10,CW,0.0
7,barra_10,CW,0.0
8,barra_10,CW,0.0
9,barra_10,CW,0.0
10,barra_10,CW,0.0
11,barra_10,CW,0.0
12,barra_10,CW,0.0
13,barra_10,CW,0.0
14,barra_10,CW,0.0
15,barra_10,CW,0.0
16,barra_10,CW,0.0
17,barra_10,CW,0.0
18,barra_10,CW,0.0
19,barra_10,CW,0.0
20,barra_10,CW,0.0
21,barra_10,CW,0.0
22,barra_10,CW,0.0
23,barra_10,CW,0.0
24,barra_10,CW,0.0
1,barra_11,CW,0.0
2,barra_11,CW,0.0
3,barra_11,CW,0.0
4,barra_11,CW,0.0
5,barra_11,CW,0.0
6,barra_11,CW,0.0
7,barra_11,CW,0.0
8,barra_11,CW,0.0
9,barra_11,CW,0.0
10,barra_11,CW,0.0
11,barra_11,CW,0.0
12,barra_11,CW,0.0
13,barra_11,CW,0.0
14,barra_11,CW,0.0
15,barra_11,CW,0.0
16,barra_11,CW,0.0
17,barra_11,CW,0.0
18,barra_11,CW,0.0
19,barra_11,CW,0.0
20,barra_11,CW,0.0
21,barra_11,CW,0.0
22,barra_11,CW,0.0
23,barra_11,CW,0.0
24,barra_11,CW,0.0
1,barra_12,CW,0.0
2,barra_12,CW,0.0
3,barra_12,CW,0.0
4,barra_12,CW,0.0
5,barra_12,CW,0.0
6,barra_12,CW,0.0
7,barra_12,CW,0.0
8,barra_12,CW,0.0
9,barra_12,CW,0.0
10,barra_12,CW,0.0
11,barra_12,CW,0.0
12,barra_12,CW,0.0
13,barra_12,CW,0.0
14,barra_12,CW,0.0
15,barra_12,CW,0.0
16,barra_12,CW,0.0
17,barra_12,CW,0.0
18,barra_12,CW,0.0
19,barra_12,CW,0.0
20,barra_12,CW,0.0
21,barra_12,CW,0.0
22,barra_12,CW,0.0
23,barra_12,CW,0.0
24,barra_12,CW,0.0
1,barra_13,CW,0.0
2,barra_13,CW,0.0
3,barra_13,CW,0.0
4,barra_13,CW,0.0
5,barra_13,CW,0.0
6,barra_13,CW,0.0
7,barra_13,CW,0.0
8,barra_13,CW,0.0
9,barra_13,CW,0.0
10,barra_13,CW,0.0
11,barra_13,CW,0.0
12,barra_13,CW,0.0
13,barra_13,CW,0.0
14,barra_13,CW,0.0
15,barra_13,CW,0.0
16,barra_13,CW,0.0
17,barra_13,CW,0.0
18,barra_13,CW,0.0
19,barra_13,CW,0.0
20,barra_13,CW,0.0
21,barra_13,CW,0.0
22,barra_13,CW,0.0
23,barra_13,CW,0.0
24,barra_13,CW,0.0
1,barra_14,CW,0.0
2,barra_14,CW,0.0
3,barra_14,CW,0.0
4,barra_14,CW,0.0
5,barra_14,CW,0.0
6,barra_14,CW,0.0
7,barra_14,CW,0.0
8,barra_14,CW,0.0
9,barra_14,CW,0.0
10,barra_14,CW,0.0
11,barra_14,CW,0.0
12,barra_14,CW,0.0
13,barra_14,CW,0.0
14,barra_14,CW,0.0
15,barra_14,CW,0.0
16,barra_14,CW,0.0
17,barra_14,CW,0.0
18,barra_14,CW,0.0
19,barra_14,CW,0.0
20,barra_14,CW,0.0
21,barra_14,CW,0.0
22,barra_14,CW,0.0
23,barra_14,CW,0.0
24,barra_14,CW,0.0
1,barra_15,CW,0.0
2,barra_15,CW,0.0
3,barra_15,CW,0.0
4,barra_15,CW,0.0
5,barra_15,CW,0.0
6,barra_15,CW,0.0
7,barra_15,CW,0.0
8,barra_15,CW,0.0
9,barra_15,CW,0.0
10,barra_15,CW,0.0
11,barra_15,CW,0.0
12,barra_15,CW,0.0
13,barra_15,CW,0.0
14,barra_15,CW,0.0
15,barra_15,CW,0.0
16,barra_15,CW,0.0
17,barra_15,CW,0.0
18,barra_15,CW,0.0
19,barra_15,CW,0.0
20,barra_15,CW,0.0
21,barra_15,CW,0.0
22,barra_15,CW,0.0
23,barra_15,CW,0.0
24,barra_15,CW,0.0
1,barra_16,CW,0.0
2,barra_16,CW,0.0
3,barra_16,CW,0.0
4,barra_16,CW,0.0
5,barra_16,CW,0.0
6,barra_16,CW,0.0
7,barra_16,CW,0.0
8,barra_16,CW,0.0
9,barra_16,CW,0.0
10,barra_16,CW,0.0
11,barra_16,CW,0.0
12,barra_16,CW,0.0
13,barra_16,CW,0.0
14,barra_16,CW,0.0
15,barra_16,CW,0.0
16,barra_16,CW,0.0
17,barra_16,CW,0.0
18,barra_16,CW,0.0
19,barra_16,CW,0.0
20,barra_16,CW,0.0
21,barra_16,CW,0.0
22,barra_16,CW,0.0
23,barra_16,CW,0.0
24,barra_16,CW,0.0
1,barra_17,CW,0.0
2,barra_17,CW,0.0
3,barra_17,CW,0.0
4,barra_17,CW,0.0
5,barra_17,CW,0.0
6,barra_17,CW,0.0
7,barra_17,CW,0.0
8,barra_17,CW,0.0
9,barra_17,CW,0.0
10,barra_17,CW,0.0
11,barra_17,CW,0.0
12,barra_17,CW,0.0
13,barra_17,CW,0.0
14,barra_17,CW,0.0
15,barra_17,CW,0.0
16,barra_17,CW,0.0
17,barra_17,CW,0.0
18,barra_17,CW,0.0
19,barra_17,CW,0.0
20,barra_17,CW,0.0
21,barra_17,CW,0.0
22,barra_17,CW,0.0
23,barra_17,CW,0.0
24,barra_17,CW,0.0
1,barra_18,CW,-0.0
2,barra_18,CW,-0.0
3,barra_18,CW,-0.0
4,barra_18,CW,-0.0
5,barra_18,CW,-0.0
6,barra_18,CW,-0.0
7,barra_18,CW,-0.0
8,barra_18,CW,-0.0
9,barra_18,CW,-0.0
10,barra_18,CW,-0.0
11,barra_18,CW,-0.0
12,barra_18,CW,-0.0
13,barra_18,CW,0.0073371608
14,barra_18,CW,0.00038261459
15,barra_18,CW,-0.0
16,barra_18,CW,-0.0
17,barra_18,CW,-0.0
18,barra_18,CW,-0.0
19,barra_18,CW,-0.0
20,barra_18,CW,-0.0
21,barra_18,CW,-0.0
22,barra_18,CW,-0.0
23,barra_18,CW,-0.0
24,barra_18,CW,-0.0
1,barra_19,CW,0.0
2,barra_19,CW,0.0
3,barra_19,CW,0.0
4,barra_19,CW,0.0
5,barra_19,CW,0.0
6,barra_19,CW,0.0
7,barra_19,CW,0.0
8,barra_19,CW,0.0
9,barra_19,CW,0.0
10,barra_19,CW,0.0
11,barra_19,CW,0.0
12,barra_19,CW,0.0
13,barra_19,CW,0.0
14,barra_19,CW,0.0
15,barra_19,CW,0.0
16,barra_19,CW,0.0
17,barra_19,CW,0.0
18,barra_19,CW,0.0
19,barra_19,CW,0.0
20,barra_19,CW,0.0
21,barra_19,CW,0.0
22,barra_19,CW,0.0
23,barra_19,CW,0.0
24,barra_19,CW,0.0
1,barra_20,CW,0.0
2,barra_20,CW,0.0
3,barra_20,CW,0.0
4,barra_20,CW,0.0
5,barra_20,CW,0.0
6,barra_20,CW,0.0
7,barra_20,CW,0.0
8,barra_20,CW,0.0
9,barra_20,CW,0.0
10,barra_20,CW,0.0
11,barra_20,CW,0.0
12,barra_20,CW,0.0
13,barra_20,CW,0.0
14,barra_20,CW,0.0
15,barra_20,CW,0.0
16,barra_20,CW,0.0
17,barra_20,CW,0.0
18,barra_20,CW,0.0
19,barra_20,CW,0.0
20,barra_20,CW,0.0
21,barra_20,CW,0.0
22,barra_20,CW,0.0
23,barra_20,CW,0.0
24,barra_20,CW,0.0
1,barra_21,CW,0.0
2,barra_21,CW,0.0
3,barra_21,CW,0.0
4,barra_21,CW,0.0
5,barra_21,CW,0.0
6,barra_21,CW,0.0
7,barra_21,CW,0.0
8,barra_21,CW,0.0
9,barra_21,CW,0.0
10,barra_21,CW,0.0
11,barra_21,CW,0.0
12,barra_21,CW,0.0
13,barra_21,CW,0.0
14,barra_21,CW,0.0
15,barra_21,CW,0.0
16,barra_21,CW,0.0
17,barra_21,CW,0.0
18,barra_21,CW,0.0
19,barra_21,CW,0.0
20,barra_21,CW,0.0
21,barra_21,CW,0.0
22,barra_21,CW,0.0
23,barra_21,CW,0.0
24,barra_21,CW,0.0
1,barra_22,CW,0.0
2,barra_22,CW,0.0
3,barra_22,CW,0.0
4,barra_22,CW,0.0
5,barra_22,CW,0.0
6,barra_22,CW,0.0
7,barra_22,CW,0.0
8,barra_22,CW,0.0
9,barra_22,CW,0.0
10,barra_22,CW,0.0
11,barra_22,CW,0.0
12,barra_22,CW,0.0
13,barra_22,CW,0.0
14,barra_22,CW,0.0
15,barra_22,CW,0.0
16,barra_22,CW,0.0
17,barra_22,CW,0.0
18,barra_22,CW,0.0
19,barra_22,CW,0.0
20,barra_22,CW,0.0
21,barra_22,CW,0.0
22,barra_22,CW,0.0
23,barra_22,CW,0.0
24,barra_22,CW,0.0
1,barra_23,CW,0.0
2,barra_23,CW,0.0
3,barra_23,CW,0.0
4,barra_23,CW,0.0
5,barra_23,CW,0.0
6,barra_23,CW,0.0
7,barra_23,CW,0.0
8,barra_23,CW,0.0
9,barra_23,CW,0.0
10,barra_23,CW,0.0
11,barra_23,CW,0.0
12,barra_23,CW,0.0
13,barra_23,CW,0.0
14,barra_23,CW,0.0
15,barra_23,CW,0.0
16,barra_23,CW,0.0
17,barra_23,CW,0.0
18,barra_23,CW,0.0
19,barra_23,CW,0.0
20,barra_23,CW,0.0
21,barra_23,CW,0.0
22,barra_23,CW,0.0
23,barra_23,CW,0.0
24,barra_23,CW,0.0
1,barra_24,CW,0.0
2,barra_24,CW,0.0
3,barra_24,CW,0.0
4,barra_24,CW,0.0
5,barra_24,CW,0.0
6,barra_24,CW,0.0
7,barra_24,CW,0.0
8,barra_24,CW,0.0
9,barra_24,CW,0.0
10,barra_24,CW,0.0
11,barra_24,CW,0.0
12,barra_24,CW,0.0
13,barra_24,CW,0.0
14,barra_24,CW,0.0
15,barra_24,CW,0.0
16,barra_24,CW,0.0
17,barra_24,CW,0.0
18,barra_24,CW,0.0
19,barra_24,CW,0.0
20,barra_24,CW,0.0
21,barra_24,CW,0.0
22,barra_24,CW,0.0
23,barra_24,CW,0.0
24,barra_24,CW,0.0
1,barra_25,CW,0.0
2,barra_25,CW,0.0
3,barra_25,CW,0.0
4,barra_25,CW,0.0
5,barra_25,CW,0.0
6,barra_25,CW,0.0
7,barra_25,CW,0.0
8,barra_25,CW,0.0
9,barra_25,CW,0.0
10,barra_25,CW,0.0
11,barra_25,CW,0.0
12,barra_25,CW,0.0
13,barra_25,CW,0.0
14,barra_25,CW,0.0
15,barra_25,CW,0.0
16,barra_25,CW,0.0
17,barra_25,CW,0.0
18,barra_25,CW,0.0
19,barra_25,CW,0.0
20,barra_25,CW,0.0
21,barra_25,CW,0.0
22,barra_25,CW,0.0
23,barra_25,CW,0.0
24,barra_25,CW,0.0
1,barra_26,CW,0.0
2,barra_26,CW,0.0
3,barra_26,CW,0.0
4,barra_26,CW,0.0
5,barra_26,CW,0.0
6,barra_26,CW,0.0
7,barra_26,CW,0.0
8,barra_26,CW,0.0
9,barra_26,CW,0.0
10,barra_26,CW,0.0
11,barra_26,CW,0.0
12,barra_26,CW,0.0
13,barra_26,CW,0.0
14,barra_26,CW,0.0
15,barra_26,CW,0.0
16,barra_26,CW,0.0
17,barra_26,CW,0.0
18,barra_26,CW,0.0
19,barra_26,CW,0.0
20,barra_26,CW,0.0
21,barra_26,CW,0.0
22,barra_26,CW,0.0
23,barra_26,CW,0.0
24,barra_26,CW,0.0
1,barra_27,CW,0.0
2,barra_27,CW,0.0
3,barra_27,CW,0.0
4,barra_27,CW,0.0
5,barra_27,CW,0.0
6,barra_27,CW,0.0
7,barra_27,CW,0.0
8,barra_27,CW,0.0
9,barra_27,CW,0.0
10,barra_27,CW,0.0
11,barra_27,CW,0.0
12,barra_27,CW,0.0
13,barra_27,CW,0.0
14,barra_27,CW,0.0
15,barra_27,CW,0.0
16,barra_27,CW,0.0
17,barra_27,CW,0.0
18,barra_27,CW,0.0
19,barra_27,CW,0.0
20,barra_27,CW,0.0
21,barra_27,CW,0.0
22,barra_27,CW,0.0
23,barra_27,CW,0.0
24,barra_27,CW,0.0
1,barra_28,CW,0.0
2,barra_28,CW,0.0
3,barra_28,CW,0.0
4,barra_28,CW,0.0
5,barra_28,CW,0.0
6,barra_28,CW,0.0
7,barra_28,CW,0.0
8,barra_28,CW,0.0
9,barra_28,CW,0.0
10,barra_28,CW,0.0
11,barra_28,CW,0.0
12,barra_28,CW,0.0
13,barra_28,CW,0.0
14,barra_28,CW,0.0
15,barra_28,CW,0.0
16,barra_28,CW,0.0
17,barra_28,CW,0.0
18,barra_28,CW,0.0
19,barra_28,CW,0.0
20,barra_28,CW,0.0
21,barra_28,CW,0.0
22,barra_28,CW,0.0
23,barra_28,CW,0.0
24,barra_28,CW,0.0
1,barra_29,CW,0.0
2,barra_29,CW,0.0
3,barra_29,CW,0.0
4,barra_29,CW,0.0
5,barra_29,CW,0.0
6,barra_29,CW,0.0
7,barra_29,CW,0.0
8,barra_29,CW,0.0
9,barra_29,CW,0.0
10,barra_29,CW,0.0
11,barra_29,CW,0.0
12,barra_29,CW,0.0
13,barra_29,CW,0.0
14,barra_29,CW,0.0
15,barra_29,CW,0.0
16,barra_29,CW,0.0
17,barra_29,CW,0.0
18,barra_29,CW,0.0
19,barra_29,CW,0.0
20,barra_29,CW,0.0
21,barra_29,CW,0.0
22,barra_29,CW,0.0
23,barra_29,CW,0.0
24,barra_29,CW,0.0
1,barra_30,CW,-0.0
2,barra_30,CW,-0.0
3,barra_30,CW,-0.0
4,barra_30,CW,-0.0
5,barra_30,CW,-0.0
6,barra_30,CW,-0.0
7,barra_30,CW,-0.0
8,barra_30,CW,-0.0
9,barra_30,CW,-0.0
10,barra_30,CW,-0.0
11,barra_30,CW,-0.0
12,barra_30,CW,-0.0
13,barra_30,CW,-0.0
14,barra_30,CW,-0.0
15,barra_30,CW,-0.0
16,barra_30,CW,-0.0
17,barra_30,CW,-0.0
18,barra_30,CW,-0.0
19,barra_30,CW,-0.0
20,barra_30,CW,-0.0
21,barra_30,CW,-0.0
22,barra_30,CW,-0.0
23,barra_30,CW,-0.0
24,barra_30,CW,-0.0
1,barra_31,CW,0.0
2,barra_31,CW,0.0
3,barra_31,CW,0.0
4,barra_31,CW,0.0
5,barra_31,CW,0.0
6,barra_31,CW,0.0
7,barra_31,CW,0.0
8,barra_31,CW,0.0
9,barra_31,CW,0.0
10,barra_31,CW,0.0
11,barra_31,CW,0.0
12,barra_31,CW,0.0
13,barra_31,CW,0.0
14,barra_31,CW,0.0
15,barra_31,CW,0.0
16,barra_31,CW,0.0
17,barra_31,CW,0.0
18,barra_31,CW,0.0
19,barra_31,CW,0.0
20,barra_31,CW,0.0
21,barra_31,CW,0.0
22,barra_31,CW,0.0
23,barra_31,CW,0.0
24,barra_31,CW,0.0
1,barra_32,CW,0.0
2,barra_32,CW,0.0
3,barra_32,CW,0.0
4,barra_32,CW,0.0
5,barra_32,CW,0.0
6,barra_32,CW,0.0
7,barra_32,CW,0.0
8,barra_32,CW,0.0
9,barra_32,CW,0.0
10,barra_32,CW,0.0
11,barra_32,CW,0.0
12,barra_32,CW,0.0
13,barra_32,CW,0.0
14,barra_32,CW,0.0
15,barra_32,CW,0.0
16,barra_32,CW,0.0
17,barra_32,CW,0.0
18,barra_32,CW,0.0
19,barra_32,CW,0.0
20,barra_32,CW,0.0
21,barra_32,CW,0.0
22,barra_32,CW,0.0
23,barra_32,CW,0.0
24,barra_32,CW,0.0
1,barra_33,CW,0.0
2,barra_33,CW,0.0
3,barra_33,CW,0.0
4,barra_33,CW,0.0
5,barra_33,CW,0.0
6,barra_33,CW,0.0
7,barra_33,CW,0.0
8,barra_33,CW,0.0
9,barra_33,CW,0.0
10,barra_33,CW,0.0
11,barra_33,CW,0.0
12,barra_33,CW,0.0
13,barra_33,CW,0.0
14,barra_33,CW,0.0
15,barra_33,CW,0.0
16,barra_33,CW,0.0
17,barra_33,CW,0.0
18,barra_33,CW,0.0
19,barra_33,CW,0.0
20,barra_33,CW,0.0
21,barra_33,CW,0.0
22,barra_33,CW,0.0
23,barra_33,CW,0.0
24,barra_33,CW,0.0
1,bateria_25,P_ch,0.0
2,bateria_25,P_ch,0.0
3,bateria_25,P_ch,0.0
4,bateria_25,P_ch,0.0
5,bateria_25,P_ch,0.0
6,bateria_25,P_ch,0.0
7,bateria_25,P_ch,0.0
8,bateria_25,P_ch,0.0
9,bateria_25,P_ch,0.0
10,bateria_25,P_ch,0.0
11,bateria_25,P_ch,0.0
12,bateria_25,P_ch,0.0
13,bateria_25,P_ch,0.0
14,bateria_25,P_ch,0.0
15,bateria_25,P_ch,0.0
16,bateria_25,P_ch,0.0
17,bateria_25,P_ch,0.0
18,bateria_25,P_ch,0.0
19,bateria_25,P_ch,0.0
20,bateria_25,P_ch,0.0
21,bateria_25,P_ch,0.0
22,bateria_25,P_ch,0.0
23,bateria_25,P_ch,0.0
24,bateria_25,P_ch,0.0
1,bateria_6,P_ch,0.0
2,bateria_6,P_ch,0.0
3,bateria_6,P_ch,0.0
4,bateria_6,P_ch,0.0
5,bateria_6,P_ch,0.0
6,bateria_6,P_ch,0.0
7,bateria_6,P_ch,0.0
8,bateria_6,P_ch,0.0
9,bateria_6,P_ch,0.0
10,bateria_6,P_ch,0.0
11,bateria_6,P_ch,0.0
12,bateria_6,P_ch,0.0
13,bateria_6,P_ch,0.091290699
14,bateria_6,P_ch,0.08917646
15,bateria_6,P_ch,0.0
16,bateria_6,P_ch,0.0
17,bateria_6,P_ch,0.0
18,bateria_6,P_ch,0.0
19,bateria_6,P_ch,0.0
20,bateria_6,P_ch,0.0
21,bateria_6,P_ch,0.0
22,bateria_6,P_ch,0.0
23,bateria_6,P_ch,0.0
24,bateria_6,P_ch,0.0
1,bateria_25,P_dis,0.0
2,bateria_25,P_dis,0.0
3,bateria_25,P_dis,0.0
4,bateria_25,P_dis,0.0
5,bateria_25,P_dis,0.0
6,bateria_25,P_dis,0.0
7,bateria_25,P_dis,0.0
8,bateria_25,P_dis,0.0
9,bateria_25,P_dis,0.0
10,bateria_25,P_dis,0.0
11,bateria_25,P_dis,0.0
12,bateria_25,P_dis,0.0
13,bateria_25,P_dis,0.0
14,bateria_25,P_dis,0.0
15,bateria_25,P_dis,0.0
16,bateria_25,P_dis,0.0
17,bateria_25,P_dis,0.0
18,bateria_25,P_dis,0.0
19,bateria_25,P_dis,0.0
20,bateria_25,P_dis,0.0
21,bateria_25,P_dis,0.0
22,bateria_25,P_dis,0.0
23,bateria_25,P_dis,0.0
24,bateria_25,P_dis,0.0
1,bateria_6,P_dis,0.0
2,bateria_6,P_dis,0.0
3,bateria_6,P_dis,0.0
4,bateria_6,P_dis,0.0
5,bateria_6,P_dis,0.0
6,bateria_6,P_dis,0.0
7,bateria_6,P_dis,0.0
8,bateria_6,P_dis,0.0
9,bateria_6,P_dis,0.0
10,bateria_6,P_dis,0.0
11,bateria_6,P_dis,0.0
12,bateria_6,P_dis,0.0
13,bateria_6,P_dis,0.0
14,bateria_6,P_dis,0.0
15,bateria_6,P_dis,0.0
16,bateria_6,P_dis,0.0
17,bateria_6,P_dis,0.0
18,bateria_6,P_dis,0.0
19,bateria_6,P_dis,0.0
20,bateria_6,P_dis,0.0
21,bateria_6,P_dis,0.0
22,bateria_6,P_dis,0.0
23,bateria_6,P_dis,0.0
24,bateria_6,P_dis,0.0
1,bateria_25,E,0.25
2,bateria_25,E,0.25
3,bateria_25,E,0.25
4,bateria_25,E,0.25
5,bateria_25,E,0.25
6,bateria_25,E,0.25
7,bateria_25,E,0.25
8,bateria_25,E,0.25
9,bateria_25,E,0.25
10,bateria_25,E,0.25
11,bateria_25,E,0.25
12,bateria_25,E,0.25
13,bateria_25,E,0.25
14,bateria_25,E,0.25
15,bateria_25,E,0.25
16,bateria_25,E,0.25
17,bateria_25,E,0.25
18,bateria_25,E,0.25
19,bateria_25,E,0.25
20,bateria_25,E,0.25
21,bateria_25,E,0.25
22,bateria_25,E,0.25
23,bateria_25,E,0.25
24,bateria_25,E,0.25
1,bateria_6,E,0.25
2,bateria_6,E,0.25
3,bateria_6,E,0.25
4,bateria_6,E,0.25
5,bateria_6,E,0.25
6,bateria_6,E,0.25
7,bateria_6,E,0.25
8,bateria_6,E,0.25
9,bateria_6,E,0.25
10,bateria_6,E,0.25
11,bateria_6,E,0.25
12,bateria_6,E,0.25
13,bateria_6,E,0.25
14,bateria_6,E,0.33672616
15,bateria_6,E,0.4214438
16,bateria_6,E,0.4214438
17,bateria_6,E,0.4214438
18,bateria_6,E,0.4214438
19,bateria_6,E,0.4214438
20,bateria_6,E,0.4214438
21,bateria_6,E,0.4214438
22,bateria_6,E,0.4214438
23,bateria_6,E,0.4214438
24,bateria_6,E,0.4214438
1,linha_1-2,F,0.0
2,linha_1-2,F,0.0
3,linha_1-2,F,0.0
4,linha_1-2,F,0.0
5,linha_1-2,F,0.0
6,linha_1-2,F,0.0
7,linha_1-2,F,0.0
8,linha_1-2,F,0.0
9,linha_1-2,F,0.0
10,linha_1-2,F,0.0
11,linha_1-2,F,0.0
12,linha_1-2,F,0.0
13,linha_1-2,F,0.0
14,linha_1-2,F,0.0
15,linha_1-2,F,0.0
16,linha_1-2,F,0.0
17,linha_1-2,F,0.0
18,linha_1-2,F,0.0
19,linha_1-2,F,0.0
20,linha_1-2,F,0.0
21,linha_1-2,F,0.0
22,linha_1-2,F,0.0
23,linha_1-2,F,0.0
24,linha_1-2,F,0.0
1,linha_2-3,F,-0.29126551
2,linha_2-3,F,-0.29720016
3,linha_2-3,F,-0.30150422
4,linha_2-3,F,-0.30348293
5,linha_2-3,F,-0.30080885
6,linha_2-3,F,-0.28518689
7,linha_2-3,F,-0.26573435
8,linha_2-3,F,-0.26125711
9,linha_2-3,F,-0.25311113
10,linha_2-3,F,-0.24768137
11,linha_2-3,F,-0.24673252
12,linha_2-3,F,-0.24639918
13,linha_2-3,F,-0.24211607
14,linha_2-3,F,-0.233659
15,linha_2-3,F,-0.23362405
16,linha_2-3,F,-0.24291576
17,linha_2-3,F,-0.25740531
18,linha_2-3,F,-0.27249773
19,linha_2-3,F,-0.30126585
20,linha_2-3,F,-0.30908333
21,linha_2-3,F,-0.31162479
22,linha_2-3,F,-0.31924554
23,linha_2-3,F,-0.32479078
24,linha_2-3,F,-0.32426383
1,linha_3-4,F,-0.27994458
2,linha_3-4,F,-0.29763417
3,linha_3-4,F,-0.31046208
4,linha_3-4,F,-0.31635884
5,linha_3-4,F,-0.30838906
6,linha_3-4,F,-0.26183185
7,linha_3-4,F,-0.20385571
8,linha_3-4,F,-0.2
9,linha_3-4,F,-0.2
10,linha_3-4,F,-0.2
11,linha_3-4,F,-0.2
12,linha_3-4,F,-0.2
13,linha_3-4,F,-0.2
14,linha_3-4,F,-0.2
15,linha_3-4,F,-0.2
16,linha_3-4,F,-0.2
17,linha_3-4,F,-0.2
18,linha_3-4,F,-0.2240123
19,linha_3-4,F,-0.30975186
20,linha_3-4,F,-0.33304926
21,linha_3-4,F,-0.34114931
22,linha_3-4,F,-0.35522718
23,linha_3-4,F,-0.36142929
24,linha_3-4,F,-0.36083998
1,linha_4-5,F,-0.34464177
2,linha_4-5,F,-0.36089752
3,linha_4-5,F,-0.37268614
4,linha_4-5,F,-0.37810491
5,linha_4-5,F,-0.37078059
6,linha_4-5,F,-0.32799773
7,linha_4-5,F,-0.27472055
8,linha_4-5,F,-0.2700385
9,linha_4-5,F,-0.2671372
10,linha_4-5,F,-0.26528317
11,linha_4-5,F,-0.26496011
12,linha_4-5,F,-0.26484614
13,linha_4-5,F,-0.26338428
14,linha_4-5,F,-0.26049554
15,linha_4-5,F,-0.26048388
16,linha_4-5,F,-0.26365709
17,linha_4-5,F,-0.26866009
18,linha_4-5,F,-0.29324325
19,linha_4-5,F,-0.37203352
20,linha_4-5,F,-0.39344221
21,linha_4-5,F,-0.40084928
22,linha_4-5,F,-0.41469677
23,linha_4-5,F,-0.42175159
24,linha_4-5,F,-0.42108164
1,linha_5-6,F,-0.32569629
2,linha_5-6,F,-0.33820431
3,linha_5-6,F,-0.34727457
4,linha_5-6,F,-0.3514435
5,linha_5-6,F,-0.34580818
6,linha_5-6,F,-0.31288974
7,linha_5-6,F,-0.27189753
8,linha_5-6,F,-0.26785181
9,linha_5-6,F,-0.26449097
10,linha_5-6,F,-0.26234354
11,linha_5-6,F,-0.26196935
12,linha_5-6,F,-0.26183775
13,linha_5-6,F,-0.26014414
14,linha_5-6,F,-0.25679866
15,linha_5-6,F,-0.25678555
16,linha_5-6,F,-0.26046012
17,linha_5-6,F,-0.26625526
18,linha_5-6,F,-0.28614895
19,linha_5-6,F,-0.34677203
20,linha_5-6,F,-0.36324473
21,linha_5-6,F,-0.36890379
22,linha_5-6,F,-0.37948888
23,linha_5-6,F,-0.38522824
24,linha_5-6,F,-0.38468294
1,linha_6-7,F,0.34860627
2,linha_6-7,F,0.3523415
3,linha_6-7,F,0.35504942
4,linha_6-7,F,0.3562945
5,linha_6-7,F,0.35461199
6,linha_6-7,F,0.3434253
7,linha_6-7,F,0.31797892
8,linha_6-7,F,0.31212142
9,linha_6-7,F,0.30151459
10,linha_6-7,F,0.29473801
11,linha_6-7,F,0.22709657
12,linha_6-7,F,0.15029742
13,linha_6-7,F,-0.072973056
14,linha_6-7,F,-0.078439385
15,linha_6-7,F,0.16116564
16,linha_6-7,F,0.28879405
17,linha_6-7,F,0.30708283
18,linha_6-7,F,0.32682387
19,linha_6-7,F,0.35489983
20,linha_6-7,F,0.35981859
21,linha_6-7,F,0.36156738
22,linha_6-7,F,0.36780791
23,linha_6-7,F,0.37234889
24,linha_6-7,F,0.37191713
1,linha_7-8,F,0.2
2,linha_7-8,F,0.2
3,linha_7-8,F,0.2
4,linha_7-8,F,0.2
5,linha_7-8,F,0.2
6,linha_7-8,F,0.19845732
7,linha_7-8,F,0.18344273
8,linha_7-8,F,0.17998639
9,linha_7-8,F,0.17372764
10,linha_7-8,F,0.16972902
11,linha_7-8,F,0.093463296
12,linha_7-8,F,0.0083704573
13,linha_7-8,F,-0.2
14,linha_7-8,F,-0.2
15,linha_7-8,F,0.029011543
16,linha_7-8,F,0.16622174
17,linha_7-8,F,0.17701333
18,linha_7-8,F,0.18866169
19,linha_7-8,F,0.2
20,linha_7-8,F,0.2
21,linha_7-8,F,0.2
22,linha_7-8,F,0.2
23,linha_7-8,F,0.2
24,linha_7-8,F,0.2
1,linha_8-9,F,0.043817168
2,linha_8-9,F,0.039419175
3,linha_8-9,F,0.036230769
4,linha_8-9,F,0.034764771
5,linha_8-9,F,0.036745819
6,linha_8-9,F,0.046477788
7,linha_8-9,F,0.042961922
8,linha_8-9,F,0.042152312
9,linha_8-9,F,0.04068631
10,linha_8-9,F,0.039749773
11,linha_8-9,F,-0.04119286
12,linha_8-9,F,-0.1236356
13,linha_8-9,F,-0.28234759
14,linha_8-9,F,-0.27824981
15,linha_8-9,F,-0.096246215
16,linha_8-9,F,0.038928377
17,linha_8-9,F,0.041456029
18,linha_8-9,F,0.044184044
19,linha_8-9,F,0.036406912
20,linha_8-9,F,0.030615385
21,linha_8-9,F,0.028556299
22,linha_8-9,F,0.021208473
23,linha_8-9,F,0.015861761
24,linha_8-9,F,0.016370123
1,linha_9-10,F,-0.0037546752
2,linha_9-10,F,-0.0092191687
3,linha_9-10,F,-0.013180425
4,linha_9-10,F,-0.015001319
5,linha_9-10,F,-0.012540168
6,linha_9-10,F,0.0
7,linha_9-10,F,0.0
8,linha_9-10,F,0.0
9,linha_9-10,F,0.0
10,linha_9-10,F,0.0
11,linha_9-10,F,-0.072993477
12,linha_9-10,F,-0.1398969
13,linha_9-10,F,-0.24432545
14,linha_9-10,F,-0.24094397
15,linha_9-10,F,-0.11545079
16,linha_9-10,F,0.0
17,linha_9-10,F,0.0
18,linha_9-10,F,0.0
19,linha_9-10,F,-0.012961043
20,linha_9-10,F,-0.020156855
21,linha_9-10,F,-0.022714961
22,linha_9-10,F,-0.031843584
23,linha_9-10,F,-0.038486488
24,linha_9-10,F,-0.037854722
1,linha_10-11,F,-0.054763046
2,linha_10-11,F,-0.060723856
3,linha_10-11,F,-0.065044612
4,linha_10-11,F,-0.067030365
5,linha_10-11,F,-0.064345933
6,linha_10-11,F,-0.050276563
7,linha_10-11,F,-0.046473334
8,linha_10-11,F,-0.045597552
9,linha_10-11,F,-0.044011729
10,linha_10-11,F,-0.042998647
11,linha_10-11,F,-0.10693462
12,linha_10-11,F,-0.16563625
13,linha_10-11,F,-0.24572015
14,linha_10-11,F,-0.2420077
15,linha_10-11,F,-0.14178131
16,linha_10-11,F,-0.042110115
17,linha_10-11,F,-0.04484436
18,linha_10-11,F,-0.047795344
19,linha_10-11,F,-0.064804847
20,linha_10-11,F,-0.0726541
21,linha_10-11,F,-0.075444284
22,linha_10-11,F,-0.085401128
23,linha_10-11,F,-0.092647057
24,linha_10-11,F,-0.091957799
1,linha_11-12,F,-0.08968654
2,linha_11-12,F,-0.096174261
3,linha_11-12,F,-0.10087796
4,linha_11-12,F,-0.10303974
5,linha_11-12,F,-0.10011749
6,linha_11-12,F,-0.084570795
7,linha_11-12,F,-0.078172876
8,linha_11-12,F,-0.07670044
9,linha_11-12,F,-0.074032675
10,linha_11-12,F,-0.072328321
11,linha_11-12,F,-0.13261518
12,linha_11-12,F,-0.1880406
13,linha_11-12,F,-0.25726192
14,linha_11-12,F,-0.25303608
15,linha_11-12,F,-0.16374141
16,linha_11-12,F,-0.070834198
17,linha_11-12,F,-0.075432526
18,linha_11-12,F,-0.080396637
19,linha_11-12,F,-0.10061669
20,linha_11-12,F,-0.10916074
21,linha_11-12,F,-0.11219834
22,linha_11-12,F,-0.12303665
23,linha_11-12,F,-0.13092383
24,linha_11-12,F,-0.13017322
1,linha_12-13,F,-0.12103739
2,linha_12-13,F,-0.12751526
3,linha_12-13,F,-0.13221145
4,linha_12-13,F,-0.13436949
5,linha_12-13,F,-0.13145195
6,linha_12-13,F,-0.11568666
7,linha_12-13,F,-0.10693502
8,linha_12-13,F,-0.10492045
9,linha_12-13,F,-0.10127127
10,linha_12-13,F,-0.098939962
11,linha_12-13,F,-0.14938443
12,linha_12-13,F,-0.19585051
13,linha_12-13,F,-0.23941145
14,linha_12-13,F,-0.23569013
15,linha_12-13,F,-0.17333618
16,linha_12-13,F,-0.096895854
17,linha_12-13,F,-0.10318655
18,linha_12-13,F,-0.10997697
19,linha_12-13,F,-0.1319503
20,linha_12-13,F,-0.14048113
21,linha_12-13,F,-0.14351381
22,linha_12-13,F,-0.15433481
23,linha_12-13,F,-0.16220966
24,linha_12-13,F,-0.16146018
1,linha_13-14,F,-0.14774427
2,linha_13-14,F,-0.1541104
3,linha_13-14,F,-0.15872525
4,linha_13-14,F,-0.16084565
5,linha_13-14,F,-0.15797868
6,linha_13-14,F,-0.14226385
7,linha_13-14,F,-0.13150182
8,linha_13-14,F,-0.12902418
9,linha_13-14,F,-0.12453674
10,linha_13-14,F,-0.12166993
11,linha_13-14,F,-0.16232716
12,linha_13-14,F,-0.1998754
13,linha_13-14,F,-0.2212035
14,linha_13-14,F,-0.21802801
15,linha_13-14,F,-0.17934794
16,linha_13-14,F,-0.11915605
17,linha_13-14,F,-0.12689228
18,linha_13-14,F,-0.13524261
19,linha_13-14,F,-0.15846835
20,linha_13-14,F,-0.16685181
21,linha_13-14,F,-0.16983189
22,linha_13-14,F,-0.18046545
23,linha_13-14,F,-0.18820415
24,linha_13-14,F,-0.18746758
1,linha_14-15,F,-0.027567902
2,linha_14-15,F,-0.03077981
3,linha_14-15,F,-0.036165861
4,linha_14-15,F,-0.04464718
5,linha_14-15,F,-0.025979682
6,linha_14-15,F,-0.024544741
7,linha_14-15,F,-0.017092418
8,linha_14-15,F,0.0042025745
9,linha_14-15,F,0.019296741
10,linha_14-15,F,0.032917569
11,linha_14-15,F,0.041593668
12,linha_14-15,F,0.048621372
13,linha_14-15,F,0.061112383
14,linha_14-15,F,0.052480799
15,linha_14-15,F,0.044664194
16,linha_14-15,F,0.032479838
17,linha_14-15,F,0.014457605
18,linha_14-15,F,-0.01920595
19,linha_14-15,F,-0.036484401
20,linha_14-15,F,-0.070531484
21,linha_14-15,F,-0.10017279
22,linha_14-15,F,-0.10920184
23,linha_14-15,F,-0.06625852
24,linha_14-15,F,-0.02271983
1,linha_15-16,F,-0.072969896
2,linha_15-16,F,-0.07688388
3,linha_15-16,F,-0.082398089
4,linha_15-16,F,-0.090190607
5,linha_15-16,F,-0.07335016
6,linha_15-16,F,-0.069195115
7,linha_15-16,F,-0.059061497
8,linha_15-16,F,-0.039123283
9,linha_15-16,F,-0.022742545
10,linha_15-16,F,-0.008357298
11,linha_15-16,F,0.00041913361
12,linha_15-16,F,0.0085305285
13,linha_15-16,F,0.023707409
14,linha_15-16,F,0.015567194
15,linha_15-16,F,0.0066274548
16,linha_15-16,F,-0.007945622
17,linha_15-16,F,-0.028301788
18,linha_15-16,F,-0.0621664
19,linha_15-16,F,-0.082632322
20,linha_15-16,F,-0.11389322
21,linha_15-16,F,-0.14036141
22,linha_15-16,F,-0.15010655
23,linha_15-16,F,-0.11384629
24,linha_15-16,F,-0.075598195
1,linha_16-17,F,-0.10629919
2,linha_16-17,F,-0.11055633
3,linha_16-17,F,-0.11583641
4,linha_16-17,F,-0.12257302
5,linha_16-17,F,-0.10829661
6,linha_16-17,F,-0.10213135
7,linha_16-17,F,-0.090389527
8,linha_16-17,F,-0.073254949
9,linha_16-17,F,-0.058395136
10,linha_16-17,F,-0.045688363
11,linha_16-17,F,-0.038279375
12,linha_16-17,F,-0.030502115
13,linha_16-17,F,-0.015332897
14,linha_16-17,F,-0.021656503
15,linha_16-17,F,-0.030161164
16,linha_16-17,F,-0.044548357
17,linha_16-17,F,-0.06370416
18,linha_16-17,F,-0.094128729
19,linha_16-17,F,-0.11598589
20,linha_16-17,F,-0.14299174
21,linha_16-17,F,-0.1651787
22,linha_16-17,F,-0.17491815
23,linha_16-17,F,-0.14646997
24,linha_16-17,F,-0.11499628
1,linha_17-18,F,-0.13517911
2,linha_17-18,F,-0.13973781
3,linha_17-18,F,-0.14482305
4,linha_17-18,F,-0.15065818
5,linha_17-18,F,-0.13857359
6,linha_17-18,F,-0.13066681
7,linha_17-18,F,-0.11752266
8,linha_17-18,F,-0.10278269
9,linha_17-18,F,-0.089214502
10,linha_17-18,F,-0.077938066
11,linha_17-18,F,-0.071756582
12,linha_17-18,F,-0.065385196
13,linha_17-18,F,-0.052313163
14,linha_17-18,F,-0.055946683
15,linha_17-18,F,-0.062844195
16,linha_17-18,F,-0.076168537
17,linha_17-18,F,-0.094314847
18,linha_17-18,F,-0.12181377
19,linha_17-18,F,-0.14489965
20,linha_17-18,F,-0.16827255
21,linha_17-18,F,-0.18679758
22,linha_17-18,F,-0.1965451
23,linha_17-18,F,-0.17479499
24,linha_17-18,F,-0.14912063
1,linha_2-19,F,0.23201691
2,linha_2-19,F,0.23710777
3,linha_2-19,F,0.240799
4,linha_2-19,F,0.24249691
5,linha_2-19,F,0.24020244
6,linha_2-19,F,0.22680272
7,linha_2-19,F,0.21011618
8,linha_2-19,F,0.20627581
9,linha_2-19,F,0.19929877
10,linha_2-19,F,0.19471273
11,linha_2-19,F,0.1939104
12,linha_2-19,F,0.19362913
13,linha_2-19,F,0.19001123
14,linha_2-19,F,0.18286719
15,linha_2-19,F,0.18283758
16,linha_2-19,F,0.19068625
17,linha_2-19,F,0.20297177
18,linha_2-19,F,0.21591832
19,linha_2-19,F,0.24059537
20,linha_2-19,F,0.24730096
21,linha_2-19,F,0.24939745
22,linha_2-19,F,0.25513247
23,linha_2-19,F,0.25930515
24,linha_2-19,F,0.25890876
1,linha_19-20,F,0.18615803
2,linha_19-20,F,0.19035579
3,linha_19-20,F,0.19339946
4,linha_19-20,F,0.1947995
5,linha_19-20,F,0.19290755
6,linha_19-20,F,0.18185859
7,linha_19-20,F,0.16809941
8,linha_19-20,F,0.16493276
9,linha_19-20,F,0.1591978
10,linha_19-20,F,0.15553452
11,linha_19-20,F,0.15489362
12,linha_19-20,F,0.15466896
13,linha_19-20,F,0.15177901
14,linha_19-20,F,0.14607243
15,linha_19-20,F,0.14604878
16,linha_19-20,F,0.15231821
17,linha_19-20,F,0.16220836
18,linha_19-20,F,0.17288367
19,linha_19-20,F,0.19323155
20,linha_19-20,F,0.19876076
21,linha_19-20,F,0.20057552
22,linha_19-20,F,0.20613585
23,linha_19-20,F,0.21018144
24,linha_19-20,F,0.20979713
1,linha_20-21,F,0.14122718
2,linha_20-21,F,0.14441177
3,linha_20-21,F,0.14672082
4,linha_20-21,F,0.14778295
5,linha_20-21,F,0.14634764
6,linha_20-21,F,0.13796544
7,linha_20-21,F,0.12752716
8,linha_20-21,F,0.12512481
9,linha_20-21,F,0.12077403
10,linha_20-21,F,0.11799492
11,linha_20-21,F,0.11750871
12,linha_20-21,F,0.11733826
13,linha_20-21,F,0.11514583
14,linha_20-21,F,0.11081658
15,linha_20-21,F,0.11079864
16,linha_20-21,F,0.11555489
17,linha_20-21,F,0.12305797
18,linha_20-21,F,0.13115669
19,linha_20-21,F,0.14659344
20,linha_20-21,F,0.15078813
21,linha_20-21,F,0.15227905
22,linha_20-21,F,0.15760046
23,linha_20-21,F,0.1614722
24,linha_20-21,F,0.16110441
1,linha_21-22,F,0.073505215
2,linha_21-22,F,0.075162715
3,linha_21-22,F,0.076364519
4,linha_21-22,F,0.07691733
5,linha_21-22,F,0.076170288
6,linha_21-22,F,0.071807562
7,linha_21-22,F,0.066374698
8,linha_21-22,F,0.065124336
9,linha_21-22,F,0.062859864
10,linha_21-22,F,0.061413404
11,linha_21-22,F,0.061160343
12,linha_21-22,F,0.061071632
13,linha_21-22,F,0.059930525
14,linha_21-22,F,0.057677259
15,linha_21-22,F,0.057667921
16,linha_21-22,F,0.060143432
17,linha_21-22,F,0.064048595
18,linha_21-22,F,0.068263781
19,linha_21-22,F,0.076298219
20,linha_21-22,F,0.07848145
21,linha_21-22,F,0.07925744
22,linha_21-22,F,0.082027099
23,linha_21-22,F,0.084042245
24,linha_21-22,F,0.083850816
1,linha_3-23,F,-0.04839717
2,linha_3-23,F,-0.036149778
3,linha_3-23,F,-0.027268563
4,linha_3-23,F,-0.023186586
5,linha_3-23,F,-0.028703924
6,linha_3-23,F,-0.060935358
7,linha_3-23,F,-0.10107277
8,linha_3-23,F,-0.10023556
9,linha_3-23,F,-0.091273725
10,linha_3-23,F,-0.08536464
11,linha_3-23,F,-0.084331736
12,linha_3-23,F,-0.083969055
13,linha_3-23,F,-0.079307742
14,linha_3-23,F,-0.070103754
15,linha_3-23,F,-0.070065689
16,linha_3-23,F,-0.080177891
17,linha_3-23,F,-0.095992868
18,linha_3-23,F,-0.087118668
19,linha_3-23,F,-0.027760465
20,linha_3-23,F,-0.011631995
21,linha_3-23,F,-0.0058978702
22,linha_3-23,F,0.0
23,linha_3-23,F,0.0
24,linha_3-23,F,0.0
1,linha_23-24,F,-0.11463525
2,linha_23-24,F,-0.10553285
3,linha_23-24,F,-0.098932103
4,linha_23-24,F,-0.095898704
5,linha_23-24,F,-0.099998901
6,linha_23-24,F,-0.12395298
7,linha_23-24,F,-0.15378269
8,linha_23-24,F,-0.15182045
9,linha_23-24,F,-0.14174294
10,linha_23-24,F,-0.13514405
11,linha_23-24,F,-0.13399035
12,linha_23-24,F,-0.1335854
13,linha_23-24,F,-0.12837986
14,linha_23-24,F,-0.11810119
15,linha_23-24,F,-0.11805866
16,linha_23-24,F,-0.1293515
17,linha_23-24,F,-0.14704594
18,linha_23-24,F,-0.14341244
19,linha_23-24,F,-0.099297956
20,linha_23-24,F,-0.08731158
21,linha_23-24,F,-0.083049879
22,linha_23-24,F,-0.080603781
23,linha_23-24,F,-0.08258396
24,linha_23-24,F,-0.082395852
1,linha_24-25,F,-0.4
2,linha_24-25,F,-0.4
3,linha_24-25,F,-0.4
4,linha_24-25,F,-0.4
5,linha_24-25,F,-0.4
6,linha_24-25,F,-0.4
7,linha_24-25,F,-0.4
8,linha_24-25,F,-0.39366801
9,linha_24-25,F,-0.37751925
10,linha_24-25,F,-0.36708553
11,linha_24-25,F,-0.36526483
12,linha_24-25,F,-0.3646244
13,linha_24-25,F,-0.35639609
14,linha_24-25,F,-0.34014478
15,linha_24-25,F,-0.34007802
16,linha_24-25,F,-0.3579317
17,linha_24-25,F,-0.38600427
18,linha_24-25,F,-0.4
19,linha_24-25,F,-0.4
20,linha_24-25,F,-0.4
21,linha_24-25,F,-0.4
22,linha_24-25,F,-0.40802042
23,linha_24-25,F,-0.41622094
24,linha_24-25,F,-0.41544179
1,linha_6-26,F,0.10002317
2,linha_6-26,F,0.10227991
3,linha_6-26,F,0.1039153
4,linha_6-26,F,0.10466627
5,linha_6-26,F,0.10365036
6,linha_6-26,F,0.097713047
7,linha_6-26,F,0.090321431
8,linha_6-26,F,0.088619339
9,linha_6-26,F,0.085537275
10,linha_6-26,F,0.083568338
11,linha_6-26,F,0.083225251
12,linha_6-26,F,0.083105171
13,linha_6-26,F,0.11358139
14,linha_6-26,F,0.10931008
15,linha_6-26,F,0.078473498
16,linha_6-26,F,0.081841467
17,linha_6-26,F,0.087155502
18,linha_6-26,F,0.092890771
19,linha_6-26,F,0.10382381
20,linha_6-26,F,0.10679532
21,linha_6-26,F,0.10785126
22,linha_6-26,F,0.1116195
23,linha_6-26,F,0.11436229
24,linha_6-26,F,0.11410116
1,linha_26-27,F,0.051026818
2,linha_26-27,F,0.052178098
3,linha_26-27,F,0.053012388
4,linha_26-27,F,0.0533955
5,linha_26-27,F,0.052877229
6,linha_26-27,F,0.049848311
7,linha_26-27,F,0.046077478
8,linha_26-27,F,0.045209156
9,linha_26-27,F,0.043636841
10,linha_26-27,F,0.042632388
11,linha_26-27,F,0.042457362
12,linha_26-27,F,0.042396103
13,linha_26-27,F,0.075239398
14,linha_26-27,F,0.072409963
15,linha_26-27,F,0.040033255
16,linha_26-27,F,0.041751425
17,linha_26-27,F,0.044462379
18,linha_26-27,F,0.047388227
19,linha_26-27,F,0.052965714
20,linha_26-27,F,0.054481632
21,linha_26-27,F,0.055020322
22,linha_26-27,F,0.056942689
23,linha_26-27,F,0.058341923
24,linha_26-27,F,0.058208709
1,linha_27-28,F,0.0
2,linha_27-28,F,0.0
3,linha_27-28,F,0.0
4,linha_27-28,F,0.0
5,linha_27-28,F,0.0
6,linha_27-28,F,0.0
7,linha_27-28,F,0.0
8,linha_27-28,F,0.0
9,linha_27-28,F,0.0
10,linha_27-28,F,0.0
11,linha_27-28,F,0.0
12,linha_27-28,F,0.0
13,linha_27-28,F,0.038688851
14,linha_27-28,F,0.037233927
15,linha_27-28,F,0.0
16,linha_27-28,F,0.0
17,linha_27-28,F,0.0
18,linha_27-28,F,0.0
19,linha_27-28,F,0.0
20,linha_27-28,F,0.0
21,linha_27-28,F,0.0
22,linha_27-28,F,0.0
23,linha_27-28,F,0.0
24,linha_27-28,F,0.0
1,linha_28-29,F,-0.048570926
2,linha_28-29,F,-0.049666796
3,linha_28-29,F,-0.050460932
4,linha_28-29,F,-0.050825605
5,linha_28-29,F,-0.050332278
6,linha_28-29,F,-0.04744914
7,linha_28-29,F,-0.043859795
8,linha_28-29,F,-0.043033265
9,linha_28-29,F,-0.041536625
10,linha_28-29,F,-0.040580515
11,linha_28-29,F,-0.040413913
12,linha_28-29,F,-0.040355602
13,linha_28-29,F,0.0
14,linha_28-29,F,0.0
15,linha_28-29,F,-0.038106477
16,linha_28-29,F,-0.039741952
17,linha_28-29,F,-0.04232243
18,linha_28-29,F,-0.045107458
19,linha_28-29,F,-0.050416505
20,linha_28-29,F,-0.051859462
21,linha_28-29,F,-0.052372226
22,linha_28-29,F,-0.05420207
23,linha_28-29,F,-0.055533959
24,linha_28-29,F,-0.055407156
1,linha_29-30,F,-0.14239244
2,linha_29-30,F,-0.14560418
3,linha_29-30,F,-0.14793325
4,linha_29-30,F,-0.14900329
5,linha_29-30,F,-0.14755609
6,linha_29-30,F,-0.13910472
7,linha_29-30,F,-0.12858015
8,linha_29-30,F,-0.12615801
9,linha_29-30,F,-0.12177135
10,linha_29-30,F,-0.11896838
11,linha_29-30,F,-0.11847997
12,linha_29-30,F,-0.11830807
13,linha_29-30,F,-0.081439924
14,linha_29-30,F,-0.078376398
15,linha_29-30,F,-0.11171349
16,linha_29-30,F,-0.11651002
17,linha_29-30,F,-0.1240741
18,linha_29-30,F,-0.1322388
19,linha_29-30,F,-0.14780396
20,linha_29-30,F,-0.15203324
21,linha_29-30,F,-0.15353648
22,linha_29-30,F,-0.15890092
23,linha_29-30,F,-0.16280554
24,linha_29-30,F,-0.16243475
1,linha_30-31,F,0.29862797
2,linha_30-31,F,0.30428566
3,linha_30-31,F,0.30838903
4,linha_30-31,F,0.31027474
5,linha_30-31,F,0.3077252
6,linha_30-31,F,0.29283423
7,linha_30-31,F,0.27429208
8,linha_30-31,F,0.27001895
9,linha_30-31,F,0.26167921
10,linha_30-31,F,0.25634928
11,linha_30-31,F,0.25542068
12,linha_30-31,F,0.25509341
13,linha_30-31,F,0.25089114
14,linha_30-31,F,0.24258967
15,linha_30-31,F,0.24255572
16,linha_30-31,F,0.2516753
17,linha_30-31,F,0.26605689
18,linha_30-31,F,0.28073806
19,linha_30-31,F,0.30816097
20,linha_30-31,F,0.31561359
21,linha_30-31,F,0.31826218
22,linha_30-31,F,0.32771461
23,linha_30-31,F,0.33459353
24,linha_30-31,F,0.33393991
1,linha_31-32,F,0.22421999
2,linha_31-32,F,0.22902072
3,linha_31-32,F,0.23250186
4,linha_31-32,F,0.23410184
5,linha_31-32,F,0.23193851
6,linha_31-32,F,0.21930478
7,linha_31-32,F,0.20357296
8,linha_31-32,F,0.19994828
9,linha_31-32,F,0.19299579
10,linha_31-32,F,0.18855287
11,linha_31-32,F,0.18777878
12,linha_31-32,F,0.18750639
13,linha_31-32,F,0.18400293
14,linha_31-32,F,0.17708291
15,linha_31-32,F,0.17705517
16,linha_31-32,F,0.18465661
17,linha_31-32,F,0.19664548
18,linha_31-32,F,0.20904165
19,linha_31-32,F,0.23230808
20,linha_31-32,F,0.23863126
21,linha_31-32,F,0.2408784
22,linha_31-32,F,0.24889799
23,linha_31-32,F,0.25473442
24,linha_31-32,F,0.2541801
1,linha_32-33,F,0.050746543
2,linha_32-33,F,0.0518915
3,linha_32-33,F,0.052721207
4,linha_32-33,F,0.053102214
5,linha_32-33,F,0.05258679
6,linha_32-33,F,0.049574509
7,linha_32-33,F,0.045824388
8,linha_32-33,F,0.044960836
9,linha_32-33,F,0.043397157
10,linha_32-33,F,0.042398221
11,linha_32-33,F,0.042224156
12,linha_32-33,F,0.042163234
13,linha_32-33,F,0.041375109
14,linha_32-33,F,0.039819166
15,linha_32-33,F,0.039813364
16,linha_32-33,F,0.041522097
17,linha_32-33,F,0.044218161
18,linha_32-33,F,0.047127937
19,linha_32-33,F,0.05267479
20,linha_32-33,F,0.054182381
21,linha_32-33,F,0.054718112
22,linha_32-33,F,0.05662992
23,linha_32-33,F,0.058021468
24,linha_32-33,F,0.057888986
1,linha_1-2,Ploss,0.0
2,linha_1-2,Ploss,0.0
3,linha_1-2,Ploss,0.0
4,linha_1-2,Ploss,0.0
5,linha_1-2,Ploss,0.0
6,linha_1-2,Ploss,0.0
7,linha_1-2,Ploss,0.0
8,linha_1-2,Ploss,0.0
9,linha_1-2,Ploss,0.0
10,linha_1-2,Ploss,0.0
11,linha_1-2,Ploss,0.0
12,linha_1-2,Ploss,0.0
13,linha_1-2,Ploss,0.0
14,linha_1-2,Ploss,0.0
15,linha_1-2,Ploss,0.0
16,linha_1-2,Ploss,0.0
17,linha_1-2,Ploss,0.0
18,linha_1-2,Ploss,0.0
19,linha_1-2,Ploss,0.0
20,linha_1-2,Ploss,0.0
21,linha_1-2,Ploss,0.0
22,linha_1-2,Ploss,0.0
23,linha_1-2,Ploss,0.0
24,linha_1-2,Ploss,0.0
1,linha_2-3,Ploss,0.046716338
2,linha_2-3,Ploss,0.048471808
3,linha_2-3,Ploss,0.049744947
4,linha_2-3,Ploss,0.050330252
5,linha_2-3,Ploss,0.049539257
6,linha_2-3,Ploss,0.044918282
7,linha_2-3,Ploss,0.039164221
8,linha_2-3,Ploss,0.037839853
9,linha_2-3,Ploss,0.035430273
10,linha_2-3,Ploss,0.033824148
11,linha_2-3,Ploss,0.033543481
12,linha_2-3,Ploss,0.033444877
13,linha_2-3,Ploss,0.032177935
14,linha_2-3,Ploss,0.029676333
15,linha_2-3,Ploss,0.029665994
16,linha_2-3,Ploss,0.032414481
17,linha_2-3,Ploss,0.036700491
18,linha_2-3,Ploss,0.041164828
19,linha_2-3,Ploss,0.04967444
20,linha_2-3,Ploss,0.051986848
21,linha_2-3,Ploss,0.052738614
22,linha_2-3,Ploss,0.05499283
23,linha_2-3,Ploss,0.056633113
24,linha_2-3,Ploss,0.056477242
1,linha_3-4,Ploss,0.032195829
2,linha_3-4,Ploss,0.036080464
3,linha_3-4,Ploss,0.038897474
4,linha_3-4,Ploss,0.040192402
5,linha_3-4,Ploss,0.038442237
6,linha_3-4,Ploss,0.028218274
7,linha_3-4,Ploss,0.015486713
8,linha_3-4,Ploss,0.01464
9,linha_3-4,Ploss,0.01464
10,linha_3-4,Ploss,0.01464
11,linha_3-4,Ploss,0.01464
12,linha_3-4,Ploss,0.01464
13,linha_3-4,Ploss,0.01464
14,linha_3-4,Ploss,0.01464
15,linha_3-4,Ploss,0.01464
16,linha_3-4,Ploss,0.01464
17,linha_3-4,Ploss,0.01464
18,linha_3-4,Ploss,0.019913101
19,linha_3-4,Ploss,0.038741509
20,linha_3-4,Ploss,0.043857618
21,linha_3-4,Ploss,0.045636388
22,linha_3-4,Ploss,0.048727889
23,linha_3-4,Ploss,0.050089872
24,linha_3-4,Ploss,0.04996046
1,linha_4-5,Ploss,0.048317787
2,linha_4-5,Ploss,0.052034828
3,linha_4-5,Ploss,0.054730413
4,linha_4-5,Ploss,0.055969468
5,linha_4-5,Ploss,0.05429469
6,linha_4-5,Ploss,0.044511961
7,linha_4-5,Ploss,0.032329601
8,linha_4-5,Ploss,0.031259003
9,linha_4-5,Ploss,0.030595593
10,linha_4-5,Ploss,0.030171651
11,linha_4-5,Ploss,0.030097779
12,linha_4-5,Ploss,0.030071719
13,linha_4-5,Ploss,0.029737448
14,linha_4-5,Ploss,0.029076911
15,linha_4-5,Ploss,0.029074244
16,linha_4-5,Ploss,0.029799829
17,linha_4-5,Ploss,0.030943817
18,linha_4-5,Ploss,0.036565002
19,linha_4-5,Ploss,0.054581184
20,linha_4-5,Ploss,0.059476495
21,linha_4-5,Ploss,0.061299662
22,linha_4-5,Ploss,0.066576938
23,linha_4-5,Ploss,0.06926553
24,linha_4-5,Ploss,0.069010215
1,linha_5-6,Ploss,0.094527159
2,linha_5-6,Ploss,0.1006736
3,linha_5-6,Ploss,0.10513072
4,linha_5-6,Ploss,0.10717934
5,linha_5-6,Ploss,0.10441014
6,linha_5-6,Ploss,0.088234019
7,linha_5-6,Ploss,0.068090445
8,linha_5-6,Ploss,0.066102378
9,linha_5-6,Ploss,0.064450865
10,linha_5-6,Ploss,0.063395616
11,linha_5-6,Ploss,0.063211739
12,linha_5-6,Ploss,0.063147069
13,linha_5-6,Ploss,0.062314829
14,linha_5-6,Ploss,0.060670861
15,linha_5-6,Ploss,0.060664418
16,linha_5-6,Ploss,0.062470103
17,linha_5-6,Ploss,0.065317837
18,linha_5-6,Ploss,0.075093595
19,linha_5-6,Ploss,0.10488378
20,linha_5-6,Ploss,0.11297846
21,linha_5-6,Ploss,0.11575932
22,linha_5-6,Ploss,0.12096084
23,linha_5-6,Ploss,0.12378116
24,linha_5-6,Ploss,0.1235132
1,linha_6-7,Ploss,0.024179456
2,linha_6-7,Ploss,0.024598997
3,linha_6-7,Ploss,0.024903151
4,linha_6-7,Ploss,0.025042998
5,linha_6-7,Ploss,0.024854019
6,linha_6-7,Ploss,0.02359753
7,linha_6-7,Ploss,0.020739392
8,linha_6-7,Ploss,0.020081478
9,linha_6-7,Ploss,0.018890119
10,linha_6-7,Ploss,0.018128974
11,linha_6-7,Ploss,0.010531487
12,linha_6-7,Ploss,0.0056271352
13,linha_6-7,Ploss,0.0027321112
14,linha_6-7,Ploss,0.0029367706
15,linha_6-7,Ploss,0.0060340416
16,linha_6-7,Ploss,0.017461348
17,linha_6-7,Ploss,0.019515543
18,linha_6-7,Ploss,0.021732857
19,linha_6-7,Ploss,0.024886348
20,linha_6-7,Ploss,0.025438824
21,linha_6-7,Ploss,0.025635248
22,linha_6-7,Ploss,0.026336184
23,linha_6-7,Ploss,0.026846227
24,linha_6-7,Ploss,0.026797732
1,linha_7-8,Ploss,0.028456
2,linha_7-8,Ploss,0.028456
3,linha_7-8,Ploss,0.028456
4,linha_7-8,Ploss,0.028456
5,linha_7-8,Ploss,0.028456
6,linha_7-8,Ploss,0.028236508
7,linha_7-8,Ploss,0.026100231
8,linha_7-8,Ploss,0.025608464
9,linha_7-8,Ploss,0.024717968
10,linha_7-8,Ploss,0.024149046
11,linha_7-8,Ploss,0.013297958
12,linha_7-8,Ploss,0.0011909487
13,linha_7-8,Ploss,0.028456
14,linha_7-8,Ploss,0.028456
15,linha_7-8,Ploss,0.0041277624
16,linha_7-8,Ploss,0.023650029
17,linha_7-8,Ploss,0.025185457
18,linha_7-8,Ploss,0.026842786
19,linha_7-8,Ploss,0.028456
20,linha_7-8,Ploss,0.028456
21,linha_7-8,Ploss,0.028456
22,linha_7-8,Ploss,0.028456
23,linha_7-8,Ploss,0.028456
24,linha_7-8,Ploss,0.028456
1,linha_8-9,Ploss,0.0090263367
2,linha_8-9,Ploss,0.0081203501
3,linha_8-9,Ploss,0.0074635385
4,linha_8-9,Ploss,0.0071615429
5,linha_8-9,Ploss,0.0075696388
6,linha_8-9,Ploss,0.0095744243
7,linha_8-9,Ploss,0.0088501559
8,linha_8-9,Ploss,0.0086833762
9,linha_8-9,Ploss,0.0083813799
10,linha_8-9,Ploss,0.0081884533
11,linha_8-9,Ploss,0.0084857293
12,linha_8-9,Ploss,0.025468934
13,linha_8-9,Ploss,0.092090813
14,linha_8-9,Ploss,0.089558382
15,linha_8-9,Ploss,0.01982672
16,linha_8-9,Ploss,0.0080192457
17,linha_8-9,Ploss,0.008539942
18,linha_8-9,Ploss,0.009101913
19,linha_8-9,Ploss,0.0074998239
20,linha_8-9,Ploss,0.0063067692
21,linha_8-9,Ploss,0.0058825975
22,linha_8-9,Ploss,0.0043689454
23,linha_8-9,Ploss,0.0032675229
24,linha_8-9,Ploss,0.0033722453
1,linha_9-10,Ploss,0.00078397619
2,linha_9-10,Ploss,0.0019249624
3,linha_9-10,Ploss,0.0027520728
4,linha_9-10,Ploss,0.0031322755
5,linha_9-10,Ploss,0.002618387
6,linha_9-10,Ploss,0.0
7,linha_9-10,Ploss,0.0
8,linha_9-10,Ploss,0.0
9,linha_9-10,Ploss,0.0
10,linha_9-10,Ploss,0.0
11,linha_9-10,Ploss,0.015241038
12,linha_9-10,Ploss,0.029210472
13,linha_9-10,Ploss,0.069525465
14,linha_9-10,Ploss,0.067407301
15,linha_9-10,Ploss,0.024106125
16,linha_9-10,Ploss,0.0
17,linha_9-10,Ploss,0.0
18,linha_9-10,Ploss,0.0
19,linha_9-10,Ploss,0.0027062658
20,linha_9-10,Ploss,0.0042087513
21,linha_9-10,Ploss,0.0047428838
22,linha_9-10,Ploss,0.0066489404
23,linha_9-10,Ploss,0.0080359787
24,linha_9-10,Ploss,0.0079040659
1,linha_10-11,Ploss,0.002153283
2,linha_10-11,Ploss,0.002387662
3,linha_10-11,Ploss,0.0025575541
4,linha_10-11,Ploss,0.0026356339
5,linha_10-11,Ploss,0.0025300821
6,linha_10-11,Ploss,0.0019768744
7,linha_10-11,Ploss,0.0018273315
8,linha_10-11,Ploss,0.0017928957
9,linha_10-11,Ploss,0.0017305412
10,linha_10-11,Ploss,0.0016907068
11,linha_10-11,Ploss,0.0042046694
12,linha_10-11,Ploss,0.0065128175
13,linha_10-11,Ploss,0.013257149
14,linha_10-11,Ploss,0.012819229
15,linha_10-11,Ploss,0.0055748411
16,linha_10-11,Ploss,0.0016557697
17,linha_10-11,Ploss,0.0017632802
18,linha_10-11,Ploss,0.0018793129
19,linha_10-11,Ploss,0.0025481266
20,linha_10-11,Ploss,0.0028567592
21,linha_10-11,Ploss,0.0029664692
22,linha_10-11,Ploss,0.0033579724
23,linha_10-11,Ploss,0.0036428823
24,linha_10-11,Ploss,0.0036157806
1,linha_11-12,Ploss,0.0067157281
2,linha_11-12,Ploss,0.0072015287
3,linha_11-12,Ploss,0.0075537419
4,linha_11-12,Ploss,0.0077156157
5,linha_11-12,Ploss,0.0074967979
6,linha_11-12,Ploss,0.0063326611
7,linha_11-12,Ploss,0.005853585
8,linha_11-12,Ploss,0.0057433289
9,linha_11-12,Ploss,0.0055435667
10,linha_11-12,Ploss,0.0054159447
11,linha_11-12,Ploss,0.0099302244
12,linha_11-12,Ploss,0.01408048
13,linha_11-12,Ploss,0.027839317
14,linha_11-12,Ploss,0.026890024
15,linha_11-12,Ploss,0.012260957
16,linha_11-12,Ploss,0.0053040647
17,linha_11-12,Ploss,0.0056483875
18,linha_11-12,Ploss,0.0060201002
19,linha_11-12,Ploss,0.0075341781
20,linha_11-12,Ploss,0.0081739564
21,linha_11-12,Ploss,0.008401412
22,linha_11-12,Ploss,0.0092129843
23,linha_11-12,Ploss,0.0098035762
24,linha_11-12,Ploss,0.0097473709
1,linha_12-13,Ploss,0.035536577
2,linha_12-13,Ploss,0.037438479
3,linha_12-13,Ploss,0.038817282
4,linha_12-13,Ploss,0.039450882
5,linha_12-13,Ploss,0.038594292
6,linha_12-13,Ploss,0.033965604
7,linha_12-13,Ploss,0.031396123
8,linha_12-13,Ploss,0.030804645
9,linha_12-13,Ploss,0.029733245
10,linha_12-13,Ploss,0.029048773
11,linha_12-13,Ploss,0.043859269
12,linha_12-13,Ploss,0.05750171
13,linha_12-13,Ploss,0.093433608
14,linha_12-13,Ploss,0.090155867
15,linha_12-13,Ploss,0.050891503
16,linha_12-13,Ploss,0.028448623
17,linha_12-13,Ploss,0.03029557
18,linha_12-13,Ploss,0.032289238
19,linha_12-13,Ploss,0.038740608
20,linha_12-13,Ploss,0.041245261
21,linha_12-13,Ploss,0.042135655
22,linha_12-13,Ploss,0.0453127
23,linha_12-13,Ploss,0.047624757
24,linha_12-13,Ploss,0.04740471
1,linha_13-14,Ploss,0.016003659
2,linha_13-14,Ploss,0.016693238
3,linha_13-14,Ploss,0.017193119
4,linha_13-14,Ploss,0.017422801
5,linha_13-14,Ploss,0.01711225
6,linha_13-14,Ploss,0.01541002
7,linha_13-14,Ploss,0.014244277
8,linha_13-14,Ploss,0.013975899
9,linha_13-14,Ploss,0.013489819
10,linha_13-14,Ploss,0.013179287
11,linha_13-14,Ploss,0.017583278
12,linha_13-14,Ploss,0.021650504
13,linha_13-14,Ploss,0.028554291
14,linha_13-14,Ploss,0.027522381
15,linha_13-14,Ploss,0.019426969
16,linha_13-14,Ploss,0.012906983
17,linha_13-14,Ploss,0.013744971
18,linha_13-14,Ploss,0.014649479
19,linha_13-14,Ploss,0.017165292
20,linha_13-14,Ploss,0.018073388
21,linha_13-14,Ploss,0.01839619
22,linha_13-14,Ploss,0.019548017
23,linha_13-14,Ploss,0.020386273
24,linha_13-14,Ploss,0.020306489
1,linha_14-15,Ploss,0.003258526
2,linha_14-15,Ploss,0.0036381736
3,linha_14-15,Ploss,0.0042748048
4,linha_14-15,Ploss,0.0052772967
5,linha_14-15,Ploss,0.0030707984
6,linha_14-15,Ploss,0.0029011884
7,linha_14-15,Ploss,0.0020203238
8,linha_14-15,Ploss,0.0004967443
9,linha_14-15,Ploss,0.0022808748
10,linha_14-15,Ploss,0.0038908566
11,linha_14-15,Ploss,0.0049163715
12,linha_14-15,Ploss,0.0057470462
13,linha_14-15,Ploss,0.0072234837
14,linha_14-15,Ploss,0.0062032305
15,linha_14-15,Ploss,0.0052793077
16,linha_14-15,Ploss,0.0038391168
17,linha_14-15,Ploss,0.0017088889
18,linha_14-15,Ploss,0.0022701433
19,linha_14-15,Ploss,0.0043124562
20,linha_14-15,Ploss,0.0083368214
21,linha_14-15,Ploss,0.011840424
22,linha_14-15,Ploss,0.012907657
23,linha_14-15,Ploss,0.0078317571
24,linha_14-15,Ploss,0.0026854839
1,linha_15-16,Ploss,0.010891487
2,linha_15-16,Ploss,0.011475688
3,linha_15-16,Ploss,0.012298739
4,linha_15-16,Ploss,0.01346185
5,linha_15-16,Ploss,0.010948245
6,linha_15-16,Ploss,0.010328063
7,linha_15-16,Ploss,0.008815519
8,linha_15-16,Ploss,0.0058395412
9,linha_15-16,Ploss,0.0033945523
10,linha_15-16,Ploss,0.0012474103
11,linha_15-16,Ploss,6.2559882e-05
12,linha_15-16,Ploss,0.0012732667
13,linha_15-16,Ploss,0.0035385679
14,linha_15-16,Ploss,0.0023235594
15,linha_15-16,Ploss,0.0009892139
16,linha_15-16,Ploss,0.0011859635
17,linha_15-16,Ploss,0.0042243249
18,linha_15-16,Ploss,0.0092789569
19,linha_15-16,Ploss,0.0123337
20,linha_15-16,Ploss,0.016999702
21,linha_15-16,Ploss,0.020950344
22,linha_15-16,Ploss,0.022404904
23,linha_15-16,Ploss,0.016992698
24,linha_15-16,Ploss,0.011283787
1,linha_16-17,Ploss,0.02740393
2,linha_16-17,Ploss,0.028501421
3,linha_16-17,Ploss,0.029862626
4,linha_16-17,Ploss,0.031599324
5,linha_16-17,Ploss,0.027918865
6,linha_16-17,Ploss,0.026329463
7,linha_16-17,Ploss,0.02330242
8,linha_16-17,Ploss,0.018885126
9,linha_16-17,Ploss,0.015054266
10,linha_16-17,Ploss,0.01177846
11,linha_16-17,Ploss,0.0098684229
12,linha_16-17,Ploss,0.0078634454
13,linha_16-17,Ploss,0.0039528207
14,linha_16-17,Ploss,0.0055830465
15,linha_16-17,Ploss,0.0077755481
16,linha_16-17,Ploss,0.011484566
17,linha_16-17,Ploss,0.016422932
18,linha_16-17,Ploss,0.024266386
19,linha_16-17,Ploss,0.029901163
20,linha_16-17,Ploss,0.03686327
21,linha_16-17,Ploss,0.042583069
22,linha_16-17,Ploss,0.0450939
23,linha_16-17,Ploss,0.037759957
24,linha_16-17,Ploss,0.029646041
1,linha_17-18,Ploss,0.019790222
2,linha_17-18,Ploss,0.020457615
3,linha_17-18,Ploss,0.021202094
4,linha_17-18,Ploss,0.022056357
5,linha_17-18,Ploss,0.020287173
6,linha_17-18,Ploss,0.019129621
7,linha_17-18,Ploss,0.017205317
8,linha_17-18,Ploss,0.015047386
9,linha_17-18,Ploss,0.013061003
10,linha_17-18,Ploss,0.011410133
11,linha_17-18,Ploss,0.010505164
12,linha_17-18,Ploss,0.0095723927
13,linha_17-18,Ploss,0.007658647
14,linha_17-18,Ploss,0.0081905943
15,linha_17-18,Ploss,0.0092003902
16,linha_17-18,Ploss,0.011151074
17,linha_17-18,Ploss,0.013807694
18,linha_17-18,Ploss,0.017833536
19,linha_17-18,Ploss,0.021213309
20,linha_17-18,Ploss,0.024635101
21,linha_17-18,Ploss,0.027347166
22,linha_17-18,Ploss,0.028774203
23,linha_17-18,Ploss,0.025589987
24,linha_17-18,Ploss,0.02183126
1,linha_2-19,Ploss,0.0097104639
2,linha_2-19,Ploss,0.010211404
3,linha_2-19,Ploss,0.010574622
4,linha_2-19,Ploss,0.010741696
5,linha_2-19,Ploss,0.01051592
6,linha_2-19,Ploss,0.009197388
7,linha_2-19,Ploss,0.007555432
8,linha_2-19,Ploss,0.0071775394
9,linha_2-19,Ploss,0.0065369996
10,linha_2-19,Ploss,0.0063865775
11,linha_2-19,Ploss,0.006360261
12,linha_2-19,Ploss,0.0063510356
13,linha_2-19,Ploss,0.0062323682
14,linha_2-19,Ploss,0.0059980438
15,linha_2-19,Ploss,0.0059970727
16,linha_2-19,Ploss,0.0062545091
17,linha_2-19,Ploss,0.006852422
18,linha_2-19,Ploss,0.0081263631
19,linha_2-19,Ploss,0.010554584
20,linha_2-19,Ploss,0.011214414
21,linha_2-19,Ploss,0.01142071
22,linha_2-19,Ploss,0.011985035
23,linha_2-19,Ploss,0.012395627
24,linha_2-19,Ploss,0.012356622
1,linha_19-20,Ploss,0.056003783
2,linha_19-20,Ploss,0.057266635
3,linha_19-20,Ploss,0.058182293
4,linha_19-20,Ploss,0.058603481
5,linha_19-20,Ploss,0.058034308
6,linha_19-20,Ploss,0.054710337
7,linha_19-20,Ploss,0.050571026
8,linha_19-20,Ploss,0.049618373
9,linha_19-20,Ploss,0.047893067
10,linha_19-20,Ploss,0.046791005
11,linha_19-20,Ploss,0.046598198
12,linha_19-20,Ploss,0.046530609
13,linha_19-20,Ploss,0.045661197
14,linha_19-20,Ploss,0.043944429
15,linha_19-20,Ploss,0.043937314
16,linha_19-20,Ploss,0.045823411
17,linha_19-20,Ploss,0.048798763
18,linha_19-20,Ploss,0.052010322
19,linha_19-20,Ploss,0.058131779
20,linha_19-20,Ploss,0.059795187
21,linha_19-20,Ploss,0.060687416
22,linha_19-20,Ploss,0.065705731
23,linha_19-20,Ploss,0.069356953
24,linha_19-20,Ploss,0.069010104
1,linha_20-21,Ploss,0.011566506
2,linha_20-21,Ploss,0.011827324
3,linha_20-21,Ploss,0.012016435
4,linha_20-21,Ploss,0.012103424
5,linha_20-21,Ploss,0.011985872
6,linha_20-21,Ploss,0.011299369
7,linha_20-21,Ploss,0.010444474
8,linha_20-21,Ploss,0.010247722
9,linha_20-21,Ploss,0.0098913932
10,linha_20-21,Ploss,0.0096637836
11,linha_20-21,Ploss,0.0096239629
12,linha_20-21,Ploss,0.0096100037
13,linha_20-21,Ploss,0.0094304434
14,linha_20-21,Ploss,0.0090758778
15,linha_20-21,Ploss,0.0090744084
16,linha_20-21,Ploss,0.0094639456
17,linha_20-21,Ploss,0.010078447
18,linha_20-21,Ploss,0.010741733
19,linha_20-21,Ploss,0.012006003
20,linha_20-21,Ploss,0.012349548
21,linha_20-21,Ploss,0.012471654
22,linha_20-21,Ploss,0.012907478
23,linha_20-21,Ploss,0.013224573
24,linha_20-21,Ploss,0.013194451
1,linha_21-22,Ploss,0.010421569
2,linha_21-22,Ploss,0.01065657
3,linha_21-22,Ploss,0.010826962
4,linha_21-22,Ploss,0.010905339
5,linha_21-22,Ploss,0.010799423
6,linha_21-22,Ploss,0.010180876
7,linha_21-22,Ploss,0.0094106046
8,linha_21-22,Ploss,0.0092333283
9,linha_21-22,Ploss,0.0089122715
10,linha_21-22,Ploss,0.0087071924
11,linha_21-22,Ploss,0.0086713135
12,linha_21-22,Ploss,0.008658736
13,linha_21-22,Ploss,0.0084969498
14,linha_21-22,Ploss,0.0081774818
15,linha_21-22,Ploss,0.0081761579
16,linha_21-22,Ploss,0.0085271358
17,linha_21-22,Ploss,0.0090808098
18,linha_21-22,Ploss,0.0096784388
19,linha_21-22,Ploss,0.010817562
20,linha_21-22,Ploss,0.0111271
21,linha_21-22,Ploss,0.01123712
22,linha_21-22,Ploss,0.011629802
23,linha_21-22,Ploss,0.01191551
24,linha_21-22,Ploss,0.011888369
1,linha_3-23,Ploss,0.0043673607
2,linha_3-23,Ploss,0.003262156
3,linha_3-23,Ploss,0.0024607151
4,linha_3-23,Ploss,0.0020923575
5,linha_3-23,Ploss,0.0025902421
6,linha_3-23,Ploss,0.0054988067
7,linha_3-23,Ploss,0.0091208071
8,linha_3-23,Ploss,0.0090452566
9,linha_3-23,Ploss,0.008236541
10,linha_3-23,Ploss,0.0077033051
11,linha_3-23,Ploss,0.0076100959
12,linha_3-23,Ploss,0.0075773676
13,linha_3-23,Ploss,0.0071567306
14,linha_3-23,Ploss,0.0063261627
15,linha_3-23,Ploss,0.0063227278
16,linha_3-23,Ploss,0.0072352529
17,linha_3-23,Ploss,0.0086623964
18,linha_3-23,Ploss,0.0078615886
19,linha_3-23,Ploss,0.0025051044
20,linha_3-23,Ploss,0.0010496713
21,linha_3-23,Ploss,0.00053222381
22,linha_3-23,Ploss,0.0
23,linha_3-23,Ploss,0.0
24,linha_3-23,Ploss,0.0
1,linha_23-24,Ploss,0.02058849
2,linha_23-24,Ploss,0.0189537
3,linha_23-24,Ploss,0.017768206
4,linha_23-24,Ploss,0.017223407
5,linha_23-24,Ploss,0.017959803
6,linha_23-24,Ploss,0.022261955
7,linha_23-24,Ploss,0.02761937
8,linha_23-24,Ploss,0.027266953
9,linha_23-24,Ploss,0.025457032
10,linha_23-24,Ploss,0.024271872
11,linha_23-24,Ploss,0.024064668
12,linha_23-24,Ploss,0.023991938
13,linha_23-24,Ploss,0.023057024
14,linha_23-24,Ploss,0.021210973
15,linha_23-24,Ploss,0.021203335
16,linha_23-24,Ploss,0.023231529
17,linha_23-24,Ploss,0.026409452
18,linha_23-24,Ploss,0.025756874
19,linha_23-24,Ploss,0.017833913
20,linha_23-24,Ploss,0.01568116
21,linha_23-24,Ploss,0.014915758
22,linha_23-24,Ploss,0.014476439
23,linha_23-24,Ploss,0.014832079
24,linha_23-24,Ploss,0.014798295
1,linha_24-25,Ploss,0.14336
2,linha_24-25,Ploss,0.14336
3,linha_24-25,Ploss,0.14336
4,linha_24-25,Ploss,0.14336
5,linha_24-25,Ploss,0.14336
6,linha_24-25,Ploss,0.14336
7,linha_24-25,Ploss,0.14336
8,linha_24-25,Ploss,0.13995592
9,linha_24-25,Ploss,0.13127435
10,linha_24-25,Ploss,0.12566518
11,linha_24-25,Ploss,0.12468637
12,linha_24-25,Ploss,0.12434208
13,linha_24-25,Ploss,0.11991854
14,linha_24-25,Ploss,0.11118183
15,linha_24-25,Ploss,0.11114594
16,linha_24-25,Ploss,0.12074408
17,linha_24-25,Ploss,0.1358359
18,linha_24-25,Ploss,0.14336
19,linha_24-25,Ploss,0.14336
20,linha_24-25,Ploss,0.14336
21,linha_24-25,Ploss,0.14336
22,linha_24-25,Ploss,0.15054629
23,linha_24-25,Ploss,0.15789396
24,linha_24-25,Ploss,0.15719584
1,linha_6-26,Ploss,0.0040609405
2,linha_6-26,Ploss,0.0041525645
3,linha_6-26,Ploss,0.004218961
4,linha_6-26,Ploss,0.0042494507
5,linha_6-26,Ploss,0.0042082045
6,linha_6-26,Ploss,0.0039671497
7,linha_6-26,Ploss,0.0036670501
8,linha_6-26,Ploss,0.0035979452
9,linha_6-26,Ploss,0.0034728134
10,linha_6-26,Ploss,0.0033928745
11,linha_6-26,Ploss,0.0033789452
12,linha_6-26,Ploss,0.0033740699
13,linha_6-26,Ploss,0.0046114045
14,linha_6-26,Ploss,0.0044379891
15,linha_6-26,Ploss,0.003186024
16,linha_6-26,Ploss,0.0033227636
17,linha_6-26,Ploss,0.0035385134
18,linha_6-26,Ploss,0.0037713653
19,linha_6-26,Ploss,0.0042152465
20,linha_6-26,Ploss,0.00433589
21,linha_6-26,Ploss,0.0043787613
22,linha_6-26,Ploss,0.0045317518
23,linha_6-26,Ploss,0.004643109
24,linha_6-26,Ploss,0.0046325072
1,linha_26-27,Ploss,0.0029003643
2,linha_26-27,Ploss,0.0029658031
3,linha_26-27,Ploss,0.0030132241
4,linha_26-27,Ploss,0.0030350002
5,linha_26-27,Ploss,0.0030055417
6,linha_26-27,Ploss,0.002833378
7,linha_26-27,Ploss,0.0026190439
8,linha_26-27,Ploss,0.0025696884
9,linha_26-27,Ploss,0.002480318
10,linha_26-27,Ploss,0.0024232249
11,linha_26-27,Ploss,0.0024132764
12,linha_26-27,Ploss,0.0024097945
13,linha_26-27,Ploss,0.0042766074
14,linha_26-27,Ploss,0.0041157823
15,linha_26-27,Ploss,0.0022754902
16,linha_26-27,Ploss,0.002373151
17,linha_26-27,Ploss,0.0025272416
18,linha_26-27,Ploss,0.0026935468
19,linha_26-27,Ploss,0.0030105712
20,linha_26-27,Ploss,0.003096736
21,linha_26-27,Ploss,0.0031273551
22,linha_26-27,Ploss,0.0032366224
23,linha_26-27,Ploss,0.0033161549
24,linha_26-27,Ploss,0.003308583
1,linha_27-28,Ploss,0.0
2,linha_27-28,Ploss,0.0
3,linha_27-28,Ploss,0.0
4,linha_27-28,Ploss,0.0
5,linha_27-28,Ploss,0.0
6,linha_27-28,Ploss,0.0
7,linha_27-28,Ploss,0.0
8,linha_27-28,Ploss,0.0
9,linha_27-28,Ploss,0.0
10,linha_27-28,Ploss,0.0
11,linha_27-28,Ploss,0.0
12,linha_27-28,Ploss,0.0
13,linha_27-28,Ploss,0.0081942986
14,linha_27-28,Ploss,0.0078861458
15,linha_27-28,Ploss,0.0
16,linha_27-28,Ploss,0.0
17,linha_27-28,Ploss,0.0
18,linha_27-28,Ploss,0.0
19,linha_27-28,Ploss,0.0
20,linha_27-28,Ploss,0.0
21,linha_27-28,Ploss,0.0
22,linha_27-28,Ploss,0.0
23,linha_27-28,Ploss,0.0
24,linha_27-28,Ploss,0.0
1,linha_28-29,Ploss,0.0078121478
2,linha_28-29,Ploss,0.0079884075
3,linha_28-29,Ploss,0.0081161363
4,linha_28-29,Ploss,0.0081747903
5,linha_28-29,Ploss,0.0080954436
6,linha_28-29,Ploss,0.0076317197
7,linha_28-29,Ploss,0.0070544095
8,linha_28-29,Ploss,0.0069214703
9,linha_28-29,Ploss,0.0066807507
10,linha_28-29,Ploss,0.00652697
11,linha_28-29,Ploss,0.0065001738
12,linha_28-29,Ploss,0.0064907951
13,linha_28-29,Ploss,0.0
14,linha_28-29,Ploss,0.0
15,linha_28-29,Ploss,0.0061290458
16,linha_28-29,Ploss,0.0063920956
17,linha_28-29,Ploss,0.0068071397
18,linha_28-29,Ploss,0.0072550836
19,linha_28-29,Ploss,0.0081089906
20,linha_28-29,Ploss,0.0083410759
21,linha_28-29,Ploss,0.0084235488
22,linha_28-29,Ploss,0.0087178609
23,linha_28-29,Ploss,0.008932082
24,linha_28-29,Ploss,0.008911687
1,linha_29-30,Ploss,0.014452832
2,linha_29-30,Ploss,0.014778824
3,linha_29-30,Ploss,0.015015225
4,linha_29-30,Ploss,0.015123834
5,linha_29-30,Ploss,0.014976943
6,linha_29-30,Ploss,0.014119129
7,linha_29-30,Ploss,0.013050885
8,linha_29-30,Ploss,0.012805038
9,linha_29-30,Ploss,0.012359792
10,linha_29-30,Ploss,0.012075291
11,linha_29-30,Ploss,0.012025717
12,linha_29-30,Ploss,0.012008269
13,linha_29-30,Ploss,0.0082661523
14,linha_29-30,Ploss,0.0079552044
15,linha_29-30,Ploss,0.01133892
16,linha_29-30,Ploss,0.011825767
17,linha_29-30,Ploss,0.012593521
18,linha_29-30,Ploss,0.013422238
19,linha_29-30,Ploss,0.015002102
20,linha_29-30,Ploss,0.015431374
21,linha_29-30,Ploss,0.015583952
22,linha_29-30,Ploss,0.016128443
23,linha_29-30,Ploss,0.016524762
24,linha_29-30,Ploss,0.016487127
1,linha_30-31,Ploss,0.096637858
2,linha_30-31,Ploss,0.099945566
3,linha_30-31,Ploss,0.10234456
4,linha_30-31,Ploss,0.10344703
5,linha_30-31,Ploss,0.10195646
6,linha_30-31,Ploss,0.093250607
7,linha_30-31,Ploss,0.082410119
8,linha_30-31,Ploss,0.079911876
9,linha_30-31,Ploss,0.075036133
10,linha_30-31,Ploss,0.071920046
11,linha_30-31,Ploss,0.071377145
12,linha_30-31,Ploss,0.071185813
13,linha_30-31,Ploss,0.068728995
14,linha_30-31,Ploss,0.063875626
15,linha_30-31,Ploss,0.063855774
16,linha_30-31,Ploss,0.069187445
17,linha_30-31,Ploss,0.077595499
18,linha_30-31,Ploss,0.086178702
19,linha_30-31,Ploss,0.10221123
20,linha_30-31,Ploss,0.10656833
21,linha_30-31,Ploss,0.1081168
22,linha_30-31,Ploss,0.11364307
23,linha_30-31,Ploss,0.11766476
24,linha_30-31,Ploss,0.11728263
1,linha_31-32,Ploss,0.016932185
2,linha_31-32,Ploss,0.01782656
3,linha_31-32,Ploss,0.018475097
4,linha_31-32,Ploss,0.018773173
5,linha_31-32,Ploss,0.018370144
6,linha_31-32,Ploss,0.01601648
7,linha_31-32,Ploss,0.013085642
8,linha_31-32,Ploss,0.012416788
9,linha_31-32,Ploss,0.011985039
10,linha_31-32,Ploss,0.011709134
11,linha_31-32,Ploss,0.011661062
12,linha_31-32,Ploss,0.011644147
13,linha_31-32,Ploss,0.011426582
14,linha_31-32,Ploss,0.010996849
15,linha_31-32,Ploss,0.010995126
16,linha_31-32,Ploss,0.011467175
17,linha_31-32,Ploss,0.012211684
18,linha_31-32,Ploss,0.014104459
19,linha_31-32,Ploss,0.018438996
20,linha_31-32,Ploss,0.019617004
21,linha_31-32,Ploss,0.020035646
22,linha_31-32,Ploss,0.021529696
23,linha_31-32,Ploss,0.022617023
24,linha_31-32,Ploss,0.022513752
1,linha_32-33,Ploss,0.0034609142
2,linha_32-33,Ploss,0.0035390003
3,linha_32-33,Ploss,0.0035955863
4,linha_32-33,Ploss,0.003621571
5,linha_32-33,Ploss,0.0035864191
6,linha_32-33,Ploss,0.0033809815
7,linha_32-33,Ploss,0.0031252233
8,linha_32-33,Ploss,0.003066329
9,linha_32-33,Ploss,0.0029596861
10,linha_32-33,Ploss,0.0028915587
11,linha_32-33,Ploss,0.0028796875
12,linha_32-33,Ploss,0.0028755325
13,linha_32-33,Ploss,0.0028217824
14,linha_32-33,Ploss,0.0027156672
15,linha_32-33,Ploss,0.0027152714
16,linha_32-33,Ploss,0.002831807
17,linha_32-33,Ploss,0.0030156786
18,linha_32-33,Ploss,0.0032141253
19,linha_32-33,Ploss,0.0035924207
20,linha_32-33,Ploss,0.0036952384
21,linha_32-33,Ploss,0.0037317753
22,linha_32-33,Ploss,0.0038621605
23,linha_32-33,Ploss,0.0039570641
24,linha_32-33,Ploss,0.0039480288
1,barra_1,theta,0.0
2,barra_1,theta,0.0
3,barra_1,theta,0.0
4,barra_1,theta,0.0
5,barra_1,theta,0.0
6,barra_1,theta,0.0
7,barra_1,theta,0.0
8,barra_1,theta,0.0
9,barra_1,theta,0.0
10,barra_1,theta,0.0
11,barra_1,theta,0.0
12,barra_1,theta,0.0
13,barra_1,theta,0.0
14,barra_1,theta,0.0
15,barra_1,theta,0.0
16,barra_1,theta,0.0
17,barra_1,theta,0.0
18,barra_1,theta,0.0
19,barra_1,theta,0.0
20,barra_1,theta,0.0
21,barra_1,theta,0.0
22,barra_1,theta,0.0
23,barra_1,theta,0.0
24,barra_1,theta,0.0
1,barra_2,theta,0.0
2,barra_2,theta,0.0
3,barra_2,theta,0.0
4,barra_2,theta,0.0
5,barra_2,theta,0.0
6,barra_2,theta,0.0
7,barra_2,theta,0.0
8,barra_2,theta,0.0
9,barra_2,theta,0.0
10,barra_2,theta,0.0
11,barra_2,theta,0.0
12,barra_2,theta,0.0
13,barra_2,theta,0.0
14,barra_2,theta,0.0
15,barra_2,theta,0.0
16,barra_2,theta,0.0
17,barra_2,theta,0.0
18,barra_2,theta,0.0
19,barra_2,theta,0.0
20,barra_2,theta,0.0
21,barra_2,theta,0.0
22,barra_2,theta,0.0
23,barra_2,theta,0.0
24,barra_2,theta,0.0
1,barra_3,theta,0.073136769
2,barra_3,theta,0.074626961
3,barra_3,theta,0.075707709
4,barra_3,theta,0.076204565
5,barra_3,theta,0.075533102
6,barra_3,theta,0.071610428
7,barra_3,theta,0.066725896
8,barra_3,theta,0.065601661
9,barra_3,theta,0.063556205
10,barra_3,theta,0.062192791
11,barra_3,theta,0.061954537
12,barra_3,theta,0.061870834
13,barra_3,theta,0.060795346
14,barra_3,theta,0.058671775
15,barra_3,theta,0.058662999
16,barra_3,theta,0.060996147
17,barra_3,theta,0.064634474
18,barra_3,theta,0.06842418
19,barra_3,theta,0.075647856
20,barra_3,theta,0.077610823
21,barra_3,theta,0.078248986
22,barra_3,theta,0.080162555
23,barra_3,theta,0.081554965
24,barra_3,theta,0.081422648
1,barra_4,theta,0.12531844
2,barra_4,theta,0.13010597
3,barra_4,theta,0.13357784
4,barra_4,theta,0.13517385
5,barra_4,theta,0.13301682
6,barra_4,theta,0.12041588
7,barra_4,theta,0.1047246
8,barra_4,theta,0.10288166
9,barra_4,theta,0.10083621
10,barra_4,theta,0.099472791
11,barra_4,theta,0.099234537
12,barra_4,theta,0.099150834
13,barra_4,theta,0.098075346
14,barra_4,theta,0.095951775
15,barra_4,theta,0.095942999
16,barra_4,theta,0.098276147
17,barra_4,theta,0.10191447
18,barra_4,theta,0.11018007
19,barra_4,theta,0.1333856
20,barra_4,theta,0.13969121
21,barra_4,theta,0.14183922
22,barra_4,theta,0.1463769
23,barra_4,theta,0.14892538
24,barra_4,theta,0.14868322
1,barra_5,theta,0.19221341
2,barra_5,theta,0.20015618
3,barra_5,theta,0.20591622
4,barra_5,theta,0.20856402
5,barra_5,theta,0.20498534
6,barra_5,theta,0.18408024
7,barra_5,theta,0.15804786
8,barra_5,theta,0.15529613
9,barra_5,theta,0.15268754
10,barra_5,theta,0.15096426
11,barra_5,theta,0.15066329
12,barra_5,theta,0.15055747
13,barra_5,theta,0.14919823
14,barra_5,theta,0.14651396
15,barra_5,theta,0.14650292
16,barra_5,theta,0.14945199
17,barra_5,theta,0.1540614
18,barra_5,theta,0.16709859
19,barra_5,theta,0.20559731
20,barra_5,theta,0.21605834
21,barra_5,theta,0.21964406
22,barra_5,theta,0.22686954
23,barra_5,theta,0.23078737
24,barra_5,theta,0.23041517
1,barra_6,theta,0.42248069
2,barra_6,theta,0.43926663
3,barra_6,theta,0.45143934
4,barra_6,theta,0.45703457
5,barra_6,theta,0.44947172
6,barra_6,theta,0.40529329
7,barra_6,theta,0.35027941
8,barra_6,theta,0.34466736
9,barra_6,theta,0.33968266
10,barra_6,theta,0.33644114
11,barra_6,theta,0.33587563
12,barra_6,theta,0.33567676
13,barra_6,theta,0.33312014
14,barra_6,theta,0.32807061
15,barra_6,theta,0.3280503
16,barra_6,theta,0.33359729
17,barra_6,theta,0.34230387
18,barra_6,theta,0.3694059
19,barra_6,theta,0.45076514
20,barra_6,theta,0.47287236
21,barra_6,theta,0.48045904
22,barra_6,theta,0.49516818
23,barra_6,theta,0.50314374
24,barra_6,theta,0.50238601
1,barra_7,theta,0.20676312
2,barra_7,theta,0.22123771
3,barra_7,theta,0.23173476
4,barra_7,theta,0.23655954
5,barra_7,theta,0.23003782
6,barra_7,theta,0.19278171
7,barra_7,theta,0.15351406
8,barra_7,theta,0.15152663
9,barra_7,theta,0.15310543
10,barra_7,theta,0.15405726
11,barra_7,theta,0.19534827
12,barra_7,theta,0.24267272
13,barra_7,theta,0.37827587
14,barra_7,theta,0.3766089
15,barra_7,theta,0.228321
16,barra_7,theta,0.15489153
17,barra_7,theta,0.15228101
18,barra_7,theta,0.16716728
19,barra_7,theta,0.23115312
20,barra_7,theta,0.25021662
21,barra_7,theta,0.25672115
22,barra_7,theta,0.26756865
23,barra_7,theta,0.27273424
24,barra_7,theta,0.27224368
1,barra_8,theta,0.15974312
2,barra_8,theta,0.17421771
3,barra_8,theta,0.18471476
4,barra_8,theta,0.18953954
5,barra_8,theta,0.18301782
6,barra_8,theta,0.1461244
7,barra_8,theta,0.11038667
8,barra_8,theta,0.10921183
9,barra_8,theta,0.11226206
10,barra_8,theta,0.11415396
11,barra_8,theta,0.17337505
12,barra_8,theta,0.24070482
13,barra_8,theta,0.42529587
14,barra_8,theta,0.4236289
15,barra_8,theta,0.22150039
16,barra_8,theta,0.1158128
17,barra_8,theta,0.11066518
18,barra_8,theta,0.12281292
19,barra_8,theta,0.18413312
20,barra_8,theta,0.20319662
21,barra_8,theta,0.20970115
22,barra_8,theta,0.22054865
23,barra_8,theta,0.22571424
24,barra_8,theta,0.22522368
1,barra_9,theta,0.12731842
2,barra_9,theta,0.14504752
3,barra_9,theta,0.15790399
4,barra_9,theta,0.16381361
5,barra_9,theta,0.15582591
6,barra_9,theta,0.11173083
7,barra_9,theta,0.078594849
8,barra_9,theta,0.078019114
9,barra_9,theta,0.082154189
10,barra_9,theta,0.08473913
11,barra_9,theta,0.20385776
12,barra_9,theta,0.33219517
13,barra_9,theta,0.63423309
14,barra_9,theta,0.62953376
15,barra_9,theta,0.29272259
16,barra_9,theta,0.087005803
17,barra_9,theta,0.079987719
18,barra_9,theta,0.090116728
19,barra_9,theta,0.15719201
20,barra_9,theta,0.18054123
21,barra_9,theta,0.18856949
22,barra_9,theta,0.20485438
23,barra_9,theta,0.21397654
24,barra_9,theta,0.21310979
1,barra_10,theta,0.13009688
2,barra_10,theta,0.1518697
3,barra_10,theta,0.16765751
4,barra_10,theta,0.17491458
5,barra_10,theta,0.16510564
6,barra_10,theta,0.11173083
7,barra_10,theta,0.078594849
8,barra_10,theta,0.078019114
9,barra_10,theta,0.082154189
10,barra_10,theta,0.08473913
11,barra_10,theta,0.25787293
12,barra_10,theta,0.43571887
13,barra_10,theta,0.81503392
14,barra_10,theta,0.8078323
15,barra_10,theta,0.37815618
16,barra_10,theta,0.087005803
17,barra_10,theta,0.079987719
18,barra_10,theta,0.090116728
19,barra_10,theta,0.16678318
20,barra_10,theta,0.19545731
21,barra_10,theta,0.20537856
22,barra_10,theta,0.22841863
23,barra_10,theta,0.24245654
24,barra_10,theta,0.24112229
1,barra_11,theta,0.13365648
2,barra_11,theta,0.15581675
3,barra_11,theta,0.1718854
4,barra_11,theta,0.17927156
5,barra_11,theta,0.16928812
6,barra_11,theta,0.11499881
7,barra_11,theta,0.081615616
8,barra_11,theta,0.080982955
9,barra_11,theta,0.085014951
10,barra_11,theta,0.087534042
11,barra_11,theta,0.26482369
12,barra_11,theta,0.44648523
13,barra_11,theta,0.83100573
14,barra_11,theta,0.8235628
15,barra_11,theta,0.38737196
16,barra_11,theta,0.08974296
17,barra_11,theta,0.082902603
18,barra_11,theta,0.093223425
19,barra_11,theta,0.1709955
20,barra_11,theta,0.20017982
21,barra_11,theta,0.21028244
22,barra_11,theta,0.2339697
23,barra_11,theta,0.2484786
24,barra_11,theta,0.24709954
1,barra_12,theta,0.14475967
2,barra_12,theta,0.16772313
3,barra_12,theta,0.1843741
4,barra_12,theta,0.19202788
5,barra_12,theta,0.18168267
6,barra_12,theta,0.12546868
7,barra_12,theta,0.091293418
8,barra_12,theta,0.09047847
9,barra_12,theta,0.094180197
10,barra_12,theta,0.096488288
11,barra_12,theta,0.28124144
12,barra_12,theta,0.46976465
13,barra_12,theta,0.86285476
14,barra_12,theta,0.85488867
15,barra_12,theta,0.40764315
16,barra_12,theta,0.098512234
17,barra_12,theta,0.09224115
18,barra_12,theta,0.10317653
19,barra_12,theta,0.18345184
20,barra_12,theta,0.21369392
21,barra_12,theta,0.22417259
22,barra_12,theta,0.24920164
23,barra_12,theta,0.26468697
24,barra_12,theta,0.26321499
1,barra_13,theta,0.28455785
2,barra_13,theta,0.31500325
3,barra_13,theta,0.33707832
4,barra_13,theta,0.34722464
5,barra_13,theta,0.33350967
6,barra_13,theta,0.25908677
7,barra_13,theta,0.21480337
8,barra_13,theta,0.21166159
9,barra_13,theta,0.21114851
10,barra_13,theta,0.21076394
11,barra_13,theta,0.45378046
12,barra_13,theta,0.69597199
13,barra_13,theta,1.139375
14,barra_13,theta,1.1271108
15,barra_13,theta,0.60784644
16,barra_13,theta,0.21042695
17,barra_13,theta,0.21142161
18,barra_13,theta,0.23019993
19,barra_13,theta,0.33585444
20,barra_13,theta,0.37594963
21,barra_13,theta,0.38993105
22,barra_13,theta,0.42745834
23,barra_13,theta,0.45203913
24,barra_13,theta,0.4497015
1,barra_14,theta,0.38988474
2,barra_14,theta,0.42486855
3,barra_14,theta,0.45023355
4,barra_14,theta,0.4618915
5,barra_14,theta,0.44613267
6,barra_14,theta,0.36050667
7,barra_14,theta,0.30855102
8,barra_14,theta,0.30364293
9,barra_14,theta,0.29993075
10,barra_14,theta,0.29750244
11,barra_14,theta,0.56950349
12,barra_14,theta,0.83846317
13,barra_14,theta,1.297071
14,barra_14,theta,1.2825429
15,barra_14,theta,0.73570359
16,barra_14,theta,0.29537329
17,barra_14,theta,0.30188312
18,barra_14,theta,0.32661438
19,barra_14,theta,0.44882653
20,barra_14,theta,0.49489829
21,barra_14,theta,0.5110042
22,barra_14,theta,0.55611216
23,barra_14,theta,0.58620987
24,barra_14,theta,0.58334714
1,barra_15,theta,0.40438546
2,barra_15,theta,0.44105873
3,barra_15,theta,0.4692568
4,barra_15,theta,0.48537592
5,barra_15,theta,0.45979798
6,barra_15,theta,0.3734172
7,barra_15,theta,0.31754163
8,barra_15,theta,0.30143238
9,barra_15,theta,0.28978067
10,barra_15,theta,0.2801878
11,barra_15,theta,0.54762522
12,barra_15,theta,0.81288833
13,barra_15,theta,1.2649258
14,barra_15,theta,1.254938
15,barra_15,theta,0.71221022
16,barra_15,theta,0.2782889
17,barra_15,theta,0.29427842
18,barra_15,theta,0.33671671
19,barra_15,theta,0.46801732
20,barra_15,theta,0.53199785
21,barra_15,theta,0.56369509
22,barra_15,theta,0.61355233
23,barra_15,theta,0.62106185
24,barra_15,theta,0.59529777
1,barra_16,theta,0.44415405
2,barra_16,theta,0.48296045
3,barra_16,theta,0.51416376
4,barra_16,theta,0.5345298
5,barra_16,theta,0.49977382
6,barra_16,theta,0.41112854
7,barra_16,theta,0.34973015
8,barra_16,theta,0.32275457
9,barra_16,theta,0.30217535
10,barra_16,theta,0.28474253
11,barra_16,theta,0.54739679
12,barra_16,theta,0.80823919
13,barra_16,theta,1.2520053
14,barra_16,theta,1.2464539
15,barra_16,theta,0.70859826
16,barra_16,theta,0.28261926
17,barra_16,theta,0.30970289
18,barra_16,theta,0.3705974
19,barra_16,theta,0.51305194
20,barra_16,theta,0.59406965
21,barra_16,theta,0.64019205
22,barra_16,theta,0.6953604
23,barra_16,theta,0.68310808
24,barra_16,theta,0.63649879
1,barra_17,theta,0.62709495
2,barra_17,theta,0.67322788
3,barra_17,theta,0.71351821
4,barra_17,theta,0.74547796
5,barra_17,theta,0.68615227
6,barra_17,theta,0.5868966
7,barra_17,theta,0.50529052
8,barra_17,theta,0.44882633
9,barra_17,theta,0.40267338
10,barra_17,theta,0.3633722
11,barra_17,theta,0.6132756
12,barra_17,theta,0.86073333
13,barra_17,theta,1.2783932
14,barra_17,theta,1.2837248
15,barra_17,theta,0.76050562
16,barra_17,theta,0.35928699
17,barra_17,theta,0.41933775
18,barra_17,theta,0.53259294
19,barra_17,theta,0.71266366
20,barra_17,theta,0.84015843
21,barra_17,theta,0.9244646
22,barra_17,theta,0.99639454
23,barra_17,theta,0.93518289
24,barra_17,theta,0.83440739
1,barra_18,theta,0.70468776
2,barra_18,theta,0.75343738
3,barra_18,theta,0.79664664
4,barra_18,theta,0.83195576
5,barra_18,theta,0.76569351
6,barra_18,theta,0.66189935
7,barra_18,theta,0.57274853
8,barra_18,theta,0.5078236
9,barra_18,theta,0.45388251
10,barra_18,theta,0.40810865
11,barra_18,theta,0.65446388
12,barra_18,theta,0.89826443
13,barra_18,theta,1.308421
14,barra_18,theta,1.3158381
15,barra_18,theta,0.79657819
16,barra_18,theta,0.40300773
17,barra_18,theta,0.47347447
18,barra_18,theta,0.60251405
19,barra_18,theta,0.79583606
20,barra_18,theta,0.93674688
21,barra_18,theta,1.0316864
22,barra_18,theta,1.1092114
23,barra_18,theta,1.0355152
24,barra_18,theta,0.92000263
1,barra_19,theta,-0.036310646
2,barra_19,theta,-0.037107366
3,barra_19,theta,-0.037685043
4,barra_19,theta,-0.037950766
5,barra_19,theta,-0.037591681
6,barra_19,theta,-0.035494626
7,barra_19,theta,-0.032883182
8,barra_19,theta,-0.032282164
9,barra_19,theta,-0.031190257
10,barra_19,theta,-0.030472542
11,barra_19,theta,-0.030346977
12,barra_19,theta,-0.030302959
13,barra_19,theta,-0.029736757
14,barra_19,theta,-0.028618715
15,barra_19,theta,-0.028614082
16,barra_19,theta,-0.029842399
17,barra_19,theta,-0.031765082
18,barra_19,theta,-0.033791218
19,barra_19,theta,-0.037653175
20,barra_19,theta,-0.0387026
21,barra_19,theta,-0.039030702
22,barra_19,theta,-0.039928232
23,barra_19,theta,-0.040581256
24,barra_19,theta,-0.040519222
1,barra_20,theta,-0.28862924
2,barra_20,theta,-0.2951156
3,barra_20,theta,-0.29981867
4,barra_20,theta,-0.301982
5,barra_20,theta,-0.29905858
6,barra_20,theta,-0.28198575
7,barra_20,theta,-0.26072512
8,barra_20,theta,-0.25583203
9,barra_20,theta,-0.24696696
10,barra_20,theta,-0.24128403
11,barra_20,theta,-0.2402898
12,barra_20,theta,-0.23994126
13,barra_20,theta,-0.23545802
14,barra_20,theta,-0.22660528
15,barra_20,theta,-0.22656859
16,barra_20,theta,-0.2362945
17,barra_20,theta,-0.25162229
18,barra_20,theta,-0.26811774
19,barra_20,theta,-0.29955921
20,barra_20,theta,-0.30810293
21,barra_20,theta,-0.31089076
22,barra_20,theta,-0.31932477
23,barra_20,theta,-0.32546118
24,barra_20,theta,-0.32487825
1,barra_21,theta,-0.35619233
2,barra_21,theta,-0.36420219
3,barra_21,theta,-0.37000991
4,barra_21,theta,-0.37268137
5,barra_21,theta,-0.36907129
6,barra_21,theta,-0.34798842
7,barra_21,theta,-0.32173411
8,barra_21,theta,-0.31569174
9,barra_21,theta,-0.30474525
10,barra_21,theta,-0.2977328
11,barra_21,theta,-0.29650596
12,barra_21,theta,-0.29607589
13,barra_21,theta,-0.29054379
14,barra_21,theta,-0.27961993
15,barra_21,theta,-0.27957466
16,barra_21,theta,-0.29157596
17,barra_21,theta,-0.31049323
18,barra_21,theta,-0.3308631
19,barra_21,theta,-0.36968951
20,barra_21,theta,-0.38023997
21,barra_21,theta,-0.38374106
22,barra_21,theta,-0.39472083
23,barra_21,theta,-0.40270948
24,barra_21,theta,-0.4019506
1,barra_22,theta,-0.42508876
2,barra_22,theta,-0.4346522
3,barra_22,theta,-0.44158637
4,barra_22,theta,-0.44477598
5,barra_22,theta,-0.4404657
6,barra_22,theta,-0.41529365
7,barra_22,theta,-0.38394712
8,barra_22,theta,-0.37673278
9,barra_22,theta,-0.36366381
10,barra_22,theta,-0.35529558
11,barra_22,theta,-0.35383155
12,barra_22,theta,-0.35331833
13,barra_22,theta,-0.34671667
14,barra_22,theta,-0.33368083
15,barra_22,theta,-0.3336268
16,barra_22,theta,-0.3479484
17,barra_22,theta,-0.37052597
18,barra_22,theta,-0.39484674
19,barra_22,theta,-0.44120383
20,barra_22,theta,-0.45380064
21,barra_22,theta,-0.45802906
22,barra_22,theta,-0.47160483
23,barra_22,theta,-0.48148228
24,barra_22,theta,-0.48054397
1,barra_23,theta,0.088057617
2,barra_23,theta,0.085771937
3,barra_23,theta,0.084114607
4,barra_23,theta,0.083352989
5,barra_23,theta,0.084382522
6,barra_23,theta,0.090396799
7,barra_23,theta,0.097886632
8,barra_23,theta,0.096504282
9,barra_23,theta,0.091695895
10,barra_23,theta,0.08851071
11,barra_23,theta,0.087954011
12,barra_23,theta,0.087758493
13,barra_23,theta,0.085245923
14,barra_23,theta,0.080284763
15,barra_23,theta,0.080264251
16,barra_23,theta,0.08571499
17,barra_23,theta,0.094229075
18,barra_23,theta,0.095282865
19,barra_23,theta,0.084206407
20,barra_23,theta,0.081196968
21,barra_23,theta,0.080067299
22,barra_23,theta,0.080162555
23,barra_23,theta,0.081554965
24,barra_23,theta,0.081422648
1,barra_24,theta,0.16934547
2,barra_24,theta,0.16060528
3,barra_24,theta,0.15426736
4,barra_24,theta,0.15135476
5,barra_24,theta,0.15529174
6,barra_24,theta,0.17829185
7,barra_24,theta,0.20693393
8,barra_24,theta,0.20416016
9,barra_24,theta,0.19220581
10,barra_24,theta,0.18434136
11,barra_24,theta,0.18296657
12,barra_24,theta,0.1824839
13,barra_24,theta,0.17628008
14,barra_24,theta,0.16403031
15,barra_24,theta,0.16397965
16,barra_24,theta,0.17743814
17,barra_24,theta,0.19849935
18,barra_24,theta,0.19697662
19,barra_24,theta,0.15461859
20,barra_24,theta,0.14310961
21,barra_24,theta,0.13895797
22,barra_24,theta,0.1373187
23,barra_24,theta,0.14011525
24,barra_24,theta,0.13984955
1,barra_25,theta,0.44978547
2,barra_25,theta,0.44104528
3,barra_25,theta,0.43470736
4,barra_25,theta,0.43179476
5,barra_25,theta,0.43573174
6,barra_25,theta,0.45873185
7,barra_25,theta,0.48737393
8,barra_25,theta,0.48016081
9,barra_25,theta,0.45688456
10,barra_25,theta,0.44170502
11,barra_25,theta,0.43905375
12,barra_25,theta,0.43812207
13,barra_25,theta,0.42614938
14,barra_25,theta,0.40250582
15,barra_25,theta,0.40240834
16,barra_25,theta,0.42838405
17,barra_25,theta,0.46912695
18,barra_25,theta,0.47741662
19,barra_25,theta,0.43505859
20,barra_25,theta,0.42354961
21,barra_25,theta,0.41939797
22,barra_25,theta,0.42338181
23,barra_25,theta,0.43192775
24,barra_25,theta,0.43111578
1,barra_26,theta,0.41213829
2,barra_26,theta,0.42869088
3,barra_26,theta,0.4406945
4,barra_26,theta,0.44621208
5,barra_26,theta,0.43875427
6,barra_26,theta,0.39518976
7,barra_26,theta,0.34094017
8,barra_26,theta,0.33550412
9,barra_26,theta,0.3308381
10,barra_26,theta,0.32780017
11,barra_26,theta,0.32727013
12,barra_26,theta,0.32708368
13,barra_26,theta,0.32137582
14,barra_26,theta,0.31676795
15,barra_26,theta,0.31993614
16,barra_26,theta,0.32513488
17,barra_26,theta,0.33329199
18,barra_26,theta,0.35980099
19,barra_26,theta,0.44002976
20,barra_26,theta,0.46182973
21,barra_26,theta,0.46930722
22,barra_26,theta,0.48362672
23,barra_26,theta,0.49131867
24,barra_26,theta,0.49058795
1,barra_27,theta,0.40475471
2,barra_27,theta,0.42114071
3,barra_27,theta,0.43302361
4,barra_27,theta,0.43848575
5,barra_27,theta,0.43110294
6,barra_27,theta,0.38797671
7,barra_27,theta,0.33427276
8,barra_27,theta,0.32896236
9,barra_27,theta,0.32452385
10,barra_27,theta,0.32163127
11,barra_27,theta,0.32112655
12,barra_27,theta,0.32094897
13,barra_27,theta,0.31048868
14,barra_27,theta,0.30629023
15,barra_27,theta,0.31414333
16,barra_27,theta,0.31909345
17,barra_27,theta,0.32685828
18,barra_27,theta,0.35294391
19,barra_27,theta,0.43236562
20,barra_27,theta,0.45394623
21,barra_27,theta,0.46134578
22,barra_27,theta,0.47538712
23,barra_27,theta,0.4828766
24,barra_27,theta,0.48216515
1,barra_28,theta,0.40475471
2,barra_28,theta,0.42114071
3,barra_28,theta,0.43302361
4,barra_28,theta,0.43848575
5,barra_28,theta,0.43110294
6,barra_28,theta,0.38797671
7,barra_28,theta,0.33427276
8,barra_28,theta,0.32896236
9,barra_28,theta,0.32452385
10,barra_28,theta,0.32163127
11,barra_28,theta,0.32112655
12,barra_28,theta,0.32094897
13,barra_28,theta,0.2743649
14,barra_28,theta,0.27152491
15,barra_28,theta,0.31414333
16,barra_28,theta,0.31909345
17,barra_28,theta,0.32685828
18,barra_28,theta,0.35294391
19,barra_28,theta,0.43236562
20,barra_28,theta,0.45394623
21,barra_28,theta,0.46134578
22,barra_28,theta,0.47538712
23,barra_28,theta,0.4828766
24,barra_28,theta,0.48216515
1,barra_29,theta,0.4387835
2,barra_29,theta,0.45593727
3,barra_29,theta,0.46837654
4,barra_29,theta,0.47409417
5,barra_29,theta,0.46636573
6,barra_29,theta,0.42121958
7,barra_29,theta,0.36500094
8,barra_29,theta,0.35911146
9,barra_29,theta,0.35362441
10,barra_29,theta,0.35006198
11,barra_29,theta,0.34944054
12,barra_29,theta,0.3492221
13,barra_29,theta,0.2743649
14,barra_29,theta,0.27152491
15,barra_29,theta,0.34084073
16,barra_29,theta,0.34693666
17,barra_29,theta,0.35650938
18,barra_29,theta,0.3845462
19,barra_29,theta,0.46768742
20,barra_29,theta,0.49027897
21,barra_29,theta,0.49803776
22,barra_29,theta,0.51336109
23,barra_29,theta,0.52178369
24,barra_29,theta,0.5209834
1,barra_30,theta,0.47559195
2,barra_30,theta,0.49357595
3,barra_30,theta,0.50661728
4,barra_30,theta,0.51261152
5,barra_30,theta,0.50450898
6,barra_30,theta,0.45717815
7,barra_30,theta,0.3982389
8,barra_30,theta,0.39172331
9,barra_30,theta,0.3851023
10,barra_30,theta,0.3808153
11,barra_30,theta,0.38006761
12,barra_30,theta,0.37980474
13,barra_30,theta,0.29541712
14,barra_30,theta,0.29178521
15,barra_30,theta,0.36971867
16,barra_30,theta,0.3770545
17,barra_30,theta,0.38858253
18,barra_30,theta,0.41872993
19,barra_30,theta,0.50589474
20,barra_30,theta,0.52957956
21,barra_30,theta,0.53772694
22,barra_30,theta,0.55443697
23,barra_30,theta,0.56386892
24,barra_30,theta,0.56297278
1,barra_31,theta,0.18801321
2,barra_31,theta,0.20054886
3,barra_31,theta,0.20963864
4,barra_31,theta,0.21381694
5,barra_31,theta,0.20816961
6,barra_31,theta,0.17517878
7,barra_31,theta,0.13409564
8,barra_31,theta,0.13169506
9,barra_31,theta,0.13310523
10,barra_31,theta,0.13395094
11,barra_31,theta,0.1340975
12,barra_31,theta,0.13414978
13,barra_31,theta,0.053808957
14,barra_31,theta,0.058171356
15,barra_31,theta,0.13613751
16,barra_31,theta,0.1346912
17,barra_31,theta,0.13236975
18,barra_31,theta,0.14837917
19,barra_31,theta,0.20913573
20,barra_31,theta,0.22564368
21,barra_31,theta,0.23124046
22,barra_31,theta,0.23884781
23,barra_31,theta,0.24165535
24,barra_31,theta,0.24138865
1,barra_32,theta,0.10686799
2,barra_32,theta,0.11766627
3,barra_32,theta,0.12549622
4,barra_32,theta,0.12909549
5,barra_32,theta,0.12423106
6,barra_32,theta,0.095812381
7,barra_32,theta,0.060422583
8,barra_32,theta,0.059333782
9,barra_32,theta,0.063260048
10,barra_32,theta,0.065713656
11,barra_32,theta,0.06614036
12,barra_32,theta,0.066291216
13,barra_32,theta,-0.012781703
14,barra_32,theta,-0.0059149488
15,barra_32,theta,0.072061247
16,barra_32,theta,0.06786397
17,barra_32,theta,0.061203752
18,barra_32,theta,0.072727001
19,barra_32,theta,0.12506344
20,barra_32,theta,0.13928302
21,barra_32,theta,0.14406657
22,barra_32,theta,0.14877162
23,barra_32,theta,0.14946696
24,barra_32,theta,0.14940088
1,barra_33,theta,0.079962176
2,barra_33,theta,0.090153393
3,barra_33,theta,0.097543435
4,barra_33,theta,0.10094069
5,barra_33,theta,0.096349543
6,barra_33,theta,0.069527976
7,barra_33,theta,0.036126492
8,barra_33,theta,0.035495547
9,barra_33,theta,0.040250876
10,barra_33,theta,0.043234119
11,barra_33,theta,0.043753113
12,barra_33,theta,0.043936269
13,barra_33,theta,-0.034718785
14,barra_33,theta,-0.027027071
15,barra_33,theta,0.050952202
16,barra_33,theta,0.045848954
17,barra_33,theta,0.037759283
18,barra_33,theta,0.047739768
19,barra_33,theta,0.097135262
20,barra_33,theta,0.11055552
21,barra_33,theta,0.11505503
22,barra_33,theta,0.11874644
23,barra_33,theta,0.11870398
24,barra_33,theta,0.11870814
