tempo,entidade,variavel,valor,cenario
INFO,GERAL,custo_total,74.82778741590015,0
INFO,GERAL,num_barras,33.0,0
INFO,GERAL,num_baterias,2.0,0
INFO,GERAL,periodos_tempo,24.0,0
1,barra_1,PS,0.0,0
2,barra_1,PS,0.0,0
3,barra_1,PS,0.0,0
4,barra_1,PS,0.0,0
5,barra_1,PS,0.0,0
6,barra_1,PS,0.0,0
7,barra_1,PS,0.0,0
8,barra_1,PS,0.0,0
9,barra_1,PS,0.0,0
10,barra_1,PS,0.0,0
11,barra_1,PS,0.0,0
12,barra_1,PS,0.0,0
13,barra_1,PS,0.0,0
14,barra_1,PS,0.0,0
15,barra_1,PS,0.0,0
16,barra_1,PS,0.0,0
17,barra_1,PS,0.0,0
18,barra_1,PS,0.0,0
19,barra_1,PS,0.0,0
20,barra_1,PS,0.0,0
21,barra_1,PS,0.0,0
22,barra_1,PS,0.0,0
23,barra_1,PS,0.0,0
24,barra_1,PS,0.0,0
1,barra_2,PS,0.0,0
2,barra_2,PS,0.0,0
3,barra_2,PS,0.0,0
4,barra_2,PS,0.0,0
5,barra_2,PS,0.0,0
6,barra_2,PS,0.0,0
7,barra_2,PS,0.0,0
8,barra_2,PS,0.0,0
9,barra_2,PS,0.0,0
10,barra_2,PS,0.0,0
11,barra_2,PS,0.0,0
12,barra_2,PS,0.0,0
13,barra_2,PS,0.0,0
14,barra_2,PS,0.0,0
15,barra_2,PS,0.0,0
16,barra_2,PS,0.0,0
17,barra_2,PS,0.0,0
18,barra_2,PS,0.0,0
19,barra_2,PS,0.0,0
20,barra_2,PS,0.0,0
21,barra_2,PS,0.0,0
22,barra_2,PS,0.0,0
23,barra_2,PS,0.0,0
24,barra_2,PS,0.0,0
1,barra_3,PS,0.0,0
2,barra_3,PS,0.0,0
3,barra_3,PS,0.0,0
4,barra_3,PS,0.0,0
5,barra_3,PS,0.0,0
6,barra_3,PS,0.0,0
7,barra_3,PS,0.0,0
8,barra_3,PS,0.0,0
9,barra_3,PS,0.0,0
10,barra_3,PS,0.0,0
11,barra_3,PS,0.0,0
12,barra_3,PS,0.0,0
13,barra_3,PS,0.0,0
14,barra_3,PS,0.0,0
15,barra_3,PS,0.0,0
16,barra_3,PS,0.0,0
17,barra_3,PS,0.0,0
18,barra_3,PS,0.0,0
19,barra_3,PS,0.0,0
20,barra_3,PS,0.0,0
21,barra_3,PS,0.0,0
22,barra_3,PS,0.0,0
23,barra_3,PS,0.0,0
24,barra_3,PS,0.0,0
1,barra_4,PS,0.0,0
2,barra_4,PS,0.0,0
3,barra_4,PS,0.0,0
4,barra_4,PS,0.0,0
5,barra_4,PS,0.0,0
6,barra_4,PS,0.0,0
7,barra_4,PS,0.0,0
8,barra_4,PS,0.0,0
9,barra_4,PS,0.0,0
10,barra_4,PS,0.0,0
11,barra_4,PS,0.0,0
12,barra_4,PS,0.0,0
13,barra_4,PS,0.0,0
14,barra_4,PS,0.0,0
15,barra_4,PS,0.0,0
16,barra_4,PS,0.0,0
17,barra_4,PS,0.0,0
18,barra_4,PS,0.0,0
19,barra_4,PS,0.0,0
20,barra_4,PS,0.0,0
21,barra_4,PS,0.0,0
22,barra_4,PS,0.0,0
23,barra_4,PS,0.0,0
24,barra_4,PS,0.0,0
1,barra_5,PS,0.0,0
2,barra_5,PS,0.0,0
3,barra_5,PS,0.0,0
4,barra_5,PS,0.0,0
5,barra_5,PS,0.0,0
6,barra_5,PS,0.0,0
7,barra_5,PS,0.0,0
8,barra_5,PS,0.0,0
9,barra_5,PS,0.0,0
10,barra_5,PS,0.0,0
11,barra_5,PS,0.0,0
12,barra_5,PS,0.0,0
13,barra_5,PS,0.0,0
14,barra_5,PS,0.0,0
15,barra_5,PS,0.0,0
16,barra_5,PS,0.0,0
17,barra_5,PS,0.0,0
18,barra_5,PS,0.0,0
19,barra_5,PS,0.0,0
20,barra_5,PS,0.0,0
21,barra_5,PS,0.0,0
22,barra_5,PS,0.0,0
23,barra_5,PS,0.0,0
24,barra_5,PS,0.0,0
1,barra_6,PS,0.0,0
2,barra_6,PS,0.0,0
3,barra_6,PS,0.0,0
4,barra_6,PS,0.0,0
5,barra_6,PS,0.0,0
6,barra_6,PS,0.012,0
7,barra_6,PS,0.048,0
8,barra_6,PS,0.1,0
9,barra_6,PS,0.18,0
10,barra_6,PS,0.26,0
11,barra_6,PS,0.32,0
12,barra_6,PS,0.368,0
13,barra_6,PS,0.4,0
14,barra_6,PS,0.384,0
15,barra_6,PS,0.336,0
16,barra_6,PS,0.26,0
17,barra_6,PS,0.152,0
18,barra_6,PS,0.06,0
19,barra_6,PS,0.012,0
20,barra_6,PS,0.0,0
21,barra_6,PS,0.0,0
22,barra_6,PS,0.0,0
23,barra_6,PS,0.0,0
24,barra_6,PS,0.0,0
1,barra_7,PS,0.0,0
2,barra_7,PS,0.0,0
3,barra_7,PS,0.0,0
4,barra_7,PS,0.0,0
5,barra_7,PS,0.0,0
6,barra_7,PS,0.0,0
7,barra_7,PS,0.0,0
8,barra_7,PS,0.0,0
9,barra_7,PS,0.0,0
10,barra_7,PS,0.0,0
11,barra_7,PS,0.0,0
12,barra_7,PS,0.0,0
13,barra_7,PS,0.0,0
14,barra_7,PS,0.0,0
15,barra_7,PS,0.0,0
16,barra_7,PS,0.0,0
17,barra_7,PS,0.0,0
18,barra_7,PS,0.0,0
19,barra_7,PS,0.0,0
20,barra_7,PS,0.0,0
21,barra_7,PS,0.0,0
22,barra_7,PS,0.0,0
23,barra_7,PS,0.0,0
24,barra_7,PS,0.0,0
1,barra_8,PS,0.0,0
2,barra_8,PS,0.0,0
3,barra_8,PS,0.0,0
4,barra_8,PS,0.0,0
5,barra_8,PS,0.0,0
6,barra_8,PS,0.0,0
7,barra_8,PS,0.0,0
8,barra_8,PS,0.0,0
9,barra_8,PS,0.0,0
10,barra_8,PS,0.0,0
11,barra_8,PS,0.0,0
12,barra_8,PS,0.0,0
13,barra_8,PS,0.0,0
14,barra_8,PS,0.0,0
15,barra_8,PS,0.0,0
16,barra_8,PS,0.0,0
17,barra_8,PS,0.0,0
18,barra_8,PS,0.0,0
19,barra_8,PS,0.0,0
20,barra_8,PS,0.0,0
21,barra_8,PS,0.0,0
22,barra_8,PS,0.0,0
23,barra_8,PS,0.0,0
24,barra_8,PS,0.0,0
1,barra_9,PS,0.0,0
2,barra_9,PS,0.0,0
3,barra_9,PS,0.0,0
4,barra_9,PS,0.0,0
5,barra_9,PS,0.0,0
6,barra_9,PS,0.0,0
7,barra_9,PS,0.0,0
8,barra_9,PS,0.0,0
9,barra_9,PS,0.0,0
10,barra_9,PS,0.0,0
11,barra_9,PS,0.0,0
12,barra_9,PS,0.0,0
13,barra_9,PS,0.0,0
14,barra_9,PS,0.0,0
15,barra_9,PS,0.0,0
16,barra_9,PS,0.0,0
17,barra_9,PS,0.0,0
18,barra_9,PS,0.0,0
19,barra_9,PS,0.0,0
20,barra_9,PS,0.0,0
21,barra_9,PS,0.0,0
22,barra_9,PS,0.0,0
23,barra_9,PS,0.0,0
24,barra_9,PS,0.0,0
1,barra_10,PS,0.0,0
2,barra_10,PS,0.0,0
3,barra_10,PS,0.0,0
4,barra_10,PS,0.0,0
5,barra_10,PS,0.0,0
6,barra_10,PS,0.0,0
7,barra_10,PS,0.0,0
8,barra_10,PS,0.0,0
9,barra_10,PS,0.0,0
10,barra_10,PS,0.0,0
11,barra_10,PS,0.0,0
12,barra_10,PS,0.0,0
13,barra_10,PS,0.0,0
14,barra_10,PS,0.0,0
15,barra_10,PS,0.0,0
16,barra_10,PS,0.0,0
17,barra_10,PS,0.0,0
18,barra_10,PS,0.0,0
19,barra_10,PS,0.0,0
20,barra_10,PS,0.0,0
21,barra_10,PS,0.0,0
22,barra_10,PS,0.0,0
23,barra_10,PS,0.0,0
24,barra_10,PS,0.0,0
1,barra_11,PS,0.0,0
2,barra_11,PS,0.0,0
3,barra_11,PS,0.0,0
4,barra_11,PS,0.0,0
5,barra_11,PS,0.0,0
6,barra_11,PS,0.0,0
7,barra_11,PS,0.0,0
8,barra_11,PS,0.0,0
9,barra_11,PS,0.0,0
10,barra_11,PS,0.0,0
11,barra_11,PS,0.0,0
12,barra_11,PS,0.0,0
13,barra_11,PS,0.0,0
14,barra_11,PS,0.0,0
15,barra_11,PS,0.0,0
16,barra_11,PS,0.0,0
17,barra_11,PS,0.0,0
18,barra_11,PS,0.0,0
19,barra_11,PS,0.0,0
20,barra_11,PS,0.0,0
21,barra_11,PS,0.0,0
22,barra_11,PS,0.0,0
23,barra_11,PS,0.0,0
24,barra_11,PS,0.0,0
1,barra_12,PS,0.0,0
2,barra_12,PS,0.0,0
3,barra_12,PS,0.0,0
4,barra_12,PS,0.0,0
5,barra_12,PS,0.0,0
6,barra_12,PS,0.0,0
7,barra_12,PS,0.0,0
8,barra_12,PS,0.0,0
9,barra_12,PS,0.0,0
10,barra_12,PS,0.0,0
11,barra_12,PS,0.0,0
12,barra_12,PS,0.0,0
13,barra_12,PS,0.0,0
14,barra_12,PS,0.0,0
15,barra_12,PS,0.0,0
16,barra_12,PS,0.0,0
17,barra_12,PS,0.0,0
18,barra_12,PS,0.0,0
19,barra_12,PS,0.0,0
20,barra_12,PS,0.0,0
21,barra_12,PS,0.0,0
22,barra_12,PS,0.0,0
23,barra_12,PS,0.0,0
24,barra_12,PS,0.0,0
1,barra_13,PS,0.0,0
2,barra_13,PS,0.0,0
3,barra_13,PS,0.0,0
4,barra_13,PS,0.0,0
5,barra_13,PS,0.0,0
6,barra_13,PS,0.0,0
7,barra_13,PS,0.0,0
8,barra_13,PS,0.0,0
9,barra_13,PS,0.0,0
10,barra_13,PS,0.0,0
11,barra_13,PS,0.0,0
12,barra_13,PS,0.0,0
13,barra_13,PS,0.0,0
14,barra_13,PS,0.0,0
15,barra_13,PS,0.0,0
16,barra_13,PS,0.0,0
17,barra_13,PS,0.0,0
18,barra_13,PS,0.0,0
19,barra_13,PS,0.0,0
20,barra_13,PS,0.0,0
21,barra_13,PS,0.0,0
22,barra_13,PS,0.0,0
23,barra_13,PS,0.0,0
24,barra_13,PS,0.0,0
1,barra_14,PS,0.0,0
2,barra_14,PS,0.0,0
3,barra_14,PS,0.0,0
4,barra_14,PS,0.0,0
5,barra_14,PS,0.0,0
6,barra_14,PS,0.0105,0
7,barra_14,PS,0.042,0
8,barra_14,PS,0.0875,0
9,barra_14,PS,0.1575,0
10,barra_14,PS,0.2275,0
11,barra_14,PS,0.28,0
12,barra_14,PS,0.322,0
13,barra_14,PS,0.35,0
14,barra_14,PS,0.336,0
15,barra_14,PS,0.294,0
16,barra_14,PS,0.2275,0
17,barra_14,PS,0.133,0
18,barra_14,PS,0.0525,0
19,barra_14,PS,0.0105,0
20,barra_14,PS,0.0,0
21,barra_14,PS,0.0,0
22,barra_14,PS,0.0,0
23,barra_14,PS,0.0,0
24,barra_14,PS,0.0,0
1,barra_15,PS,0.0,0
2,barra_15,PS,0.0,0
3,barra_15,PS,0.0,0
4,barra_15,PS,0.0,0
5,barra_15,PS,0.0,0
6,barra_15,PS,0.0,0
7,barra_15,PS,0.0,0
8,barra_15,PS,0.0,0
9,barra_15,PS,0.0,0
10,barra_15,PS,0.0,0
11,barra_15,PS,0.0,0
12,barra_15,PS,0.0,0
13,barra_15,PS,0.0,0
14,barra_15,PS,0.0,0
15,barra_15,PS,0.0,0
16,barra_15,PS,0.0,0
17,barra_15,PS,0.0,0
18,barra_15,PS,0.0,0
19,barra_15,PS,0.0,0
20,barra_15,PS,0.0,0
21,barra_15,PS,0.0,0
22,barra_15,PS,0.0,0
23,barra_15,PS,0.0,0
24,barra_15,PS,0.0,0
1,barra_16,PS,0.0,0
2,barra_16,PS,0.0,0
3,barra_16,PS,0.0,0
4,barra_16,PS,0.0,0
5,barra_16,PS,0.0,0
6,barra_16,PS,0.0,0
7,barra_16,PS,0.0,0
8,barra_16,PS,0.0,0
9,barra_16,PS,0.0,0
10,barra_16,PS,0.0,0
11,barra_16,PS,0.0,0
12,barra_16,PS,0.0,0
13,barra_16,PS,0.0,0
14,barra_16,PS,0.0,0
15,barra_16,PS,0.0,0
16,barra_16,PS,0.0,0
17,barra_16,PS,0.0,0
18,barra_16,PS,0.0,0
19,barra_16,PS,0.0,0
20,barra_16,PS,0.0,0
21,barra_16,PS,0.0,0
22,barra_16,PS,0.0,0
23,barra_16,PS,0.0,0
24,barra_16,PS,0.0,0
1,barra_17,PS,0.0,0
2,barra_17,PS,0.0,0
3,barra_17,PS,0.0,0
4,barra_17,PS,0.0,0
5,barra_17,PS,0.0,0
6,barra_17,PS,0.0,0
7,barra_17,PS,0.0,0
8,barra_17,PS,0.0,0
9,barra_17,PS,0.0,0
10,barra_17,PS,0.0,0
11,barra_17,PS,0.0,0
12,barra_17,PS,0.0,0
13,barra_17,PS,0.0,0
14,barra_17,PS,0.0,0
15,barra_17,PS,0.0,0
16,barra_17,PS,0.0,0
17,barra_17,PS,0.0,0
18,barra_17,PS,0.0,0
19,barra_17,PS,0.0,0
20,barra_17,PS,0.0,0
21,barra_17,PS,0.0,0
22,barra_17,PS,0.0,0
23,barra_17,PS,0.0,0
24,barra_17,PS,0.0,0
1,barra_18,PS,0.13945644,0
2,barra_18,PS,0.13526063,0
3,barra_18,PS,0.12892057,0
4,barra_18,PS,0.11951999,0
5,barra_18,PS,0.14000627,0
6,barra_18,PS,0.14346622,0
7,barra_18,PS,0.15388565,0
8,barra_18,PS,0.1780001,0
9,barra_18,PS,0.19435316,0
10,barra_18,PS,0.20699307,0
11,barra_18,PS,0.21701291,0
12,barra_18,PS,0.22831309,0
13,barra_18,PS,0.23135763,0
14,barra_18,PS,0.22565744,0
15,barra_18,PS,0.21358786,0
16,barra_18,PS,0.20302764,0
17,barra_18,PS,0.19093286,0
18,barra_18,PS,0.15077829,0
19,barra_18,PS,0.12860591,0
20,barra_18,PS,0.090883857,0
21,barra_18,PS,0.058539077,0
22,barra_18,PS,0.047577723,0
23,barra_18,PS,0.093067035,0
24,barra_18,PS,0.14016461,0
1,barra_19,PS,0.0,0
2,barra_19,PS,0.0,0
3,barra_19,PS,0.0,0
4,barra_19,PS,0.0,0
5,barra_19,PS,0.0,0
6,barra_19,PS,0.0,0
7,barra_19,PS,0.0,0
8,barra_19,PS,0.0,0
9,barra_19,PS,0.0,0
10,barra_19,PS,0.0,0
11,barra_19,PS,0.0,0
12,barra_19,PS,0.0,0
13,barra_19,PS,0.0,0
14,barra_19,PS,0.0,0
15,barra_19,PS,0.0,0
16,barra_19,PS,0.0,0
17,barra_19,PS,0.0,0
18,barra_19,PS,0.0,0
19,barra_19,PS,0.0,0
20,barra_19,PS,0.0,0
21,barra_19,PS,0.0,0
22,barra_19,PS,0.0,0
23,barra_19,PS,0.0,0
24,barra_19,PS,0.0,0
1,barra_20,PS,0.0,0
2,barra_20,PS,0.0,0
3,barra_20,PS,0.0,0
4,barra_20,PS,0.0,0
5,barra_20,PS,0.0,0
6,barra_20,PS,0.0,0
7,barra_20,PS,0.0,0
8,barra_20,PS,0.0,0
9,barra_20,PS,0.0,0
10,barra_20,PS,0.0,0
11,barra_20,PS,0.0,0
12,barra_20,PS,0.0,0
13,barra_20,PS,0.0,0
14,barra_20,PS,0.0,0
15,barra_20,PS,0.0,0
16,barra_20,PS,0.0,0
17,barra_20,PS,0.0,0
18,barra_20,PS,0.0,0
19,barra_20,PS,0.0,0
20,barra_20,PS,0.0,0
21,barra_20,PS,0.0,0
22,barra_20,PS,0.0,0
23,barra_20,PS,0.0,0
24,barra_20,PS,0.0,0
1,barra_21,PS,0.0,0
2,barra_21,PS,0.0,0
3,barra_21,PS,0.0,0
4,barra_21,PS,0.0,0
5,barra_21,PS,0.0,0
6,barra_21,PS,0.0,0
7,barra_21,PS,0.0,0
8,barra_21,PS,0.0,0
9,barra_21,PS,0.0,0
10,barra_21,PS,0.0,0
11,barra_21,PS,0.0,0
12,barra_21,PS,0.0,0
13,barra_21,PS,0.0,0
14,barra_21,PS,0.0,0
15,barra_21,PS,0.0,0
16,barra_21,PS,0.0,0
17,barra_21,PS,0.0,0
18,barra_21,PS,0.0,0
19,barra_21,PS,0.0,0
20,barra_21,PS,0.0,0
21,barra_21,PS,0.0,0
22,barra_21,PS,0.0,0
23,barra_21,PS,0.0,0
24,barra_21,PS,0.0,0
1,barra_22,PS,0.0,0
2,barra_22,PS,0.0,0
3,barra_22,PS,0.0,0
4,barra_22,PS,0.0,0
5,barra_22,PS,0.0,0
6,barra_22,PS,0.0,0
7,barra_22,PS,0.0,0
8,barra_22,PS,0.0,0
9,barra_22,PS,0.0,0
10,barra_22,PS,0.0,0
11,barra_22,PS,0.0,0
12,barra_22,PS,0.0,0
13,barra_22,PS,0.0,0
14,barra_22,PS,0.0,0
15,barra_22,PS,0.0,0
16,barra_22,PS,0.0,0
17,barra_22,PS,0.0,0
18,barra_22,PS,0.0,0
19,barra_22,PS,0.0,0
20,barra_22,PS,0.0,0
21,barra_22,PS,0.0,0
22,barra_22,PS,0.0,0
23,barra_22,PS,0.0,0
24,barra_22,PS,0.0,0
1,barra_23,PS,0.0,0
2,barra_23,PS,0.0,0
3,barra_23,PS,0.0,0
4,barra_23,PS,0.0,0
5,barra_23,PS,0.0,0
6,barra_23,PS,0.0,0
7,barra_23,PS,0.0,0
8,barra_23,PS,0.0,0
9,barra_23,PS,0.0,0
10,barra_23,PS,0.0,0
11,barra_23,PS,0.0,0
12,barra_23,PS,0.0,0
13,barra_23,PS,0.0,0
14,barra_23,PS,0.0,0
15,barra_23,PS,0.0,0
16,barra_23,PS,0.0,0
17,barra_23,PS,0.0,0
18,barra_23,PS,0.0,0
19,barra_23,PS,0.0,0
20,barra_23,PS,0.0,0
21,barra_23,PS,0.0,0
22,barra_23,PS,0.0,0
23,barra_23,PS,0.0,0
24,barra_23,PS,0.0,0
1,barra_24,PS,0.0,0
2,barra_24,PS,0.0,0
3,barra_24,PS,0.0,0
4,barra_24,PS,0.0,0
5,barra_24,PS,0.0,0
6,barra_24,PS,0.0,0
7,barra_24,PS,0.0,0
8,barra_24,PS,0.0,0
9,barra_24,PS,0.0,0
10,barra_24,PS,0.0,0
11,barra_24,PS,0.0,0
12,barra_24,PS,0.0,0
13,barra_24,PS,0.0,0
14,barra_24,PS,0.0,0
15,barra_24,PS,0.0,0
16,barra_24,PS,0.0,0
17,barra_24,PS,0.0,0
18,barra_24,PS,0.0,0
19,barra_24,PS,0.0,0
20,barra_24,PS,0.0,0
21,barra_24,PS,0.0,0
22,barra_24,PS,0.0,0
23,barra_24,PS,0.0,0
24,barra_24,PS,0.0,0
1,barra_25,PS,0.0,0
2,barra_25,PS,0.0,0
3,barra_25,PS,0.0,0
4,barra_25,PS,0.0,0
5,barra_25,PS,0.0,0
6,barra_25,PS,0.0135,0
7,barra_25,PS,0.054,0
8,barra_25,PS,0.1125,0
9,barra_25,PS,0.2025,0
10,barra_25,PS,0.2925,0
11,barra_25,PS,0.36,0
12,barra_25,PS,0.414,0
13,barra_25,PS,0.45,0
14,barra_25,PS,0.432,0
15,barra_25,PS,0.378,0
16,barra_25,PS,0.2925,0
17,barra_25,PS,0.171,0
18,barra_25,PS,0.0675,0
19,barra_25,PS,0.0135,0
20,barra_25,PS,0.0,0
21,barra_25,PS,0.0,0
22,barra_25,PS,0.0,0
23,barra_25,PS,0.0,0
24,barra_25,PS,0.0,0
1,barra_26,PS,0.0,0
2,barra_26,PS,0.0,0
3,barra_26,PS,0.0,0
4,barra_26,PS,0.0,0
5,barra_26,PS,0.0,0
6,barra_26,PS,0.0,0
7,barra_26,PS,0.0,0
8,barra_26,PS,0.0,0
9,barra_26,PS,0.0,0
10,barra_26,PS,0.0,0
11,barra_26,PS,0.0,0
12,barra_26,PS,0.0,0
13,barra_26,PS,0.0,0
14,barra_26,PS,0.0,0
15,barra_26,PS,0.0,0
16,barra_26,PS,0.0,0
17,barra_26,PS,0.0,0
18,barra_26,PS,0.0,0
19,barra_26,PS,0.0,0
20,barra_26,PS,0.0,0
21,barra_26,PS,0.0,0
22,barra_26,PS,0.0,0
23,barra_26,PS,0.0,0
24,barra_26,PS,0.0,0
1,barra_27,PS,0.0,0
2,barra_27,PS,0.0,0
3,barra_27,PS,0.0,0
4,barra_27,PS,0.0,0
5,barra_27,PS,0.0,0
6,barra_27,PS,0.0,0
7,barra_27,PS,0.0,0
8,barra_27,PS,0.0,0
9,barra_27,PS,0.0,0
10,barra_27,PS,0.0,0
11,barra_27,PS,0.0,0
12,barra_27,PS,0.0,0
13,barra_27,PS,0.0,0
14,barra_27,PS,0.0,0
15,barra_27,PS,0.0,0
16,barra_27,PS,0.0,0
17,barra_27,PS,0.0,0
18,barra_27,PS,0.0,0
19,barra_27,PS,0.0,0
20,barra_27,PS,0.0,0
21,barra_27,PS,0.0,0
22,barra_27,PS,0.0,0
23,barra_27,PS,0.0,0
24,barra_27,PS,0.0,0
1,barra_28,PS,0.0,0
2,barra_28,PS,0.0,0
3,barra_28,PS,0.0,0
4,barra_28,PS,0.0,0
5,barra_28,PS,0.0,0
6,barra_28,PS,0.0,0
7,barra_28,PS,0.0,0
8,barra_28,PS,0.0,0
9,barra_28,PS,0.0,0
10,barra_28,PS,0.0,0
11,barra_28,PS,0.0,0
12,barra_28,PS,0.0,0
13,barra_28,PS,0.0,0
14,barra_28,PS,0.0,0
15,barra_28,PS,0.0,0
16,barra_28,PS,0.0,0
17,barra_28,PS,0.0,0
18,barra_28,PS,0.0,0
19,barra_28,PS,0.0,0
20,barra_28,PS,0.0,0
21,barra_28,PS,0.0,0
22,barra_28,PS,0.0,0
23,barra_28,PS,0.0,0
24,barra_28,PS,0.0,0
1,barra_29,PS,0.0,0
2,barra_29,PS,0.0,0
3,barra_29,PS,0.0,0
4,barra_29,PS,0.0,0
5,barra_29,PS,0.0,0
6,barra_29,PS,0.0,0
7,barra_29,PS,0.0,0
8,barra_29,PS,0.0,0
9,barra_29,PS,0.0,0
10,barra_29,PS,0.0,0
11,barra_29,PS,0.0,0
12,barra_29,PS,0.0,0
13,barra_29,PS,0.0,0
14,barra_29,PS,0.0,0
15,barra_29,PS,0.0,0
16,barra_29,PS,0.0,0
17,barra_29,PS,0.0,0
18,barra_29,PS,0.0,0
19,barra_29,PS,0.0,0
20,barra_29,PS,0.0,0
21,barra_29,PS,0.0,0
22,barra_29,PS,0.0,0
23,barra_29,PS,0.0,0
24,barra_29,PS,0.0,0
1,barra_30,PS,0.20369385,0
2,barra_30,PS,0.20566773,0
3,barra_30,PS,0.20407733,0
4,barra_30,PS,0.19739865,0
5,barra_30,PS,0.21355729,0
6,barra_30,PS,0.20141081,0
7,barra_30,PS,0.19188526,0
8,barra_30,PS,0.20960109,0
9,barra_30,PS,0.21935316,0
10,barra_30,PS,0.22999307,0
11,barra_30,PS,0.23901291,0
12,barra_30,PS,0.24931309,0
13,barra_30,PS,0.25135763,0
14,barra_30,PS,0.24465744,0
15,barra_30,PS,0.23358786,0
16,barra_30,PS,0.22552764,0
17,barra_30,PS,0.21767743,0
18,barra_30,PS,0.19566853,0
19,barra_30,PS,0.20355414,0
20,barra_30,PS,0.17664026,0
21,barra_30,PS,0.14971648,0
22,barra_30,PS,0.14939245,0
23,barra_30,PS,0.19816761,0
24,barra_30,PS,0.24066739,0
1,barra_31,PS,0.0,0
2,barra_31,PS,0.0,0
3,barra_31,PS,0.0,0
4,barra_31,PS,0.0,0
5,barra_31,PS,0.0,0
6,barra_31,PS,0.0,0
7,barra_31,PS,0.0,0
8,barra_31,PS,0.0,0
9,barra_31,PS,0.0,0
10,barra_31,PS,0.0,0
11,barra_31,PS,0.0,0
12,barra_31,PS,0.0,0
13,barra_31,PS,0.0,0
14,barra_31,PS,0.0,0
15,barra_31,PS,0.0,0
16,barra_31,PS,0.0,0
17,barra_31,PS,0.0,0
18,barra_31,PS,0.0,0
19,barra_31,PS,0.0,0
20,barra_31,PS,0.0,0
21,barra_31,PS,0.0,0
22,barra_31,PS,0.0,0
23,barra_31,PS,0.0,0
24,barra_31,PS,0.0,0
1,barra_32,PS,0.0,0
2,barra_32,PS,0.0,0
3,barra_32,PS,0.0,0
4,barra_32,PS,0.0,0
5,barra_32,PS,0.0,0
6,barra_32,PS,0.0,0
7,barra_32,PS,0.0,0
8,barra_32,PS,0.0,0
9,barra_32,PS,0.0,0
10,barra_32,PS,0.0,0
11,barra_32,PS,0.0,0
12,barra_32,PS,0.0,0
13,barra_32,PS,0.0,0
14,barra_32,PS,0.0,0
15,barra_32,PS,0.0,0
16,barra_32,PS,0.0,0
17,barra_32,PS,0.0,0
18,barra_32,PS,0.0,0
19,barra_32,PS,0.0,0
20,barra_32,PS,0.0,0
21,barra_32,PS,0.0,0
22,barra_32,PS,0.0,0
23,barra_32,PS,0.0,0
24,barra_32,PS,0.0,0
1,barra_33,PS,0.0,0
2,barra_33,PS,0.0,0
3,barra_33,PS,0.0,0
4,barra_33,PS,0.0,0
5,barra_33,PS,0.0,0
6,barra_33,PS,0.0,0
7,barra_33,PS,0.0,0
8,barra_33,PS,0.0,0
9,barra_33,PS,0.0,0
10,barra_33,PS,0.0,0
11,barra_33,PS,0.0,0
12,barra_33,PS,0.0,0
13,barra_33,PS,0.0,0
14,barra_33,PS,0.0,0
15,barra_33,PS,0.0,0
16,barra_33,PS,0.0,0
17,barra_33,PS,0.0,0
18,barra_33,PS,0.0,0
19,barra_33,PS,0.0,0
20,barra_33,PS,0.0,0
21,barra_33,PS,0.0,0
22,barra_33,PS,0.0,0
23,barra_33,PS,0.0,0
24,barra_33,PS,0.0,0
1,barra_1,PW,0.0,0
2,barra_1,PW,0.0,0
3,barra_1,PW,0.0,0
4,barra_1,PW,0.0,0
5,barra_1,PW,0.0,0
6,barra_1,PW,0.0,0
7,barra_1,PW,0.0,0
8,barra_1,PW,0.0,0
9,barra_1,PW,0.0,0
10,barra_1,PW,0.0,0
11,barra_1,PW,0.0,0
12,barra_1,PW,0.0,0
13,barra_1,PW,0.0,0
14,barra_1,PW,0.0,0
15,barra_1,PW,0.0,0
16,barra_1,PW,0.0,0
17,barra_1,PW,0.0,0
18,barra_1,PW,0.0,0
19,barra_1,PW,0.0,0
20,barra_1,PW,0.0,0
21,barra_1,PW,0.0,0
22,barra_1,PW,0.0,0
23,barra_1,PW,0.0,0
24,barra_1,PW,0.0,0
1,barra_2,PW,0.0,0
2,barra_2,PW,0.0,0
3,barra_2,PW,0.0,0
4,barra_2,PW,0.0,0
5,barra_2,PW,0.0,0
6,barra_2,PW,0.0,0
7,barra_2,PW,0.0,0
8,barra_2,PW,0.0,0
9,barra_2,PW,0.0,0
10,barra_2,PW,0.0,0
11,barra_2,PW,0.0,0
12,barra_2,PW,0.0,0
13,barra_2,PW,0.0,0
14,barra_2,PW,0.0,0
15,barra_2,PW,0.0,0
16,barra_2,PW,0.0,0
17,barra_2,PW,0.0,0
18,barra_2,PW,0.0,0
19,barra_2,PW,0.0,0
20,barra_2,PW,0.0,0
21,barra_2,PW,0.0,0
22,barra_2,PW,0.0,0
23,barra_2,PW,0.0,0
24,barra_2,PW,0.0,0
1,barra_3,PW,0.0,0
2,barra_3,PW,0.0,0
3,barra_3,PW,0.0,0
4,barra_3,PW,0.0,0
5,barra_3,PW,0.0,0
6,barra_3,PW,0.0,0
7,barra_3,PW,0.0,0
8,barra_3,PW,0.0,0
9,barra_3,PW,0.0,0
10,barra_3,PW,0.0,0
11,barra_3,PW,0.0,0
12,barra_3,PW,0.0,0
13,barra_3,PW,0.0,0
14,barra_3,PW,0.0,0
15,barra_3,PW,0.0,0
16,barra_3,PW,0.0,0
17,barra_3,PW,0.0,0
18,barra_3,PW,0.0,0
19,barra_3,PW,0.0,0
20,barra_3,PW,0.0,0
21,barra_3,PW,0.0,0
22,barra_3,PW,0.0,0
23,barra_3,PW,0.0,0
24,barra_3,PW,0.0,0
1,barra_4,PW,0.0,0
2,barra_4,PW,0.0,0
3,barra_4,PW,0.0,0
4,barra_4,PW,0.0,0
5,barra_4,PW,0.0,0
6,barra_4,PW,0.0,0
7,barra_4,PW,0.0,0
8,barra_4,PW,0.0,0
9,barra_4,PW,0.0,0
10,barra_4,PW,0.0,0
11,barra_4,PW,0.0,0
12,barra_4,PW,0.0,0
13,barra_4,PW,0.0,0
14,barra_4,PW,0.0,0
15,barra_4,PW,0.0,0
16,barra_4,PW,0.0,0
17,barra_4,PW,0.0,0
18,barra_4,PW,0.0,0
19,barra_4,PW,0.0,0
20,barra_4,PW,0.0,0
21,barra_4,PW,0.0,0
22,barra_4,PW,0.0,0
23,barra_4,PW,0.0,0
24,barra_4,PW,0.0,0
1,barra_5,PW,0.0,0
2,barra_5,PW,0.0,0
3,barra_5,PW,0.0,0
4,barra_5,PW,0.0,0
5,barra_5,PW,0.0,0
6,barra_5,PW,0.0,0
7,barra_5,PW,0.0,0
8,barra_5,PW,0.0,0
9,barra_5,PW,0.0,0
10,barra_5,PW,0.0,0
11,barra_5,PW,0.0,0
12,barra_5,PW,0.0,0
13,barra_5,PW,0.0,0
14,barra_5,PW,0.0,0
15,barra_5,PW,0.0,0
16,barra_5,PW,0.0,0
17,barra_5,PW,0.0,0
18,barra_5,PW,0.0,0
19,barra_5,PW,0.0,0
20,barra_5,PW,0.0,0
21,barra_5,PW,0.0,0
22,barra_5,PW,0.0,0
23,barra_5,PW,0.0,0
24,barra_5,PW,0.0,0
1,barra_6,PW,0.97220916,0
2,barra_6,PW,0.98498892,0
3,barra_6,PW,0.99425772,0
4,barra_6,PW,0.99995853,0
5,barra_6,PW,0.99276042,0
6,barra_6,PW,0.93226151,0
7,barra_6,PW,0.79532652,0
8,barra_6,PW,0.7201038,0
9,barra_6,PW,0.60841853,0
10,barra_6,PW,0.51495242,0
11,barra_6,PW,0.45260519,0
12,barra_6,PW,0.4037756,0
13,barra_6,PW,0.36115997,0
14,barra_6,PW,0.3561784,0
15,barra_6,PW,0.40409584,0
16,barra_6,PW,0.50313959,0
17,barra_6,PW,0.64895427,0
18,barra_6,PW,0.8184148,0
19,barra_6,PW,0.98174236,0
20,barra_6,PW,1.0240595,0
21,barra_6,PW,1.0360169,0
22,barra_6,PW,1.0786753,0
23,barra_6,PW,1.1097204,0
24,barra_6,PW,1.106768,0
1,barra_7,PW,0.0,0
2,barra_7,PW,0.0,0
3,barra_7,PW,0.0,0
4,barra_7,PW,0.0,0
5,barra_7,PW,0.0,0
6,barra_7,PW,0.0,0
7,barra_7,PW,0.0,0
8,barra_7,PW,0.0,0
9,barra_7,PW,0.0,0
10,barra_7,PW,0.0,0
11,barra_7,PW,0.0,0
12,barra_7,PW,0.0,0
13,barra_7,PW,0.0,0
14,barra_7,PW,0.0,0
15,barra_7,PW,0.0,0
16,barra_7,PW,0.0,0
17,barra_7,PW,0.0,0
18,barra_7,PW,0.0,0
19,barra_7,PW,0.0,0
20,barra_7,PW,0.0,0
21,barra_7,PW,0.0,0
22,barra_7,PW,0.0,0
23,barra_7,PW,0.0,0
24,barra_7,PW,0.0,0
1,barra_8,PW,0.0,0
2,barra_8,PW,0.0,0
3,barra_8,PW,0.0,0
4,barra_8,PW,0.0,0
5,barra_8,PW,0.0,0
6,barra_8,PW,0.0,0
7,barra_8,PW,0.0,0
8,barra_8,PW,0.0,0
9,barra_8,PW,0.0,0
10,barra_8,PW,0.0,0
11,barra_8,PW,0.0,0
12,barra_8,PW,0.0,0
13,barra_8,PW,0.0,0
14,barra_8,PW,0.0,0
15,barra_8,PW,0.0,0
16,barra_8,PW,0.0,0
17,barra_8,PW,0.0,0
18,barra_8,PW,0.0,0
19,barra_8,PW,0.0,0
20,barra_8,PW,0.0,0
21,barra_8,PW,0.0,0
22,barra_8,PW,0.0,0
23,barra_8,PW,0.0,0
24,barra_8,PW,0.0,0
1,barra_9,PW,0.0,0
2,barra_9,PW,0.0,0
3,barra_9,PW,0.0,0
4,barra_9,PW,0.0,0
5,barra_9,PW,0.0,0
6,barra_9,PW,0.0,0
7,barra_9,PW,0.0,0
8,barra_9,PW,0.0,0
9,barra_9,PW,0.0,0
10,barra_9,PW,0.0,0
11,barra_9,PW,0.0,0
12,barra_9,PW,0.0,0
13,barra_9,PW,0.0,0
14,barra_9,PW,0.0,0
15,barra_9,PW,0.0,0
16,barra_9,PW,0.0,0
17,barra_9,PW,0.0,0
18,barra_9,PW,0.0,0
19,barra_9,PW,0.0,0
20,barra_9,PW,0.0,0
21,barra_9,PW,0.0,0
22,barra_9,PW,0.0,0
23,barra_9,PW,0.0,0
24,barra_9,PW,0.0,0
1,barra_10,PW,0.0,0
2,barra_10,PW,0.0,0
3,barra_10,PW,0.0,0
4,barra_10,PW,0.0,0
5,barra_10,PW,0.0,0
6,barra_10,PW,0.0,0
7,barra_10,PW,0.0,0
8,barra_10,PW,0.0,0
9,barra_10,PW,0.0,0
10,barra_10,PW,0.0,0
11,barra_10,PW,0.0,0
12,barra_10,PW,0.0,0
13,barra_10,PW,0.0,0
14,barra_10,PW,0.0,0
15,barra_10,PW,0.0,0
16,barra_10,PW,0.0,0
17,barra_10,PW,0.0,0
18,barra_10,PW,0.0,0
19,barra_10,PW,0.0,0
20,barra_10,PW,0.0,0
21,barra_10,PW,0.0,0
22,barra_10,PW,0.0,0
23,barra_10,PW,0.0,0
24,barra_10,PW,0.0,0
1,barra_11,PW,0.0,0
2,barra_11,PW,0.0,0
3,barra_11,PW,0.0,0
4,barra_11,PW,0.0,0
5,barra_11,PW,0.0,0
6,barra_11,PW,0.0,0
7,barra_11,PW,0.0,0
8,barra_11,PW,0.0,0
9,barra_11,PW,0.0,0
10,barra_11,PW,0.0,0
11,barra_11,PW,0.0,0
12,barra_11,PW,0.0,0
13,barra_11,PW,0.0,0
14,barra_11,PW,0.0,0
15,barra_11,PW,0.0,0
16,barra_11,PW,0.0,0
17,barra_11,PW,0.0,0
18,barra_11,PW,0.0,0
19,barra_11,PW,0.0,0
20,barra_11,PW,0.0,0
21,barra_11,PW,0.0,0
22,barra_11,PW,0.0,0
23,barra_11,PW,0.0,0
24,barra_11,PW,0.0,0
1,barra_12,PW,0.0,0
2,barra_12,PW,0.0,0
3,barra_12,PW,0.0,0
4,barra_12,PW,0.0,0
5,barra_12,PW,0.0,0
6,barra_12,PW,0.0,0
7,barra_12,PW,0.0,0
8,barra_12,PW,0.0,0
9,barra_12,PW,0.0,0
10,barra_12,PW,0.0,0
11,barra_12,PW,0.0,0
12,barra_12,PW,0.0,0
13,barra_12,PW,0.0,0
14,barra_12,PW,0.0,0
15,barra_12,PW,0.0,0
16,barra_12,PW,0.0,0
17,barra_12,PW,0.0,0
18,barra_12,PW,0.0,0
19,barra_12,PW,0.0,0
20,barra_12,PW,0.0,0
21,barra_12,PW,0.0,0
22,barra_12,PW,0.0,0
23,barra_12,PW,0.0,0
24,barra_12,PW,0.0,0
1,barra_13,PW,0.0,0
2,barra_13,PW,0.0,0
3,barra_13,PW,0.0,0
4,barra_13,PW,0.0,0
5,barra_13,PW,0.0,0
6,barra_13,PW,0.0,0
7,barra_13,PW,0.0,0
8,barra_13,PW,0.0,0
9,barra_13,PW,0.0,0
10,barra_13,PW,0.0,0
11,barra_13,PW,0.0,0
12,barra_13,PW,0.0,0
13,barra_13,PW,0.0,0
14,barra_13,PW,0.0,0
15,barra_13,PW,0.0,0
16,barra_13,PW,0.0,0
17,barra_13,PW,0.0,0
18,barra_13,PW,0.0,0
19,barra_13,PW,0.0,0
20,barra_13,PW,0.0,0
21,barra_13,PW,0.0,0
22,barra_13,PW,0.0,0
23,barra_13,PW,0.0,0
24,barra_13,PW,0.0,0
1,barra_14,PW,0.55178147,0
2,barra_14,PW,0.57758983,0
3,barra_14,PW,0.59630849,0
4,barra_14,PW,0.60346055,0
5,barra_14,PW,0.5932846,0
6,barra_14,PW,0.52966227,0
7,barra_14,PW,0.47237843,0
8,barra_14,PW,0.42094611,0
9,barra_14,PW,0.33274854,0
10,barra_14,PW,0.24694811,0
11,barra_14,PW,0.19169401,0
12,barra_14,PW,0.14872059,0
13,barra_14,PW,0.10826483,0
14,barra_14,PW,0.097646154,0
15,barra_14,PW,0.13954921,0
16,barra_14,PW,0.23308761,0
17,barra_14,PW,0.36949443,0
18,barra_14,PW,0.47084173,0
19,barra_14,PW,0.58476758,0
20,barra_14,PW,0.61573151,0
21,barra_14,PW,0.62182229,0
22,barra_14,PW,0.64355025,0
23,barra_14,PW,0.65936324,0
24,barra_14,PW,0.65785942,0
1,barra_15,PW,0.0,0
2,barra_15,PW,0.0,0
3,barra_15,PW,0.0,0
4,barra_15,PW,0.0,0
5,barra_15,PW,0.0,0
6,barra_15,PW,0.0,0
7,barra_15,PW,0.0,0
8,barra_15,PW,0.0,0
9,barra_15,PW,0.0,0
10,barra_15,PW,0.0,0
11,barra_15,PW,0.0,0
12,barra_15,PW,0.0,0
13,barra_15,PW,0.0,0
14,barra_15,PW,0.0,0
15,barra_15,PW,0.0,0
16,barra_15,PW,0.0,0
17,barra_15,PW,0.0,0
18,barra_15,PW,0.0,0
19,barra_15,PW,0.0,0
20,barra_15,PW,0.0,0
21,barra_15,PW,0.0,0
22,barra_15,PW,0.0,0
23,barra_15,PW,0.0,0
24,barra_15,PW,0.0,0
1,barra_16,PW,0.0,0
2,barra_16,PW,0.0,0
3,barra_16,PW,0.0,0
4,barra_16,PW,0.0,0
5,barra_16,PW,0.0,0
6,barra_16,PW,0.0,0
7,barra_16,PW,0.0,0
8,barra_16,PW,0.0,0
9,barra_16,PW,0.0,0
10,barra_16,PW,0.0,0
11,barra_16,PW,0.0,0
12,barra_16,PW,0.0,0
13,barra_16,PW,0.0,0
14,barra_16,PW,0.0,0
15,barra_16,PW,0.0,0
16,barra_16,PW,0.0,0
17,barra_16,PW,0.0,0
18,barra_16,PW,0.0,0
19,barra_16,PW,0.0,0
20,barra_16,PW,0.0,0
21,barra_16,PW,0.0,0
22,barra_16,PW,0.0,0
23,barra_16,PW,0.0,0
24,barra_16,PW,0.0,0
1,barra_17,PW,0.0,0
2,barra_17,PW,0.0,0
3,barra_17,PW,0.0,0
4,barra_17,PW,0.0,0
5,barra_17,PW,0.0,0
6,barra_17,PW,0.0,0
7,barra_17,PW,0.0,0
8,barra_17,PW,0.0,0
9,barra_17,PW,0.0,0
10,barra_17,PW,0.0,0
11,barra_17,PW,0.0,0
12,barra_17,PW,0.0,0
13,barra_17,PW,0.0,0
14,barra_17,PW,0.0,0
15,barra_17,PW,0.0,0
16,barra_17,PW,0.0,0
17,barra_17,PW,0.0,0
18,barra_17,PW,0.0,0
19,barra_17,PW,0.0,0
20,barra_17,PW,0.0,0
21,barra_17,PW,0.0,0
22,barra_17,PW,0.0,0
23,barra_17,PW,0.0,0
24,barra_17,PW,0.0,0
1,barra_18,PW,0.408,0
2,barra_18,PW,0.42,0
3,barra_18,PW,0.432,0
4,barra_18,PW,0.444,0
5,barra_18,PW,0.42,0
6,barra_18,PW,0.396,0
7,barra_18,PW,0.36,0
8,barra_18,PW,0.33,0
9,barra_18,PW,0.3,0
10,barra_18,PW,0.276,0
11,barra_18,PW,0.264,0
12,barra_18,PW,0.252,0
13,barra_18,PW,0.24,0
14,barra_18,PW,0.228,0
15,barra_18,PW,0.24,0
16,barra_18,PW,0.27,0
17,barra_18,PW,0.312,0
18,barra_18,PW,0.372,0
19,barra_18,PW,0.432,0
20,barra_18,PW,0.48,0
21,barra_18,PW,0.516,0
22,barra_18,PW,0.54,0
23,barra_18,PW,0.504,0
24,barra_18,PW,0.456,0
1,barra_19,PW,0.0,0
2,barra_19,PW,0.0,0
3,barra_19,PW,0.0,0
4,barra_19,PW,0.0,0
5,barra_19,PW,0.0,0
6,barra_19,PW,0.0,0
7,barra_19,PW,0.0,0
8,barra_19,PW,0.0,0
9,barra_19,PW,0.0,0
10,barra_19,PW,0.0,0
11,barra_19,PW,0.0,0
12,barra_19,PW,0.0,0
13,barra_19,PW,0.0,0
14,barra_19,PW,0.0,0
15,barra_19,PW,0.0,0
16,barra_19,PW,0.0,0
17,barra_19,PW,0.0,0
18,barra_19,PW,0.0,0
19,barra_19,PW,0.0,0
20,barra_19,PW,0.0,0
21,barra_19,PW,0.0,0
22,barra_19,PW,0.0,0
23,barra_19,PW,0.0,0
24,barra_19,PW,0.0,0
1,barra_20,PW,0.0,0
2,barra_20,PW,0.0,0
3,barra_20,PW,0.0,0
4,barra_20,PW,0.0,0
5,barra_20,PW,0.0,0
6,barra_20,PW,0.0,0
7,barra_20,PW,0.0,0
8,barra_20,PW,0.0,0
9,barra_20,PW,0.0,0
10,barra_20,PW,0.0,0
11,barra_20,PW,0.0,0
12,barra_20,PW,0.0,0
13,barra_20,PW,0.0,0
14,barra_20,PW,0.0,0
15,barra_20,PW,0.0,0
16,barra_20,PW,0.0,0
17,barra_20,PW,0.0,0
18,barra_20,PW,0.0,0
19,barra_20,PW,0.0,0
20,barra_20,PW,0.0,0
21,barra_20,PW,0.0,0
22,barra_20,PW,0.0,0
23,barra_20,PW,0.0,0
24,barra_20,PW,0.0,0
1,barra_21,PW,0.0,0
2,barra_21,PW,0.0,0
3,barra_21,PW,0.0,0
4,barra_21,PW,0.0,0
5,barra_21,PW,0.0,0
6,barra_21,PW,0.0,0
7,barra_21,PW,0.0,0
8,barra_21,PW,0.0,0
9,barra_21,PW,0.0,0
10,barra_21,PW,0.0,0
11,barra_21,PW,0.0,0
12,barra_21,PW,0.0,0
13,barra_21,PW,0.0,0
14,barra_21,PW,0.0,0
15,barra_21,PW,0.0,0
16,barra_21,PW,0.0,0
17,barra_21,PW,0.0,0
18,barra_21,PW,0.0,0
19,barra_21,PW,0.0,0
20,barra_21,PW,0.0,0
21,barra_21,PW,0.0,0
22,barra_21,PW,0.0,0
23,barra_21,PW,0.0,0
24,barra_21,PW,0.0,0
1,barra_22,PW,0.0,0
2,barra_22,PW,0.0,0
3,barra_22,PW,0.0,0
4,barra_22,PW,0.0,0
5,barra_22,PW,0.0,0
6,barra_22,PW,0.0,0
7,barra_22,PW,0.0,0
8,barra_22,PW,0.0,0
9,barra_22,PW,0.0,0
10,barra_22,PW,0.0,0
11,barra_22,PW,0.0,0
12,barra_22,PW,0.0,0
13,barra_22,PW,0.0,0
14,barra_22,PW,0.0,0
15,barra_22,PW,0.0,0
16,barra_22,PW,0.0,0
17,barra_22,PW,0.0,0
18,barra_22,PW,0.0,0
19,barra_22,PW,0.0,0
20,barra_22,PW,0.0,0
21,barra_22,PW,0.0,0
22,barra_22,PW,0.0,0
23,barra_22,PW,0.0,0
24,barra_22,PW,0.0,0
1,barra_23,PW,0.0,0
2,barra_23,PW,0.0,0
3,barra_23,PW,0.0,0
4,barra_23,PW,0.0,0
5,barra_23,PW,0.0,0
6,barra_23,PW,0.0,0
7,barra_23,PW,0.0,0
8,barra_23,PW,0.0,0
9,barra_23,PW,0.0,0
10,barra_23,PW,0.0,0
11,barra_23,PW,0.0,0
12,barra_23,PW,0.0,0
13,barra_23,PW,0.0,0
14,barra_23,PW,0.0,0
15,barra_23,PW,0.0,0
16,barra_23,PW,0.0,0
17,barra_23,PW,0.0,0
18,barra_23,PW,0.0,0
19,barra_23,PW,0.0,0
20,barra_23,PW,0.0,0
21,barra_23,PW,0.0,0
22,barra_23,PW,0.0,0
23,barra_23,PW,0.0,0
24,barra_23,PW,0.0,0
1,barra_24,PW,0.0,0
2,barra_24,PW,0.0,0
3,barra_24,PW,0.0,0
4,barra_24,PW,0.0,0
5,barra_24,PW,0.0,0
6,barra_24,PW,0.0,0
7,barra_24,PW,0.0,0
8,barra_24,PW,0.0,0
9,barra_24,PW,0.0,0
10,barra_24,PW,0.0,0
11,barra_24,PW,0.0,0
12,barra_24,PW,0.0,0
13,barra_24,PW,0.0,0
14,barra_24,PW,0.0,0
15,barra_24,PW,0.0,0
16,barra_24,PW,0.0,0
17,barra_24,PW,0.0,0
18,barra_24,PW,0.0,0
19,barra_24,PW,0.0,0
20,barra_24,PW,0.0,0
21,barra_24,PW,0.0,0
22,barra_24,PW,0.0,0
23,barra_24,PW,0.0,0
24,barra_24,PW,0.0,0
1,barra_25,PW,0.57769385,0
2,barra_25,PW,0.59066773,0
3,barra_25,PW,0.60007733,0
4,barra_25,PW,0.60439865,0
5,barra_25,PW,0.59855729,0
6,barra_25,PW,0.55091081,0
7,barra_25,PW,0.46788526,0
8,barra_25,PW,0.39960109,0
9,barra_25,PW,0.29185316,0
10,barra_25,PW,0.19049307,0
11,barra_25,PW,0.12101291,0
12,barra_25,PW,0.066313092,0
13,barra_25,PW,0.021357626,0
14,barra_25,PW,0.021657438,0
15,barra_25,PW,0.075587856,0
16,barra_25,PW,0.18052764,0
17,barra_25,PW,0.33267743,0
18,barra_25,PW,0.46916853,0
19,barra_25,PW,0.58605414,0
20,barra_25,PW,0.61664026,0
21,barra_25,PW,0.62271648,0
22,barra_25,PW,0.64439245,0
23,barra_25,PW,0.66016761,0
24,barra_25,PW,0.65866739,0
1,barra_26,PW,0.0,0
2,barra_26,PW,0.0,0
3,barra_26,PW,0.0,0
4,barra_26,PW,0.0,0
5,barra_26,PW,0.0,0
6,barra_26,PW,0.0,0
7,barra_26,PW,0.0,0
8,barra_26,PW,0.0,0
9,barra_26,PW,0.0,0
10,barra_26,PW,0.0,0
11,barra_26,PW,0.0,0
12,barra_26,PW,0.0,0
13,barra_26,PW,0.0,0
14,barra_26,PW,0.0,0
15,barra_26,PW,0.0,0
16,barra_26,PW,0.0,0
17,barra_26,PW,0.0,0
18,barra_26,PW,0.0,0
19,barra_26,PW,0.0,0
20,barra_26,PW,0.0,0
21,barra_26,PW,0.0,0
22,barra_26,PW,0.0,0
23,barra_26,PW,0.0,0
24,barra_26,PW,0.0,0
1,barra_27,PW,0.0,0
2,barra_27,PW,0.0,0
3,barra_27,PW,0.0,0
4,barra_27,PW,0.0,0
5,barra_27,PW,0.0,0
6,barra_27,PW,0.0,0
7,barra_27,PW,0.0,0
8,barra_27,PW,0.0,0
9,barra_27,PW,0.0,0
10,barra_27,PW,0.0,0
11,barra_27,PW,0.0,0
12,barra_27,PW,0.0,0
13,barra_27,PW,0.0,0
14,barra_27,PW,0.0,0
15,barra_27,PW,0.0,0
16,barra_27,PW,0.0,0
17,barra_27,PW,0.0,0
18,barra_27,PW,0.0,0
19,barra_27,PW,0.0,0
20,barra_27,PW,0.0,0
21,barra_27,PW,0.0,0
22,barra_27,PW,0.0,0
23,barra_27,PW,0.0,0
24,barra_27,PW,0.0,0
1,barra_28,PW,0.0,0
2,barra_28,PW,0.0,0
3,barra_28,PW,0.0,0
4,barra_28,PW,0.0,0
5,barra_28,PW,0.0,0
6,barra_28,PW,0.0,0
7,barra_28,PW,0.0,0
8,barra_28,PW,0.0,0
9,barra_28,PW,0.0,0
10,barra_28,PW,0.0,0
11,barra_28,PW,0.0,0
12,barra_28,PW,0.0,0
13,barra_28,PW,0.0,0
14,barra_28,PW,0.0,0
15,barra_28,PW,0.0,0
16,barra_28,PW,0.0,0
17,barra_28,PW,0.0,0
18,barra_28,PW,0.0,0
19,barra_28,PW,0.0,0
20,barra_28,PW,0.0,0
21,barra_28,PW,0.0,0
22,barra_28,PW,0.0,0
23,barra_28,PW,0.0,0
24,barra_28,PW,0.0,0
1,barra_29,PW,0.0,0
2,barra_29,PW,0.0,0
3,barra_29,PW,0.0,0
4,barra_29,PW,0.0,0
5,barra_29,PW,0.0,0
6,barra_29,PW,0.0,0
7,barra_29,PW,0.0,0
8,barra_29,PW,0.0,0
9,barra_29,PW,0.0,0
10,barra_29,PW,0.0,0
11,barra_29,PW,0.0,0
12,barra_29,PW,0.0,0
13,barra_29,PW,0.0,0
14,barra_29,PW,0.0,0
15,barra_29,PW,0.0,0
16,barra_29,PW,0.0,0
17,barra_29,PW,0.0,0
18,barra_29,PW,0.0,0
19,barra_29,PW,0.0,0
20,barra_29,PW,0.0,0
21,barra_29,PW,0.0,0
22,barra_29,PW,0.0,0
23,barra_29,PW,0.0,0
24,barra_29,PW,0.0,0
1,barra_30,PW,0.374,0
2,barra_30,PW,0.385,0
3,barra_30,PW,0.396,0
4,barra_30,PW,0.407,0
5,barra_30,PW,0.385,0
6,barra_30,PW,0.363,0
7,barra_30,PW,0.33,0
8,barra_30,PW,0.3025,0
9,barra_30,PW,0.275,0
10,barra_30,PW,0.253,0
11,barra_30,PW,0.242,0
12,barra_30,PW,0.231,0
13,barra_30,PW,0.22,0
14,barra_30,PW,0.209,0
15,barra_30,PW,0.22,0
16,barra_30,PW,0.2475,0
17,barra_30,PW,0.286,0
18,barra_30,PW,0.341,0
19,barra_30,PW,0.396,0
20,barra_30,PW,0.44,0
21,barra_30,PW,0.473,0
22,barra_30,PW,0.495,0
23,barra_30,PW,0.462,0
24,barra_30,PW,0.418,0
1,barra_31,PW,0.0,0
2,barra_31,PW,0.0,0
3,barra_31,PW,0.0,0
4,barra_31,PW,0.0,0
5,barra_31,PW,0.0,0
6,barra_31,PW,0.0,0
7,barra_31,PW,0.0,0
8,barra_31,PW,0.0,0
9,barra_31,PW,0.0,0
10,barra_31,PW,0.0,0
11,barra_31,PW,0.0,0
12,barra_31,PW,0.0,0
13,barra_31,PW,0.0,0
14,barra_31,PW,0.0,0
15,barra_31,PW,0.0,0
16,barra_31,PW,0.0,0
17,barra_31,PW,0.0,0
18,barra_31,PW,0.0,0
19,barra_31,PW,0.0,0
20,barra_31,PW,0.0,0
21,barra_31,PW,0.0,0
22,barra_31,PW,0.0,0
23,barra_31,PW,0.0,0
24,barra_31,PW,0.0,0
1,barra_32,PW,0.0,0
2,barra_32,PW,0.0,0
3,barra_32,PW,0.0,0
4,barra_32,PW,0.0,0
5,barra_32,PW,0.0,0
6,barra_32,PW,0.0,0
7,barra_32,PW,0.0,0
8,barra_32,PW,0.0,0
9,barra_32,PW,0.0,0
10,barra_32,PW,0.0,0
11,barra_32,PW,0.0,0
12,barra_32,PW,0.0,0
13,barra_32,PW,0.0,0
14,barra_32,PW,0.0,0
15,barra_32,PW,0.0,0
16,barra_32,PW,0.0,0
17,barra_32,PW,0.0,0
18,barra_32,PW,0.0,0
19,barra_32,PW,0.0,0
20,barra_32,PW,0.0,0
21,barra_32,PW,0.0,0
22,barra_32,PW,0.0,0
23,barra_32,PW,0.0,0
24,barra_32,PW,0.0,0
1,barra_33,PW,0.0,0
2,barra_33,PW,0.0,0
3,barra_33,PW,0.0,0
4,barra_33,PW,0.0,0
5,barra_33,PW,0.0,0
6,barra_33,PW,0.0,0
7,barra_33,PW,0.0,0
8,barra_33,PW,0.0,0
9,barra_33,PW,0.0,0
10,barra_33,PW,0.0,0
11,barra_33,PW,0.0,0
12,barra_33,PW,0.0,0
13,barra_33,PW,0.0,0
14,barra_33,PW,0.0,0
15,barra_33,PW,0.0,0
16,barra_33,PW,0.0,0
17,barra_33,PW,0.0,0
18,barra_33,PW,0.0,0
19,barra_33,PW,0.0,0
20,barra_33,PW,0.0,0
21,barra_33,PW,0.0,0
22,barra_33,PW,0.0,0
23,barra_33,PW,0.0,0
24,barra_33,PW,0.0,0
1,barra_1,CS,0.0,0
2,barra_1,CS,0.0,0
3,barra_1,CS,0.0,0
4,barra_1,CS,0.0,0
5,barra_1,CS,0.0,0
6,barra_1,CS,0.0,0
7,barra_1,CS,0.0,0
8,barra_1,CS,0.0,0
9,barra_1,CS,0.0,0
10,barra_1,CS,0.0,0
11,barra_1,CS,0.0,0
12,barra_1,CS,0.0,0
13,barra_1,CS,0.0,0
14,barra_1,CS,0.0,0
15,barra_1,CS,0.0,0
16,barra_1,CS,0.0,0
17,barra_1,CS,0.0,0
18,barra_1,CS,0.0,0
19,barra_1,CS,0.0,0
20,barra_1,CS,0.0,0
21,barra_1,CS,0.0,0
22,barra_1,CS,0.0,0
23,barra_1,CS,0.0,0
24,barra_1,CS,0.0,0
1,barra_2,CS,0.0,0
2,barra_2,CS,0.0,0
3,barra_2,CS,0.0,0
4,barra_2,CS,0.0,0
5,barra_2,CS,0.0,0
6,barra_2,CS,0.0,0
7,barra_2,CS,0.0,0
8,barra_2,CS,0.0,0
9,barra_2,CS,0.0,0
10,barra_2,CS,0.0,0
11,barra_2,CS,0.0,0
12,barra_2,CS,0.0,0
13,barra_2,CS,0.0,0
14,barra_2,CS,0.0,0
15,barra_2,CS,0.0,0
16,barra_2,CS,0.0,0
17,barra_2,CS,0.0,0
18,barra_2,CS,0.0,0
19,barra_2,CS,0.0,0
20,barra_2,CS,0.0,0
21,barra_2,CS,0.0,0
22,barra_2,CS,0.0,0
23,barra_2,CS,0.0,0
24,barra_2,CS,0.0,0
1,barra_3,CS,0.0,0
2,barra_3,CS,0.0,0
3,barra_3,CS,0.0,0
4,barra_3,CS,0.0,0
5,barra_3,CS,0.0,0
6,barra_3,CS,0.0,0
7,barra_3,CS,0.0,0
8,barra_3,CS,0.0,0
9,barra_3,CS,0.0,0
10,barra_3,CS,0.0,0
11,barra_3,CS,0.0,0
12,barra_3,CS,0.0,0
13,barra_3,CS,0.0,0
14,barra_3,CS,0.0,0
15,barra_3,CS,0.0,0
16,barra_3,CS,0.0,0
17,barra_3,CS,0.0,0
18,barra_3,CS,0.0,0
19,barra_3,CS,0.0,0
20,barra_3,CS,0.0,0
21,barra_3,CS,0.0,0
22,barra_3,CS,0.0,0
23,barra_3,CS,0.0,0
24,barra_3,CS,0.0,0
1,barra_4,CS,0.0,0
2,barra_4,CS,0.0,0
3,barra_4,CS,0.0,0
4,barra_4,CS,0.0,0
5,barra_4,CS,0.0,0
6,barra_4,CS,0.0,0
7,barra_4,CS,0.0,0
8,barra_4,CS,0.0,0
9,barra_4,CS,0.0,0
10,barra_4,CS,0.0,0
11,barra_4,CS,0.0,0
12,barra_4,CS,0.0,0
13,barra_4,CS,0.0,0
14,barra_4,CS,0.0,0
15,barra_4,CS,0.0,0
16,barra_4,CS,0.0,0
17,barra_4,CS,0.0,0
18,barra_4,CS,0.0,0
19,barra_4,CS,0.0,0
20,barra_4,CS,0.0,0
21,barra_4,CS,0.0,0
22,barra_4,CS,0.0,0
23,barra_4,CS,0.0,0
24,barra_4,CS,0.0,0
1,barra_5,CS,0.0,0
2,barra_5,CS,0.0,0
3,barra_5,CS,0.0,0
4,barra_5,CS,0.0,0
5,barra_5,CS,0.0,0
6,barra_5,CS,0.0,0
7,barra_5,CS,0.0,0
8,barra_5,CS,0.0,0
9,barra_5,CS,0.0,0
10,barra_5,CS,0.0,0
11,barra_5,CS,0.0,0
12,barra_5,CS,0.0,0
13,barra_5,CS,0.0,0
14,barra_5,CS,0.0,0
15,barra_5,CS,0.0,0
16,barra_5,CS,0.0,0
17,barra_5,CS,0.0,0
18,barra_5,CS,0.0,0
19,barra_5,CS,0.0,0
20,barra_5,CS,0.0,0
21,barra_5,CS,0.0,0
22,barra_5,CS,0.0,0
23,barra_5,CS,0.0,0
24,barra_5,CS,0.0,0
1,barra_6,CS,0.0,0
2,barra_6,CS,0.0,0
3,barra_6,CS,0.0,0
4,barra_6,CS,0.0,0
5,barra_6,CS,0.0,0
6,barra_6,CS,-0.0,0
7,barra_6,CS,-0.0,0
8,barra_6,CS,-0.0,0
9,barra_6,CS,-0.0,0
10,barra_6,CS,-0.0,0
11,barra_6,CS,-0.0,0
12,barra_6,CS,-0.0,0
13,barra_6,CS,-0.0,0
14,barra_6,CS,-0.0,0
15,barra_6,CS,-0.0,0
16,barra_6,CS,-0.0,0
17,barra_6,CS,-0.0,0
18,barra_6,CS,-0.0,0
19,barra_6,CS,-0.0,0
20,barra_6,CS,0.0,0
21,barra_6,CS,0.0,0
22,barra_6,CS,0.0,0
23,barra_6,CS,0.0,0
24,barra_6,CS,0.0,0
1,barra_7,CS,0.0,0
2,barra_7,CS,0.0,0
3,barra_7,CS,0.0,0
4,barra_7,CS,0.0,0
5,barra_7,CS,0.0,0
6,barra_7,CS,0.0,0
7,barra_7,CS,0.0,0
8,barra_7,CS,0.0,0
9,barra_7,CS,0.0,0
10,barra_7,CS,0.0,0
11,barra_7,CS,0.0,0
12,barra_7,CS,0.0,0
13,barra_7,CS,0.0,0
14,barra_7,CS,0.0,0
15,barra_7,CS,0.0,0
16,barra_7,CS,0.0,0
17,barra_7,CS,0.0,0
18,barra_7,CS,0.0,0
19,barra_7,CS,0.0,0
20,barra_7,CS,0.0,0
21,barra_7,CS,0.0,0
22,barra_7,CS,0.0,0
23,barra_7,CS,0.0,0
24,barra_7,CS,0.0,0
1,barra_8,CS,0.0,0
2,barra_8,CS,0.0,0
3,barra_8,CS,0.0,0
4,barra_8,CS,0.0,0
5,barra_8,CS,0.0,0
6,barra_8,CS,0.0,0
7,barra_8,CS,0.0,0
8,barra_8,CS,0.0,0
9,barra_8,CS,0.0,0
10,barra_8,CS,0.0,0
11,barra_8,CS,0.0,0
12,barra_8,CS,0.0,0
13,barra_8,CS,0.0,0
14,barra_8,CS,0.0,0
15,barra_8,CS,0.0,0
16,barra_8,CS,0.0,0
17,barra_8,CS,0.0,0
18,barra_8,CS,0.0,0
19,barra_8,CS,0.0,0
20,barra_8,CS,0.0,0
21,barra_8,CS,0.0,0
22,barra_8,CS,0.0,0
23,barra_8,CS,0.0,0
24,barra_8,CS,0.0,0
1,barra_9,CS,0.0,0
2,barra_9,CS,0.0,0
3,barra_9,CS,0.0,0
4,barra_9,CS,0.0,0
5,barra_9,CS,0.0,0
6,barra_9,CS,0.0,0
7,barra_9,CS,0.0,0
8,barra_9,CS,0.0,0
9,barra_9,CS,0.0,0
10,barra_9,CS,0.0,0
11,barra_9,CS,0.0,0
12,barra_9,CS,0.0,0
13,barra_9,CS,0.0,0
14,barra_9,CS,0.0,0
15,barra_9,CS,0.0,0
16,barra_9,CS,0.0,0
17,barra_9,CS,0.0,0
18,barra_9,CS,0.0,0
19,barra_9,CS,0.0,0
20,barra_9,CS,0.0,0
21,barra_9,CS,0.0,0
22,barra_9,CS,0.0,0
23,barra_9,CS,0.0,0
24,barra_9,CS,0.0,0
1,barra_10,CS,0.0,0
2,barra_10,CS,0.0,0
3,barra_10,CS,0.0,0
4,barra_10,CS,0.0,0
5,barra_10,CS,0.0,0
6,barra_10,CS,0.0,0
7,barra_10,CS,0.0,0
8,barra_10,CS,0.0,0
9,barra_10,CS,0.0,0
10,barra_10,CS,0.0,0
11,barra_10,CS,0.0,0
12,barra_10,CS,0.0,0
13,barra_10,CS,0.0,0
14,barra_10,CS,0.0,0
15,barra_10,CS,0.0,0
16,barra_10,CS,0.0,0
17,barra_10,CS,0.0,0
18,barra_10,CS,0.0,0
19,barra_10,CS,0.0,0
20,barra_10,CS,0.0,0
21,barra_10,CS,0.0,0
22,barra_10,CS,0.0,0
23,barra_10,CS,0.0,0
24,barra_10,CS,0.0,0
1,barra_11,CS,0.0,0
2,barra_11,CS,0.0,0
3,barra_11,CS,0.0,0
4,barra_11,CS,0.0,0
5,barra_11,CS,0.0,0
6,barra_11,CS,0.0,0
7,barra_11,CS,0.0,0
8,barra_11,CS,0.0,0
9,barra_11,CS,0.0,0
10,barra_11,CS,0.0,0
11,barra_11,CS,0.0,0
12,barra_11,CS,0.0,0
13,barra_11,CS,0.0,0
14,barra_11,CS,0.0,0
15,barra_11,CS,0.0,0
16,barra_11,CS,0.0,0
17,barra_11,CS,0.0,0
18,barra_11,CS,0.0,0
19,barra_11,CS,0.0,0
20,barra_11,CS,0.0,0
21,barra_11,CS,0.0,0
22,barra_11,CS,0.0,0
23,barra_11,CS,0.0,0
24,barra_11,CS,0.0,0
1,barra_12,CS,0.0,0
2,barra_12,CS,0.0,0
3,barra_12,CS,0.0,0
4,barra_12,CS,0.0,0
5,barra_12,CS,0.0,0
6,barra_12,CS,0.0,0
7,barra_12,CS,0.0,0
8,barra_12,CS,0.0,0
9,barra_12,CS,0.0,0
10,barra_12,CS,0.0,0
11,barra_12,CS,0.0,0
12,barra_12,CS,0.0,0
13,barra_12,CS,0.0,0
14,barra_12,CS,0.0,0
15,barra_12,CS,0.0,0
16,barra_12,CS,0.0,0
17,barra_12,CS,0.0,0
18,barra_12,CS,0.0,0
19,barra_12,CS,0.0,0
20,barra_12,CS,0.0,0
21,barra_12,CS,0.0,0
22,barra_12,CS,0.0,0
23,barra_12,CS,0.0,0
24,barra_12,CS,0.0,0
1,barra_13,CS,0.0,0
2,barra_13,CS,0.0,0
3,barra_13,CS,0.0,0
4,barra_13,CS,0.0,0
5,barra_13,CS,0.0,0
6,barra_13,CS,0.0,0
7,barra_13,CS,0.0,0
8,barra_13,CS,0.0,0
9,barra_13,CS,0.0,0
10,barra_13,CS,0.0,0
11,barra_13,CS,0.0,0
12,barra_13,CS,0.0,0
13,barra_13,CS,0.0,0
14,barra_13,CS,0.0,0
15,barra_13,CS,0.0,0
16,barra_13,CS,0.0,0
17,barra_13,CS,0.0,0
18,barra_13,CS,0.0,0
19,barra_13,CS,0.0,0
20,barra_13,CS,0.0,0
21,barra_13,CS,0.0,0
22,barra_13,CS,0.0,0
23,barra_13,CS,0.0,0
24,barra_13,CS,0.0,0
1,barra_14,CS,0.0,0
2,barra_14,CS,0.0,0
3,barra_14,CS,0.0,0
4,barra_14,CS,0.0,0
5,barra_14,CS,0.0,0
6,barra_14,CS,-0.0,0
7,barra_14,CS,-0.0,0
8,barra_14,CS,-0.0,0
9,barra_14,CS,-0.0,0
10,barra_14,CS,-0.0,0
11,barra_14,CS,-0.0,0
12,barra_14,CS,-0.0,0
13,barra_14,CS,-0.0,0
14,barra_14,CS,-0.0,0
15,barra_14,CS,-0.0,0
16,barra_14,CS,-0.0,0
17,barra_14,CS,-0.0,0
18,barra_14,CS,-0.0,0
19,barra_14,CS,-0.0,0
20,barra_14,CS,0.0,0
21,barra_14,CS,0.0,0
22,barra_14,CS,0.0,0
23,barra_14,CS,0.0,0
24,barra_14,CS,0.0,0
1,barra_15,CS,0.0,0
2,barra_15,CS,0.0,0
3,barra_15,CS,0.0,0
4,barra_15,CS,0.0,0
5,barra_15,CS,0.0,0
6,barra_15,CS,0.0,0
7,barra_15,CS,0.0,0
8,barra_15,CS,0.0,0
9,barra_15,CS,0.0,0
10,barra_15,CS,0.0,0
11,barra_15,CS,0.0,0
12,barra_15,CS,0.0,0
13,barra_15,CS,0.0,0
14,barra_15,CS,0.0,0
15,barra_15,CS,0.0,0
16,barra_15,CS,0.0,0
17,barra_15,CS,0.0,0
18,barra_15,CS,0.0,0
19,barra_15,CS,0.0,0
20,barra_15,CS,0.0,0
21,barra_15,CS,0.0,0
22,barra_15,CS,0.0,0
23,barra_15,CS,0.0,0
24,barra_15,CS,0.0,0
1,barra_16,CS,0.0,0
2,barra_16,CS,0.0,0
3,barra_16,CS,0.0,0
4,barra_16,CS,0.0,0
5,barra_16,CS,0.0,0
6,barra_16,CS,0.0,0
7,barra_16,CS,0.0,0
8,barra_16,CS,0.0,0
9,barra_16,CS,0.0,0
10,barra_16,CS,0.0,0
11,barra_16,CS,0.0,0
12,barra_16,CS,0.0,0
13,barra_16,CS,0.0,0
14,barra_16,CS,0.0,0
15,barra_16,CS,0.0,0
16,barra_16,CS,0.0,0
17,barra_16,CS,0.0,0
18,barra_16,CS,0.0,0
19,barra_16,CS,0.0,0
20,barra_16,CS,0.0,0
21,barra_16,CS,0.0,0
22,barra_16,CS,0.0,0
23,barra_16,CS,0.0,0
24,barra_16,CS,0.0,0
1,barra_17,CS,0.0,0
2,barra_17,CS,0.0,0
3,barra_17,CS,0.0,0
4,barra_17,CS,0.0,0
5,barra_17,CS,0.0,0
6,barra_17,CS,0.0,0
7,barra_17,CS,0.0,0
8,barra_17,CS,0.0,0
9,barra_17,CS,0.0,0
10,barra_17,CS,0.0,0
11,barra_17,CS,0.0,0
12,barra_17,CS,0.0,0
13,barra_17,CS,0.0,0
14,barra_17,CS,0.0,0
15,barra_17,CS,0.0,0
16,barra_17,CS,0.0,0
17,barra_17,CS,0.0,0
18,barra_17,CS,0.0,0
19,barra_17,CS,0.0,0
20,barra_17,CS,0.0,0
21,barra_17,CS,0.0,0
22,barra_17,CS,0.0,0
23,barra_17,CS,0.0,0
24,barra_17,CS,0.0,0
1,barra_18,CS,0.0,0
2,barra_18,CS,0.0,0
3,barra_18,CS,0.0,0
4,barra_18,CS,0.0,0
5,barra_18,CS,0.0,0
6,barra_18,CS,0.0,0
7,barra_18,CS,0.0,0
8,barra_18,CS,0.0,0
9,barra_18,CS,0.0,0
10,barra_18,CS,0.0,0
11,barra_18,CS,0.0,0
12,barra_18,CS,0.0,0
13,barra_18,CS,0.0,0
14,barra_18,CS,0.0,0
15,barra_18,CS,0.0,0
16,barra_18,CS,0.0,0
17,barra_18,CS,0.0,0
18,barra_18,CS,0.0,0
19,barra_18,CS,0.0,0
20,barra_18,CS,0.0,0
21,barra_18,CS,0.0,0
22,barra_18,CS,0.0,0
23,barra_18,CS,0.0,0
24,barra_18,CS,0.0,0
1,barra_19,CS,0.0,0
2,barra_19,CS,0.0,0
3,barra_19,CS,0.0,0
4,barra_19,CS,0.0,0
5,barra_19,CS,0.0,0
6,barra_19,CS,0.0,0
7,barra_19,CS,0.0,0
8,barra_19,CS,0.0,0
9,barra_19,CS,0.0,0
10,barra_19,CS,0.0,0
11,barra_19,CS,0.0,0
12,barra_19,CS,0.0,0
13,barra_19,CS,0.0,0
14,barra_19,CS,0.0,0
15,barra_19,CS,0.0,0
16,barra_19,CS,0.0,0
17,barra_19,CS,0.0,0
18,barra_19,CS,0.0,0
19,barra_19,CS,0.0,0
20,barra_19,CS,0.0,0
21,barra_19,CS,0.0,0
22,barra_19,CS,0.0,0
23,barra_19,CS,0.0,0
24,barra_19,CS,0.0,0
1,barra_20,CS,0.0,0
2,barra_20,CS,0.0,0
3,barra_20,CS,0.0,0
4,barra_20,CS,0.0,0
5,barra_20,CS,0.0,0
6,barra_20,CS,0.0,0
7,barra_20,CS,0.0,0
8,barra_20,CS,0.0,0
9,barra_20,CS,0.0,0
10,barra_20,CS,0.0,0
11,barra_20,CS,0.0,0
12,barra_20,CS,0.0,0
13,barra_20,CS,0.0,0
14,barra_20,CS,0.0,0
15,barra_20,CS,0.0,0
16,barra_20,CS,0.0,0
17,barra_20,CS,0.0,0
18,barra_20,CS,0.0,0
19,barra_20,CS,0.0,0
20,barra_20,CS,0.0,0
21,barra_20,CS,0.0,0
22,barra_20,CS,0.0,0
23,barra_20,CS,0.0,0
24,barra_20,CS,0.0,0
1,barra_21,CS,0.0,0
2,barra_21,CS,0.0,0
3,barra_21,CS,0.0,0
4,barra_21,CS,0.0,0
5,barra_21,CS,0.0,0
6,barra_21,CS,0.0,0
7,barra_21,CS,0.0,0
8,barra_21,CS,0.0,0
9,barra_21,CS,0.0,0
10,barra_21,CS,0.0,0
11,barra_21,CS,0.0,0
12,barra_21,CS,0.0,0
13,barra_21,CS,0.0,0
14,barra_21,CS,0.0,0
15,barra_21,CS,0.0,0
16,barra_21,CS,0.0,0
17,barra_21,CS,0.0,0
18,barra_21,CS,0.0,0
19,barra_21,CS,0.0,0
20,barra_21,CS,0.0,0
21,barra_21,CS,0.0,0
22,barra_21,CS,0.0,0
23,barra_21,CS,0.0,0
24,barra_21,CS,0.0,0
1,barra_22,CS,0.0,0
2,barra_22,CS,0.0,0
3,barra_22,CS,0.0,0
4,barra_22,CS,0.0,0
5,barra_22,CS,0.0,0
6,barra_22,CS,0.0,0
7,barra_22,CS,0.0,0
8,barra_22,CS,0.0,0
9,barra_22,CS,0.0,0
10,barra_22,CS,0.0,0
11,barra_22,CS,0.0,0
12,barra_22,CS,0.0,0
13,barra_22,CS,0.0,0
14,barra_22,CS,0.0,0
15,barra_22,CS,0.0,0
16,barra_22,CS,0.0,0
17,barra_22,CS,0.0,0
18,barra_22,CS,0.0,0
19,barra_22,CS,0.0,0
20,barra_22,CS,0.0,0
21,barra_22,CS,0.0,0
22,barra_22,CS,0.0,0
23,barra_22,CS,0.0,0
24,barra_22,CS,0.0,0
1,barra_23,CS,0.0,0
2,barra_23,CS,0.0,0
3,barra_23,CS,0.0,0
4,barra_23,CS,0.0,0
5,barra_23,CS,0.0,0
6,barra_23,CS,0.0,0
7,barra_23,CS,0.0,0
8,barra_23,CS,0.0,0
9,barra_23,CS,0.0,0
10,barra_23,CS,0.0,0
11,barra_23,CS,0.0,0
12,barra_23,CS,0.0,0
13,barra_23,CS,0.0,0
14,barra_23,CS,0.0,0
15,barra_23,CS,0.0,0
16,barra_23,CS,0.0,0
17,barra_23,CS,0.0,0
18,barra_23,CS,0.0,0
19,barra_23,CS,0.0,0
20,barra_23,CS,0.0,0
21,barra_23,CS,0.0,0
22,barra_23,CS,0.0,0
23,barra_23,CS,0.0,0
24,barra_23,CS,0.0,0
1,barra_24,CS,0.0,0
2,barra_24,CS,0.0,0
3,barra_24,CS,0.0,0
4,barra_24,CS,0.0,0
5,barra_24,CS,0.0,0
6,barra_24,CS,0.0,0
7,barra_24,CS,0.0,0
8,barra_24,CS,0.0,0
9,barra_24,CS,0.0,0
10,barra_24,CS,0.0,0
11,barra_24,CS,0.0,0
12,barra_24,CS,0.0,0
13,barra_24,CS,0.0,0
14,barra_24,CS,0.0,0
15,barra_24,CS,0.0,0
16,barra_24,CS,0.0,0
17,barra_24,CS,0.0,0
18,barra_24,CS,0.0,0
19,barra_24,CS,0.0,0
20,barra_24,CS,0.0,0
21,barra_24,CS,0.0,0
22,barra_24,CS,0.0,0
23,barra_24,CS,0.0,0
24,barra_24,CS,0.0,0
1,barra_25,CS,0.0,0
2,barra_25,CS,0.0,0
3,barra_25,CS,0.0,0
4,barra_25,CS,0.0,0
5,barra_25,CS,0.0,0
6,barra_25,CS,-0.0,0
7,barra_25,CS,-0.0,0
8,barra_25,CS,-0.0,0
9,barra_25,CS,-0.0,0
10,barra_25,CS,-0.0,0
11,barra_25,CS,-0.0,0
12,barra_25,CS,-0.0,0
13,barra_25,CS,-0.0,0
14,barra_25,CS,-0.0,0
15,barra_25,CS,-0.0,0
16,barra_25,CS,-0.0,0
17,barra_25,CS,-0.0,0
18,barra_25,CS,-0.0,0
19,barra_25,CS,-0.0,0
20,barra_25,CS,0.0,0
21,barra_25,CS,0.0,0
22,barra_25,CS,0.0,0
23,barra_25,CS,0.0,0
24,barra_25,CS,0.0,0
1,barra_26,CS,0.0,0
2,barra_26,CS,0.0,0
3,barra_26,CS,0.0,0
4,barra_26,CS,0.0,0
5,barra_26,CS,0.0,0
6,barra_26,CS,0.0,0
7,barra_26,CS,0.0,0
8,barra_26,CS,0.0,0
9,barra_26,CS,0.0,0
10,barra_26,CS,0.0,0
11,barra_26,CS,0.0,0
12,barra_26,CS,0.0,0
13,barra_26,CS,0.0,0
14,barra_26,CS,0.0,0
15,barra_26,CS,0.0,0
16,barra_26,CS,0.0,0
17,barra_26,CS,0.0,0
18,barra_26,CS,0.0,0
19,barra_26,CS,0.0,0
20,barra_26,CS,0.0,0
21,barra_26,CS,0.0,0
22,barra_26,CS,0.0,0
23,barra_26,CS,0.0,0
24,barra_26,CS,0.0,0
1,barra_27,CS,0.0,0
2,barra_27,CS,0.0,0
3,barra_27,CS,0.0,0
4,barra_27,CS,0.0,0
5,barra_27,CS,0.0,0
6,barra_27,CS,0.0,0
7,barra_27,CS,0.0,0
8,barra_27,CS,0.0,0
9,barra_27,CS,0.0,0
10,barra_27,CS,0.0,0
11,barra_27,CS,0.0,0
12,barra_27,CS,0.0,0
13,barra_27,CS,0.0,0
14,barra_27,CS,0.0,0
15,barra_27,CS,0.0,0
16,barra_27,CS,0.0,0
17,barra_27,CS,0.0,0
18,barra_27,CS,0.0,0
19,barra_27,CS,0.0,0
20,barra_27,CS,0.0,0
21,barra_27,CS,0.0,0
22,barra_27,CS,0.0,0
23,barra_27,CS,0.0,0
24,barra_27,CS,0.0,0
1,barra_28,CS,0.0,0
2,barra_28,CS,0.0,0
3,barra_28,CS,0.0,0
4,barra_28,CS,0.0,0
5,barra_28,CS,0.0,0
6,barra_28,CS,0.0,0
7,barra_28,CS,0.0,0
8,barra_28,CS,0.0,0
9,barra_28,CS,0.0,0
10,barra_28,CS,0.0,0
11,barra_28,CS,0.0,0
12,barra_28,CS,0.0,0
13,barra_28,CS,0.0,0
14,barra_28,CS,0.0,0
15,barra_28,CS,0.0,0
16,barra_28,CS,0.0,0
17,barra_28,CS,0.0,0
18,barra_28,CS,0.0,0
19,barra_28,CS,0.0,0
20,barra_28,CS,0.0,0
21,barra_28,CS,0.0,0
22,barra_28,CS,0.0,0
23,barra_28,CS,0.0,0
24,barra_28,CS,0.0,0
1,barra_29,CS,0.0,0
2,barra_29,CS,0.0,0
3,barra_29,CS,0.0,0
4,barra_29,CS,0.0,0
5,barra_29,CS,0.0,0
6,barra_29,CS,0.0,0
7,barra_29,CS,0.0,0
8,barra_29,CS,0.0,0
9,barra_29,CS,0.0,0
10,barra_29,CS,0.0,0
11,barra_29,CS,0.0,0
12,barra_29,CS,0.0,0
13,barra_29,CS,0.0,0
14,barra_29,CS,0.0,0
15,barra_29,CS,0.0,0
16,barra_29,CS,0.0,0
17,barra_29,CS,0.0,0
18,barra_29,CS,0.0,0
19,barra_29,CS,0.0,0
20,barra_29,CS,0.0,0
21,barra_29,CS,0.0,0
22,barra_29,CS,0.0,0
23,barra_29,CS,0.0,0
24,barra_29,CS,0.0,0
1,barra_30,CS,0.0,0
2,barra_30,CS,0.0,0
3,barra_30,CS,0.0,0
4,barra_30,CS,0.0,0
5,barra_30,CS,0.0,0
6,barra_30,CS,0.0,0
7,barra_30,CS,0.0,0
8,barra_30,CS,0.0,0
9,barra_30,CS,0.0,0
10,barra_30,CS,0.0,0
11,barra_30,CS,0.0,0
12,barra_30,CS,0.0,0
13,barra_30,CS,0.0,0
14,barra_30,CS,0.0,0
15,barra_30,CS,0.0,0
16,barra_30,CS,0.0,0
17,barra_30,CS,0.0,0
18,barra_30,CS,0.0,0
19,barra_30,CS,0.0,0
20,barra_30,CS,0.0,0
21,barra_30,CS,0.0,0
22,barra_30,CS,0.0,0
23,barra_30,CS,0.0,0
24,barra_30,CS,0.0,0
1,barra_31,CS,0.0,0
2,barra_31,CS,0.0,0
3,barra_31,CS,0.0,0
4,barra_31,CS,0.0,0
5,barra_31,CS,0.0,0
6,barra_31,CS,0.0,0
7,barra_31,CS,0.0,0
8,barra_31,CS,0.0,0
9,barra_31,CS,0.0,0
10,barra_31,CS,0.0,0
11,barra_31,CS,0.0,0
12,barra_31,CS,0.0,0
13,barra_31,CS,0.0,0
14,barra_31,CS,0.0,0
15,barra_31,CS,0.0,0
16,barra_31,CS,0.0,0
17,barra_31,CS,0.0,0
18,barra_31,CS,0.0,0
19,barra_31,CS,0.0,0
20,barra_31,CS,0.0,0
21,barra_31,CS,0.0,0
22,barra_31,CS,0.0,0
23,barra_31,CS,0.0,0
24,barra_31,CS,0.0,0
1,barra_32,CS,0.0,0
2,barra_32,CS,0.0,0
3,barra_32,CS,0.0,0
4,barra_32,CS,0.0,0
5,barra_32,CS,0.0,0
6,barra_32,CS,0.0,0
7,barra_32,CS,0.0,0
8,barra_32,CS,0.0,0
9,barra_32,CS,0.0,0
10,barra_32,CS,0.0,0
11,barra_32,CS,0.0,0
12,barra_32,CS,0.0,0
13,barra_32,CS,0.0,0
14,barra_32,CS,0.0,0
15,barra_32,CS,0.0,0
16,barra_32,CS,0.0,0
17,barra_32,CS,0.0,0
18,barra_32,CS,0.0,0
19,barra_32,CS,0.0,0
20,barra_32,CS,0.0,0
21,barra_32,CS,0.0,0
22,barra_32,CS,0.0,0
23,barra_32,CS,0.0,0
24,barra_32,CS,0.0,0
1,barra_33,CS,0.0,0
2,barra_33,CS,0.0,0
3,barra_33,CS,0.0,0
4,barra_33,CS,0.0,0
5,barra_33,CS,0.0,0
6,barra_33,CS,0.0,0
7,barra_33,CS,0.0,0
8,barra_33,CS,0.0,0
9,barra_33,CS,0.0,0
10,barra_33,CS,0.0,0
11,barra_33,CS,0.0,0
12,barra_33,CS,0.0,0
13,barra_33,CS,0.0,0
14,barra_33,CS,0.0,0
15,barra_33,CS,0.0,0
16,barra_33,CS,0.0,0
17,barra_33,CS,0.0,0
18,barra_33,CS,0.0,0
19,barra_33,CS,0.0,0
20,barra_33,CS,0.0,0
21,barra_33,CS,0.0,0
22,barra_33,CS,0.0,0
23,barra_33,CS,0.0,0
24,barra_33,CS,0.0,0
1,barra_1,CW,0.0,0
2,barra_1,CW,0.0,0
3,barra_1,CW,0.0,0
4,barra_1,CW,0.0,0
5,barra_1,CW,0.0,0
6,barra_1,CW,0.0,0
7,barra_1,CW,0.0,0
8,barra_1,CW,0.0,0
9,barra_1,CW,0.0,0
10,barra_1,CW,0.0,0
11,barra_1,CW,0.0,0
12,barra_1,CW,0.0,0
13,barra_1,CW,0.0,0
14,barra_1,CW,0.0,0
15,barra_1,CW,0.0,0
16,barra_1,CW,0.0,0
17,barra_1,CW,0.0,0
18,barra_1,CW,0.0,0
19,barra_1,CW,0.0,0
20,barra_1,CW,0.0,0
21,barra_1,CW,0.0,0
22,barra_1,CW,0.0,0
23,barra_1,CW,0.0,0
24,barra_1,CW,0.0,0
1,barra_2,CW,0.0,0
2,barra_2,CW,0.0,0
3,barra_2,CW,0.0,0
4,barra_2,CW,0.0,0
5,barra_2,CW,0.0,0
6,barra_2,CW,0.0,0
7,barra_2,CW,0.0,0
8,barra_2,CW,0.0,0
9,barra_2,CW,0.0,0
10,barra_2,CW,0.0,0
11,barra_2,CW,0.0,0
12,barra_2,CW,0.0,0
13,barra_2,CW,0.0,0
14,barra_2,CW,0.0,0
15,barra_2,CW,0.0,0
16,barra_2,CW,0.0,0
17,barra_2,CW,0.0,0
18,barra_2,CW,0.0,0
19,barra_2,CW,0.0,0
20,barra_2,CW,0.0,0
21,barra_2,CW,0.0,0
22,barra_2,CW,0.0,0
23,barra_2,CW,0.0,0
24,barra_2,CW,0.0,0
1,barra_3,CW,0.0,0
2,barra_3,CW,0.0,0
3,barra_3,CW,0.0,0
4,barra_3,CW,0.0,0
5,barra_3,CW,0.0,0
6,barra_3,CW,0.0,0
7,barra_3,CW,0.0,0
8,barra_3,CW,0.0,0
9,barra_3,CW,0.0,0
10,barra_3,CW,0.0,0
11,barra_3,CW,0.0,0
12,barra_3,CW,0.0,0
13,barra_3,CW,0.0,0
14,barra_3,CW,0.0,0
15,barra_3,CW,0.0,0
16,barra_3,CW,0.0,0
17,barra_3,CW,0.0,0
18,barra_3,CW,0.0,0
19,barra_3,CW,0.0,0
20,barra_3,CW,0.0,0
21,barra_3,CW,0.0,0
22,barra_3,CW,0.0,0
23,barra_3,CW,0.0,0
24,barra_3,CW,0.0,0
1,barra_4,CW,0.0,0
2,barra_4,CW,0.0,0
3,barra_4,CW,0.0,0
4,barra_4,CW,0.0,0
5,barra_4,CW,0.0,0
6,barra_4,CW,0.0,0
7,barra_4,CW,0.0,0
8,barra_4,CW,0.0,0
9,barra_4,CW,0.0,0
10,barra_4,CW,0.0,0
11,barra_4,CW,0.0,0
12,barra_4,CW,0.0,0
13,barra_4,CW,0.0,0
14,barra_4,CW,0.0,0
15,barra_4,CW,0.0,0
16,barra_4,CW,0.0,0
17,barra_4,CW,0.0,0
18,barra_4,CW,0.0,0
19,barra_4,CW,0.0,0
20,barra_4,CW,0.0,0
21,barra_4,CW,0.0,0
22,barra_4,CW,0.0,0
23,barra_4,CW,0.0,0
24,barra_4,CW,0.0,0
1,barra_5,CW,0.0,0
2,barra_5,CW,0.0,0
3,barra_5,CW,0.0,0
4,barra_5,CW,0.0,0
5,barra_5,CW,0.0,0
6,barra_5,CW,0.0,0
7,barra_5,CW,0.0,0
8,barra_5,CW,0.0,0
9,barra_5,CW,0.0,0
10,barra_5,CW,0.0,0
11,barra_5,CW,0.0,0
12,barra_5,CW,0.0,0
13,barra_5,CW,0.0,0
14,barra_5,CW,0.0,0
15,barra_5,CW,0.0,0
16,barra_5,CW,0.0,0
17,barra_5,CW,0.0,0
18,barra_5,CW,0.0,0
19,barra_5,CW,0.0,0
20,barra_5,CW,0.0,0
21,barra_5,CW,0.0,0
22,barra_5,CW,0.0,0
23,barra_5,CW,0.0,0
24,barra_5,CW,0.0,0
1,barra_6,CW,0.0,0
2,barra_6,CW,0.0,0
3,barra_6,CW,0.0,0
4,barra_6,CW,0.0,0
5,barra_6,CW,0.0,0
6,barra_6,CW,0.0,0
7,barra_6,CW,0.0,0
8,barra_6,CW,0.0,0
9,barra_6,CW,0.0,0
10,barra_6,CW,0.0,0
11,barra_6,CW,0.0,0
12,barra_6,CW,0.0,0
13,barra_6,CW,0.0,0
14,barra_6,CW,0.0,0
15,barra_6,CW,0.0,0
16,barra_6,CW,0.0,0
17,barra_6,CW,0.0,0
18,barra_6,CW,0.0,0
19,barra_6,CW,0.0,0
20,barra_6,CW,0.0,0
21,barra_6,CW,0.0,0
22,barra_6,CW,0.0,0
23,barra_6,CW,0.0,0
24,barra_6,CW,0.0,0
1,barra_7,CW,0.0,0
2,barra_7,CW,0.0,0
3,barra_7,CW,0.0,0
4,barra_7,CW,0.0,0
5,barra_7,CW,0.0,0
6,barra_7,CW,0.0,0
7,barra_7,CW,0.0,0
8,barra_7,CW,0.0,0
9,barra_7,CW,0.0,0
10,barra_7,CW,0.0,0
11,barra_7,CW,0.0,0
12,barra_7,CW,0.0,0
13,barra_7,CW,0.0,0
14,barra_7,CW,0.0,0
15,barra_7,CW,0.0,0
16,barra_7,CW,0.0,0
17,barra_7,CW,0.0,0
18,barra_7,CW,0.0,0
19,barra_7,CW,0.0,0
20,barra_7,CW,0.0,0
21,barra_7,CW,0.0,0
22,barra_7,CW,0.0,0
23,barra_7,CW,0.0,0
24,barra_7,CW,0.0,0
1,barra_8,CW,0.0,0
2,barra_8,CW,0.0,0
3,barra_8,CW,0.0,0
4,barra_8,CW,0.0,0
5,barra_8,CW,0.0,0
6,barra_8,CW,0.0,0
7,barra_8,CW,0.0,0
8,barra_8,CW,0.0,0
9,barra_8,CW,0.0,0
10,barra_8,CW,0.0,0
11,barra_8,CW,0.0,0
12,barra_8,CW,0.0,0
13,barra_8,CW,0.0,0
14,barra_8,CW,0.0,0
15,barra_8,CW,0.0,0
16,barra_8,CW,0.0,0
17,barra_8,CW,0.0,0
18,barra_8,CW,0.0,0
19,barra_8,CW,0.0,0
20,barra_8,CW,0.0,0
21,barra_8,CW,0.0,0
22,barra_8,CW,0.0,0
23,barra_8,CW,0.0,0
24,barra_8,CW,0.0,0
1,barra_9,CW,0.0,0
2,barra_9,CW,0.0,0
3,barra_9,CW,0.0,0
4,barra_9,CW,0.0,0
5,barra_9,CW,0.0,0
6,barra_9,CW,0.0,0
7,barra_9,CW,0.0,0
8,barra_9,CW,0.0,0
9,barra_9,CW,0.0,0
10,barra_9,CW,0.0,0
11,barra_9,CW,0.0,0
12,barra_9,CW,0.0,0
13,barra_9,CW,0.0,0
14,barra_9,CW,0.0,0
15,barra_9,CW,0.0,0
16,barra_9,CW,0.0,0
17,barra_9,CW,0.0,0
18,barra_9,CW,0.0,0
19,barra_9,CW,0.0,0
20,barra_9,CW,0.0,0
21,barra_9,CW,0.0,0
22,barra_9,CW,0.0,0
23,barra_9,CW,0.0,0
24,barra_9,CW,0.0,0
1,barra_10,CW,0.0,0
2,barra_10,CW,0.0,0
3,barra_10,CW,0.0,0
4,barra_10,CW,0.0,0
5,barra_10,CW,0.0,0
6,barra_10,CW,0.0,0
7,barra_10,CW,0.0,0
8,barra_10,CW,0.0,0
9,barra_10,CW,0.0,0
10,barra_10,CW,0.0,0
11,barra_10,CW,0.0,0
12,barra_10,CW,0.0,0
13,barra_10,CW,0.0,0
14,barra_10,CW,0.0,0
15,barra_10,CW,0.0,0
16,barra_10,CW,0.0,0
17,barra_10,CW,0.0,0
18,barra_10,CW,0.0,0
19,barra_10,CW,0.0,0
20,barra_10,CW,0.0,0
21,barra_10,CW,0.0,0
22,barra_10,CW,0.0,0
23,barra_10,CW,0.0,0
24,barra_10,CW,0.0,0
1,barra_11,CW,0.0,0
2,barra_11,CW,0.0,0
3,barra_11,CW,0.0,0
4,barra_11,CW,0.0,0
5,barra_11,CW,0.0,0
6,barra_11,CW,0.0,0
7,barra_11,CW,0.0,0
8,barra_11,CW,0.0,0
9,barra_11,CW,0.0,0
10,barra_11,CW,0.0,0
11,barra_11,CW,0.0,0
12,barra_11,CW,0.0,0
13,barra_11,CW,0.0,0
14,barra_11,CW,0.0,0
15,barra_11,CW,0.0,0
16,barra_11,CW,0.0,0
17,barra_11,CW,0.0,0
18,barra_11,CW,0.0,0
19,barra_11,CW,0.0,0
20,barra_11,CW,0.0,0
21,barra_11,CW,0.0,0
22,barra_11,CW,0.0,0
23,barra_11,CW,0.0,0
24,barra_11,CW,0.0,0
1,barra_12,CW,0.0,0
2,barra_12,CW,0.0,0
3,barra_12,CW,0.0,0
4,barra_12,CW,0.0,0
5,barra_12,CW,0.0,0
6,barra_12,CW,0.0,0
7,barra_12,CW,0.0,0
8,barra_12,CW,0.0,0
9,barra_12,CW,0.0,0
10,barra_12,CW,0.0,0
11,barra_12,CW,0.0,0
12,barra_12,CW,0.0,0
13,barra_12,CW,0.0,0
14,barra_12,CW,0.0,0
15,barra_12,CW,0.0,0
16,barra_12,CW,0.0,0
17,barra_12,CW,0.0,0
18,barra_12,CW,0.0,0
19,barra_12,CW,0.0,0
20,barra_12,CW,0.0,0
21,barra_12,CW,0.0,0
22,barra_12,CW,0.0,0
23,barra_12,CW,0.0,0
24,barra_12,CW,0.0,0
1,barra_13,CW,0.0,0
2,barra_13,CW,0.0,0
3,barra_13,CW,0.0,0
4,barra_13,CW,0.0,0
5,barra_13,CW,0.0,0
6,barra_13,CW,0.0,0
7,barra_13,CW,0.0,0
8,barra_13,CW,0.0,0
9,barra_13,CW,0.0,0
10,barra_13,CW,0.0,0
11,barra_13,CW,0.0,0
12,barra_13,CW,0.0,0
13,barra_13,CW,0.0,0
14,barra_13,CW,0.0,0
15,barra_13,CW,0.0,0
16,barra_13,CW,0.0,0
17,barra_13,CW,0.0,0
18,barra_13,CW,0.0,0
19,barra_13,CW,0.0,0
20,barra_13,CW,0.0,0
21,barra_13,CW,0.0,0
22,barra_13,CW,0.0,0
23,barra_13,CW,0.0,0
24,barra_13,CW,0.0,0
1,barra_14,CW,0.0,0
2,barra_14,CW,0.0,0
3,barra_14,CW,0.0,0
4,barra_14,CW,0.0,0
5,barra_14,CW,0.0,0
6,barra_14,CW,0.0,0
7,barra_14,CW,0.0,0
8,barra_14,CW,0.0,0
9,barra_14,CW,0.0,0
10,barra_14,CW,0.0,0
11,barra_14,CW,0.0,0
12,barra_14,CW,0.0,0
13,barra_14,CW,0.0,0
14,barra_14,CW,0.0,0
15,barra_14,CW,0.0,0
16,barra_14,CW,0.0,0
17,barra_14,CW,0.0,0
18,barra_14,CW,0.0,0
19,barra_14,CW,0.0,0
20,barra_14,CW,0.0,0
21,barra_14,CW,0.0,0
22,barra_14,CW,0.0,0
23,barra_14,CW,0.0,0
24,barra_14,CW,0.0,0
1,barra_15,CW,0.0,0
2,barra_15,CW,0.0,0
3,barra_15,CW,0.0,0
4,barra_15,CW,0.0,0
5,barra_15,CW,0.0,0
6,barra_15,CW,0.0,0
7,barra_15,CW,0.0,0
8,barra_15,CW,0.0,0
9,barra_15,CW,0.0,0
10,barra_15,CW,0.0,0
11,barra_15,CW,0.0,0
12,barra_15,CW,0.0,0
13,barra_15,CW,0.0,0
14,barra_15,CW,0.0,0
15,barra_15,CW,0.0,0
16,barra_15,CW,0.0,0
17,barra_15,CW,0.0,0
18,barra_15,CW,0.0,0
19,barra_15,CW,0.0,0
20,barra_15,CW,0.0,0
21,barra_15,CW,0.0,0
22,barra_15,CW,0.0,0
23,barra_15,CW,0.0,0
24,barra_15,CW,0.0,0
1,barra_16,CW,0.0,0
2,barra_16,CW,0.0,0
3,barra_16,CW,0.0,0
4,barra_16,CW,0.0,0
5,barra_16,CW,0.0,0
6,barra_16,CW,0.0,0
7,barra_16,CW,0.0,0
8,barra_16,CW,0.0,0
9,barra_16,CW,0.0,0
10,barra_16,CW,0.0,0
11,barra_16,CW,0.0,0
12,barra_16,CW,0.0,0
13,barra_16,CW,0.0,0
14,barra_16,CW,0.0,0
15,barra_16,CW,0.0,0
16,barra_16,CW,0.0,0
17,barra_16,CW,0.0,0
18,barra_16,CW,0.0,0
19,barra_16,CW,0.0,0
20,barra_16,CW,0.0,0
21,barra_16,CW,0.0,0
22,barra_16,CW,0.0,0
23,barra_16,CW,0.0,0
24,barra_16,CW,0.0,0
1,barra_17,CW,0.0,0
2,barra_17,CW,0.0,0
3,barra_17,CW,0.0,0
4,barra_17,CW,0.0,0
5,barra_17,CW,0.0,0
6,barra_17,CW,0.0,0
7,barra_17,CW,0.0,0
8,barra_17,CW,0.0,0
9,barra_17,CW,0.0,0
10,barra_17,CW,0.0,0
11,barra_17,CW,0.0,0
12,barra_17,CW,0.0,0
13,barra_17,CW,0.0,0
14,barra_17,CW,0.0,0
15,barra_17,CW,0.0,0
16,barra_17,CW,0.0,0
17,barra_17,CW,0.0,0
18,barra_17,CW,0.0,0
19,barra_17,CW,0.0,0
20,barra_17,CW,0.0,0
21,barra_17,CW,0.0,0
22,barra_17,CW,0.0,0
23,barra_17,CW,0.0,0
24,barra_17,CW,0.0,0
1,barra_18,CW,-0.0,0
2,barra_18,CW,-0.0,0
3,barra_18,CW,-0.0,0
4,barra_18,CW,-0.0,0
5,barra_18,CW,-0.0,0
6,barra_18,CW,-0.0,0
7,barra_18,CW,-0.0,0
8,barra_18,CW,-0.0,0
9,barra_18,CW,-0.0,0
10,barra_18,CW,-0.0,0
11,barra_18,CW,-0.0,0
12,barra_18,CW,-0.0,0
13,barra_18,CW,-0.0,0
14,barra_18,CW,-0.0,0
15,barra_18,CW,-0.0,0
16,barra_18,CW,-0.0,0
17,barra_18,CW,-0.0,0
18,barra_18,CW,-0.0,0
19,barra_18,CW,-0.0,0
20,barra_18,CW,-0.0,0
21,barra_18,CW,-0.0,0
22,barra_18,CW,-0.0,0
23,barra_18,CW,-0.0,0
24,barra_18,CW,-0.0,0
1,barra_19,CW,0.0,0
2,barra_19,CW,0.0,0
3,barra_19,CW,0.0,0
4,barra_19,CW,0.0,0
5,barra_19,CW,0.0,0
6,barra_19,CW,0.0,0
7,barra_19,CW,0.0,0
8,barra_19,CW,0.0,0
9,barra_19,CW,0.0,0
10,barra_19,CW,0.0,0
11,barra_19,CW,0.0,0
12,barra_19,CW,0.0,0
13,barra_19,CW,0.0,0
14,barra_19,CW,0.0,0
15,barra_19,CW,0.0,0
16,barra_19,CW,0.0,0
17,barra_19,CW,0.0,0
18,barra_19,CW,0.0,0
19,barra_19,CW,0.0,0
20,barra_19,CW,0.0,0
21,barra_19,CW,0.0,0
22,barra_19,CW,0.0,0
23,barra_19,CW,0.0,0
24,barra_19,CW,0.0,0
1,barra_20,CW,0.0,0
2,barra_20,CW,0.0,0
3,barra_20,CW,0.0,0
4,barra_20,CW,0.0,0
5,barra_20,CW,0.0,0
6,barra_20,CW,0.0,0
7,barra_20,CW,0.0,0
8,barra_20,CW,0.0,0
9,barra_20,CW,0.0,0
10,barra_20,CW,0.0,0
11,barra_20,CW,0.0,0
12,barra_20,CW,0.0,0
13,barra_20,CW,0.0,0
14,barra_20,CW,0.0,0
15,barra_20,CW,0.0,0
16,barra_20,CW,0.0,0
17,barra_20,CW,0.0,0
18,barra_20,CW,0.0,0
19,barra_20,CW,0.0,0
20,barra_20,CW,0.0,0
21,barra_20,CW,0.0,0
22,barra_20,CW,0.0,0
23,barra_20,CW,0.0,0
24,barra_20,CW,0.0,0
1,barra_21,CW,0.0,0
2,barra_21,CW,0.0,0
3,barra_21,CW,0.0,0
4,barra_21,CW,0.0,0
5,barra_21,CW,0.0,0
6,barra_21,CW,0.0,0
7,barra_21,CW,0.0,0
8,barra_21,CW,0.0,0
9,barra_21,CW,0.0,0
10,barra_21,CW,0.0,0
11,barra_21,CW,0.0,0
12,barra_21,CW,0.0,0
13,barra_21,CW,0.0,0
14,barra_21,CW,0.0,0
15,barra_21,CW,0.0,0
16,barra_21,CW,0.0,0
17,barra_21,CW,0.0,0
18,barra_21,CW,0.0,0
19,barra_21,CW,0.0,0
20,barra_21,CW,0.0,0
21,barra_21,CW,0.0,0
22,barra_21,CW,0.0,0
23,barra_21,CW,0.0,0
24,barra_21,CW,0.0,0
1,barra_22,CW,0.0,0
2,barra_22,CW,0.0,0
3,barra_22,CW,0.0,0
4,barra_22,CW,0.0,0
5,barra_22,CW,0.0,0
6,barra_22,CW,0.0,0
7,barra_22,CW,0.0,0
8,barra_22,CW,0.0,0
9,barra_22,CW,0.0,0
10,barra_22,CW,0.0,0
11,barra_22,CW,0.0,0
12,barra_22,CW,0.0,0
13,barra_22,CW,0.0,0
14,barra_22,CW,0.0,0
15,barra_22,CW,0.0,0
16,barra_22,CW,0.0,0
17,barra_22,CW,0.0,0
18,barra_22,CW,0.0,0
19,barra_22,CW,0.0,0
20,barra_22,CW,0.0,0
21,barra_22,CW,0.0,0
22,barra_22,CW,0.0,0
23,barra_22,CW,0.0,0
24,barra_22,CW,0.0,0
1,barra_23,CW,0.0,0
2,barra_23,CW,0.0,0
3,barra_23,CW,0.0,0
4,barra_23,CW,0.0,0
5,barra_23,CW,0.0,0
6,barra_23,CW,0.0,0
7,barra_23,CW,0.0,0
8,barra_23,CW,0.0,0
9,barra_23,CW,0.0,0
10,barra_23,CW,0.0,0
11,barra_23,CW,0.0,0
12,barra_23,CW,0.0,0
13,barra_23,CW,0.0,0
14,barra_23,CW,0.0,0
15,barra_23,CW,0.0,0
16,barra_23,CW,0.0,0
17,barra_23,CW,0.0,0
18,barra_23,CW,0.0,0
19,barra_23,CW,0.0,0
20,barra_23,CW,0.0,0
21,barra_23,CW,0.0,0
22,barra_23,CW,0.0,0
23,barra_23,CW,0.0,0
24,barra_23,CW,0.0,0
1,barra_24,CW,0.0,0
2,barra_24,CW,0.0,0
3,barra_24,CW,0.0,0
4,barra_24,CW,0.0,0
5,barra_24,CW,0.0,0
6,barra_24,CW,0.0,0
7,barra_24,CW,0.0,0
8,barra_24,CW,0.0,0
9,barra_24,CW,0.0,0
10,barra_24,CW,0.0,0
11,barra_24,CW,0.0,0
12,barra_24,CW,0.0,0
13,barra_24,CW,0.0,0
14,barra_24,CW,0.0,0
15,barra_24,CW,0.0,0
16,barra_24,CW,0.0,0
17,barra_24,CW,0.0,0
18,barra_24,CW,0.0,0
19,barra_24,CW,0.0,0
20,barra_24,CW,0.0,0
21,barra_24,CW,0.0,0
22,barra_24,CW,0.0,0
23,barra_24,CW,0.0,0
24,barra_24,CW,0.0,0
1,barra_25,CW,0.0,0
2,barra_25,CW,0.0,0
3,barra_25,CW,0.0,0
4,barra_25,CW,0.0,0
5,barra_25,CW,0.0,0
6,barra_25,CW,0.0,0
7,barra_25,CW,0.0,0
8,barra_25,CW,0.0,0
9,barra_25,CW,0.0,0
10,barra_25,CW,0.0,0
11,barra_25,CW,0.0,0
12,barra_25,CW,0.0,0
13,barra_25,CW,0.0,0
14,barra_25,CW,0.0,0
15,barra_25,CW,0.0,0
16,barra_25,CW,0.0,0
17,barra_25,CW,0.0,0
18,barra_25,CW,0.0,0
19,barra_25,CW,0.0,0
20,barra_25,CW,0.0,0
21,barra_25,CW,0.0,0
22,barra_25,CW,0.0,0
23,barra_25,CW,0.0,0
24,barra_25,CW,0.0,0
1,barra_26,CW,0.0,0
2,barra_26,CW,0.0,0
3,barra_26,CW,0.0,0
4,barra_26,CW,0.0,0
5,barra_26,CW,0.0,0
6,barra_26,CW,0.0,0
7,barra_26,CW,0.0,0
8,barra_26,CW,0.0,0
9,barra_26,CW,0.0,0
10,barra_26,CW,0.0,0
11,barra_26,CW,0.0,0
12,barra_26,CW,0.0,0
13,barra_26,CW,0.0,0
14,barra_26,CW,0.0,0
15,barra_26,CW,0.0,0
16,barra_26,CW,0.0,0
17,barra_26,CW,0.0,0
18,barra_26,CW,0.0,0
19,barra_26,CW,0.0,0
20,barra_26,CW,0.0,0
21,barra_26,CW,0.0,0
22,barra_26,CW,0.0,0
23,barra_26,CW,0.0,0
24,barra_26,CW,0.0,0
1,barra_27,CW,0.0,0
2,barra_27,CW,0.0,0
3,barra_27,CW,0.0,0
4,barra_27,CW,0.0,0
5,barra_27,CW,0.0,0
6,barra_27,CW,0.0,0
7,barra_27,CW,0.0,0
8,barra_27,CW,0.0,0
9,barra_27,CW,0.0,0
10,barra_27,CW,0.0,0
11,barra_27,CW,0.0,0
12,barra_27,CW,0.0,0
13,barra_27,CW,0.0,0
14,barra_27,CW,0.0,0
15,barra_27,CW,0.0,0
16,barra_27,CW,0.0,0
17,barra_27,CW,0.0,0
18,barra_27,CW,0.0,0
19,barra_27,CW,0.0,0
20,barra_27,CW,0.0,0
21,barra_27,CW,0.0,0
22,barra_27,CW,0.0,0
23,barra_27,CW,0.0,0
24,barra_27,CW,0.0,0
1,barra_28,CW,0.0,0
2,barra_28,CW,0.0,0
3,barra_28,CW,0.0,0
4,barra_28,CW,0.0,0
5,barra_28,CW,0.0,0
6,barra_28,CW,0.0,0
7,barra_28,CW,0.0,0
8,barra_28,CW,0.0,0
9,barra_28,CW,0.0,0
10,barra_28,CW,0.0,0
11,barra_28,CW,0.0,0
12,barra_28,CW,0.0,0
13,barra_28,CW,0.0,0
14,barra_28,CW,0.0,0
15,barra_28,CW,0.0,0
16,barra_28,CW,0.0,0
17,barra_28,CW,0.0,0
18,barra_28,CW,0.0,0
19,barra_28,CW,0.0,0
20,barra_28,CW,0.0,0
21,barra_28,CW,0.0,0
22,barra_28,CW,0.0,0
23,barra_28,CW,0.0,0
24,barra_28,CW,0.0,0
1,barra_29,CW,0.0,0
2,barra_29,CW,0.0,0
3,barra_29,CW,0.0,0
4,barra_29,CW,0.0,0
5,barra_29,CW,0.0,0
6,barra_29,CW,0.0,0
7,barra_29,CW,0.0,0
8,barra_29,CW,0.0,0
9,barra_29,CW,0.0,0
10,barra_29,CW,0.0,0
11,barra_29,CW,0.0,0
12,barra_29,CW,0.0,0
13,barra_29,CW,0.0,0
14,barra_29,CW,0.0,0
15,barra_29,CW,0.0,0
16,barra_29,CW,0.0,0
17,barra_29,CW,0.0,0
18,barra_29,CW,0.0,0
19,barra_29,CW,0.0,0
20,barra_29,CW,0.0,0
21,barra_29,CW,0.0,0
22,barra_29,CW,0.0,0
23,barra_29,CW,0.0,0
24,barra_29,CW,0.0,0
1,barra_30,CW,-0.0,0
2,barra_30,CW,-0.0,0
3,barra_30,CW,-0.0,0
4,barra_30,CW,-0.0,0
5,barra_30,CW,-0.0,0
6,barra_30,CW,-0.0,0
7,barra_30,CW,-0.0,0
8,barra_30,CW,-0.0,0
9,barra_30,CW,-0.0,0
10,barra_30,CW,-0.0,0
11,barra_30,CW,-0.0,0
12,barra_30,CW,-0.0,0
13,barra_30,CW,-0.0,0
14,barra_30,CW,-0.0,0
15,barra_30,CW,-0.0,0
16,barra_30,CW,-0.0,0
17,barra_30,CW,-0.0,0
18,barra_30,CW,-0.0,0
19,barra_30,CW,-0.0,0
20,barra_30,CW,-0.0,0
21,barra_30,CW,-0.0,0
22,barra_30,CW,-0.0,0
23,barra_30,CW,-0.0,0
24,barra_30,CW,-0.0,0
1,barra_31,CW,0.0,0
2,barra_31,CW,0.0,0
3,barra_31,CW,0.0,0
4,barra_31,CW,0.0,0
5,barra_31,CW,0.0,0
6,barra_31,CW,0.0,0
7,barra_31,CW,0.0,0
8,barra_31,CW,0.0,0
9,barra_31,CW,0.0,0
10,barra_31,CW,0.0,0
11,barra_31,CW,0.0,0
12,barra_31,CW,0.0,0
13,barra_31,CW,0.0,0
14,barra_31,CW,0.0,0
15,barra_31,CW,0.0,0
16,barra_31,CW,0.0,0
17,barra_31,CW,0.0,0
18,barra_31,CW,0.0,0
19,barra_31,CW,0.0,0
20,barra_31,CW,0.0,0
21,barra_31,CW,0.0,0
22,barra_31,CW,0.0,0
23,barra_31,CW,0.0,0
24,barra_31,CW,0.0,0
1,barra_32,CW,0.0,0
2,barra_32,CW,0.0,0
3,barra_32,CW,0.0,0
4,barra_32,CW,0.0,0
5,barra_32,CW,0.0,0
6,barra_32,CW,0.0,0
7,barra_32,CW,0.0,0
8,barra_32,CW,0.0,0
9,barra_32,CW,0.0,0
10,barra_32,CW,0.0,0
11,barra_32,CW,0.0,0
12,barra_32,CW,0.0,0
13,barra_32,CW,0.0,0
14,barra_32,CW,0.0,0
15,barra_32,CW,0.0,0
16,barra_32,CW,0.0,0
17,barra_32,CW,0.0,0
18,barra_32,CW,0.0,0
19,barra_32,CW,0.0,0
20,barra_32,CW,0.0,0
21,barra_32,CW,0.0,0
22,barra_32,CW,0.0,0
23,barra_32,CW,0.0,0
24,barra_32,CW,0.0,0
1,barra_33,CW,0.0,0
2,barra_33,CW,0.0,0
3,barra_33,CW,0.0,0
4,barra_33,CW,0.0,0
5,barra_33,CW,0.0,0
6,barra_33,CW,0.0,0
7,barra_33,CW,0.0,0
8,barra_33,CW,0.0,0
9,barra_33,CW,0.0,0
10,barra_33,CW,0.0,0
11,barra_33,CW,0.0,0
12,barra_33,CW,0.0,0
13,barra_33,CW,0.0,0
14,barra_33,CW,0.0,0
15,barra_33,CW,0.0,0
16,barra_33,CW,0.0,0
17,barra_33,CW,0.0,0
18,barra_33,CW,0.0,0
19,barra_33,CW,0.0,0
20,barra_33,CW,0.0,0
21,barra_33,CW,0.0,0
22,barra_33,CW,0.0,0
23,barra_33,CW,0.0,0
24,barra_33,CW,0.0,0
1,bateria_25,P_ch,0.0,0
2,bateria_25,P_ch,0.0,0
3,bateria_25,P_ch,0.0,0
4,bateria_25,P_ch,0.0,0
5,bateria_25,P_ch,0.0,0
6,bateria_25,P_ch,0.0,0
7,bateria_25,P_ch,0.0,0
8,bateria_25,P_ch,0.0,0
9,bateria_25,P_ch,0.0,0
10,bateria_25,P_ch,0.0,0
11,bateria_25,P_ch,0.0,0
12,bateria_25,P_ch,0.0,0
13,bateria_25,P_ch,0.0,0
14,bateria_25,P_ch,0.0,0
15,bateria_25,P_ch,0.0,0
16,bateria_25,P_ch,0.0,0
17,bateria_25,P_ch,0.0,0
18,bateria_25,P_ch,0.0,0
19,bateria_25,P_ch,0.0,0
20,bateria_25,P_ch,0.0,0
21,bateria_25,P_ch,0.0,0
22,bateria_25,P_ch,0.0,0
23,bateria_25,P_ch,0.0,0
24,bateria_25,P_ch,0.0,0
1,bateria_6,P_ch,0.0,0
2,bateria_6,P_ch,0.0,0
3,bateria_6,P_ch,0.0,0
4,bateria_6,P_ch,0.0,0
5,bateria_6,P_ch,0.0,0
6,bateria_6,P_ch,0.0,0
7,bateria_6,P_ch,0.0,0
8,bateria_6,P_ch,0.0,0
9,bateria_6,P_ch,0.0,0
10,bateria_6,P_ch,0.0,0
11,bateria_6,P_ch,0.0,0
12,bateria_6,P_ch,0.0,0
13,bateria_6,P_ch,0.0,0
14,bateria_6,P_ch,0.0,0
15,bateria_6,P_ch,0.0,0
16,bateria_6,P_ch,0.0,0
17,bateria_6,P_ch,0.0,0
18,bateria_6,P_ch,0.0,0
19,bateria_6,P_ch,0.0,0
20,bateria_6,P_ch,0.0,0
21,bateria_6,P_ch,0.0,0
22,bateria_6,P_ch,0.0,0
23,bateria_6,P_ch,0.0,0
24,bateria_6,P_ch,0.0,0
1,bateria_25,P_dis,0.0,0
2,bateria_25,P_dis,0.0,0
3,bateria_25,P_dis,0.0,0
4,bateria_25,P_dis,0.0,0
5,bateria_25,P_dis,0.0,0
6,bateria_25,P_dis,0.0,0
7,bateria_25,P_dis,0.0,0
8,bateria_25,P_dis,0.0,0
9,bateria_25,P_dis,0.0,0
10,bateria_25,P_dis,0.0,0
11,bateria_25,P_dis,0.0,0
12,bateria_25,P_dis,0.0,0
13,bateria_25,P_dis,0.0,0
14,bateria_25,P_dis,0.0,0
15,bateria_25,P_dis,0.0,0
16,bateria_25,P_dis,0.0,0
17,bateria_25,P_dis,0.0,0
18,bateria_25,P_dis,0.0,0
19,bateria_25,P_dis,0.0,0
20,bateria_25,P_dis,0.0,0
21,bateria_25,P_dis,0.0,0
22,bateria_25,P_dis,0.0,0
23,bateria_25,P_dis,0.0,0
24,bateria_25,P_dis,0.0,0
1,bateria_6,P_dis,0.0,0
2,bateria_6,P_dis,0.0,0
3,bateria_6,P_dis,0.0,0
4,bateria_6,P_dis,0.0,0
5,bateria_6,P_dis,0.0,0
6,bateria_6,P_dis,0.0,0
7,bateria_6,P_dis,0.0,0
8,bateria_6,P_dis,0.0,0
9,bateria_6,P_dis,0.0,0
10,bateria_6,P_dis,0.0,0
11,bateria_6,P_dis,0.0,0
12,bateria_6,P_dis,0.0,0
13,bateria_6,P_dis,0.0,0
14,bateria_6,P_dis,0.0,0
15,bateria_6,P_dis,0.0,0
16,bateria_6,P_dis,0.0,0
17,bateria_6,P_dis,0.0,0
18,bateria_6,P_dis,0.0,0
19,bateria_6,P_dis,0.0,0
20,bateria_6,P_dis,0.0,0
21,bateria_6,P_dis,0.0,0
22,bateria_6,P_dis,0.0,0
23,bateria_6,P_dis,0.0,0
24,bateria_6,P_dis,0.0,0
1,bateria_25,E,0.25,0
2,bateria_25,E,0.25,0
3,bateria_25,E,0.25,0
4,bateria_25,E,0.25,0
5,bateria_25,E,0.25,0
6,bateria_25,E,0.25,0
7,bateria_25,E,0.25,0
8,bateria_25,E,0.25,0
9,bateria_25,E,0.25,0
10,bateria_25,E,0.25,0
11,bateria_25,E,0.25,0
12,bateria_25,E,0.25,0
13,bateria_25,E,0.25,0
14,bateria_25,E,0.25,0
15,bateria_25,E,0.25,0
16,bateria_25,E,0.25,0
17,bateria_25,E,0.25,0
18,bateria_25,E,0.25,0
19,bateria_25,E,0.25,0
20,bateria_25,E,0.25,0
21,bateria_25,E,0.25,0
22,bateria_25,E,0.25,0
23,bateria_25,E,0.25,0
24,bateria_25,E,0.25,0
1,bateria_6,E,0.25,0
2,bateria_6,E,0.25,0
3,bateria_6,E,0.25,0
4,bateria_6,E,0.25,0
5,bateria_6,E,0.25,0
6,bateria_6,E,0.25,0
7,bateria_6,E,0.25,0
8,bateria_6,E,0.25,0
9,bateria_6,E,0.25,0
10,bateria_6,E,0.25,0
11,bateria_6,E,0.25,0
12,bateria_6,E,0.25,0
13,bateria_6,E,0.25,0
14,bateria_6,E,0.25,0
15,bateria_6,E,0.25,0
16,bateria_6,E,0.25,0
17,bateria_6,E,0.25,0
18,bateria_6,E,0.25,0
19,bateria_6,E,0.25,0
20,bateria_6,E,0.25,0
21,bateria_6,E,0.25,0
22,bateria_6,E,0.25,0
23,bateria_6,E,0.25,0
24,bateria_6,E,0.25,0
1,linha_1-2,F,-0.11530969,0
2,linha_1-2,F,-0.11791009,0
3,linha_1-2,F,-0.1197962,0
4,linha_1-2,F,-0.12066234,0
5,linha_1-2,F,-0.11949151,0
6,linha_1-2,F,-0.11264735,0
7,linha_1-2,F,-0.10412388,0
8,linha_1-2,F,-0.10216284,0
9,linha_1-2,F,-0.09861039,0
10,linha_1-2,F,-0.096340659,0
11,linha_1-2,F,-0.095945055,0
12,linha_1-2,F,-0.095805195,0
13,linha_1-2,F,-0.094015984,0
14,linha_1-2,F,-0.09047952,0
15,linha_1-2,F,-0.090465534,0
16,linha_1-2,F,-0.09434965,0
17,linha_1-2,F,-0.10047453,0
18,linha_1-2,F,-0.10708691,0
19,linha_1-2,F,-0.11969131,0
20,linha_1-2,F,-0.12311588,0
21,linha_1-2,F,-0.12433367,0
22,linha_1-2,F,-0.12867832,0
23,linha_1-2,F,-0.13184016,0
24,linha_1-2,F,-0.13153946,0
1,linha_2-3,F,-0.2303284,0
2,linha_2-3,F,-0.23551364,0
3,linha_2-3,F,-0.23927458,0
4,linha_2-3,F,-0.24100167,0
5,linha_2-3,F,-0.23866702,0
6,linha_2-3,F,-0.22501965,0
7,linha_2-3,F,-0.20802368,0
8,linha_2-3,F,-0.20411333,0
9,linha_2-3,F,-0.19702376,0
10,linha_2-3,F,-0.19248883,0
11,linha_2-3,F,-0.19169841,0
12,linha_2-3,F,-0.19141897,0
13,linha_2-3,F,-0.18784412,0
14,linha_2-3,F,-0.18077826,0
15,linha_2-3,F,-0.18075032,0
16,linha_2-3,F,-0.18851079,0
17,linha_2-3,F,-0.20074681,0
18,linha_2-3,F,-0.21393203,0
19,linha_2-3,F,-0.23906542,0
20,linha_2-3,F,-0.24589409,0
21,linha_2-3,F,-0.24832237,0
22,linha_2-3,F,-0.25698569,0
23,linha_2-3,F,-0.26329045,0
24,linha_2-3,F,-0.26269085,0
1,linha_3-4,F,-0.34482793,0
2,linha_3-4,F,-0.35257737,0
3,linha_3-4,F,-0.35819817,0
4,linha_3-4,F,-0.36077933,0
5,linha_3-4,F,-0.35729014,0
6,linha_3-4,F,-0.33689391,0
7,linha_3-4,F,-0.31149313,0
8,linha_3-4,F,-0.30564905,0
9,linha_3-4,F,-0.29505058,0
10,linha_3-4,F,-0.28826854,0
11,linha_3-4,F,-0.28708645,0
12,linha_3-4,F,-0.28666855,0
13,linha_3-4,F,-0.28132231,0
14,linha_3-4,F,-0.27075522,0
15,linha_3-4,F,-0.27071343,0
16,linha_3-4,F,-0.28231932,0
17,linha_3-4,F,-0.30061772,0
18,linha_3-4,F,-0.32032326,0
19,linha_3-4,F,-0.35788557,0
20,linha_3-4,F,-0.36809113,0
21,linha_3-4,F,-0.37172024,0
22,linha_3-4,F,-0.38466773,0
23,linha_3-4,F,-0.39409031,0
24,linha_3-4,F,-0.39319419,0
1,linha_4-5,F,-0.45852581,0
2,linha_4-5,F,-0.46880362,0
3,linha_4-5,F,-0.47625828,0
4,linha_4-5,F,-0.47968158,0
5,linha_4-5,F,-0.475054,0
6,linha_4-5,F,-0.44800321,0
7,linha_4-5,F,-0.41431508,0
8,linha_4-5,F,-0.40656428,0
9,linha_4-5,F,-0.39249694,0
10,linha_4-5,F,-0.38349026,0
11,linha_4-5,F,-0.38192043,0
12,linha_4-5,F,-0.38136544,0
13,linha_4-5,F,-0.37426555,0
14,linha_4-5,F,-0.36023226,0
15,linha_4-5,F,-0.36017676,0
16,linha_4-5,F,-0.37558959,0
17,linha_4-5,F,-0.39989119,0
18,linha_4-5,F,-0.42602616,0
19,linha_4-5,F,-0.47584369,0
20,linha_4-5,F,-0.48937896,0
21,linha_4-5,F,-0.49419212,0
22,linha_4-5,F,-0.5113639,0
23,linha_4-5,F,-0.52386073,0
24,linha_4-5,F,-0.52267225,0
1,linha_5-6,F,-0.57120217,0
2,linha_5-6,F,-0.58396776,0
3,linha_5-6,F,-0.59322685,0
4,linha_5-6,F,-0.59747878,0
5,linha_5-6,F,-0.59173108,0
6,linha_5-6,F,-0.55813253,0
7,linha_5-6,F,-0.51629005,0
8,linha_5-6,F,-0.50666314,0
9,linha_5-6,F,-0.48918253,0
10,linha_5-6,F,-0.47798685,0
11,linha_5-6,F,-0.47603549,0
12,linha_5-6,F,-0.47534562,0
13,linha_5-6,F,-0.46652015,0
14,linha_5-6,F,-0.44907618,0
15,linha_5-6,F,-0.44900719,0
16,linha_5-6,F,-0.468166,0
17,linha_5-6,F,-0.49837464,0
18,linha_5-6,F,-0.53083585,0
19,linha_5-6,F,-0.59271191,0
20,linha_5-6,F,-0.60950454,0
21,linha_5-6,F,-0.61547086,0
22,linha_5-6,F,-0.63675679,0
23,linha_5-6,F,-0.65224769,0
24,linha_5-6,F,-0.65077447,0
1,linha_6-7,F,0.4,0
2,linha_6-7,F,0.4,0
3,linha_6-7,F,0.4,0
4,linha_6-7,F,0.4014514,0
5,linha_6-7,F,0.4,0
6,linha_6-7,F,0.38509192,0
7,linha_6-7,F,0.32586853,0
8,linha_6-7,F,0.3122427,0
9,linha_6-7,F,0.29801496,0
10,linha_6-7,F,0.29574975,0
11,linha_6-7,F,0.29535494,0
12,linha_6-7,F,0.29521535,0
13,linha_6-7,F,0.29342971,0
14,linha_6-7,F,0.2899003,0
15,linha_6-7,F,0.28988634,0
16,linha_6-7,F,0.29376271,0
17,linha_6-7,F,0.30135858,0
18,linha_6-7,F,0.3464565,0
19,linha_6-7,F,0.4,0
20,linha_6-7,F,0.41359242,0
21,linha_6-7,F,0.41961845,0
22,linha_6-7,F,0.44111736,0
23,linha_6-7,F,0.45676326,0
24,linha_6-7,F,0.45527529,0
1,linha_7-8,F,0.2858325,0
2,linha_7-8,F,0.28322166,0
3,linha_7-8,F,0.28132798,0
4,linha_7-8,F,0.28192142,0
5,linha_7-8,F,0.2816339,0
6,linha_7-8,F,0.27350772,0
7,linha_7-8,F,0.22248559,0
8,linha_7-8,F,0.21074667,0
9,linha_7-8,F,0.2,0
10,linha_7-8,F,0.2,0
11,linha_7-8,F,0.2,0
12,linha_7-8,F,0.2,0
13,linha_7-8,F,0.2,0
14,linha_7-8,F,0.2,0
15,linha_7-8,F,0.2,0
16,linha_7-8,F,0.2,0
17,linha_7-8,F,0.20149213,0
18,linha_7-8,F,0.24022254,0
19,linha_7-8,F,0.2814333,0
20,linha_7-8,F,0.29169648,0
21,linha_7-8,F,0.29654818,0
22,linha_7-8,F,0.31385752,0
23,linha_7-8,F,0.32645444,0
24,linha_7-8,F,0.32525644,0
1,linha_8-9,F,0.17103603,0
2,linha_8-9,F,0.16580914,0
3,linha_8-9,F,0.16201799,0
4,linha_8-9,F,0.16174593,0
5,linha_8-9,F,0.16263043,0
6,linha_8-9,F,0.16132957,0
7,linha_8-9,F,0.11864369,0
8,linha_8-9,F,0.10882274,0
9,linha_8-9,F,0.10159259,0
10,linha_8-9,F,0.10386687,0
11,linha_8-9,F,0.10426326,0
12,linha_8-9,F,0.1044034,0
13,linha_8-9,F,0.1061962,0
14,linha_8-9,F,0.10973974,0
15,linha_8-9,F,0.10975375,0
16,linha_8-9,F,0.10586186,0
17,linha_8-9,F,0.10122283,0
18,linha_8-9,F,0.13348269,0
19,linha_8-9,F,0.16222883,0
20,linha_8-9,F,0.16910167,0
21,linha_8-9,F,0.17275258,0
22,linha_8-9,F,0.18577787,0
23,linha_8-9,F,0.19525706,0
24,linha_8-9,F,0.19435557,0
1,linha_9-10,F,0.055837905,0
2,linha_9-10,F,0.047994943,0
3,linha_9-10,F,0.04230631,0
4,linha_9-10,F,0.041165841,0
5,linha_9-10,F,0.04322529,0
6,linha_9-10,F,0.048779677,0
7,linha_9-10,F,0.014548882,0
8,linha_9-10,F,0.0066732317,0
9,linha_9-10,F,0.0029881734,0
10,linha_9-10,F,0.007541275,0
11,linha_9-10,F,0.0083348614,0
12,linha_9-10,F,0.0086154222,0
13,linha_9-10,F,0.012204597,0
14,linha_9-10,F,0.019298778,0
15,linha_9-10,F,0.019326834,0
16,linha_9-10,F,0.011535259,0
17,linha_9-10,F,0.00074980075,0
18,linha_9-10,F,0.026448617,0
19,linha_9-10,F,0.04262268,0
20,linha_9-10,F,0.046077846,0
21,linha_9-10,F,0.048515849,0
22,linha_9-10,F,0.057213857,0
23,linha_9-10,F,0.063543864,0
24,linha_9-10,F,0.062941863,0
1,linha_10-11,F,-0.059471785,0
2,linha_10-11,F,-0.069915147,0
3,linha_10-11,F,-0.077489894,0
4,linha_10-11,F,-0.079496496,0
5,linha_10-11,F,-0.076266219,0
6,linha_10-11,F,-0.063867676,0
7,linha_10-11,F,-0.089574994,0
8,linha_10-11,F,-0.095489605,0
9,linha_10-11,F,-0.095622216,0
10,linha_10-11,F,-0.088799384,0
11,linha_10-11,F,-0.087610194,0
12,linha_10-11,F,-0.087189773,0
13,linha_10-11,F,-0.081811387,0
14,linha_10-11,F,-0.071180742,0
15,linha_10-11,F,-0.0711387,0
16,linha_10-11,F,-0.082814391,0
17,linha_10-11,F,-0.099724725,0
18,linha_10-11,F,-0.080638296,0
19,linha_10-11,F,-0.077068629,0
20,linha_10-11,F,-0.077038038,0
21,linha_10-11,F,-0.075817818,0
22,linha_10-11,F,-0.071464464,0
23,linha_10-11,F,-0.068296296,0
24,linha_10-11,F,-0.068597598,0
1,linha_11-12,F,-0.17466265,0
2,linha_11-12,F,-0.18768555,0
3,linha_11-12,F,-0.19713127,0
4,linha_11-12,F,-0.2,0
5,linha_11-12,F,-0.19560535,0
6,linha_11-12,F,-0.17638742,0
7,linha_11-12,F,-0.1935199,0
8,linha_11-12,F,-0.19746165,0
9,linha_11-12,F,-0.19404155,0
10,linha_11-12,F,-0.18496262,0
11,linha_11-12,F,-0.1833802,0
12,linha_11-12,F,-0.18282076,0
13,linha_11-12,F,-0.17566391,0
14,linha_11-12,F,-0.16151804,0
15,linha_11-12,F,-0.1614621,0
16,linha_11-12,F,-0.17699858,0
17,linha_11-12,F,-0.2,0
18,linha_11-12,F,-0.18756409,0
19,linha_11-12,F,-0.19660595,0
20,linha_11-12,F,-0.2,0
21,linha_11-12,F,-0.2,0
22,linha_11-12,F,-0.2,0
23,linha_11-12,F,-0.2,0
24,linha_11-12,F,-0.2,0
1,linha_12-13,F,-0.28944465,0
2,linha_12-13,F,-0.30501083,0
3,linha_12-13,F,-0.31630124,0
4,linha_12-13,F,-0.32002293,0
5,linha_12-13,F,-0.31447731,0
6,linha_12-13,F,-0.28850552,0
7,linha_12-13,F,-0.29706319,0
8,linha_12-13,F,-0.2990321,0
9,linha_12-13,F,-0.29208027,0
10,linha_12-13,F,-0.28077234,0
11,linha_12-13,F,-0.27880142,0
12,linha_12-13,F,-0.27810463,0
13,linha_12-13,F,-0.26919068,0
14,linha_12-13,F,-0.25157181,0
15,linha_12-13,F,-0.25150213,0
16,linha_12-13,F,-0.27085302,0
17,linha_12-13,F,-0.29987537,0
18,linha_12-13,F,-0.29408826,0
19,linha_12-13,F,-0.31567333,0
20,linha_12-13,F,-0.32247159,0
21,linha_12-13,F,-0.32368694,0
22,linha_12-13,F,-0.32802293,0
23,linha_12-13,F,-0.33117846,0
24,linha_12-13,F,-0.33087836,0
1,linha_13-14,F,-0.4035834,0
2,linha_13-14,F,-0.42161572,0
3,linha_13-14,F,-0.43469486,0
4,linha_13-14,F,-0.43924961,0
5,linha_13-14,F,-0.43258197,0
6,linha_13-14,F,-0.4,0
7,linha_13-14,F,-0.4,0
8,linha_13-14,F,-0.4,0
9,linha_13-14,F,-0.3895444,0
10,linha_13-14,F,-0.37603891,0
11,linha_13-14,F,-0.37368496,0
12,linha_13-14,F,-0.37285276,0
13,linha_13-14,F,-0.36220648,0
14,linha_13-14,F,-0.3411636,0
15,linha_13-14,F,-0.34108038,0
16,linha_13-14,F,-0.36419189,0
17,linha_13-14,F,-0.39915329,0
18,linha_13-14,F,-0.4,0
19,linha_13-14,F,-0.43396747,0
20,linha_13-14,F,-0.44412256,0
21,linha_13-14,F,-0.44654117,0
22,linha_13-14,F,-0.45517001,0
23,linha_13-14,F,-0.46144968,0
24,linha_13-14,F,-0.46085247,0
1,linha_14-15,F,0.14569868,0
2,linha_14-15,F,0.15349469,0
3,linha_14-15,F,0.15914926,0
4,linha_14-15,F,0.16174593,0
5,linha_14-15,F,0.15823578,0
6,linha_14-15,F,0.13771699,0
7,linha_14-15,F,0.11216359,0
8,linha_14-15,F,0.10628439,0
9,linha_14-15,F,0.09861039,0
10,linha_14-15,F,0.096340659,0
11,linha_14-15,F,0.095945055,0
12,linha_14-15,F,0.095805195,0
13,linha_14-15,F,0.094015984,0
14,linha_14-15,F,0.09047952,0
15,linha_14-15,F,0.090465534,0
16,linha_14-15,F,0.09434965,0
17,linha_14-15,F,0.10122283,0
18,linha_14-15,F,0.12104678,0
19,linha_14-15,F,0.15883478,0
20,linha_14-15,F,0.16910167,0
21,linha_14-15,F,0.17275258,0
22,linha_14-15,F,0.18577787,0
23,linha_14-15,F,0.19525706,0
24,linha_14-15,F,0.19435557,0
1,linha_15-16,F,0.03044983,0
2,linha_15-16,F,0.035655836,0
3,linha_15-16,F,0.039431839,0
4,linha_15-16,F,0.041165841,0
5,linha_15-16,F,0.038821839,0
6,linha_15-16,F,0.025119825,0
7,linha_15-16,F,0.0080558081,0
8,linha_15-16,F,0.0041298041,0
9,linha_15-16,F,0.0,0
10,linha_15-16,F,0.0,0
11,linha_15-16,F,0.0,0
12,linha_15-16,F,0.0,0
13,linha_15-16,F,0.0,0
14,linha_15-16,F,0.0,0
15,linha_15-16,F,0.0,0
16,linha_15-16,F,0.0,0
17,linha_15-16,F,0.00074980075,0
18,linha_15-16,F,0.013987814,0
19,linha_15-16,F,0.039221839,0
20,linha_15-16,F,0.046077846,0
21,linha_15-16,F,0.048515849,0
22,linha_15-16,F,0.057213857,0
23,linha_15-16,F,0.063543864,0
24,linha_15-16,F,0.062941863,0
1,linha_16-17,F,-0.08485986,0
2,linha_16-17,F,-0.082254254,0
3,linha_16-17,F,-0.080364364,0
4,linha_16-17,F,-0.079496496,0
5,linha_16-17,F,-0.08066967,0
6,linha_16-17,F,-0.087527528,0
7,linha_16-17,F,-0.096068068,0
8,linha_16-17,F,-0.098033033,0
9,linha_16-17,F,-0.09861039,0
10,linha_16-17,F,-0.096340659,0
11,linha_16-17,F,-0.095945055,0
12,linha_16-17,F,-0.095805195,0
13,linha_16-17,F,-0.094015984,0
14,linha_16-17,F,-0.09047952,0
15,linha_16-17,F,-0.090465534,0
16,linha_16-17,F,-0.09434965,0
17,linha_16-17,F,-0.099724725,0
18,linha_16-17,F,-0.093099099,0
19,linha_16-17,F,-0.080469469,0
20,linha_16-17,F,-0.077038038,0
21,linha_16-17,F,-0.075817818,0
22,linha_16-17,F,-0.071464464,0
23,linha_16-17,F,-0.068296296,0
24,linha_16-17,F,-0.068597598,0
1,linha_17-18,F,-0.2,0
2,linha_17-18,F,-0.2,0
3,linha_17-18,F,-0.2,0
4,linha_17-18,F,-0.2,0
5,linha_17-18,F,-0.2,0
6,linha_17-18,F,-0.2,0
7,linha_17-18,F,-0.2,0
8,linha_17-18,F,-0.2,0
9,linha_17-18,F,-0.19702376,0
10,linha_17-18,F,-0.19248883,0
11,linha_17-18,F,-0.19169841,0
12,linha_17-18,F,-0.19141897,0
13,linha_17-18,F,-0.18784412,0
14,linha_17-18,F,-0.18077826,0
15,linha_17-18,F,-0.18075032,0
16,linha_17-18,F,-0.18851079,0
17,linha_17-18,F,-0.2,0
18,linha_17-18,F,-0.2,0
19,linha_17-18,F,-0.2,0
20,linha_17-18,F,-0.2,0
21,linha_17-18,F,-0.2,0
22,linha_17-18,F,-0.2,0
23,linha_17-18,F,-0.2,0
24,linha_17-18,F,-0.2,0
1,linha_18-19,F,0.34482793,0
2,linha_18-19,F,0.35257737,0
3,linha_18-19,F,0.35819817,0
4,linha_18-19,F,0.36077933,0
5,linha_18-19,F,0.35729014,0
6,linha_18-19,F,0.33689391,0
7,linha_18-19,F,0.31149313,0
8,linha_18-19,F,0.30564905,0
9,linha_18-19,F,0.29505058,0
10,linha_18-19,F,0.28826854,0
11,linha_18-19,F,0.28708645,0
12,linha_18-19,F,0.28666855,0
13,linha_18-19,F,0.28132231,0
14,linha_18-19,F,0.27075522,0
15,linha_18-19,F,0.27071343,0
16,linha_18-19,F,0.28231932,0
17,linha_18-19,F,0.30061772,0
18,linha_18-19,F,0.32032326,0
19,linha_18-19,F,0.35788557,0
20,linha_18-19,F,0.36809113,0
21,linha_18-19,F,0.37172024,0
22,linha_18-19,F,0.38466773,0
23,linha_18-19,F,0.39409031,0
24,linha_18-19,F,0.39319419,0
1,linha_19-20,F,0.2303284,0
2,linha_19-20,F,0.23551364,0
3,linha_19-20,F,0.23927458,0
4,linha_19-20,F,0.24100167,0
5,linha_19-20,F,0.23866702,0
6,linha_19-20,F,0.22501965,0
7,linha_19-20,F,0.20802368,0
8,linha_19-20,F,0.20411333,0
9,linha_19-20,F,0.19702376,0
10,linha_19-20,F,0.19248883,0
11,linha_19-20,F,0.19169841,0
12,linha_19-20,F,0.19141897,0
13,linha_19-20,F,0.18784412,0
14,linha_19-20,F,0.18077826,0
15,linha_19-20,F,0.18075032,0
16,linha_19-20,F,0.18851079,0
17,linha_19-20,F,0.20074681,0
18,linha_19-20,F,0.21393203,0
19,linha_19-20,F,0.23906542,0
20,linha_19-20,F,0.24589409,0
21,linha_19-20,F,0.24832237,0
22,linha_19-20,F,0.25698569,0
23,linha_19-20,F,0.26329045,0
24,linha_19-20,F,0.26269085,0
1,linha_20-21,F,0.11530969,0
2,linha_20-21,F,0.11791009,0
3,linha_20-21,F,0.1197962,0
4,linha_20-21,F,0.12066234,0
5,linha_20-21,F,0.11949151,0
6,linha_20-21,F,0.11264735,0
7,linha_20-21,F,0.10412388,0
8,linha_20-21,F,0.10216284,0
9,linha_20-21,F,0.09861039,0
10,linha_20-21,F,0.096340659,0
11,linha_20-21,F,0.095945055,0
12,linha_20-21,F,0.095805195,0
13,linha_20-21,F,0.094015984,0
14,linha_20-21,F,0.09047952,0
15,linha_20-21,F,0.090465534,0
16,linha_20-21,F,0.09434965,0
17,linha_20-21,F,0.10047453,0
18,linha_20-21,F,0.10708691,0
19,linha_20-21,F,0.11969131,0
20,linha_20-21,F,0.12311588,0
21,linha_20-21,F,0.12433367,0
22,linha_20-21,F,0.12867832,0
23,linha_20-21,F,0.13184016,0
24,linha_20-21,F,0.13153946,0
1,linha_21-22,F,0.0,0
2,linha_21-22,F,0.0,0
3,linha_21-22,F,0.0,0
4,linha_21-22,F,0.0,0
5,linha_21-22,F,0.0,0
6,linha_21-22,F,0.0,0
7,linha_21-22,F,0.0,0
8,linha_21-22,F,0.0,0
9,linha_21-22,F,0.0,0
10,linha_21-22,F,0.0,0
11,linha_21-22,F,0.0,0
12,linha_21-22,F,0.0,0
13,linha_21-22,F,0.0,0
14,linha_21-22,F,0.0,0
15,linha_21-22,F,0.0,0
16,linha_21-22,F,0.0,0
17,linha_21-22,F,0.0,0
18,linha_21-22,F,0.0,0
19,linha_21-22,F,0.0,0
20,linha_21-22,F,0.0,0
21,linha_21-22,F,0.0,0
22,linha_21-22,F,0.0,0
23,linha_21-22,F,0.0,0
24,linha_21-22,F,0.0,0
1,linha_22-23,F,-0.11530969,0
2,linha_22-23,F,-0.11791009,0
3,linha_22-23,F,-0.1197962,0
4,linha_22-23,F,-0.12066234,0
5,linha_22-23,F,-0.11949151,0
6,linha_22-23,F,-0.11264735,0
7,linha_22-23,F,-0.10412388,0
8,linha_22-23,F,-0.10216284,0
9,linha_22-23,F,-0.09861039,0
10,linha_22-23,F,-0.096340659,0
11,linha_22-23,F,-0.095945055,0
12,linha_22-23,F,-0.095805195,0
13,linha_22-23,F,-0.094015984,0
14,linha_22-23,F,-0.09047952,0
15,linha_22-23,F,-0.090465534,0
16,linha_22-23,F,-0.09434965,0
17,linha_22-23,F,-0.10047453,0
18,linha_22-23,F,-0.10708691,0
19,linha_22-23,F,-0.11969131,0
20,linha_22-23,F,-0.12311588,0
21,linha_22-23,F,-0.12433367,0
22,linha_22-23,F,-0.12867832,0
23,linha_22-23,F,-0.13184016,0
24,linha_22-23,F,-0.13153946,0
1,linha_23-24,F,-0.2303284,0
2,linha_23-24,F,-0.23551364,0
3,linha_23-24,F,-0.23927458,0
4,linha_23-24,F,-0.24100167,0
5,linha_23-24,F,-0.23866702,0
6,linha_23-24,F,-0.22501965,0
7,linha_23-24,F,-0.20802368,0
8,linha_23-24,F,-0.20411333,0
9,linha_23-24,F,-0.19702376,0
10,linha_23-24,F,-0.19248883,0
11,linha_23-24,F,-0.19169841,0
12,linha_23-24,F,-0.19141897,0
13,linha_23-24,F,-0.18784412,0
14,linha_23-24,F,-0.18077826,0
15,linha_23-24,F,-0.18075032,0
16,linha_23-24,F,-0.18851079,0
17,linha_23-24,F,-0.20074681,0
18,linha_23-24,F,-0.21393203,0
19,linha_23-24,F,-0.23906542,0
20,linha_23-24,F,-0.24589409,0
21,linha_23-24,F,-0.24832237,0
22,linha_23-24,F,-0.25698569,0
23,linha_23-24,F,-0.26329045,0
24,linha_23-24,F,-0.26269085,0
1,linha_24-25,F,-0.34482793,0
2,linha_24-25,F,-0.35257737,0
3,linha_24-25,F,-0.35819817,0
4,linha_24-25,F,-0.36077933,0
5,linha_24-25,F,-0.35729014,0
6,linha_24-25,F,-0.33689391,0
7,linha_24-25,F,-0.31149313,0
8,linha_24-25,F,-0.30564905,0
9,linha_24-25,F,-0.29505058,0
10,linha_24-25,F,-0.28826854,0
11,linha_24-25,F,-0.28708645,0
12,linha_24-25,F,-0.28666855,0
13,linha_24-25,F,-0.28132231,0
14,linha_24-25,F,-0.27075522,0
15,linha_24-25,F,-0.27071343,0
16,linha_24-25,F,-0.28231932,0
17,linha_24-25,F,-0.30061772,0
18,linha_24-25,F,-0.32032326,0
19,linha_24-25,F,-0.35788557,0
20,linha_24-25,F,-0.36809113,0
21,linha_24-25,F,-0.37172024,0
22,linha_24-25,F,-0.38466773,0
23,linha_24-25,F,-0.39409031,0
24,linha_24-25,F,-0.39319419,0
1,linha_25-26,F,0.2303284,0
2,linha_25-26,F,0.23551364,0
3,linha_25-26,F,0.23927458,0
4,linha_25-26,F,0.24100167,0
5,linha_25-26,F,0.23866702,0
6,linha_25-26,F,0.22501965,0
7,linha_25-26,F,0.20802368,0
8,linha_25-26,F,0.20411333,0
9,linha_25-26,F,0.19702376,0
10,linha_25-26,F,0.19248883,0
11,linha_25-26,F,0.19169841,0
12,linha_25-26,F,0.19141897,0
13,linha_25-26,F,0.18784412,0
14,linha_25-26,F,0.18077826,0
15,linha_25-26,F,0.18075032,0
16,linha_25-26,F,0.18851079,0
17,linha_25-26,F,0.20074681,0
18,linha_25-26,F,0.21393203,0
19,linha_25-26,F,0.23906542,0
20,linha_25-26,F,0.24589409,0
21,linha_25-26,F,0.24832237,0
22,linha_25-26,F,0.25698569,0
23,linha_25-26,F,0.26329045,0
24,linha_25-26,F,0.26269085,0
1,linha_26-27,F,0.11530969,0
2,linha_26-27,F,0.11791009,0
3,linha_26-27,F,0.1197962,0
4,linha_26-27,F,0.12066234,0
5,linha_26-27,F,0.11949151,0
6,linha_26-27,F,0.11264735,0
7,linha_26-27,F,0.10412388,0
8,linha_26-27,F,0.10216284,0
9,linha_26-27,F,0.09861039,0
10,linha_26-27,F,0.096340659,0
11,linha_26-27,F,0.095945055,0
12,linha_26-27,F,0.095805195,0
13,linha_26-27,F,0.094015984,0
14,linha_26-27,F,0.09047952,0
15,linha_26-27,F,0.090465534,0
16,linha_26-27,F,0.09434965,0
17,linha_26-27,F,0.10047453,0
18,linha_26-27,F,0.10708691,0
19,linha_26-27,F,0.11969131,0
20,linha_26-27,F,0.12311588,0
21,linha_26-27,F,0.12433367,0
22,linha_26-27,F,0.12867832,0
23,linha_26-27,F,0.13184016,0
24,linha_26-27,F,0.13153946,0
1,linha_27-28,F,0.0,0
2,linha_27-28,F,0.0,0
3,linha_27-28,F,0.0,0
4,linha_27-28,F,0.0,0
5,linha_27-28,F,0.0,0
6,linha_27-28,F,0.0,0
7,linha_27-28,F,0.0,0
8,linha_27-28,F,0.0,0
9,linha_27-28,F,0.0,0
10,linha_27-28,F,0.0,0
11,linha_27-28,F,0.0,0
12,linha_27-28,F,0.0,0
13,linha_27-28,F,0.0,0
14,linha_27-28,F,0.0,0
15,linha_27-28,F,0.0,0
16,linha_27-28,F,0.0,0
17,linha_27-28,F,0.0,0
18,linha_27-28,F,0.0,0
19,linha_27-28,F,0.0,0
20,linha_27-28,F,0.0,0
21,linha_27-28,F,0.0,0
22,linha_27-28,F,0.0,0
23,linha_27-28,F,0.0,0
24,linha_27-28,F,0.0,0
1,linha_28-29,F,-0.11530969,0
2,linha_28-29,F,-0.11791009,0
3,linha_28-29,F,-0.1197962,0
4,linha_28-29,F,-0.12066234,0
5,linha_28-29,F,-0.11949151,0
6,linha_28-29,F,-0.11264735,0
7,linha_28-29,F,-0.10412388,0
8,linha_28-29,F,-0.10216284,0
9,linha_28-29,F,-0.09861039,0
10,linha_28-29,F,-0.096340659,0
11,linha_28-29,F,-0.095945055,0
12,linha_28-29,F,-0.095805195,0
13,linha_28-29,F,-0.094015984,0
14,linha_28-29,F,-0.09047952,0
15,linha_28-29,F,-0.090465534,0
16,linha_28-29,F,-0.09434965,0
17,linha_28-29,F,-0.10047453,0
18,linha_28-29,F,-0.10708691,0
19,linha_28-29,F,-0.11969131,0
20,linha_28-29,F,-0.12311588,0
21,linha_28-29,F,-0.12433367,0
22,linha_28-29,F,-0.12867832,0
23,linha_28-29,F,-0.13184016,0
24,linha_28-29,F,-0.13153946,0
1,linha_29-30,F,-0.2303284,0
2,linha_29-30,F,-0.23551364,0
3,linha_29-30,F,-0.23927458,0
4,linha_29-30,F,-0.24100167,0
5,linha_29-30,F,-0.23866702,0
6,linha_29-30,F,-0.22501965,0
7,linha_29-30,F,-0.20802368,0
8,linha_29-30,F,-0.20411333,0
9,linha_29-30,F,-0.19702376,0
10,linha_29-30,F,-0.19248883,0
11,linha_29-30,F,-0.19169841,0
12,linha_29-30,F,-0.19141897,0
13,linha_29-30,F,-0.18784412,0
14,linha_29-30,F,-0.18077826,0
15,linha_29-30,F,-0.18075032,0
16,linha_29-30,F,-0.18851079,0
17,linha_29-30,F,-0.20074681,0
18,linha_29-30,F,-0.21393203,0
19,linha_29-30,F,-0.23906542,0
20,linha_29-30,F,-0.24589409,0
21,linha_29-30,F,-0.24832237,0
22,linha_29-30,F,-0.25698569,0
23,linha_29-30,F,-0.26329045,0
24,linha_29-30,F,-0.26269085,0
1,linha_30-31,F,0.34482793,0
2,linha_30-31,F,0.35257737,0
3,linha_30-31,F,0.35819817,0
4,linha_30-31,F,0.36077933,0
5,linha_30-31,F,0.35729014,0
6,linha_30-31,F,0.33689391,0
7,linha_30-31,F,0.31149313,0
8,linha_30-31,F,0.30564905,0
9,linha_30-31,F,0.29505058,0
10,linha_30-31,F,0.28826854,0
11,linha_30-31,F,0.28708645,0
12,linha_30-31,F,0.28666855,0
13,linha_30-31,F,0.28132231,0
14,linha_30-31,F,0.27075522,0
15,linha_30-31,F,0.27071343,0
16,linha_30-31,F,0.28231932,0
17,linha_30-31,F,0.30061772,0
18,linha_30-31,F,0.32032326,0
19,linha_30-31,F,0.35788557,0
20,linha_30-31,F,0.36809113,0
21,linha_30-31,F,0.37172024,0
22,linha_30-31,F,0.38466773,0
23,linha_30-31,F,0.39409031,0
24,linha_30-31,F,0.39319419,0
1,linha_31-32,F,0.2303284,0
2,linha_31-32,F,0.23551364,0
3,linha_31-32,F,0.23927458,0
4,linha_31-32,F,0.24100167,0
5,linha_31-32,F,0.23866702,0
6,linha_31-32,F,0.22501965,0
7,linha_31-32,F,0.20802368,0
8,linha_31-32,F,0.20411333,0
9,linha_31-32,F,0.19702376,0
10,linha_31-32,F,0.19248883,0
11,linha_31-32,F,0.19169841,0
12,linha_31-32,F,0.19141897,0
13,linha_31-32,F,0.18784412,0
14,linha_31-32,F,0.18077826,0
15,linha_31-32,F,0.18075032,0
16,linha_31-32,F,0.18851079,0
17,linha_31-32,F,0.20074681,0
18,linha_31-32,F,0.21393203,0
19,linha_31-32,F,0.23906542,0
20,linha_31-32,F,0.24589409,0
21,linha_31-32,F,0.24832237,0
22,linha_31-32,F,0.25698569,0
23,linha_31-32,F,0.26329045,0
24,linha_31-32,F,0.26269085,0
1,linha_32-33,F,0.11530969,0
2,linha_32-33,F,0.11791009,0
3,linha_32-33,F,0.1197962,0
4,linha_32-33,F,0.12066234,0
5,linha_32-33,F,0.11949151,0
6,linha_32-33,F,0.11264735,0
7,linha_32-33,F,0.10412388,0
8,linha_32-33,F,0.10216284,0
9,linha_32-33,F,0.09861039,0
10,linha_32-33,F,0.096340659,0
11,linha_32-33,F,0.095945055,0
12,linha_32-33,F,0.095805195,0
13,linha_32-33,F,0.094015984,0
14,linha_32-33,F,0.09047952,0
15,linha_32-33,F,0.090465534,0
16,linha_32-33,F,0.09434965,0
17,linha_32-33,F,0.10047453,0
18,linha_32-33,F,0.10708691,0
19,linha_32-33,F,0.11969131,0
20,linha_32-33,F,0.12311588,0
21,linha_32-33,F,0.12433367,0
22,linha_32-33,F,0.12867832,0
23,linha_32-33,F,0.13184016,0
24,linha_32-33,F,0.13153946,0
1,linha_1-2,Ploss,0.00023061938,0
2,linha_1-2,Ploss,0.00023582018,0
3,linha_1-2,Ploss,0.00023959241,0
4,linha_1-2,Ploss,0.00024132468,0
5,linha_1-2,Ploss,0.00023898302,0
6,linha_1-2,Ploss,0.00022529471,0
7,linha_1-2,Ploss,0.00020824775,0
8,linha_1-2,Ploss,0.00020432567,0
9,linha_1-2,Ploss,0.00019722078,0
10,linha_1-2,Ploss,0.00019268132,0
11,linha_1-2,Ploss,0.00019189011,0
12,linha_1-2,Ploss,0.00019161039,0
13,linha_1-2,Ploss,0.00018803197,0
14,linha_1-2,Ploss,0.00018095904,0
15,linha_1-2,Ploss,0.00018093107,0
16,linha_1-2,Ploss,0.0001886993,0
17,linha_1-2,Ploss,0.00020094905,0
18,linha_1-2,Ploss,0.00021417383,0
19,linha_1-2,Ploss,0.00023938262,0
20,linha_1-2,Ploss,0.00024623177,0
21,linha_1-2,Ploss,0.00024866733,0
22,linha_1-2,Ploss,0.00025735664,0
23,linha_1-2,Ploss,0.00026368032,0
24,linha_1-2,Ploss,0.00026307892,0
1,linha_2-3,Ploss,0.00058197037,0
2,linha_2-3,Ploss,0.00061308183,0
3,linha_2-3,Ploss,0.0006356475,0
4,linha_2-3,Ploss,0.00064601002,0
5,linha_2-3,Ploss,0.0006320021,0
6,linha_2-3,Ploss,0.00055011788,0
7,linha_2-3,Ploss,0.00044814209,0
8,linha_2-3,Ploss,0.00042468001,0
9,linha_2-3,Ploss,0.00039404751,0
10,linha_2-3,Ploss,0.00038497766,0
11,linha_2-3,Ploss,0.00038339682,0
12,linha_2-3,Ploss,0.00038283794,0
13,linha_2-3,Ploss,0.00037568825,0
14,linha_2-3,Ploss,0.00036155653,0
15,linha_2-3,Ploss,0.00036150064,0
16,linha_2-3,Ploss,0.00037702158,0
17,linha_2-3,Ploss,0.00040448086,0
18,linha_2-3,Ploss,0.00048359218,0
19,linha_2-3,Ploss,0.00063439253,0
20,linha_2-3,Ploss,0.00067536452,0
21,linha_2-3,Ploss,0.00068993419,0
22,linha_2-3,Ploss,0.00074191412,0
23,linha_2-3,Ploss,0.00077974269,0
24,linha_2-3,Ploss,0.00077614509,0
1,linha_3-4,Ploss,0.0012689676,0
2,linha_3-4,Ploss,0.0013154642,0
3,linha_3-4,Ploss,0.001349189,0
4,linha_3-4,Ploss,0.001364676,0
5,linha_3-4,Ploss,0.0013437409,0
6,linha_3-4,Ploss,0.0012213634,0
7,linha_3-4,Ploss,0.0010689588,0
8,linha_3-4,Ploss,0.0010338943,0
9,linha_3-4,Ploss,0.00097030348,0
10,linha_3-4,Ploss,0.00092961121,0
11,linha_3-4,Ploss,0.00092251872,0
12,linha_3-4,Ploss,0.00092001128,0
13,linha_3-4,Ploss,0.00088793388,0
14,linha_3-4,Ploss,0.00082453131,0
15,linha_3-4,Ploss,0.00082428057,0
16,linha_3-4,Ploss,0.00089391593,0
17,linha_3-4,Ploss,0.0010037063,0
18,linha_3-4,Ploss,0.0011219396,0
19,linha_3-4,Ploss,0.0013473134,0
20,linha_3-4,Ploss,0.0014085468,0
21,linha_3-4,Ploss,0.0014303214,0
22,linha_3-4,Ploss,0.0015080064,0
23,linha_3-4,Ploss,0.0015645418,0
24,linha_3-4,Ploss,0.0015591652,0
1,linha_4-5,Ploss,0.0021852581,0
2,linha_4-5,Ploss,0.0022880362,0
3,linha_4-5,Ploss,0.0023625828,0
4,linha_4-5,Ploss,0.0023968158,0
5,linha_4-5,Ploss,0.00235054,0
6,linha_4-5,Ploss,0.0020800321,0
7,linha_4-5,Ploss,0.0017431508,0
8,linha_4-5,Ploss,0.0016656428,0
9,linha_4-5,Ploss,0.0015549816,0
10,linha_4-5,Ploss,0.0015009416,0
11,linha_4-5,Ploss,0.0014915226,0
12,linha_4-5,Ploss,0.0014881927,0
13,linha_4-5,Ploss,0.0014455933,0
14,linha_4-5,Ploss,0.0013613935,0
15,linha_4-5,Ploss,0.0013610605,0
16,linha_4-5,Ploss,0.0014535376,0
17,linha_4-5,Ploss,0.0015993471,0
18,linha_4-5,Ploss,0.0018602616,0
19,linha_4-5,Ploss,0.0023584369,0
20,linha_4-5,Ploss,0.0024937896,0
21,linha_4-5,Ploss,0.0025419212,0
22,linha_4-5,Ploss,0.002713639,0
23,linha_4-5,Ploss,0.0028386073,0
24,linha_4-5,Ploss,0.0028267225,0
1,linha_5-6,Ploss,0.0033120217,0
2,linha_5-6,Ploss,0.0034396776,0
3,linha_5-6,Ploss,0.0035322685,0
4,linha_5-6,Ploss,0.0035747878,0
5,linha_5-6,Ploss,0.0035173108,0
6,linha_5-6,Ploss,0.0031813253,0
7,linha_5-6,Ploss,0.0027629005,0
8,linha_5-6,Ploss,0.0026666314,0
9,linha_5-6,Ploss,0.0024918253,0
10,linha_5-6,Ploss,0.0023798685,0
11,linha_5-6,Ploss,0.0023603549,0
12,linha_5-6,Ploss,0.0023534562,0
13,linha_5-6,Ploss,0.0022652015,0
14,linha_5-6,Ploss,0.0020907618,0
15,linha_5-6,Ploss,0.0020900719,0
16,linha_5-6,Ploss,0.00228166,0
17,linha_5-6,Ploss,0.0025837464,0
18,linha_5-6,Ploss,0.0029083585,0
19,linha_5-6,Ploss,0.0035271191,0
20,linha_5-6,Ploss,0.0037330635,0
21,linha_5-6,Ploss,0.003816592,0
22,linha_5-6,Ploss,0.004114595,0
23,linha_5-6,Ploss,0.0043314677,0
24,linha_5-6,Ploss,0.0043108425,0
1,linha_6-7,Ploss,0.0016,0
2,linha_6-7,Ploss,0.0016,0
3,linha_6-7,Ploss,0.0016,0
4,linha_6-7,Ploss,0.001614514,0
5,linha_6-7,Ploss,0.0016,0
6,linha_6-7,Ploss,0.0015105515,0
7,linha_6-7,Ploss,0.0011552112,0
8,linha_6-7,Ploss,0.0010734562,0
9,linha_6-7,Ploss,0.00098808973,0
10,linha_6-7,Ploss,0.0009744985,0
11,linha_6-7,Ploss,0.00097212961,0
12,linha_6-7,Ploss,0.00097129212,0
13,linha_6-7,Ploss,0.00096057827,0
14,linha_6-7,Ploss,0.00093940179,0
15,linha_6-7,Ploss,0.00093931805,0
16,linha_6-7,Ploss,0.00096257627,0
17,linha_6-7,Ploss,0.0010081515,0
18,linha_6-7,Ploss,0.001278739,0
19,linha_6-7,Ploss,0.0016,0
20,linha_6-7,Ploss,0.0017359242,0
21,linha_6-7,Ploss,0.0017961845,0
22,linha_6-7,Ploss,0.0020111736,0
23,linha_6-7,Ploss,0.0021676326,0
24,linha_6-7,Ploss,0.0021527529,0
1,linha_7-8,Ploss,0.00091499498,0
2,linha_7-8,Ploss,0.00089932999,0
3,linha_7-8,Ploss,0.0008879679,0
4,linha_7-8,Ploss,0.00089152852,0
5,linha_7-8,Ploss,0.00088980341,0
6,linha_7-8,Ploss,0.00084104629,0
7,linha_7-8,Ploss,0.00053491353,0
8,linha_7-8,Ploss,0.00046448004,0
9,linha_7-8,Ploss,0.0004,0
10,linha_7-8,Ploss,0.0004,0
11,linha_7-8,Ploss,0.0004,0
12,linha_7-8,Ploss,0.0004,0
13,linha_7-8,Ploss,0.0004,0
14,linha_7-8,Ploss,0.0004,0
15,linha_7-8,Ploss,0.0004,0
16,linha_7-8,Ploss,0.0004,0
17,linha_7-8,Ploss,0.00040895277,0
18,linha_7-8,Ploss,0.00064133521,0
19,linha_7-8,Ploss,0.0008885998,0
20,linha_7-8,Ploss,0.00095017885,0
21,linha_7-8,Ploss,0.0009792891,0
22,linha_7-8,Ploss,0.0010831451,0
23,linha_7-8,Ploss,0.0011587267,0
24,linha_7-8,Ploss,0.0011515386,0
1,linha_8-9,Ploss,0.00034207206,0
2,linha_8-9,Ploss,0.00033161828,0
3,linha_8-9,Ploss,0.00032403597,0
4,linha_8-9,Ploss,0.00032349186,0
5,linha_8-9,Ploss,0.00032526087,0
6,linha_8-9,Ploss,0.00032265914,0
7,linha_8-9,Ploss,0.00023728738,0
8,linha_8-9,Ploss,0.00021764547,0
9,linha_8-9,Ploss,0.00020318519,0
10,linha_8-9,Ploss,0.00020773373,0
11,linha_8-9,Ploss,0.00020852653,0
12,linha_8-9,Ploss,0.00020880681,0
13,linha_8-9,Ploss,0.00021239239,0
14,linha_8-9,Ploss,0.00021947948,0
15,linha_8-9,Ploss,0.00021950751,0
16,linha_8-9,Ploss,0.00021172372,0
17,linha_8-9,Ploss,0.00020244566,0
18,linha_8-9,Ploss,0.00026696537,0
19,linha_8-9,Ploss,0.00032445766,0
20,linha_8-9,Ploss,0.00033820333,0
21,linha_8-9,Ploss,0.00034550516,0
22,linha_8-9,Ploss,0.00037155573,0
23,linha_8-9,Ploss,0.00039051413,0
24,linha_8-9,Ploss,0.00038871113,0
1,linha_9-10,Ploss,0.00011167581,0
2,linha_9-10,Ploss,9.5989886e-05,0
3,linha_9-10,Ploss,8.461262e-05,0
4,linha_9-10,Ploss,8.2331682e-05,0
5,linha_9-10,Ploss,8.6450579e-05,0
6,linha_9-10,Ploss,9.7559354e-05,0
7,linha_9-10,Ploss,2.9097764e-05,0
8,linha_9-10,Ploss,1.3346463e-05,0
9,linha_9-10,Ploss,5.9763467e-06,0
10,linha_9-10,Ploss,1.508255e-05,0
11,linha_9-10,Ploss,1.6669723e-05,0
12,linha_9-10,Ploss,1.7230844e-05,0
13,linha_9-10,Ploss,2.4409194e-05,0
14,linha_9-10,Ploss,3.8597557e-05,0
15,linha_9-10,Ploss,3.8653669e-05,0
16,linha_9-10,Ploss,2.3070518e-05,0
17,linha_9-10,Ploss,1.4996015e-06,0
18,linha_9-10,Ploss,5.2897234e-05,0
19,linha_9-10,Ploss,8.524536e-05,0
20,linha_9-10,Ploss,9.2155692e-05,0
21,linha_9-10,Ploss,9.7031697e-05,0
22,linha_9-10,Ploss,0.00011442771,0
23,linha_9-10,Ploss,0.00012708773,0
24,linha_9-10,Ploss,0.00012588373,0
1,linha_10-11,Ploss,0.00011894357,0
2,linha_10-11,Ploss,0.00013983029,0
3,linha_10-11,Ploss,0.00015497979,0
4,linha_10-11,Ploss,0.00015899299,0
5,linha_10-11,Ploss,0.00015253244,0
6,linha_10-11,Ploss,0.00012773535,0
7,linha_10-11,Ploss,0.00017914999,0
8,linha_10-11,Ploss,0.00019097921,0
9,linha_10-11,Ploss,0.00019124443,0
10,linha_10-11,Ploss,0.00017759877,0
11,linha_10-11,Ploss,0.00017522039,0
12,linha_10-11,Ploss,0.00017437955,0
13,linha_10-11,Ploss,0.00016362277,0
14,linha_10-11,Ploss,0.00014236148,0
15,linha_10-11,Ploss,0.0001422774,0
16,linha_10-11,Ploss,0.00016562878,0
17,linha_10-11,Ploss,0.00019944945,0
18,linha_10-11,Ploss,0.00016127659,0
19,linha_10-11,Ploss,0.00015413726,0
20,linha_10-11,Ploss,0.00015407608,0
21,linha_10-11,Ploss,0.00015163564,0
22,linha_10-11,Ploss,0.00014292893,0
23,linha_10-11,Ploss,0.00013659259,0
24,linha_10-11,Ploss,0.0001371952,0
1,linha_11-12,Ploss,0.0003493253,0
2,linha_11-12,Ploss,0.00037537109,0
3,linha_11-12,Ploss,0.00039426254,0
4,linha_11-12,Ploss,0.0004,0
5,linha_11-12,Ploss,0.00039121069,0
6,linha_11-12,Ploss,0.00035277484,0
7,linha_11-12,Ploss,0.0003870398,0
8,linha_11-12,Ploss,0.00039492331,0
9,linha_11-12,Ploss,0.0003880831,0
10,linha_11-12,Ploss,0.00036992524,0
11,linha_11-12,Ploss,0.00036676041,0
12,linha_11-12,Ploss,0.00036564152,0
13,linha_11-12,Ploss,0.00035132782,0
14,linha_11-12,Ploss,0.00032303609,0
15,linha_11-12,Ploss,0.0003229242,0
16,linha_11-12,Ploss,0.00035399716,0
17,linha_11-12,Ploss,0.0004,0
18,linha_11-12,Ploss,0.00037512819,0
19,linha_11-12,Ploss,0.00039321191,0
20,linha_11-12,Ploss,0.0004,0
21,linha_11-12,Ploss,0.0004,0
22,linha_11-12,Ploss,0.0004,0
23,linha_11-12,Ploss,0.0004,0
24,linha_11-12,Ploss,0.0004,0
1,linha_12-13,Ploss,0.00093666793,0
2,linha_12-13,Ploss,0.001030065,0
3,linha_12-13,Ploss,0.0010978074,0
4,linha_12-13,Ploss,0.0011201376,0
5,linha_12-13,Ploss,0.0010868639,0
6,linha_12-13,Ploss,0.0009310331,0
7,linha_12-13,Ploss,0.00098237914,0
8,linha_12-13,Ploss,0.00099419258,0
9,linha_12-13,Ploss,0.00095248162,0
10,linha_12-13,Ploss,0.00088463406,0
11,linha_12-13,Ploss,0.00087280851,0
12,linha_12-13,Ploss,0.00086862776,0
13,linha_12-13,Ploss,0.00081514405,0
14,linha_12-13,Ploss,0.00070943086,0
15,linha_12-13,Ploss,0.00070901278,0
16,linha_12-13,Ploss,0.00082511812,0
17,linha_12-13,Ploss,0.00099925224,0
18,linha_12-13,Ploss,0.00096452959,0
19,linha_12-13,Ploss,0.00109404,0
20,linha_12-13,Ploss,0.0011348295,0
21,linha_12-13,Ploss,0.0011421216,0
22,linha_12-13,Ploss,0.0011681376,0
23,linha_12-13,Ploss,0.0011870708,0
24,linha_12-13,Ploss,0.0011852702,0
1,linha_13-14,Ploss,0.001635834,0
2,linha_13-14,Ploss,0.0018161572,0
3,linha_13-14,Ploss,0.0019469486,0
4,linha_13-14,Ploss,0.0019924961,0
5,linha_13-14,Ploss,0.0019258197,0
6,linha_13-14,Ploss,0.0016,0
7,linha_13-14,Ploss,0.0016,0
8,linha_13-14,Ploss,0.0016,0
9,linha_13-14,Ploss,0.0015372664,0
10,linha_13-14,Ploss,0.0014562335,0
11,linha_13-14,Ploss,0.0014421098,0
12,linha_13-14,Ploss,0.0014371165,0
13,linha_13-14,Ploss,0.0013732389,0
14,linha_13-14,Ploss,0.0012469816,0
15,linha_13-14,Ploss,0.0012464823,0
16,linha_13-14,Ploss,0.0013851513,0
17,linha_13-14,Ploss,0.0015949197,0
18,linha_13-14,Ploss,0.0016,0
19,linha_13-14,Ploss,0.0019396747,0
20,linha_13-14,Ploss,0.0020412256,0
21,linha_13-14,Ploss,0.0020654117,0
22,linha_13-14,Ploss,0.0021517001,0
23,linha_13-14,Ploss,0.0022144968,0
24,linha_13-14,Ploss,0.0022085247,0
1,linha_14-15,Ploss,0.00029139736,0
2,linha_14-15,Ploss,0.00030698937,0
3,linha_14-15,Ploss,0.00031829852,0
4,linha_14-15,Ploss,0.00032349186,0
5,linha_14-15,Ploss,0.00031647156,0
6,linha_14-15,Ploss,0.00027543398,0
7,linha_14-15,Ploss,0.00022432718,0
8,linha_14-15,Ploss,0.00021256878,0
9,linha_14-15,Ploss,0.00019722078,0
10,linha_14-15,Ploss,0.00019268132,0
11,linha_14-15,Ploss,0.00019189011,0
12,linha_14-15,Ploss,0.00019161039,0
13,linha_14-15,Ploss,0.00018803197,0
14,linha_14-15,Ploss,0.00018095904,0
15,linha_14-15,Ploss,0.00018093107,0
16,linha_14-15,Ploss,0.0001886993,0
17,linha_14-15,Ploss,0.00020244566,0
18,linha_14-15,Ploss,0.00024209356,0
19,linha_14-15,Ploss,0.00031766957,0
20,linha_14-15,Ploss,0.00033820333,0
21,linha_14-15,Ploss,0.00034550516,0
22,linha_14-15,Ploss,0.00037155573,0
23,linha_14-15,Ploss,0.00039051413,0
24,linha_14-15,Ploss,0.00038871113,0
1,linha_15-16,Ploss,6.0899661e-05,0
2,linha_15-16,Ploss,7.1311671e-05,0
3,linha_15-16,Ploss,7.8863679e-05,0
4,linha_15-16,Ploss,8.2331682e-05,0
5,linha_15-16,Ploss,7.7643678e-05,0
6,linha_15-16,Ploss,5.023965e-05,0
7,linha_15-16,Ploss,1.6111616e-05,0
8,linha_15-16,Ploss,8.2596083e-06,0
9,linha_15-16,Ploss,0.0,0
10,linha_15-16,Ploss,0.0,0
11,linha_15-16,Ploss,0.0,0
12,linha_15-16,Ploss,0.0,0
13,linha_15-16,Ploss,0.0,0
14,linha_15-16,Ploss,0.0,0
15,linha_15-16,Ploss,0.0,0
16,linha_15-16,Ploss,0.0,0
17,linha_15-16,Ploss,1.4996015e-06,0
18,linha_15-16,Ploss,2.7975628e-05,0
19,linha_15-16,Ploss,7.8443678e-05,0
20,linha_15-16,Ploss,9.2155692e-05,0
21,linha_15-16,Ploss,9.7031697e-05,0
22,linha_15-16,Ploss,0.00011442771,0
23,linha_15-16,Ploss,0.00012708773,0
24,linha_15-16,Ploss,0.00012588373,0
1,linha_16-17,Ploss,0.00016971972,0
2,linha_16-17,Ploss,0.00016450851,0
3,linha_16-17,Ploss,0.00016072873,0
4,linha_16-17,Ploss,0.00015899299,0
5,linha_16-17,Ploss,0.00016133934,0
6,linha_16-17,Ploss,0.00017505506,0
7,linha_16-17,Ploss,0.00019213614,0
8,linha_16-17,Ploss,0.00019606607,0
9,linha_16-17,Ploss,0.00019722078,0
10,linha_16-17,Ploss,0.00019268132,0
11,linha_16-17,Ploss,0.00019189011,0
12,linha_16-17,Ploss,0.00019161039,0
13,linha_16-17,Ploss,0.00018803197,0
14,linha_16-17,Ploss,0.00018095904,0
15,linha_16-17,Ploss,0.00018093107,0
16,linha_16-17,Ploss,0.0001886993,0
17,linha_16-17,Ploss,0.00019944945,0
18,linha_16-17,Ploss,0.0001861982,0
19,linha_16-17,Ploss,0.00016093894,0
20,linha_16-17,Ploss,0.00015407608,0
21,linha_16-17,Ploss,0.00015163564,0
22,linha_16-17,Ploss,0.00014292893,0
23,linha_16-17,Ploss,0.00013659259,0
24,linha_16-17,Ploss,0.0001371952,0
1,linha_17-18,Ploss,0.0004,0
2,linha_17-18,Ploss,0.0004,0
3,linha_17-18,Ploss,0.0004,0
4,linha_17-18,Ploss,0.0004,0
5,linha_17-18,Ploss,0.0004,0
6,linha_17-18,Ploss,0.0004,0
7,linha_17-18,Ploss,0.0004,0
8,linha_17-18,Ploss,0.0004,0
9,linha_17-18,Ploss,0.00039404751,0
10,linha_17-18,Ploss,0.00038497766,0
11,linha_17-18,Ploss,0.00038339682,0
12,linha_17-18,Ploss,0.00038283794,0
13,linha_17-18,Ploss,0.00037568825,0
14,linha_17-18,Ploss,0.00036155653,0
15,linha_17-18,Ploss,0.00036150064,0
16,linha_17-18,Ploss,0.00037702158,0
17,linha_17-18,Ploss,0.0004,0
18,linha_17-18,Ploss,0.0004,0
19,linha_17-18,Ploss,0.0004,0
20,linha_17-18,Ploss,0.0004,0
21,linha_17-18,Ploss,0.0004,0
22,linha_17-18,Ploss,0.0004,0
23,linha_17-18,Ploss,0.0004,0
24,linha_17-18,Ploss,0.0004,0
1,linha_18-19,Ploss,0.0012689676,0
2,linha_18-19,Ploss,0.0013154642,0
3,linha_18-19,Ploss,0.001349189,0
4,linha_18-19,Ploss,0.001364676,0
5,linha_18-19,Ploss,0.0013437409,0
6,linha_18-19,Ploss,0.0012213634,0
7,linha_18-19,Ploss,0.0010689588,0
8,linha_18-19,Ploss,0.0010338943,0
9,linha_18-19,Ploss,0.00097030348,0
10,linha_18-19,Ploss,0.00092961121,0
11,linha_18-19,Ploss,0.00092251872,0
12,linha_18-19,Ploss,0.00092001128,0
13,linha_18-19,Ploss,0.00088793388,0
14,linha_18-19,Ploss,0.00082453131,0
15,linha_18-19,Ploss,0.00082428057,0
16,linha_18-19,Ploss,0.00089391593,0
17,linha_18-19,Ploss,0.0010037063,0
18,linha_18-19,Ploss,0.0011219396,0
19,linha_18-19,Ploss,0.0013473134,0
20,linha_18-19,Ploss,0.0014085468,0
21,linha_18-19,Ploss,0.0014303214,0
22,linha_18-19,Ploss,0.0015080064,0
23,linha_18-19,Ploss,0.0015645418,0
24,linha_18-19,Ploss,0.0015591652,0
1,linha_19-20,Ploss,0.00058197037,0
2,linha_19-20,Ploss,0.00061308183,0
3,linha_19-20,Ploss,0.0006356475,0
4,linha_19-20,Ploss,0.00064601002,0
5,linha_19-20,Ploss,0.0006320021,0
6,linha_19-20,Ploss,0.00055011788,0
7,linha_19-20,Ploss,0.00044814209,0
8,linha_19-20,Ploss,0.00042468001,0
9,linha_19-20,Ploss,0.00039404751,0
10,linha_19-20,Ploss,0.00038497766,0
11,linha_19-20,Ploss,0.00038339682,0
12,linha_19-20,Ploss,0.00038283794,0
13,linha_19-20,Ploss,0.00037568825,0
14,linha_19-20,Ploss,0.00036155653,0
15,linha_19-20,Ploss,0.00036150064,0
16,linha_19-20,Ploss,0.00037702158,0
17,linha_19-20,Ploss,0.00040448086,0
18,linha_19-20,Ploss,0.00048359218,0
19,linha_19-20,Ploss,0.00063439253,0
20,linha_19-20,Ploss,0.00067536452,0
21,linha_19-20,Ploss,0.00068993419,0
22,linha_19-20,Ploss,0.00074191412,0
23,linha_19-20,Ploss,0.00077974269,0
24,linha_19-20,Ploss,0.00077614509,0
1,linha_20-21,Ploss,0.00023061938,0
2,linha_20-21,Ploss,0.00023582018,0
3,linha_20-21,Ploss,0.00023959241,0
4,linha_20-21,Ploss,0.00024132468,0
5,linha_20-21,Ploss,0.00023898302,0
6,linha_20-21,Ploss,0.00022529471,0
7,linha_20-21,Ploss,0.00020824775,0
8,linha_20-21,Ploss,0.00020432567,0
9,linha_20-21,Ploss,0.00019722078,0
10,linha_20-21,Ploss,0.00019268132,0
11,linha_20-21,Ploss,0.00019189011,0
12,linha_20-21,Ploss,0.00019161039,0
13,linha_20-21,Ploss,0.00018803197,0
14,linha_20-21,Ploss,0.00018095904,0
15,linha_20-21,Ploss,0.00018093107,0
16,linha_20-21,Ploss,0.0001886993,0
17,linha_20-21,Ploss,0.00020094905,0
18,linha_20-21,Ploss,0.00021417383,0
19,linha_20-21,Ploss,0.00023938262,0
20,linha_20-21,Ploss,0.00024623177,0
21,linha_20-21,Ploss,0.00024866733,0
22,linha_20-21,Ploss,0.00025735664,0
23,linha_20-21,Ploss,0.00026368032,0
24,linha_20-21,Ploss,0.00026307892,0
1,linha_21-22,Ploss,0.0,0
2,linha_21-22,Ploss,0.0,0
3,linha_21-22,Ploss,0.0,0
4,linha_21-22,Ploss,0.0,0
5,linha_21-22,Ploss,0.0,0
6,linha_21-22,Ploss,0.0,0
7,linha_21-22,Ploss,0.0,0
8,linha_21-22,Ploss,0.0,0
9,linha_21-22,Ploss,0.0,0
10,linha_21-22,Ploss,0.0,0
11,linha_21-22,Ploss,0.0,0
12,linha_21-22,Ploss,0.0,0
13,linha_21-22,Ploss,0.0,0
14,linha_21-22,Ploss,0.0,0
15,linha_21-22,Ploss,0.0,0
16,linha_21-22,Ploss,0.0,0
17,linha_21-22,Ploss,0.0,0
18,linha_21-22,Ploss,0.0,0
19,linha_21-22,Ploss,0.0,0
20,linha_21-22,Ploss,0.0,0
21,linha_21-22,Ploss,0.0,0
22,linha_21-22,Ploss,0.0,0
23,linha_21-22,Ploss,0.0,0
24,linha_21-22,Ploss,0.0,0
1,linha_22-23,Ploss,0.00023061938,0
2,linha_22-23,Ploss,0.00023582018,0
3,linha_22-23,Ploss,0.00023959241,0
4,linha_22-23,Ploss,0.00024132468,0
5,linha_22-23,Ploss,0.00023898302,0
6,linha_22-23,Ploss,0.00022529471,0
7,linha_22-23,Ploss,0.00020824775,0
8,linha_22-23,Ploss,0.00020432567,0
9,linha_22-23,Ploss,0.00019722078,0
10,linha_22-23,Ploss,0.00019268132,0
11,linha_22-23,Ploss,0.00019189011,0
12,linha_22-23,Ploss,0.00019161039,0
13,linha_22-23,Ploss,0.00018803197,0
14,linha_22-23,Ploss,0.00018095904,0
15,linha_22-23,Ploss,0.00018093107,0
16,linha_22-23,Ploss,0.0001886993,0
17,linha_22-23,Ploss,0.00020094905,0
18,linha_22-23,Ploss,0.00021417383,0
19,linha_22-23,Ploss,0.00023938262,0
20,linha_22-23,Ploss,0.00024623177,0
21,linha_22-23,Ploss,0.00024866733,0
22,linha_22-23,Ploss,0.00025735664,0
23,linha_22-23,Ploss,0.00026368032,0
24,linha_22-23,Ploss,0.00026307892,0
1,linha_23-24,Ploss,0.00058197037,0
2,linha_23-24,Ploss,0.00061308183,0
3,linha_23-24,Ploss,0.0006356475,0
4,linha_23-24,Ploss,0.00064601002,0
5,linha_23-24,Ploss,0.0006320021,0
6,linha_23-24,Ploss,0.00055011788,0
7,linha_23-24,Ploss,0.00044814209,0
8,linha_23-24,Ploss,0.00042468001,0
9,linha_23-24,Ploss,0.00039404751,0
10,linha_23-24,Ploss,0.00038497766,0
11,linha_23-24,Ploss,0.00038339682,0
12,linha_23-24,Ploss,0.00038283794,0
13,linha_23-24,Ploss,0.00037568825,0
14,linha_23-24,Ploss,0.00036155653,0
15,linha_23-24,Ploss,0.00036150064,0
16,linha_23-24,Ploss,0.00037702158,0
17,linha_23-24,Ploss,0.00040448086,0
18,linha_23-24,Ploss,0.00048359218,0
19,linha_23-24,Ploss,0.00063439253,0
20,linha_23-24,Ploss,0.00067536452,0
21,linha_23-24,Ploss,0.00068993419,0
22,linha_23-24,Ploss,0.00074191412,0
23,linha_23-24,Ploss,0.00077974269,0
24,linha_23-24,Ploss,0.00077614509,0
1,linha_24-25,Ploss,0.0012689676,0
2,linha_24-25,Ploss,0.0013154642,0
3,linha_24-25,Ploss,0.001349189,0
4,linha_24-25,Ploss,0.001364676,0
5,linha_24-25,Ploss,0.0013437409,0
6,linha_24-25,Ploss,0.0012213634,0
7,linha_24-25,Ploss,0.0010689588,0
8,linha_24-25,Ploss,0.0010338943,0
9,linha_24-25,Ploss,0.00097030348,0
10,linha_24-25,Ploss,0.00092961121,0
11,linha_24-25,Ploss,0.00092251872,0
12,linha_24-25,Ploss,0.00092001128,0
13,linha_24-25,Ploss,0.00088793388,0
14,linha_24-25,Ploss,0.00082453131,0
15,linha_24-25,Ploss,0.00082428057,0
16,linha_24-25,Ploss,0.00089391593,0
17,linha_24-25,Ploss,0.0010037063,0
18,linha_24-25,Ploss,0.0011219396,0
19,linha_24-25,Ploss,0.0013473134,0
20,linha_24-25,Ploss,0.0014085468,0
21,linha_24-25,Ploss,0.0014303214,0
22,linha_24-25,Ploss,0.0015080064,0
23,linha_24-25,Ploss,0.0015645418,0
24,linha_24-25,Ploss,0.0015591652,0
1,linha_25-26,Ploss,0.00058197037,0
2,linha_25-26,Ploss,0.00061308183,0
3,linha_25-26,Ploss,0.0006356475,0
4,linha_25-26,Ploss,0.00064601002,0
5,linha_25-26,Ploss,0.0006320021,0
6,linha_25-26,Ploss,0.00055011788,0
7,linha_25-26,Ploss,0.00044814209,0
8,linha_25-26,Ploss,0.00042468001,0
9,linha_25-26,Ploss,0.00039404751,0
10,linha_25-26,Ploss,0.00038497766,0
11,linha_25-26,Ploss,0.00038339682,0
12,linha_25-26,Ploss,0.00038283794,0
13,linha_25-26,Ploss,0.00037568825,0
14,linha_25-26,Ploss,0.00036155653,0
15,linha_25-26,Ploss,0.00036150064,0
16,linha_25-26,Ploss,0.00037702158,0
17,linha_25-26,Ploss,0.00040448086,0
18,linha_25-26,Ploss,0.00048359218,0
19,linha_25-26,Ploss,0.00063439253,0
20,linha_25-26,Ploss,0.00067536452,0
21,linha_25-26,Ploss,0.00068993419,0
22,linha_25-26,Ploss,0.00074191412,0
23,linha_25-26,Ploss,0.00077974269,0
24,linha_25-26,Ploss,0.00077614509,0
1,linha_26-27,Ploss,0.00023061938,0
2,linha_26-27,Ploss,0.00023582018,0
3,linha_26-27,Ploss,0.00023959241,0
4,linha_26-27,Ploss,0.00024132468,0
5,linha_26-27,Ploss,0.00023898302,0
6,linha_26-27,Ploss,0.00022529471,0
7,linha_26-27,Ploss,0.00020824775,0
8,linha_26-27,Ploss,0.00020432567,0
9,linha_26-27,Ploss,0.00019722078,0
10,linha_26-27,Ploss,0.00019268132,0
11,linha_26-27,Ploss,0.00019189011,0
12,linha_26-27,Ploss,0.00019161039,0
13,linha_26-27,Ploss,0.00018803197,0
14,linha_26-27,Ploss,0.00018095904,0
15,linha_26-27,Ploss,0.00018093107,0
16,linha_26-27,Ploss,0.0001886993,0
17,linha_26-27,Ploss,0.00020094905,0
18,linha_26-27,Ploss,0.00021417383,0
19,linha_26-27,Ploss,0.00023938262,0
20,linha_26-27,Ploss,0.00024623177,0
21,linha_26-27,Ploss,0.00024866733,0
22,linha_26-27,Ploss,0.00025735664,0
23,linha_26-27,Ploss,0.00026368032,0
24,linha_26-27,Ploss,0.00026307892,0
1,linha_27-28,Ploss,0.0,0
2,linha_27-28,Ploss,0.0,0
3,linha_27-28,Ploss,0.0,0
4,linha_27-28,Ploss,0.0,0
5,linha_27-28,Ploss,0.0,0
6,linha_27-28,Ploss,0.0,0
7,linha_27-28,Ploss,0.0,0
8,linha_27-28,Ploss,0.0,0
9,linha_27-28,Ploss,0.0,0
10,linha_27-28,Ploss,0.0,0
11,linha_27-28,Ploss,0.0,0
12,linha_27-28,Ploss,0.0,0
13,linha_27-28,Ploss,0.0,0
14,linha_27-28,Ploss,0.0,0
15,linha_27-28,Ploss,0.0,0
16,linha_27-28,Ploss,0.0,0
17,linha_27-28,Ploss,0.0,0
18,linha_27-28,Ploss,0.0,0
19,linha_27-28,Ploss,0.0,0
20,linha_27-28,Ploss,0.0,0
21,linha_27-28,Ploss,0.0,0
22,linha_27-28,Ploss,0.0,0
23,linha_27-28,Ploss,0.0,0
24,linha_27-28,Ploss,0.0,0
1,linha_28-29,Ploss,0.00023061938,0
2,linha_28-29,Ploss,0.00023582018,0
3,linha_28-29,Ploss,0.00023959241,0
4,linha_28-29,Ploss,0.00024132468,0
5,linha_28-29,Ploss,0.00023898302,0
6,linha_28-29,Ploss,0.00022529471,0
7,linha_28-29,Ploss,0.00020824775,0
8,linha_28-29,Ploss,0.00020432567,0
9,linha_28-29,Ploss,0.00019722078,0
10,linha_28-29,Ploss,0.00019268132,0
11,linha_28-29,Ploss,0.00019189011,0
12,linha_28-29,Ploss,0.00019161039,0
13,linha_28-29,Ploss,0.00018803197,0
14,linha_28-29,Ploss,0.00018095904,0
15,linha_28-29,Ploss,0.00018093107,0
16,linha_28-29,Ploss,0.0001886993,0
17,linha_28-29,Ploss,0.00020094905,0
18,linha_28-29,Ploss,0.00021417383,0
19,linha_28-29,Ploss,0.00023938262,0
20,linha_28-29,Ploss,0.00024623177,0
21,linha_28-29,Ploss,0.00024866733,0
22,linha_28-29,Ploss,0.00025735664,0
23,linha_28-29,Ploss,0.00026368032,0
24,linha_28-29,Ploss,0.00026307892,0
1,linha_29-30,Ploss,0.00058197037,0
2,linha_29-30,Ploss,0.00061308183,0
3,linha_29-30,Ploss,0.0006356475,0
4,linha_29-30,Ploss,0.00064601002,0
5,linha_29-30,Ploss,0.0006320021,0
6,linha_29-30,Ploss,0.00055011788,0
7,linha_29-30,Ploss,0.00044814209,0
8,linha_29-30,Ploss,0.00042468001,0
9,linha_29-30,Ploss,0.00039404751,0
10,linha_29-30,Ploss,0.00038497766,0
11,linha_29-30,Ploss,0.00038339682,0
12,linha_29-30,Ploss,0.00038283794,0
13,linha_29-30,Ploss,0.00037568825,0
14,linha_29-30,Ploss,0.00036155653,0
15,linha_29-30,Ploss,0.00036150064,0
16,linha_29-30,Ploss,0.00037702158,0
17,linha_29-30,Ploss,0.00040448086,0
18,linha_29-30,Ploss,0.00048359218,0
19,linha_29-30,Ploss,0.00063439253,0
20,linha_29-30,Ploss,0.00067536452,0
21,linha_29-30,Ploss,0.00068993419,0
22,linha_29-30,Ploss,0.00074191412,0
23,linha_29-30,Ploss,0.00077974269,0
24,linha_29-30,Ploss,0.00077614509,0
1,linha_30-31,Ploss,0.0012689676,0
2,linha_30-31,Ploss,0.0013154642,0
3,linha_30-31,Ploss,0.001349189,0
4,linha_30-31,Ploss,0.001364676,0
5,linha_30-31,Ploss,0.0013437409,0
6,linha_30-31,Ploss,0.0012213634,0
7,linha_30-31,Ploss,0.0010689588,0
8,linha_30-31,Ploss,0.0010338943,0
9,linha_30-31,Ploss,0.00097030348,0
10,linha_30-31,Ploss,0.00092961121,0
11,linha_30-31,Ploss,0.00092251872,0
12,linha_30-31,Ploss,0.00092001128,0
13,linha_30-31,Ploss,0.00088793388,0
14,linha_30-31,Ploss,0.00082453131,0
15,linha_30-31,Ploss,0.00082428057,0
16,linha_30-31,Ploss,0.00089391593,0
17,linha_30-31,Ploss,0.0010037063,0
18,linha_30-31,Ploss,0.0011219396,0
19,linha_30-31,Ploss,0.0013473134,0
20,linha_30-31,Ploss,0.0014085468,0
21,linha_30-31,Ploss,0.0014303214,0
22,linha_30-31,Ploss,0.0015080064,0
23,linha_30-31,Ploss,0.0015645418,0
24,linha_30-31,Ploss,0.0015591652,0
1,linha_31-32,Ploss,0.00058197037,0
2,linha_31-32,Ploss,0.00061308183,0
3,linha_31-32,Ploss,0.0006356475,0
4,linha_31-32,Ploss,0.00064601002,0
5,linha_31-32,Ploss,0.0006320021,0
6,linha_31-32,Ploss,0.00055011788,0
7,linha_31-32,Ploss,0.00044814209,0
8,linha_31-32,Ploss,0.00042468001,0
9,linha_31-32,Ploss,0.00039404751,0
10,linha_31-32,Ploss,0.00038497766,0
11,linha_31-32,Ploss,0.00038339682,0
12,linha_31-32,Ploss,0.00038283794,0
13,linha_31-32,Ploss,0.00037568825,0
14,linha_31-32,Ploss,0.00036155653,0
15,linha_31-32,Ploss,0.00036150064,0
16,linha_31-32,Ploss,0.00037702158,0
17,linha_31-32,Ploss,0.00040448086,0
18,linha_31-32,Ploss,0.00048359218,0
19,linha_31-32,Ploss,0.00063439253,0
20,linha_31-32,Ploss,0.00067536452,0
21,linha_31-32,Ploss,0.00068993419,0
22,linha_31-32,Ploss,0.00074191412,0
23,linha_31-32,Ploss,0.00077974269,0
24,linha_31-32,Ploss,0.00077614509,0
1,linha_32-33,Ploss,0.00023061938,0
2,linha_32-33,Ploss,0.00023582018,0
3,linha_32-33,Ploss,0.00023959241,0
4,linha_32-33,Ploss,0.00024132468,0
5,linha_32-33,Ploss,0.00023898302,0
6,linha_32-33,Ploss,0.00022529471,0
7,linha_32-33,Ploss,0.00020824775,0
8,linha_32-33,Ploss,0.00020432567,0
9,linha_32-33,Ploss,0.00019722078,0
10,linha_32-33,Ploss,0.00019268132,0
11,linha_32-33,Ploss,0.00019189011,0
12,linha_32-33,Ploss,0.00019161039,0
13,linha_32-33,Ploss,0.00018803197,0
14,linha_32-33,Ploss,0.00018095904,0
15,linha_32-33,Ploss,0.00018093107,0
16,linha_32-33,Ploss,0.0001886993,0
17,linha_32-33,Ploss,0.00020094905,0
18,linha_32-33,Ploss,0.00021417383,0
19,linha_32-33,Ploss,0.00023938262,0
20,linha_32-33,Ploss,0.00024623177,0
21,linha_32-33,Ploss,0.00024866733,0
22,linha_32-33,Ploss,0.00025735664,0
23,linha_32-33,Ploss,0.00026368032,0
24,linha_32-33,Ploss,0.00026307892,0
1,barra_1,theta,0.0,0
2,barra_1,theta,0.0,0
3,barra_1,theta,0.0,0
4,barra_1,theta,0.0,0
5,barra_1,theta,0.0,0
6,barra_1,theta,0.0,0
7,barra_1,theta,0.0,0
8,barra_1,theta,0.0,0
9,barra_1,theta,0.0,0
10,barra_1,theta,0.0,0
11,barra_1,theta,0.0,0
12,barra_1,theta,0.0,0
13,barra_1,theta,0.0,0
14,barra_1,theta,0.0,0
15,barra_1,theta,0.0,0
16,barra_1,theta,0.0,0
17,barra_1,theta,0.0,0
18,barra_1,theta,0.0,0
19,barra_1,theta,0.0,0
20,barra_1,theta,0.0,0
21,barra_1,theta,0.0,0
22,barra_1,theta,0.0,0
23,barra_1,theta,0.0,0
24,barra_1,theta,0.0,0
1,barra_2,theta,0.0096091409,0
2,barra_2,theta,0.0098258408,0
3,barra_2,theta,0.009983017,0
4,barra_2,theta,0.010055195,0
5,barra_2,theta,0.0099576257,0
6,barra_2,theta,0.0093872794,0
7,barra_2,theta,0.0086769897,0
8,barra_2,theta,0.0085135698,0
9,barra_2,theta,0.0082175325,0
10,barra_2,theta,0.0080283883,0
11,barra_2,theta,0.0079954212,0
12,barra_2,theta,0.0079837662,0
13,barra_2,theta,0.0078346653,0
14,barra_2,theta,0.00753996,0
15,barra_2,theta,0.0075387945,0
16,barra_2,theta,0.0078624709,0
17,barra_2,theta,0.0083728771,0
18,barra_2,theta,0.0089239094,0
19,barra_2,theta,0.0099742757,0
20,barra_2,theta,0.010259657,0
21,barra_2,theta,0.010361139,0
22,barra_2,theta,0.010723193,0
23,barra_2,theta,0.01098668,0
24,barra_2,theta,0.010961622,0
1,barra_3,theta,0.028803174,0
2,barra_3,theta,0.029451977,0
3,barra_3,theta,0.029922566,0
4,barra_3,theta,0.030138667,0
5,barra_3,theta,0.029846544,0
6,barra_3,theta,0.028138917,0
7,barra_3,theta,0.026012296,0
8,barra_3,theta,0.025523014,0
9,barra_3,theta,0.024636179,0
10,barra_3,theta,0.024069124,0
11,barra_3,theta,0.023970289,0
12,barra_3,theta,0.023935347,0
13,barra_3,theta,0.023488342,0
14,barra_3,theta,0.022604815,0
15,barra_3,theta,0.022601321,0
16,barra_3,theta,0.023571703,0
17,barra_3,theta,0.025101778,0
18,barra_3,theta,0.026751579,0
19,barra_3,theta,0.029896394,0
20,barra_3,theta,0.030750831,0
21,barra_3,theta,0.031054669,0
22,barra_3,theta,0.032138667,0
23,barra_3,theta,0.032927551,0
24,barra_3,theta,0.032852526,0
1,barra_4,theta,0.057538834,0
2,barra_4,theta,0.058833425,0
3,barra_4,theta,0.059772413,0
4,barra_4,theta,0.060203611,0
5,barra_4,theta,0.059620722,0
6,barra_4,theta,0.056213409,0
7,barra_4,theta,0.051970057,0
8,barra_4,theta,0.050993768,0
9,barra_4,theta,0.049223727,0
10,barra_4,theta,0.048091502,0
11,barra_4,theta,0.04789416,0
12,barra_4,theta,0.047824393,0
13,barra_4,theta,0.046931868,0
14,barra_4,theta,0.04516775,0
15,barra_4,theta,0.045160773,0
16,barra_4,theta,0.047098313,0
17,barra_4,theta,0.050153254,0
18,barra_4,theta,0.053445184,0
19,barra_4,theta,0.059720191,0
20,barra_4,theta,0.061425092,0
21,barra_4,theta,0.062031356,0
22,barra_4,theta,0.064194311,0
23,barra_4,theta,0.06576841,0
24,barra_4,theta,0.065618709,0
1,barra_5,theta,0.095749319,0
2,barra_5,theta,0.097900393,0
3,barra_5,theta,0.099460603,0
4,barra_5,theta,0.10017708,0
5,barra_5,theta,0.099208556,0
6,barra_5,theta,0.093547009,0
7,barra_5,theta,0.086496314,0
8,barra_5,theta,0.084874125,0
9,barra_5,theta,0.081931805,0
10,barra_5,theta,0.080049024,0
11,barra_5,theta,0.079720863,0
12,barra_5,theta,0.079604846,0
13,barra_5,theta,0.078120664,0
14,barra_5,theta,0.075187105,0
15,barra_5,theta,0.075175503,0
16,barra_5,theta,0.078397446,0
17,barra_5,theta,0.08347752,0
18,barra_5,theta,0.088947364,0
19,barra_5,theta,0.099373833,0
20,barra_5,theta,0.10220667,0
21,barra_5,theta,0.10321403,0
22,barra_5,theta,0.10680797,0
23,barra_5,theta,0.10942347,0
24,barra_5,theta,0.10917473,0
1,barra_6,theta,0.1433495,0
2,barra_6,theta,0.14656437,0
3,barra_6,theta,0.14889617,0
4,barra_6,theta,0.14996697,0
5,barra_6,theta,0.14851948,0
6,barra_6,theta,0.14005805,0
7,barra_6,theta,0.12952048,0
8,barra_6,theta,0.12709605,0
9,barra_6,theta,0.12269702,0
10,barra_6,theta,0.11988126,0
11,barra_6,theta,0.11939049,0
12,barra_6,theta,0.11921698,0
13,barra_6,theta,0.11699734,0
14,barra_6,theta,0.11261012,0
15,barra_6,theta,0.11259277,0
16,barra_6,theta,0.11741128,0
17,barra_6,theta,0.12500874,0
18,barra_6,theta,0.13318369,0
19,barra_6,theta,0.14876649,0
20,barra_6,theta,0.15299872,0
21,barra_6,theta,0.15450327,0
22,barra_6,theta,0.15987104,0
23,barra_6,theta,0.16377744,0
24,barra_6,theta,0.16340593,0
1,barra_7,theta,0.11001617,0
2,barra_7,theta,0.11323104,0
3,barra_7,theta,0.11556284,0
4,barra_7,theta,0.11651269,0
5,barra_7,theta,0.11518615,0
6,barra_7,theta,0.10796706,0
7,barra_7,theta,0.10236477,0
8,barra_7,theta,0.10107583,0
9,barra_7,theta,0.097862437,0
10,barra_7,theta,0.095235449,0
11,barra_7,theta,0.094777576,0
12,barra_7,theta,0.094615702,0
13,barra_7,theta,0.092544868,0
14,barra_7,theta,0.088451761,0
15,barra_7,theta,0.088435574,0
16,barra_7,theta,0.092931053,0
17,barra_7,theta,0.099895526,0
18,barra_7,theta,0.10431231,0
19,barra_7,theta,0.11543316,0
20,barra_7,theta,0.11853268,0
21,barra_7,theta,0.11953507,0
22,barra_7,theta,0.12311126,0
23,barra_7,theta,0.12571384,0
24,barra_7,theta,0.12546633,0
1,barra_8,theta,0.086196792,0
2,barra_8,theta,0.089629234,0
3,barra_8,theta,0.092118842,0
4,barra_8,theta,0.09301924,0
5,barra_8,theta,0.091716654,0
6,barra_8,theta,0.085174751,0
7,barra_8,theta,0.083824308,0
8,barra_8,theta,0.083513605,0
9,barra_8,theta,0.08119577,0
10,barra_8,theta,0.078568782,0
11,barra_8,theta,0.078110909,0
12,barra_8,theta,0.077949035,0
13,barra_8,theta,0.075878201,0
14,barra_8,theta,0.071785095,0
15,barra_8,theta,0.071768907,0
16,barra_8,theta,0.076264387,0
17,barra_8,theta,0.083104515,0
18,barra_8,theta,0.084293766,0
19,barra_8,theta,0.091980384,0
20,barra_8,theta,0.094224642,0
21,barra_8,theta,0.094822718,0
22,barra_8,theta,0.096956463,0
23,barra_8,theta,0.098509303,0
24,barra_8,theta,0.098361624,0
1,barra_9,theta,0.071943789,0
2,barra_9,theta,0.075811805,0
3,barra_9,theta,0.078617343,0
4,barra_9,theta,0.079540412,0
5,barra_9,theta,0.078164118,0
6,barra_9,theta,0.07173062,0
7,barra_9,theta,0.073937334,0
8,barra_9,theta,0.074445044,0
9,barra_9,theta,0.072729721,0
10,barra_9,theta,0.06991321,0
11,barra_9,theta,0.069422304,0
12,barra_9,theta,0.069248751,0
13,barra_9,theta,0.067028518,0
14,barra_9,theta,0.062640117,0
15,barra_9,theta,0.062622761,0
16,barra_9,theta,0.067442565,0
17,barra_9,theta,0.074669279,0
18,barra_9,theta,0.073170209,0
19,barra_9,theta,0.078461315,0
20,barra_9,theta,0.080132836,0
21,barra_9,theta,0.08042667,0
22,barra_9,theta,0.081474974,0
23,barra_9,theta,0.082237881,0
24,barra_9,theta,0.082165327,0
1,barra_10,theta,0.067290631,0
2,barra_10,theta,0.071812227,0
3,barra_10,theta,0.075091817,0
4,barra_10,theta,0.076109926,0
5,barra_10,theta,0.074562011,0
6,barra_10,theta,0.067665647,0
7,barra_10,theta,0.072724927,0
8,barra_10,theta,0.073888941,0
9,barra_10,theta,0.072480706,0
10,barra_10,theta,0.06928477,0
11,barra_10,theta,0.068727732,0
12,barra_10,theta,0.0685308,0
13,barra_10,theta,0.066011468,0
14,barra_10,theta,0.061031885,0
15,barra_10,theta,0.061012192,0
16,barra_10,theta,0.066481293,0
17,barra_10,theta,0.074606796,0
18,barra_10,theta,0.070966157,0
19,barra_10,theta,0.074909425,0
20,barra_10,theta,0.076293016,0
21,barra_10,theta,0.076383682,0
22,barra_10,theta,0.076707153,0
23,barra_10,theta,0.076942559,0
24,barra_10,theta,0.076920171,0
1,barra_11,theta,0.072246613,0
2,barra_11,theta,0.077638489,0
3,barra_11,theta,0.081549308,0
4,barra_11,theta,0.082734634,0
5,barra_11,theta,0.080917529,0
6,barra_11,theta,0.072987953,0
7,barra_11,theta,0.08018951,0
8,barra_11,theta,0.081846408,0
9,barra_11,theta,0.080449224,0
10,barra_11,theta,0.076684719,0
11,barra_11,theta,0.076028582,0
12,barra_11,theta,0.075796614,0
13,barra_11,theta,0.072829084,0
14,barra_11,theta,0.066963614,0
15,barra_11,theta,0.066940417,0
16,barra_11,theta,0.073382493,0
17,barra_11,theta,0.08291719,0
18,barra_11,theta,0.077686015,0
19,barra_11,theta,0.08133181,0
20,barra_11,theta,0.082712852,0
21,barra_11,theta,0.082701834,0
22,barra_11,theta,0.082662525,0
23,barra_11,theta,0.082633917,0
24,barra_11,theta,0.082636638,0
1,barra_12,theta,0.086801834,0
2,barra_12,theta,0.093278951,0
3,barra_12,theta,0.097976914,0
4,barra_12,theta,0.0994013,0
5,barra_12,theta,0.097217974,0
6,barra_12,theta,0.087686905,0
7,barra_12,theta,0.096316168,0
8,barra_12,theta,0.098301546,0
9,barra_12,theta,0.096619354,0
10,barra_12,theta,0.092098271,0
11,barra_12,theta,0.091310265,0
12,barra_12,theta,0.091031678,0
13,barra_12,theta,0.087467743,0
14,barra_12,theta,0.08042345,0
15,barra_12,theta,0.080395592,0
16,barra_12,theta,0.088132374,0
17,barra_12,theta,0.099583856,0
18,barra_12,theta,0.093316356,0
19,barra_12,theta,0.09771564,0
20,barra_12,theta,0.099379519,0
21,barra_12,theta,0.099368501,0
22,barra_12,theta,0.099329191,0
23,barra_12,theta,0.099300584,0
24,barra_12,theta,0.099303304,0
1,barra_13,theta,0.11092222,0
2,barra_13,theta,0.11869652,0
3,barra_13,theta,0.12433535,0
4,barra_13,theta,0.12606988,0
5,barra_13,theta,0.12342442,0
6,barra_13,theta,0.11172903,0
7,barra_13,theta,0.12107143,0
8,barra_13,theta,0.12322089,0
9,barra_13,theta,0.12095938,0
10,barra_13,theta,0.11549597,0
11,barra_13,theta,0.11454372,0
12,barra_13,theta,0.11420706,0
13,barra_13,theta,0.1099003,0
14,barra_13,theta,0.10138777,0
15,barra_13,theta,0.1013541,0
16,barra_13,theta,0.11070346,0
17,barra_13,theta,0.12457347,0
18,barra_13,theta,0.11782371,0
19,barra_13,theta,0.12402175,0
20,barra_13,theta,0.12625215,0
21,barra_13,theta,0.12634241,0
22,barra_13,theta,0.12666444,0
23,barra_13,theta,0.12689879,0
24,barra_13,theta,0.1268765,0
1,barra_14,theta,0.14455417,0
2,barra_14,theta,0.15383116,0
3,barra_14,theta,0.16055992,0
4,barra_14,theta,0.16267401,0
5,barra_14,theta,0.15947291,0
6,barra_14,theta,0.14506236,0
7,barra_14,theta,0.15440477,0
8,barra_14,theta,0.15655422,0
9,barra_14,theta,0.15342141,0
10,barra_14,theta,0.14683254,0
11,barra_14,theta,0.14568413,0
12,barra_14,theta,0.14527813,0
13,barra_14,theta,0.14008417,0
14,barra_14,theta,0.12981807,0
15,barra_14,theta,0.12977747,0
16,barra_14,theta,0.14105278,0
17,barra_14,theta,0.15783624,0
18,barra_14,theta,0.15115705,0
19,barra_14,theta,0.16018571,0
20,barra_14,theta,0.16326236,0
21,barra_14,theta,0.16355418,0
22,barra_14,theta,0.16459527,0
23,barra_14,theta,0.16535293,0
24,barra_14,theta,0.16528087,0
1,barra_15,theta,0.13241261,0
2,barra_15,theta,0.14103994,0
3,barra_15,theta,0.14729748,0
4,barra_15,theta,0.14919519,0
5,barra_15,theta,0.1462866,0
6,barra_15,theta,0.13358595,0
7,barra_15,theta,0.1450578,0
8,barra_15,theta,0.14769719,0
9,barra_15,theta,0.14520388,0
10,barra_15,theta,0.13880415,0
11,barra_15,theta,0.13768871,0
12,barra_15,theta,0.13729436,0
13,barra_15,theta,0.13224951,0
14,barra_15,theta,0.12227811,0
15,barra_15,theta,0.12223867,0
16,barra_15,theta,0.13319031,0
17,barra_15,theta,0.14940101,0
18,barra_15,theta,0.14106981,0
19,barra_15,theta,0.14694947,0
20,barra_15,theta,0.14917056,0
21,barra_15,theta,0.14915813,0
22,barra_15,theta,0.14911378,0
23,barra_15,theta,0.14908151,0
24,barra_15,theta,0.14908458,0
1,barra_16,theta,0.12987513,0
2,barra_16,theta,0.13806862,0
3,barra_16,theta,0.1440115,0
4,barra_16,theta,0.1457647,0
5,barra_16,theta,0.14305145,0
6,barra_16,theta,0.13149263,0
7,barra_16,theta,0.14438648,0
8,barra_16,theta,0.14735304,0
9,barra_16,theta,0.14520388,0
10,barra_16,theta,0.13880415,0
11,barra_16,theta,0.13768871,0
12,barra_16,theta,0.13729436,0
13,barra_16,theta,0.13224951,0
14,barra_16,theta,0.12227811,0
15,barra_16,theta,0.12223867,0
16,barra_16,theta,0.13319031,0
17,barra_16,theta,0.14933853,0
18,barra_16,theta,0.13990416,0
19,barra_16,theta,0.14368099,0
20,barra_16,theta,0.14533074,0
21,barra_16,theta,0.14511514,0
22,barra_16,theta,0.14434596,0
23,barra_16,theta,0.14378619,0
24,barra_16,theta,0.14383942,0
1,barra_17,theta,0.13694678,0
2,barra_17,theta,0.14492314,0
3,barra_17,theta,0.15070853,0
4,barra_17,theta,0.15238941,0
5,barra_17,theta,0.14977392,0
6,barra_17,theta,0.13878659,0
7,barra_17,theta,0.15239216,0
8,barra_17,theta,0.15552246,0
9,barra_17,theta,0.15342141,0
10,barra_17,theta,0.14683254,0
11,barra_17,theta,0.14568413,0
12,barra_17,theta,0.14527813,0
13,barra_17,theta,0.14008417,0
14,barra_17,theta,0.12981807,0
15,barra_17,theta,0.12977747,0
16,barra_17,theta,0.14105278,0
17,barra_17,theta,0.15764892,0
18,barra_17,theta,0.14766242,0
19,barra_17,theta,0.15038678,0
20,barra_17,theta,0.15175057,0
21,barra_17,theta,0.15143329,0
22,barra_17,theta,0.15030133,0
23,barra_17,theta,0.14947754,0
24,barra_17,theta,0.14955589,0
1,barra_18,theta,0.15361345,0
2,barra_18,theta,0.16158981,0
3,barra_18,theta,0.16737519,0
4,barra_18,theta,0.16905607,0
5,barra_18,theta,0.16644059,0
6,barra_18,theta,0.15545326,0
7,barra_18,theta,0.16905882,0
8,barra_18,theta,0.17218912,0
9,barra_18,theta,0.16984006,0
10,barra_18,theta,0.16287328,0
11,barra_18,theta,0.161659,0
12,barra_18,theta,0.16122971,0
13,barra_18,theta,0.15573785,0
14,barra_18,theta,0.14488292,0
15,barra_18,theta,0.14483999,0
16,barra_18,theta,0.15676202,0
17,barra_18,theta,0.17431559,0
18,barra_18,theta,0.16432909,0
19,barra_18,theta,0.16705344,0
20,barra_18,theta,0.16841724,0
21,barra_18,theta,0.16809996,0
22,barra_18,theta,0.166968,0
23,barra_18,theta,0.16614421,0
24,barra_18,theta,0.16622255,0
1,barra_19,theta,0.12487779,0
2,barra_19,theta,0.13220836,0
3,barra_19,theta,0.13752535,0
4,barra_19,theta,0.13899113,0
5,barra_19,theta,0.13666641,0
6,barra_19,theta,0.12737877,0
7,barra_19,theta,0.14310106,0
8,barra_19,theta,0.14671837,0
9,barra_19,theta,0.14525251,0
10,barra_19,theta,0.1388509,0
11,barra_19,theta,0.13773513,0
12,barra_19,theta,0.13734066,0
13,barra_19,theta,0.13229432,0
14,barra_19,theta,0.12231999,0
15,barra_19,theta,0.12228054,0
16,barra_19,theta,0.13323541,0
17,barra_19,theta,0.14926411,0
18,barra_19,theta,0.13763548,0
19,barra_19,theta,0.13722965,0
20,barra_19,theta,0.13774298,0
21,barra_19,theta,0.13712327,0
22,barra_19,theta,0.13491235,0
23,barra_19,theta,0.13330335,0
24,barra_19,theta,0.13345637,0
1,barra_20,theta,0.10568376,0
2,barra_20,theta,0.11258222,0
3,barra_20,theta,0.1175858,0
4,barra_20,theta,0.11890766,0
5,barra_20,theta,0.11677749,0
6,barra_20,theta,0.10862713,0
7,barra_20,theta,0.12576576,0
8,barra_20,theta,0.12970893,0
9,barra_20,theta,0.12883386,0
10,barra_20,theta,0.12281016,0
11,barra_20,theta,0.12176026,0
12,barra_20,theta,0.12138908,0
13,barra_20,theta,0.11664065,0
14,barra_20,theta,0.10725513,0
15,barra_20,theta,0.10721802,0
16,barra_20,theta,0.11752617,0
17,barra_20,theta,0.13253521,0
18,barra_20,theta,0.11980781,0
19,barra_20,theta,0.11730753,0
20,barra_20,theta,0.11725181,0
21,barra_20,theta,0.11642974,0
22,barra_20,theta,0.11349688,0
23,barra_20,theta,0.11136248,0
24,barra_20,theta,0.11156547,0
1,barra_21,theta,0.096074616,0
2,barra_21,theta,0.10275638,0
3,barra_21,theta,0.10760278,0
4,barra_21,theta,0.10885246,0
5,barra_21,theta,0.10681986,0
6,barra_21,theta,0.099239849,0
7,barra_21,theta,0.11708877,0
8,barra_21,theta,0.12119536,0
9,barra_21,theta,0.12061633,0
10,barra_21,theta,0.11478178,0
11,barra_21,theta,0.11376484,0
12,barra_21,theta,0.11340531,0
13,barra_21,theta,0.10880598,0
14,barra_21,theta,0.099715173,0
15,barra_21,theta,0.099679221,0
16,barra_21,theta,0.1096637,0
17,barra_21,theta,0.12416233,0
18,barra_21,theta,0.1108839,0
19,barra_21,theta,0.10733325,0
20,barra_21,theta,0.10699215,0
21,barra_21,theta,0.1060686,0
22,barra_21,theta,0.10277369,0
23,barra_21,theta,0.1003758,0
24,barra_21,theta,0.10060385,0
1,barra_22,theta,0.096074616,0
2,barra_22,theta,0.10275638,0
3,barra_22,theta,0.10760278,0
4,barra_22,theta,0.10885246,0
5,barra_22,theta,0.10681986,0
6,barra_22,theta,0.099239849,0
7,barra_22,theta,0.11708877,0
8,barra_22,theta,0.12119536,0
9,barra_22,theta,0.12061633,0
10,barra_22,theta,0.11478178,0
11,barra_22,theta,0.11376484,0
12,barra_22,theta,0.11340531,0
13,barra_22,theta,0.10880598,0
14,barra_22,theta,0.099715173,0
15,barra_22,theta,0.099679221,0
16,barra_22,theta,0.1096637,0
17,barra_22,theta,0.12416233,0
18,barra_22,theta,0.1108839,0
19,barra_22,theta,0.10733325,0
20,barra_22,theta,0.10699215,0
21,barra_22,theta,0.1060686,0
22,barra_22,theta,0.10277369,0
23,barra_22,theta,0.1003758,0
24,barra_22,theta,0.10060385,0
1,barra_23,theta,0.10568376,0
2,barra_23,theta,0.11258222,0
3,barra_23,theta,0.1175858,0
4,barra_23,theta,0.11890766,0
5,barra_23,theta,0.11677749,0
6,barra_23,theta,0.10862713,0
7,barra_23,theta,0.12576576,0
8,barra_23,theta,0.12970893,0
9,barra_23,theta,0.12883386,0
10,barra_23,theta,0.12281016,0
11,barra_23,theta,0.12176026,0
12,barra_23,theta,0.12138908,0
13,barra_23,theta,0.11664065,0
14,barra_23,theta,0.10725513,0
15,barra_23,theta,0.10721802,0
16,barra_23,theta,0.11752617,0
17,barra_23,theta,0.13253521,0
18,barra_23,theta,0.11980781,0
19,barra_23,theta,0.11730753,0
20,barra_23,theta,0.11725181,0
21,barra_23,theta,0.11642974,0
22,barra_23,theta,0.11349688,0
23,barra_23,theta,0.11136248,0
24,barra_23,theta,0.11156547,0
1,barra_24,theta,0.12487779,0
2,barra_24,theta,0.13220836,0
3,barra_24,theta,0.13752535,0
4,barra_24,theta,0.13899113,0
5,barra_24,theta,0.13666641,0
6,barra_24,theta,0.12737877,0
7,barra_24,theta,0.14310106,0
8,barra_24,theta,0.14671837,0
9,barra_24,theta,0.14525251,0
10,barra_24,theta,0.1388509,0
11,barra_24,theta,0.13773513,0
12,barra_24,theta,0.13734066,0
13,barra_24,theta,0.13229432,0
14,barra_24,theta,0.12231999,0
15,barra_24,theta,0.12228054,0
16,barra_24,theta,0.13323541,0
17,barra_24,theta,0.14926411,0
18,barra_24,theta,0.13763548,0
19,barra_24,theta,0.13722965,0
20,barra_24,theta,0.13774298,0
21,barra_24,theta,0.13712327,0
22,barra_24,theta,0.13491235,0
23,barra_24,theta,0.13330335,0
24,barra_24,theta,0.13345637,0
1,barra_25,theta,0.15361345,0
2,barra_25,theta,0.16158981,0
3,barra_25,theta,0.16737519,0
4,barra_25,theta,0.16905607,0
5,barra_25,theta,0.16644059,0
6,barra_25,theta,0.15545326,0
7,barra_25,theta,0.16905882,0
8,barra_25,theta,0.17218912,0
9,barra_25,theta,0.16984006,0
10,barra_25,theta,0.16287328,0
11,barra_25,theta,0.161659,0
12,barra_25,theta,0.16122971,0
13,barra_25,theta,0.15573785,0
14,barra_25,theta,0.14488292,0
15,barra_25,theta,0.14483999,0
16,barra_25,theta,0.15676202,0
17,barra_25,theta,0.17431559,0
18,barra_25,theta,0.16432909,0
19,barra_25,theta,0.16705344,0
20,barra_25,theta,0.16841724,0
21,barra_25,theta,0.16809996,0
22,barra_25,theta,0.166968,0
23,barra_25,theta,0.16614421,0
24,barra_25,theta,0.16622255,0
1,barra_26,theta,0.13441942,0
2,barra_26,theta,0.14196367,0
3,barra_26,theta,0.14743565,0
4,barra_26,theta,0.1489726,0
5,barra_26,theta,0.14655167,0
6,barra_26,theta,0.13670162,0
7,barra_26,theta,0.15172352,0
8,barra_26,theta,0.15517968,0
9,barra_26,theta,0.15342141,0
10,barra_26,theta,0.14683254,0
11,barra_26,theta,0.14568413,0
12,barra_26,theta,0.14527813,0
13,barra_26,theta,0.14008417,0
14,barra_26,theta,0.12981807,0
15,barra_26,theta,0.12977747,0
16,barra_26,theta,0.14105278,0
17,barra_26,theta,0.15758669,0
18,barra_26,theta,0.14650142,0
19,barra_26,theta,0.14713133,0
20,barra_26,theta,0.14792607,0
21,barra_26,theta,0.14740643,0
22,barra_26,theta,0.14555252,0
23,barra_26,theta,0.14420334,0
24,barra_26,theta,0.14433165,0
1,barra_27,theta,0.12481028,0
2,barra_27,theta,0.13213783,0
3,barra_27,theta,0.13745263,0
4,barra_27,theta,0.13891741,0
5,barra_27,theta,0.13659404,0
6,barra_27,theta,0.12731434,0
7,barra_27,theta,0.14304653,0
8,barra_27,theta,0.14666611,0
9,barra_27,theta,0.14520388,0
10,barra_27,theta,0.13880415,0
11,barra_27,theta,0.13768871,0
12,barra_27,theta,0.13729436,0
13,barra_27,theta,0.13224951,0
14,barra_27,theta,0.12227811,0
15,barra_27,theta,0.12223867,0
16,barra_27,theta,0.13319031,0
17,barra_27,theta,0.14921381,0
18,barra_27,theta,0.13757751,0
19,barra_27,theta,0.13715705,0
20,barra_27,theta,0.13766641,0
21,barra_27,theta,0.13704529,0
22,barra_27,theta,0.13482933,0
23,barra_27,theta,0.13321666,0
24,barra_27,theta,0.13337003,0
1,barra_28,theta,0.12481028,0
2,barra_28,theta,0.13213783,0
3,barra_28,theta,0.13745263,0
4,barra_28,theta,0.13891741,0
5,barra_28,theta,0.13659404,0
6,barra_28,theta,0.12731434,0
7,barra_28,theta,0.14304653,0
8,barra_28,theta,0.14666611,0
9,barra_28,theta,0.14520388,0
10,barra_28,theta,0.13880415,0
11,barra_28,theta,0.13768871,0
12,barra_28,theta,0.13729436,0
13,barra_28,theta,0.13224951,0
14,barra_28,theta,0.12227811,0
15,barra_28,theta,0.12223867,0
16,barra_28,theta,0.13319031,0
17,barra_28,theta,0.14921381,0
18,barra_28,theta,0.13757751,0
19,barra_28,theta,0.13715705,0
20,barra_28,theta,0.13766641,0
21,barra_28,theta,0.13704529,0
22,barra_28,theta,0.13482933,0
23,barra_28,theta,0.13321666,0
24,barra_28,theta,0.13337003,0
1,barra_29,theta,0.13441942,0
2,barra_29,theta,0.14196367,0
3,barra_29,theta,0.14743565,0
4,barra_29,theta,0.1489726,0
5,barra_29,theta,0.14655167,0
6,barra_29,theta,0.13670162,0
7,barra_29,theta,0.15172352,0
8,barra_29,theta,0.15517968,0
9,barra_29,theta,0.15342141,0
10,barra_29,theta,0.14683254,0
11,barra_29,theta,0.14568413,0
12,barra_29,theta,0.14527813,0
13,barra_29,theta,0.14008417,0
14,barra_29,theta,0.12981807,0
15,barra_29,theta,0.12977747,0
16,barra_29,theta,0.14105278,0
17,barra_29,theta,0.15758669,0
18,barra_29,theta,0.14650142,0
19,barra_29,theta,0.14713133,0
20,barra_29,theta,0.14792607,0
21,barra_29,theta,0.14740643,0
22,barra_29,theta,0.14555252,0
23,barra_29,theta,0.14420334,0
24,barra_29,theta,0.14433165,0
1,barra_30,theta,0.15361345,0
2,barra_30,theta,0.16158981,0
3,barra_30,theta,0.16737519,0
4,barra_30,theta,0.16905607,0
5,barra_30,theta,0.16644059,0
6,barra_30,theta,0.15545326,0
7,barra_30,theta,0.16905882,0
8,barra_30,theta,0.17218912,0
9,barra_30,theta,0.16984006,0
10,barra_30,theta,0.16287328,0
11,barra_30,theta,0.161659,0
12,barra_30,theta,0.16122971,0
13,barra_30,theta,0.15573785,0
14,barra_30,theta,0.14488292,0
15,barra_30,theta,0.14483999,0
16,barra_30,theta,0.15676202,0
17,barra_30,theta,0.17431559,0
18,barra_30,theta,0.16432909,0
19,barra_30,theta,0.16705344,0
20,barra_30,theta,0.16841724,0
21,barra_30,theta,0.16809996,0
22,barra_30,theta,0.166968,0
23,barra_30,theta,0.16614421,0
24,barra_30,theta,0.16622255,0
1,barra_31,theta,0.12487779,0
2,barra_31,theta,0.13220836,0
3,barra_31,theta,0.13752535,0
4,barra_31,theta,0.13899113,0
5,barra_31,theta,0.13666641,0
6,barra_31,theta,0.12737877,0
7,barra_31,theta,0.14310106,0
8,barra_31,theta,0.14671837,0
9,barra_31,theta,0.14525251,0
10,barra_31,theta,0.1388509,0
11,barra_31,theta,0.13773513,0
12,barra_31,theta,0.13734066,0
13,barra_31,theta,0.13229432,0
14,barra_31,theta,0.12231999,0
15,barra_31,theta,0.12228054,0
16,barra_31,theta,0.13323541,0
17,barra_31,theta,0.14926411,0
18,barra_31,theta,0.13763548,0
19,barra_31,theta,0.13722965,0
20,barra_31,theta,0.13774298,0
21,barra_31,theta,0.13712327,0
22,barra_31,theta,0.13491235,0
23,barra_31,theta,0.13330335,0
24,barra_31,theta,0.13345637,0
1,barra_32,theta,0.10568376,0
2,barra_32,theta,0.11258222,0
3,barra_32,theta,0.1175858,0
4,barra_32,theta,0.11890766,0
5,barra_32,theta,0.11677749,0
6,barra_32,theta,0.10862713,0
7,barra_32,theta,0.12576576,0
8,barra_32,theta,0.12970893,0
9,barra_32,theta,0.12883386,0
10,barra_32,theta,0.12281016,0
11,barra_32,theta,0.12176026,0
12,barra_32,theta,0.12138908,0
13,barra_32,theta,0.11664065,0
14,barra_32,theta,0.10725513,0
15,barra_32,theta,0.10721802,0
16,barra_32,theta,0.11752617,0
17,barra_32,theta,0.13253521,0
18,barra_32,theta,0.11980781,0
19,barra_32,theta,0.11730753,0
20,barra_32,theta,0.11725181,0
21,barra_32,theta,0.11642974,0
22,barra_32,theta,0.11349688,0
23,barra_32,theta,0.11136248,0
24,barra_32,theta,0.11156547,0
1,barra_33,theta,0.096074616,0
2,barra_33,theta,0.10275638,0
3,barra_33,theta,0.10760278,0
4,barra_33,theta,0.10885246,0
5,barra_33,theta,0.10681986,0
6,barra_33,theta,0.099239849,0
7,barra_33,theta,0.11708877,0
8,barra_33,theta,0.12119536,0
9,barra_33,theta,0.12061633,0
10,barra_33,theta,0.11478178,0
11,barra_33,theta,0.11376484,0
12,barra_33,theta,0.11340531,0
13,barra_33,theta,0.10880598,0
14,barra_33,theta,0.099715173,0
15,barra_33,theta,0.099679221,0
16,barra_33,theta,0.1096637,0
17,barra_33,theta,0.12416233,0
18,barra_33,theta,0.1108839,0
19,barra_33,theta,0.10733325,0
20,barra_33,theta,0.10699215,0
21,barra_33,theta,0.1060686,0
22,barra_33,theta,0.10277369,0
23,barra_33,theta,0.1003758,0
24,barra_33,theta,0.10060385,0
INFO,GERAL,custo_total,74.82778741590015,1
INFO,GERAL,num_barras,33.0,1
INFO,GERAL,num_baterias,2.0,1
INFO,GERAL,periodos_tempo,24.0,1
1,barra_1,PS,0.0,1
2,barra_1,PS,0.0,1
3,barra_1,PS,0.0,1
4,barra_1,PS,0.0,1
5,barra_1,PS,0.0,1
6,barra_1,PS,0.0,1
7,barra_1,PS,0.0,1
8,barra_1,PS,0.0,1
9,barra_1,PS,0.0,1
10,barra_1,PS,0.0,1
11,barra_1,PS,0.0,1
12,barra_1,PS,0.0,1
13,barra_1,PS,0.0,1
14,barra_1,PS,0.0,1
15,barra_1,PS,0.0,1
16,barra_1,PS,0.0,1
17,barra_1,PS,0.0,1
18,barra_1,PS,0.0,1
19,barra_1,PS,0.0,1
20,barra_1,PS,0.0,1
21,barra_1,PS,0.0,1
22,barra_1,PS,0.0,1
23,barra_1,PS,0.0,1
24,barra_1,PS,0.0,1
1,barra_2,PS,0.0,1
2,barra_2,PS,0.0,1
3,barra_2,PS,0.0,1
4,barra_2,PS,0.0,1
5,barra_2,PS,0.0,1
6,barra_2,PS,0.0,1
7,barra_2,PS,0.0,1
8,barra_2,PS,0.0,1
9,barra_2,PS,0.0,1
10,barra_2,PS,0.0,1
11,barra_2,PS,0.0,1
12,barra_2,PS,0.0,1
13,barra_2,PS,0.0,1
14,barra_2,PS,0.0,1
15,barra_2,PS,0.0,1
16,barra_2,PS,0.0,1
17,barra_2,PS,0.0,1
18,barra_2,PS,0.0,1
19,barra_2,PS,0.0,1
20,barra_2,PS,0.0,1
21,barra_2,PS,0.0,1
22,barra_2,PS,0.0,1
23,barra_2,PS,0.0,1
24,barra_2,PS,0.0,1
1,barra_3,PS,0.0,1
2,barra_3,PS,0.0,1
3,barra_3,PS,0.0,1
4,barra_3,PS,0.0,1
5,barra_3,PS,0.0,1
6,barra_3,PS,0.0,1
7,barra_3,PS,0.0,1
8,barra_3,PS,0.0,1
9,barra_3,PS,0.0,1
10,barra_3,PS,0.0,1
11,barra_3,PS,0.0,1
12,barra_3,PS,0.0,1
13,barra_3,PS,0.0,1
14,barra_3,PS,0.0,1
15,barra_3,PS,0.0,1
16,barra_3,PS,0.0,1
17,barra_3,PS,0.0,1
18,barra_3,PS,0.0,1
19,barra_3,PS,0.0,1
20,barra_3,PS,0.0,1
21,barra_3,PS,0.0,1
22,barra_3,PS,0.0,1
23,barra_3,PS,0.0,1
24,barra_3,PS,0.0,1
1,barra_4,PS,0.0,1
2,barra_4,PS,0.0,1
3,barra_4,PS,0.0,1
4,barra_4,PS,0.0,1
5,barra_4,PS,0.0,1
6,barra_4,PS,0.0,1
7,barra_4,PS,0.0,1
8,barra_4,PS,0.0,1
9,barra_4,PS,0.0,1
10,barra_4,PS,0.0,1
11,barra_4,PS,0.0,1
12,barra_4,PS,0.0,1
13,barra_4,PS,0.0,1
14,barra_4,PS,0.0,1
15,barra_4,PS,0.0,1
16,barra_4,PS,0.0,1
17,barra_4,PS,0.0,1
18,barra_4,PS,0.0,1
19,barra_4,PS,0.0,1
20,barra_4,PS,0.0,1
21,barra_4,PS,0.0,1
22,barra_4,PS,0.0,1
23,barra_4,PS,0.0,1
24,barra_4,PS,0.0,1
1,barra_5,PS,0.0,1
2,barra_5,PS,0.0,1
3,barra_5,PS,0.0,1
4,barra_5,PS,0.0,1
5,barra_5,PS,0.0,1
6,barra_5,PS,0.0,1
7,barra_5,PS,0.0,1
8,barra_5,PS,0.0,1
9,barra_5,PS,0.0,1
10,barra_5,PS,0.0,1
11,barra_5,PS,0.0,1
12,barra_5,PS,0.0,1
13,barra_5,PS,0.0,1
14,barra_5,PS,0.0,1
15,barra_5,PS,0.0,1
16,barra_5,PS,0.0,1
17,barra_5,PS,0.0,1
18,barra_5,PS,0.0,1
19,barra_5,PS,0.0,1
20,barra_5,PS,0.0,1
21,barra_5,PS,0.0,1
22,barra_5,PS,0.0,1
23,barra_5,PS,0.0,1
24,barra_5,PS,0.0,1
1,barra_6,PS,0.0,1
2,barra_6,PS,0.0,1
3,barra_6,PS,0.0,1
4,barra_6,PS,0.0,1
5,barra_6,PS,0.0,1
6,barra_6,PS,0.012,1
7,barra_6,PS,0.048,1
8,barra_6,PS,0.1,1
9,barra_6,PS,0.18,1
10,barra_6,PS,0.26,1
11,barra_6,PS,0.32,1
12,barra_6,PS,0.368,1
13,barra_6,PS,0.4,1
14,barra_6,PS,0.384,1
15,barra_6,PS,0.336,1
16,barra_6,PS,0.26,1
17,barra_6,PS,0.152,1
18,barra_6,PS,0.06,1
19,barra_6,PS,0.012,1
20,barra_6,PS,0.0,1
21,barra_6,PS,0.0,1
22,barra_6,PS,0.0,1
23,barra_6,PS,0.0,1
24,barra_6,PS,0.0,1
1,barra_7,PS,0.0,1
2,barra_7,PS,0.0,1
3,barra_7,PS,0.0,1
4,barra_7,PS,0.0,1
5,barra_7,PS,0.0,1
6,barra_7,PS,0.0,1
7,barra_7,PS,0.0,1
8,barra_7,PS,0.0,1
9,barra_7,PS,0.0,1
10,barra_7,PS,0.0,1
11,barra_7,PS,0.0,1
12,barra_7,PS,0.0,1
13,barra_7,PS,0.0,1
14,barra_7,PS,0.0,1
15,barra_7,PS,0.0,1
16,barra_7,PS,0.0,1
17,barra_7,PS,0.0,1
18,barra_7,PS,0.0,1
19,barra_7,PS,0.0,1
20,barra_7,PS,0.0,1
21,barra_7,PS,0.0,1
22,barra_7,PS,0.0,1
23,barra_7,PS,0.0,1
24,barra_7,PS,0.0,1
1,barra_8,PS,0.0,1
2,barra_8,PS,0.0,1
3,barra_8,PS,0.0,1
4,barra_8,PS,0.0,1
5,barra_8,PS,0.0,1
6,barra_8,PS,0.0,1
7,barra_8,PS,0.0,1
8,barra_8,PS,0.0,1
9,barra_8,PS,0.0,1
10,barra_8,PS,0.0,1
11,barra_8,PS,0.0,1
12,barra_8,PS,0.0,1
13,barra_8,PS,0.0,1
14,barra_8,PS,0.0,1
15,barra_8,PS,0.0,1
16,barra_8,PS,0.0,1
17,barra_8,PS,0.0,1
18,barra_8,PS,0.0,1
19,barra_8,PS,0.0,1
20,barra_8,PS,0.0,1
21,barra_8,PS,0.0,1
22,barra_8,PS,0.0,1
23,barra_8,PS,0.0,1
24,barra_8,PS,0.0,1
1,barra_9,PS,0.0,1
2,barra_9,PS,0.0,1
3,barra_9,PS,0.0,1
4,barra_9,PS,0.0,1
5,barra_9,PS,0.0,1
6,barra_9,PS,0.0,1
7,barra_9,PS,0.0,1
8,barra_9,PS,0.0,1
9,barra_9,PS,0.0,1
10,barra_9,PS,0.0,1
11,barra_9,PS,0.0,1
12,barra_9,PS,0.0,1
13,barra_9,PS,0.0,1
14,barra_9,PS,0.0,1
15,barra_9,PS,0.0,1
16,barra_9,PS,0.0,1
17,barra_9,PS,0.0,1
18,barra_9,PS,0.0,1
19,barra_9,PS,0.0,1
20,barra_9,PS,0.0,1
21,barra_9,PS,0.0,1
22,barra_9,PS,0.0,1
23,barra_9,PS,0.0,1
24,barra_9,PS,0.0,1
1,barra_10,PS,0.0,1
2,barra_10,PS,0.0,1
3,barra_10,PS,0.0,1
4,barra_10,PS,0.0,1
5,barra_10,PS,0.0,1
6,barra_10,PS,0.0,1
7,barra_10,PS,0.0,1
8,barra_10,PS,0.0,1
9,barra_10,PS,0.0,1
10,barra_10,PS,0.0,1
11,barra_10,PS,0.0,1
12,barra_10,PS,0.0,1
13,barra_10,PS,0.0,1
14,barra_10,PS,0.0,1
15,barra_10,PS,0.0,1
16,barra_10,PS,0.0,1
17,barra_10,PS,0.0,1
18,barra_10,PS,0.0,1
19,barra_10,PS,0.0,1
20,barra_10,PS,0.0,1
21,barra_10,PS,0.0,1
22,barra_10,PS,0.0,1
23,barra_10,PS,0.0,1
24,barra_10,PS,0.0,1
1,barra_11,PS,0.0,1
2,barra_11,PS,0.0,1
3,barra_11,PS,0.0,1
4,barra_11,PS,0.0,1
5,barra_11,PS,0.0,1
6,barra_11,PS,0.0,1
7,barra_11,PS,0.0,1
8,barra_11,PS,0.0,1
9,barra_11,PS,0.0,1
10,barra_11,PS,0.0,1
11,barra_11,PS,0.0,1
12,barra_11,PS,0.0,1
13,barra_11,PS,0.0,1
14,barra_11,PS,0.0,1
15,barra_11,PS,0.0,1
16,barra_11,PS,0.0,1
17,barra_11,PS,0.0,1
18,barra_11,PS,0.0,1
19,barra_11,PS,0.0,1
20,barra_11,PS,0.0,1
21,barra_11,PS,0.0,1
22,barra_11,PS,0.0,1
23,barra_11,PS,0.0,1
24,barra_11,PS,0.0,1
1,barra_12,PS,0.0,1
2,barra_12,PS,0.0,1
3,barra_12,PS,0.0,1
4,barra_12,PS,0.0,1
5,barra_12,PS,0.0,1
6,barra_12,PS,0.0,1
7,barra_12,PS,0.0,1
8,barra_12,PS,0.0,1
9,barra_12,PS,0.0,1
10,barra_12,PS,0.0,1
11,barra_12,PS,0.0,1
12,barra_12,PS,0.0,1
13,barra_12,PS,0.0,1
14,barra_12,PS,0.0,1
15,barra_12,PS,0.0,1
16,barra_12,PS,0.0,1
17,barra_12,PS,0.0,1
18,barra_12,PS,0.0,1
19,barra_12,PS,0.0,1
20,barra_12,PS,0.0,1
21,barra_12,PS,0.0,1
22,barra_12,PS,0.0,1
23,barra_12,PS,0.0,1
24,barra_12,PS,0.0,1
1,barra_13,PS,0.0,1
2,barra_13,PS,0.0,1
3,barra_13,PS,0.0,1
4,barra_13,PS,0.0,1
5,barra_13,PS,0.0,1
6,barra_13,PS,0.0,1
7,barra_13,PS,0.0,1
8,barra_13,PS,0.0,1
9,barra_13,PS,0.0,1
10,barra_13,PS,0.0,1
11,barra_13,PS,0.0,1
12,barra_13,PS,0.0,1
13,barra_13,PS,0.0,1
14,barra_13,PS,0.0,1
15,barra_13,PS,0.0,1
16,barra_13,PS,0.0,1
17,barra_13,PS,0.0,1
18,barra_13,PS,0.0,1
19,barra_13,PS,0.0,1
20,barra_13,PS,0.0,1
21,barra_13,PS,0.0,1
22,barra_13,PS,0.0,1
23,barra_13,PS,0.0,1
24,barra_13,PS,0.0,1
1,barra_14,PS,0.0,1
2,barra_14,PS,0.0,1
3,barra_14,PS,0.0,1
4,barra_14,PS,0.0,1
5,barra_14,PS,0.0,1
6,barra_14,PS,0.0105,1
7,barra_14,PS,0.042,1
8,barra_14,PS,0.0875,1
9,barra_14,PS,0.1575,1
10,barra_14,PS,0.2275,1
11,barra_14,PS,0.28,1
12,barra_14,PS,0.322,1
13,barra_14,PS,0.35,1
14,barra_14,PS,0.336,1
15,barra_14,PS,0.294,1
16,barra_14,PS,0.2275,1
17,barra_14,PS,0.133,1
18,barra_14,PS,0.0525,1
19,barra_14,PS,0.0105,1
20,barra_14,PS,0.0,1
21,barra_14,PS,0.0,1
22,barra_14,PS,0.0,1
23,barra_14,PS,0.0,1
24,barra_14,PS,0.0,1
1,barra_15,PS,0.0,1
2,barra_15,PS,0.0,1
3,barra_15,PS,0.0,1
4,barra_15,PS,0.0,1
5,barra_15,PS,0.0,1
6,barra_15,PS,0.0,1
7,barra_15,PS,0.0,1
8,barra_15,PS,0.0,1
9,barra_15,PS,0.0,1
10,barra_15,PS,0.0,1
11,barra_15,PS,0.0,1
12,barra_15,PS,0.0,1
13,barra_15,PS,0.0,1
14,barra_15,PS,0.0,1
15,barra_15,PS,0.0,1
16,barra_15,PS,0.0,1
17,barra_15,PS,0.0,1
18,barra_15,PS,0.0,1
19,barra_15,PS,0.0,1
20,barra_15,PS,0.0,1
21,barra_15,PS,0.0,1
22,barra_15,PS,0.0,1
23,barra_15,PS,0.0,1
24,barra_15,PS,0.0,1
1,barra_16,PS,0.0,1
2,barra_16,PS,0.0,1
3,barra_16,PS,0.0,1
4,barra_16,PS,0.0,1
5,barra_16,PS,0.0,1
6,barra_16,PS,0.0,1
7,barra_16,PS,0.0,1
8,barra_16,PS,0.0,1
9,barra_16,PS,0.0,1
10,barra_16,PS,0.0,1
11,barra_16,PS,0.0,1
12,barra_16,PS,0.0,1
13,barra_16,PS,0.0,1
14,barra_16,PS,0.0,1
15,barra_16,PS,0.0,1
16,barra_16,PS,0.0,1
17,barra_16,PS,0.0,1
18,barra_16,PS,0.0,1
19,barra_16,PS,0.0,1
20,barra_16,PS,0.0,1
21,barra_16,PS,0.0,1
22,barra_16,PS,0.0,1
23,barra_16,PS,0.0,1
24,barra_16,PS,0.0,1
1,barra_17,PS,0.0,1
2,barra_17,PS,0.0,1
3,barra_17,PS,0.0,1
4,barra_17,PS,0.0,1
5,barra_17,PS,0.0,1
6,barra_17,PS,0.0,1
7,barra_17,PS,0.0,1
8,barra_17,PS,0.0,1
9,barra_17,PS,0.0,1
10,barra_17,PS,0.0,1
11,barra_17,PS,0.0,1
12,barra_17,PS,0.0,1
13,barra_17,PS,0.0,1
14,barra_17,PS,0.0,1
15,barra_17,PS,0.0,1
16,barra_17,PS,0.0,1
17,barra_17,PS,0.0,1
18,barra_17,PS,0.0,1
19,barra_17,PS,0.0,1
20,barra_17,PS,0.0,1
21,barra_17,PS,0.0,1
22,barra_17,PS,0.0,1
23,barra_17,PS,0.0,1
24,barra_17,PS,0.0,1
1,barra_18,PS,0.34345644,1
2,barra_18,PS,0.34526063,1
3,barra_18,PS,0.34492057,1
4,barra_18,PS,0.34151999,1
5,barra_18,PS,0.35000627,1
6,barra_18,PS,0.34146622,1
7,barra_18,PS,0.33388565,1
8,barra_18,PS,0.3430001,1
9,barra_18,PS,0.34435316,1
10,barra_18,PS,0.34499307,1
11,barra_18,PS,0.34901291,1
12,barra_18,PS,0.35431309,1
13,barra_18,PS,0.35135763,1
14,barra_18,PS,0.33965744,1
15,barra_18,PS,0.33358786,1
16,barra_18,PS,0.33802764,1
17,barra_18,PS,0.34693286,1
18,barra_18,PS,0.33677829,1
19,barra_18,PS,0.34460591,1
20,barra_18,PS,0.33088386,1
21,barra_18,PS,0.31653908,1
22,barra_18,PS,0.31757772,1
23,barra_18,PS,0.34506704,1
24,barra_18,PS,0.36816461,1
1,barra_19,PS,0.0,1
2,barra_19,PS,0.0,1
3,barra_19,PS,0.0,1
4,barra_19,PS,0.0,1
5,barra_19,PS,0.0,1
6,barra_19,PS,0.0,1
7,barra_19,PS,0.0,1
8,barra_19,PS,0.0,1
9,barra_19,PS,0.0,1
10,barra_19,PS,0.0,1
11,barra_19,PS,0.0,1
12,barra_19,PS,0.0,1
13,barra_19,PS,0.0,1
14,barra_19,PS,0.0,1
15,barra_19,PS,0.0,1
16,barra_19,PS,0.0,1
17,barra_19,PS,0.0,1
18,barra_19,PS,0.0,1
19,barra_19,PS,0.0,1
20,barra_19,PS,0.0,1
21,barra_19,PS,0.0,1
22,barra_19,PS,0.0,1
23,barra_19,PS,0.0,1
24,barra_19,PS,0.0,1
1,barra_20,PS,0.0,1
2,barra_20,PS,0.0,1
3,barra_20,PS,0.0,1
4,barra_20,PS,0.0,1
5,barra_20,PS,0.0,1
6,barra_20,PS,0.0,1
7,barra_20,PS,0.0,1
8,barra_20,PS,0.0,1
9,barra_20,PS,0.0,1
10,barra_20,PS,0.0,1
11,barra_20,PS,0.0,1
12,barra_20,PS,0.0,1
13,barra_20,PS,0.0,1
14,barra_20,PS,0.0,1
15,barra_20,PS,0.0,1
16,barra_20,PS,0.0,1
17,barra_20,PS,0.0,1
18,barra_20,PS,0.0,1
19,barra_20,PS,0.0,1
20,barra_20,PS,0.0,1
21,barra_20,PS,0.0,1
22,barra_20,PS,0.0,1
23,barra_20,PS,0.0,1
24,barra_20,PS,0.0,1
1,barra_21,PS,0.0,1
2,barra_21,PS,0.0,1
3,barra_21,PS,0.0,1
4,barra_21,PS,0.0,1
5,barra_21,PS,0.0,1
6,barra_21,PS,0.0,1
7,barra_21,PS,0.0,1
8,barra_21,PS,0.0,1
9,barra_21,PS,0.0,1
10,barra_21,PS,0.0,1
11,barra_21,PS,0.0,1
12,barra_21,PS,0.0,1
13,barra_21,PS,0.0,1
14,barra_21,PS,0.0,1
15,barra_21,PS,0.0,1
16,barra_21,PS,0.0,1
17,barra_21,PS,0.0,1
18,barra_21,PS,0.0,1
19,barra_21,PS,0.0,1
20,barra_21,PS,0.0,1
21,barra_21,PS,0.0,1
22,barra_21,PS,0.0,1
23,barra_21,PS,0.0,1
24,barra_21,PS,0.0,1
1,barra_22,PS,0.0,1
2,barra_22,PS,0.0,1
3,barra_22,PS,0.0,1
4,barra_22,PS,0.0,1
5,barra_22,PS,0.0,1
6,barra_22,PS,0.0,1
7,barra_22,PS,0.0,1
8,barra_22,PS,0.0,1
9,barra_22,PS,0.0,1
10,barra_22,PS,0.0,1
11,barra_22,PS,0.0,1
12,barra_22,PS,0.0,1
13,barra_22,PS,0.0,1
14,barra_22,PS,0.0,1
15,barra_22,PS,0.0,1
16,barra_22,PS,0.0,1
17,barra_22,PS,0.0,1
18,barra_22,PS,0.0,1
19,barra_22,PS,0.0,1
20,barra_22,PS,0.0,1
21,barra_22,PS,0.0,1
22,barra_22,PS,0.0,1
23,barra_22,PS,0.0,1
24,barra_22,PS,0.0,1
1,barra_23,PS,0.0,1
2,barra_23,PS,0.0,1
3,barra_23,PS,0.0,1
4,barra_23,PS,0.0,1
5,barra_23,PS,0.0,1
6,barra_23,PS,0.0,1
7,barra_23,PS,0.0,1
8,barra_23,PS,0.0,1
9,barra_23,PS,0.0,1
10,barra_23,PS,0.0,1
11,barra_23,PS,0.0,1
12,barra_23,PS,0.0,1
13,barra_23,PS,0.0,1
14,barra_23,PS,0.0,1
15,barra_23,PS,0.0,1
16,barra_23,PS,0.0,1
17,barra_23,PS,0.0,1
18,barra_23,PS,0.0,1
19,barra_23,PS,0.0,1
20,barra_23,PS,0.0,1
21,barra_23,PS,0.0,1
22,barra_23,PS,0.0,1
23,barra_23,PS,0.0,1
24,barra_23,PS,0.0,1
1,barra_24,PS,0.0,1
2,barra_24,PS,0.0,1
3,barra_24,PS,0.0,1
4,barra_24,PS,0.0,1
5,barra_24,PS,0.0,1
6,barra_24,PS,0.0,1
7,barra_24,PS,0.0,1
8,barra_24,PS,0.0,1
9,barra_24,PS,0.0,1
10,barra_24,PS,0.0,1
11,barra_24,PS,0.0,1
12,barra_24,PS,0.0,1
13,barra_24,PS,0.0,1
14,barra_24,PS,0.0,1
15,barra_24,PS,0.0,1
16,barra_24,PS,0.0,1
17,barra_24,PS,0.0,1
18,barra_24,PS,0.0,1
19,barra_24,PS,0.0,1
20,barra_24,PS,0.0,1
21,barra_24,PS,0.0,1
22,barra_24,PS,0.0,1
23,barra_24,PS,0.0,1
24,barra_24,PS,0.0,1
1,barra_25,PS,0.0,1
2,barra_25,PS,0.0,1
3,barra_25,PS,0.0,1
4,barra_25,PS,0.0,1
5,barra_25,PS,0.0,1
6,barra_25,PS,0.0135,1
7,barra_25,PS,0.054,1
8,barra_25,PS,0.1125,1
9,barra_25,PS,0.2025,1
10,barra_25,PS,0.2925,1
11,barra_25,PS,0.36,1
12,barra_25,PS,0.414,1
13,barra_25,PS,0.45,1
14,barra_25,PS,0.432,1
15,barra_25,PS,0.378,1
16,barra_25,PS,0.2925,1
17,barra_25,PS,0.171,1
18,barra_25,PS,0.0675,1
19,barra_25,PS,0.0135,1
20,barra_25,PS,0.0,1
21,barra_25,PS,0.0,1
22,barra_25,PS,0.0,1
23,barra_25,PS,0.0,1
24,barra_25,PS,0.0,1
1,barra_26,PS,0.0,1
2,barra_26,PS,0.0,1
3,barra_26,PS,0.0,1
4,barra_26,PS,0.0,1
5,barra_26,PS,0.0,1
6,barra_26,PS,0.0,1
7,barra_26,PS,0.0,1
8,barra_26,PS,0.0,1
9,barra_26,PS,0.0,1
10,barra_26,PS,0.0,1
11,barra_26,PS,0.0,1
12,barra_26,PS,0.0,1
13,barra_26,PS,0.0,1
14,barra_26,PS,0.0,1
15,barra_26,PS,0.0,1
16,barra_26,PS,0.0,1
17,barra_26,PS,0.0,1
18,barra_26,PS,0.0,1
19,barra_26,PS,0.0,1
20,barra_26,PS,0.0,1
21,barra_26,PS,0.0,1
22,barra_26,PS,0.0,1
23,barra_26,PS,0.0,1
24,barra_26,PS,0.0,1
1,barra_27,PS,0.0,1
2,barra_27,PS,0.0,1
3,barra_27,PS,0.0,1
4,barra_27,PS,0.0,1
5,barra_27,PS,0.0,1
6,barra_27,PS,0.0,1
7,barra_27,PS,0.0,1
8,barra_27,PS,0.0,1
9,barra_27,PS,0.0,1
10,barra_27,PS,0.0,1
11,barra_27,PS,0.0,1
12,barra_27,PS,0.0,1
13,barra_27,PS,0.0,1
14,barra_27,PS,0.0,1
15,barra_27,PS,0.0,1
16,barra_27,PS,0.0,1
17,barra_27,PS,0.0,1
18,barra_27,PS,0.0,1
19,barra_27,PS,0.0,1
20,barra_27,PS,0.0,1
21,barra_27,PS,0.0,1
22,barra_27,PS,0.0,1
23,barra_27,PS,0.0,1
24,barra_27,PS,0.0,1
1,barra_28,PS,0.0,1
2,barra_28,PS,0.0,1
3,barra_28,PS,0.0,1
4,barra_28,PS,0.0,1
5,barra_28,PS,0.0,1
6,barra_28,PS,0.0,1
7,barra_28,PS,0.0,1
8,barra_28,PS,0.0,1
9,barra_28,PS,0.0,1
10,barra_28,PS,0.0,1
11,barra_28,PS,0.0,1
12,barra_28,PS,0.0,1
13,barra_28,PS,0.0,1
14,barra_28,PS,0.0,1
15,barra_28,PS,0.0,1
16,barra_28,PS,0.0,1
17,barra_28,PS,0.0,1
18,barra_28,PS,0.0,1
19,barra_28,PS,0.0,1
20,barra_28,PS,0.0,1
21,barra_28,PS,0.0,1
22,barra_28,PS,0.0,1
23,barra_28,PS,0.0,1
24,barra_28,PS,0.0,1
1,barra_29,PS,0.0,1
2,barra_29,PS,0.0,1
3,barra_29,PS,0.0,1
4,barra_29,PS,0.0,1
5,barra_29,PS,0.0,1
6,barra_29,PS,0.0,1
7,barra_29,PS,0.0,1
8,barra_29,PS,0.0,1
9,barra_29,PS,0.0,1
10,barra_29,PS,0.0,1
11,barra_29,PS,0.0,1
12,barra_29,PS,0.0,1
13,barra_29,PS,0.0,1
14,barra_29,PS,0.0,1
15,barra_29,PS,0.0,1
16,barra_29,PS,0.0,1
17,barra_29,PS,0.0,1
18,barra_29,PS,0.0,1
19,barra_29,PS,0.0,1
20,barra_29,PS,0.0,1
21,barra_29,PS,0.0,1
22,barra_29,PS,0.0,1
23,barra_29,PS,0.0,1
24,barra_29,PS,0.0,1
1,barra_30,PS,0.39069385,1
2,barra_30,PS,0.39816773,1
3,barra_30,PS,0.40207733,1
4,barra_30,PS,0.40089865,1
5,barra_30,PS,0.40605729,1
6,barra_30,PS,0.38291081,1
7,barra_30,PS,0.35688526,1
8,barra_30,PS,0.36085109,1
9,barra_30,PS,0.35685316,1
10,barra_30,PS,0.35649307,1
11,barra_30,PS,0.36001291,1
12,barra_30,PS,0.36481309,1
13,barra_30,PS,0.36135763,1
14,barra_30,PS,0.34915744,1
15,barra_30,PS,0.34358786,1
16,barra_30,PS,0.34927764,1
17,barra_30,PS,0.36067743,1
18,barra_30,PS,0.36616853,1
19,barra_30,PS,0.40155414,1
20,barra_30,PS,0.39664026,1
21,barra_30,PS,0.38621648,1
22,barra_30,PS,0.39689245,1
23,barra_30,PS,0.42916761,1
24,barra_30,PS,0.44966739,1
1,barra_31,PS,0.0,1
2,barra_31,PS,0.0,1
3,barra_31,PS,0.0,1
4,barra_31,PS,0.0,1
5,barra_31,PS,0.0,1
6,barra_31,PS,0.0,1
7,barra_31,PS,0.0,1
8,barra_31,PS,0.0,1
9,barra_31,PS,0.0,1
10,barra_31,PS,0.0,1
11,barra_31,PS,0.0,1
12,barra_31,PS,0.0,1
13,barra_31,PS,0.0,1
14,barra_31,PS,0.0,1
15,barra_31,PS,0.0,1
16,barra_31,PS,0.0,1
17,barra_31,PS,0.0,1
18,barra_31,PS,0.0,1
19,barra_31,PS,0.0,1
20,barra_31,PS,0.0,1
21,barra_31,PS,0.0,1
22,barra_31,PS,0.0,1
23,barra_31,PS,0.0,1
24,barra_31,PS,0.0,1
1,barra_32,PS,0.0,1
2,barra_32,PS,0.0,1
3,barra_32,PS,0.0,1
4,barra_32,PS,0.0,1
5,barra_32,PS,0.0,1
6,barra_32,PS,0.0,1
7,barra_32,PS,0.0,1
8,barra_32,PS,0.0,1
9,barra_32,PS,0.0,1
10,barra_32,PS,0.0,1
11,barra_32,PS,0.0,1
12,barra_32,PS,0.0,1
13,barra_32,PS,0.0,1
14,barra_32,PS,0.0,1
15,barra_32,PS,0.0,1
16,barra_32,PS,0.0,1
17,barra_32,PS,0.0,1
18,barra_32,PS,0.0,1
19,barra_32,PS,0.0,1
20,barra_32,PS,0.0,1
21,barra_32,PS,0.0,1
22,barra_32,PS,0.0,1
23,barra_32,PS,0.0,1
24,barra_32,PS,0.0,1
1,barra_33,PS,0.0,1
2,barra_33,PS,0.0,1
3,barra_33,PS,0.0,1
4,barra_33,PS,0.0,1
5,barra_33,PS,0.0,1
6,barra_33,PS,0.0,1
7,barra_33,PS,0.0,1
8,barra_33,PS,0.0,1
9,barra_33,PS,0.0,1
10,barra_33,PS,0.0,1
11,barra_33,PS,0.0,1
12,barra_33,PS,0.0,1
13,barra_33,PS,0.0,1
14,barra_33,PS,0.0,1
15,barra_33,PS,0.0,1
16,barra_33,PS,0.0,1
17,barra_33,PS,0.0,1
18,barra_33,PS,0.0,1
19,barra_33,PS,0.0,1
20,barra_33,PS,0.0,1
21,barra_33,PS,0.0,1
22,barra_33,PS,0.0,1
23,barra_33,PS,0.0,1
24,barra_33,PS,0.0,1
1,barra_1,PW,0.0,1
2,barra_1,PW,0.0,1
3,barra_1,PW,0.0,1
4,barra_1,PW,0.0,1
5,barra_1,PW,0.0,1
6,barra_1,PW,0.0,1
7,barra_1,PW,0.0,1
8,barra_1,PW,0.0,1
9,barra_1,PW,0.0,1
10,barra_1,PW,0.0,1
11,barra_1,PW,0.0,1
12,barra_1,PW,0.0,1
13,barra_1,PW,0.0,1
14,barra_1,PW,0.0,1
15,barra_1,PW,0.0,1
16,barra_1,PW,0.0,1
17,barra_1,PW,0.0,1
18,barra_1,PW,0.0,1
19,barra_1,PW,0.0,1
20,barra_1,PW,0.0,1
21,barra_1,PW,0.0,1
22,barra_1,PW,0.0,1
23,barra_1,PW,0.0,1
24,barra_1,PW,0.0,1
1,barra_2,PW,0.0,1
2,barra_2,PW,0.0,1
3,barra_2,PW,0.0,1
4,barra_2,PW,0.0,1
5,barra_2,PW,0.0,1
6,barra_2,PW,0.0,1
7,barra_2,PW,0.0,1
8,barra_2,PW,0.0,1
9,barra_2,PW,0.0,1
10,barra_2,PW,0.0,1
11,barra_2,PW,0.0,1
12,barra_2,PW,0.0,1
13,barra_2,PW,0.0,1
14,barra_2,PW,0.0,1
15,barra_2,PW,0.0,1
16,barra_2,PW,0.0,1
17,barra_2,PW,0.0,1
18,barra_2,PW,0.0,1
19,barra_2,PW,0.0,1
20,barra_2,PW,0.0,1
21,barra_2,PW,0.0,1
22,barra_2,PW,0.0,1
23,barra_2,PW,0.0,1
24,barra_2,PW,0.0,1
1,barra_3,PW,0.0,1
2,barra_3,PW,0.0,1
3,barra_3,PW,0.0,1
4,barra_3,PW,0.0,1
5,barra_3,PW,0.0,1
6,barra_3,PW,0.0,1
7,barra_3,PW,0.0,1
8,barra_3,PW,0.0,1
9,barra_3,PW,0.0,1
10,barra_3,PW,0.0,1
11,barra_3,PW,0.0,1
12,barra_3,PW,0.0,1
13,barra_3,PW,0.0,1
14,barra_3,PW,0.0,1
15,barra_3,PW,0.0,1
16,barra_3,PW,0.0,1
17,barra_3,PW,0.0,1
18,barra_3,PW,0.0,1
19,barra_3,PW,0.0,1
20,barra_3,PW,0.0,1
21,barra_3,PW,0.0,1
22,barra_3,PW,0.0,1
23,barra_3,PW,0.0,1
24,barra_3,PW,0.0,1
1,barra_4,PW,0.0,1
2,barra_4,PW,0.0,1
3,barra_4,PW,0.0,1
4,barra_4,PW,0.0,1
5,barra_4,PW,0.0,1
6,barra_4,PW,0.0,1
7,barra_4,PW,0.0,1
8,barra_4,PW,0.0,1
9,barra_4,PW,0.0,1
10,barra_4,PW,0.0,1
11,barra_4,PW,0.0,1
12,barra_4,PW,0.0,1
13,barra_4,PW,0.0,1
14,barra_4,PW,0.0,1
15,barra_4,PW,0.0,1
16,barra_4,PW,0.0,1
17,barra_4,PW,0.0,1
18,barra_4,PW,0.0,1
19,barra_4,PW,0.0,1
20,barra_4,PW,0.0,1
21,barra_4,PW,0.0,1
22,barra_4,PW,0.0,1
23,barra_4,PW,0.0,1
24,barra_4,PW,0.0,1
1,barra_5,PW,0.0,1
2,barra_5,PW,0.0,1
3,barra_5,PW,0.0,1
4,barra_5,PW,0.0,1
5,barra_5,PW,0.0,1
6,barra_5,PW,0.0,1
7,barra_5,PW,0.0,1
8,barra_5,PW,0.0,1
9,barra_5,PW,0.0,1
10,barra_5,PW,0.0,1
11,barra_5,PW,0.0,1
12,barra_5,PW,0.0,1
13,barra_5,PW,0.0,1
14,barra_5,PW,0.0,1
15,barra_5,PW,0.0,1
16,barra_5,PW,0.0,1
17,barra_5,PW,0.0,1
18,barra_5,PW,0.0,1
19,barra_5,PW,0.0,1
20,barra_5,PW,0.0,1
21,barra_5,PW,0.0,1
22,barra_5,PW,0.0,1
23,barra_5,PW,0.0,1
24,barra_5,PW,0.0,1
1,barra_6,PW,0.97220916,1
2,barra_6,PW,0.98498892,1
3,barra_6,PW,0.99425772,1
4,barra_6,PW,0.99995853,1
5,barra_6,PW,0.99276042,1
6,barra_6,PW,0.93226151,1
7,barra_6,PW,0.79532652,1
8,barra_6,PW,0.7201038,1
9,barra_6,PW,0.60841853,1
10,barra_6,PW,0.51495242,1
11,barra_6,PW,0.45260519,1
12,barra_6,PW,0.4037756,1
13,barra_6,PW,0.36115997,1
14,barra_6,PW,0.3561784,1
15,barra_6,PW,0.40409584,1
16,barra_6,PW,0.50313959,1
17,barra_6,PW,0.64895427,1
18,barra_6,PW,0.8184148,1
19,barra_6,PW,0.98174236,1
20,barra_6,PW,1.0240595,1
21,barra_6,PW,1.0360169,1
22,barra_6,PW,1.0786753,1
23,barra_6,PW,1.1097204,1
24,barra_6,PW,1.106768,1
1,barra_7,PW,0.0,1
2,barra_7,PW,0.0,1
3,barra_7,PW,0.0,1
4,barra_7,PW,0.0,1
5,barra_7,PW,0.0,1
6,barra_7,PW,0.0,1
7,barra_7,PW,0.0,1
8,barra_7,PW,0.0,1
9,barra_7,PW,0.0,1
10,barra_7,PW,0.0,1
11,barra_7,PW,0.0,1
12,barra_7,PW,0.0,1
13,barra_7,PW,0.0,1
14,barra_7,PW,0.0,1
15,barra_7,PW,0.0,1
16,barra_7,PW,0.0,1
17,barra_7,PW,0.0,1
18,barra_7,PW,0.0,1
19,barra_7,PW,0.0,1
20,barra_7,PW,0.0,1
21,barra_7,PW,0.0,1
22,barra_7,PW,0.0,1
23,barra_7,PW,0.0,1
24,barra_7,PW,0.0,1
1,barra_8,PW,0.0,1
2,barra_8,PW,0.0,1
3,barra_8,PW,0.0,1
4,barra_8,PW,0.0,1
5,barra_8,PW,0.0,1
6,barra_8,PW,0.0,1
7,barra_8,PW,0.0,1
8,barra_8,PW,0.0,1
9,barra_8,PW,0.0,1
10,barra_8,PW,0.0,1
11,barra_8,PW,0.0,1
12,barra_8,PW,0.0,1
13,barra_8,PW,0.0,1
14,barra_8,PW,0.0,1
15,barra_8,PW,0.0,1
16,barra_8,PW,0.0,1
17,barra_8,PW,0.0,1
18,barra_8,PW,0.0,1
19,barra_8,PW,0.0,1
20,barra_8,PW,0.0,1
21,barra_8,PW,0.0,1
22,barra_8,PW,0.0,1
23,barra_8,PW,0.0,1
24,barra_8,PW,0.0,1
1,barra_9,PW,0.0,1
2,barra_9,PW,0.0,1
3,barra_9,PW,0.0,1
4,barra_9,PW,0.0,1
5,barra_9,PW,0.0,1
6,barra_9,PW,0.0,1
7,barra_9,PW,0.0,1
8,barra_9,PW,0.0,1
9,barra_9,PW,0.0,1
10,barra_9,PW,0.0,1
11,barra_9,PW,0.0,1
12,barra_9,PW,0.0,1
13,barra_9,PW,0.0,1
14,barra_9,PW,0.0,1
15,barra_9,PW,0.0,1
16,barra_9,PW,0.0,1
17,barra_9,PW,0.0,1
18,barra_9,PW,0.0,1
19,barra_9,PW,0.0,1
20,barra_9,PW,0.0,1
21,barra_9,PW,0.0,1
22,barra_9,PW,0.0,1
23,barra_9,PW,0.0,1
24,barra_9,PW,0.0,1
1,barra_10,PW,0.0,1
2,barra_10,PW,0.0,1
3,barra_10,PW,0.0,1
4,barra_10,PW,0.0,1
5,barra_10,PW,0.0,1
6,barra_10,PW,0.0,1
7,barra_10,PW,0.0,1
8,barra_10,PW,0.0,1
9,barra_10,PW,0.0,1
10,barra_10,PW,0.0,1
11,barra_10,PW,0.0,1
12,barra_10,PW,0.0,1
13,barra_10,PW,0.0,1
14,barra_10,PW,0.0,1
15,barra_10,PW,0.0,1
16,barra_10,PW,0.0,1
17,barra_10,PW,0.0,1
18,barra_10,PW,0.0,1
19,barra_10,PW,0.0,1
20,barra_10,PW,0.0,1
21,barra_10,PW,0.0,1
22,barra_10,PW,0.0,1
23,barra_10,PW,0.0,1
24,barra_10,PW,0.0,1
1,barra_11,PW,0.0,1
2,barra_11,PW,0.0,1
3,barra_11,PW,0.0,1
4,barra_11,PW,0.0,1
5,barra_11,PW,0.0,1
6,barra_11,PW,0.0,1
7,barra_11,PW,0.0,1
8,barra_11,PW,0.0,1
9,barra_11,PW,0.0,1
10,barra_11,PW,0.0,1
11,barra_11,PW,0.0,1
12,barra_11,PW,0.0,1
13,barra_11,PW,0.0,1
14,barra_11,PW,0.0,1
15,barra_11,PW,0.0,1
16,barra_11,PW,0.0,1
17,barra_11,PW,0.0,1
18,barra_11,PW,0.0,1
19,barra_11,PW,0.0,1
20,barra_11,PW,0.0,1
21,barra_11,PW,0.0,1
22,barra_11,PW,0.0,1
23,barra_11,PW,0.0,1
24,barra_11,PW,0.0,1
1,barra_12,PW,0.0,1
2,barra_12,PW,0.0,1
3,barra_12,PW,0.0,1
4,barra_12,PW,0.0,1
5,barra_12,PW,0.0,1
6,barra_12,PW,0.0,1
7,barra_12,PW,0.0,1
8,barra_12,PW,0.0,1
9,barra_12,PW,0.0,1
10,barra_12,PW,0.0,1
11,barra_12,PW,0.0,1
12,barra_12,PW,0.0,1
13,barra_12,PW,0.0,1
14,barra_12,PW,0.0,1
15,barra_12,PW,0.0,1
16,barra_12,PW,0.0,1
17,barra_12,PW,0.0,1
18,barra_12,PW,0.0,1
19,barra_12,PW,0.0,1
20,barra_12,PW,0.0,1
21,barra_12,PW,0.0,1
22,barra_12,PW,0.0,1
23,barra_12,PW,0.0,1
24,barra_12,PW,0.0,1
1,barra_13,PW,0.0,1
2,barra_13,PW,0.0,1
3,barra_13,PW,0.0,1
4,barra_13,PW,0.0,1
5,barra_13,PW,0.0,1
6,barra_13,PW,0.0,1
7,barra_13,PW,0.0,1
8,barra_13,PW,0.0,1
9,barra_13,PW,0.0,1
10,barra_13,PW,0.0,1
11,barra_13,PW,0.0,1
12,barra_13,PW,0.0,1
13,barra_13,PW,0.0,1
14,barra_13,PW,0.0,1
15,barra_13,PW,0.0,1
16,barra_13,PW,0.0,1
17,barra_13,PW,0.0,1
18,barra_13,PW,0.0,1
19,barra_13,PW,0.0,1
20,barra_13,PW,0.0,1
21,barra_13,PW,0.0,1
22,barra_13,PW,0.0,1
23,barra_13,PW,0.0,1
24,barra_13,PW,0.0,1
1,barra_14,PW,0.55178147,1
2,barra_14,PW,0.57758983,1
3,barra_14,PW,0.59630849,1
4,barra_14,PW,0.60346055,1
5,barra_14,PW,0.5932846,1
6,barra_14,PW,0.52966227,1
7,barra_14,PW,0.47237843,1
8,barra_14,PW,0.42094611,1
9,barra_14,PW,0.33274854,1
10,barra_14,PW,0.24694811,1
11,barra_14,PW,0.19169401,1
12,barra_14,PW,0.14872059,1
13,barra_14,PW,0.10826483,1
14,barra_14,PW,0.097646154,1
15,barra_14,PW,0.13954921,1
16,barra_14,PW,0.23308761,1
17,barra_14,PW,0.36949443,1
18,barra_14,PW,0.47084173,1
19,barra_14,PW,0.58476758,1
20,barra_14,PW,0.61573151,1
21,barra_14,PW,0.62182229,1
22,barra_14,PW,0.64355025,1
23,barra_14,PW,0.65936324,1
24,barra_14,PW,0.65785942,1
1,barra_15,PW,0.0,1
2,barra_15,PW,0.0,1
3,barra_15,PW,0.0,1
4,barra_15,PW,0.0,1
5,barra_15,PW,0.0,1
6,barra_15,PW,0.0,1
7,barra_15,PW,0.0,1
8,barra_15,PW,0.0,1
9,barra_15,PW,0.0,1
10,barra_15,PW,0.0,1
11,barra_15,PW,0.0,1
12,barra_15,PW,0.0,1
13,barra_15,PW,0.0,1
14,barra_15,PW,0.0,1
15,barra_15,PW,0.0,1
16,barra_15,PW,0.0,1
17,barra_15,PW,0.0,1
18,barra_15,PW,0.0,1
19,barra_15,PW,0.0,1
20,barra_15,PW,0.0,1
21,barra_15,PW,0.0,1
22,barra_15,PW,0.0,1
23,barra_15,PW,0.0,1
24,barra_15,PW,0.0,1
1,barra_16,PW,0.0,1
2,barra_16,PW,0.0,1
3,barra_16,PW,0.0,1
4,barra_16,PW,0.0,1
5,barra_16,PW,0.0,1
6,barra_16,PW,0.0,1
7,barra_16,PW,0.0,1
8,barra_16,PW,0.0,1
9,barra_16,PW,0.0,1
10,barra_16,PW,0.0,1
11,barra_16,PW,0.0,1
12,barra_16,PW,0.0,1
13,barra_16,PW,0.0,1
14,barra_16,PW,0.0,1
15,barra_16,PW,0.0,1
16,barra_16,PW,0.0,1
17,barra_16,PW,0.0,1
18,barra_16,PW,0.0,1
19,barra_16,PW,0.0,1
20,barra_16,PW,0.0,1
21,barra_16,PW,0.0,1
22,barra_16,PW,0.0,1
23,barra_16,PW,0.0,1
24,barra_16,PW,0.0,1
1,barra_17,PW,0.0,1
2,barra_17,PW,0.0,1
3,barra_17,PW,0.0,1
4,barra_17,PW,0.0,1
5,barra_17,PW,0.0,1
6,barra_17,PW,0.0,1
7,barra_17,PW,0.0,1
8,barra_17,PW,0.0,1
9,barra_17,PW,0.0,1
10,barra_17,PW,0.0,1
11,barra_17,PW,0.0,1
12,barra_17,PW,0.0,1
13,barra_17,PW,0.0,1
14,barra_17,PW,0.0,1
15,barra_17,PW,0.0,1
16,barra_17,PW,0.0,1
17,barra_17,PW,0.0,1
18,barra_17,PW,0.0,1
19,barra_17,PW,0.0,1
20,barra_17,PW,0.0,1
21,barra_17,PW,0.0,1
22,barra_17,PW,0.0,1
23,barra_17,PW,0.0,1
24,barra_17,PW,0.0,1
1,barra_18,PW,0.204,1
2,barra_18,PW,0.21,1
3,barra_18,PW,0.216,1
4,barra_18,PW,0.222,1
5,barra_18,PW,0.21,1
6,barra_18,PW,0.198,1
7,barra_18,PW,0.18,1
8,barra_18,PW,0.165,1
9,barra_18,PW,0.15,1
10,barra_18,PW,0.138,1
11,barra_18,PW,0.132,1
12,barra_18,PW,0.126,1
13,barra_18,PW,0.12,1
14,barra_18,PW,0.114,1
15,barra_18,PW,0.12,1
16,barra_18,PW,0.135,1
17,barra_18,PW,0.156,1
18,barra_18,PW,0.186,1
19,barra_18,PW,0.216,1
20,barra_18,PW,0.24,1
21,barra_18,PW,0.258,1
22,barra_18,PW,0.27,1
23,barra_18,PW,0.252,1
24,barra_18,PW,0.228,1
1,barra_19,PW,0.0,1
2,barra_19,PW,0.0,1
3,barra_19,PW,0.0,1
4,barra_19,PW,0.0,1
5,barra_19,PW,0.0,1
6,barra_19,PW,0.0,1
7,barra_19,PW,0.0,1
8,barra_19,PW,0.0,1
9,barra_19,PW,0.0,1
10,barra_19,PW,0.0,1
11,barra_19,PW,0.0,1
12,barra_19,PW,0.0,1
13,barra_19,PW,0.0,1
14,barra_19,PW,0.0,1
15,barra_19,PW,0.0,1
16,barra_19,PW,0.0,1
17,barra_19,PW,0.0,1
18,barra_19,PW,0.0,1
19,barra_19,PW,0.0,1
20,barra_19,PW,0.0,1
21,barra_19,PW,0.0,1
22,barra_19,PW,0.0,1
23,barra_19,PW,0.0,1
24,barra_19,PW,0.0,1
1,barra_20,PW,0.0,1
2,barra_20,PW,0.0,1
3,barra_20,PW,0.0,1
4,barra_20,PW,0.0,1
5,barra_20,PW,0.0,1
6,barra_20,PW,0.0,1
7,barra_20,PW,0.0,1
8,barra_20,PW,0.0,1
9,barra_20,PW,0.0,1
10,barra_20,PW,0.0,1
11,barra_20,PW,0.0,1
12,barra_20,PW,0.0,1
13,barra_20,PW,0.0,1
14,barra_20,PW,0.0,1
15,barra_20,PW,0.0,1
16,barra_20,PW,0.0,1
17,barra_20,PW,0.0,1
18,barra_20,PW,0.0,1
19,barra_20,PW,0.0,1
20,barra_20,PW,0.0,1
21,barra_20,PW,0.0,1
22,barra_20,PW,0.0,1
23,barra_20,PW,0.0,1
24,barra_20,PW,0.0,1
1,barra_21,PW,0.0,1
2,barra_21,PW,0.0,1
3,barra_21,PW,0.0,1
4,barra_21,PW,0.0,1
5,barra_21,PW,0.0,1
6,barra_21,PW,0.0,1
7,barra_21,PW,0.0,1
8,barra_21,PW,0.0,1
9,barra_21,PW,0.0,1
10,barra_21,PW,0.0,1
11,barra_21,PW,0.0,1
12,barra_21,PW,0.0,1
13,barra_21,PW,0.0,1
14,barra_21,PW,0.0,1
15,barra_21,PW,0.0,1
16,barra_21,PW,0.0,1
17,barra_21,PW,0.0,1
18,barra_21,PW,0.0,1
19,barra_21,PW,0.0,1
20,barra_21,PW,0.0,1
21,barra_21,PW,0.0,1
22,barra_21,PW,0.0,1
23,barra_21,PW,0.0,1
24,barra_21,PW,0.0,1
1,barra_22,PW,0.0,1
2,barra_22,PW,0.0,1
3,barra_22,PW,0.0,1
4,barra_22,PW,0.0,1
5,barra_22,PW,0.0,1
6,barra_22,PW,0.0,1
7,barra_22,PW,0.0,1
8,barra_22,PW,0.0,1
9,barra_22,PW,0.0,1
10,barra_22,PW,0.0,1
11,barra_22,PW,0.0,1
12,barra_22,PW,0.0,1
13,barra_22,PW,0.0,1
14,barra_22,PW,0.0,1
15,barra_22,PW,0.0,1
16,barra_22,PW,0.0,1
17,barra_22,PW,0.0,1
18,barra_22,PW,0.0,1
19,barra_22,PW,0.0,1
20,barra_22,PW,0.0,1
21,barra_22,PW,0.0,1
22,barra_22,PW,0.0,1
23,barra_22,PW,0.0,1
24,barra_22,PW,0.0,1
1,barra_23,PW,0.0,1
2,barra_23,PW,0.0,1
3,barra_23,PW,0.0,1
4,barra_23,PW,0.0,1
5,barra_23,PW,0.0,1
6,barra_23,PW,0.0,1
7,barra_23,PW,0.0,1
8,barra_23,PW,0.0,1
9,barra_23,PW,0.0,1
10,barra_23,PW,0.0,1
11,barra_23,PW,0.0,1
12,barra_23,PW,0.0,1
13,barra_23,PW,0.0,1
14,barra_23,PW,0.0,1
15,barra_23,PW,0.0,1
16,barra_23,PW,0.0,1
17,barra_23,PW,0.0,1
18,barra_23,PW,0.0,1
19,barra_23,PW,0.0,1
20,barra_23,PW,0.0,1
21,barra_23,PW,0.0,1
22,barra_23,PW,0.0,1
23,barra_23,PW,0.0,1
24,barra_23,PW,0.0,1
1,barra_24,PW,0.0,1
2,barra_24,PW,0.0,1
3,barra_24,PW,0.0,1
4,barra_24,PW,0.0,1
5,barra_24,PW,0.0,1
6,barra_24,PW,0.0,1
7,barra_24,PW,0.0,1
8,barra_24,PW,0.0,1
9,barra_24,PW,0.0,1
10,barra_24,PW,0.0,1
11,barra_24,PW,0.0,1
12,barra_24,PW,0.0,1
13,barra_24,PW,0.0,1
14,barra_24,PW,0.0,1
15,barra_24,PW,0.0,1
16,barra_24,PW,0.0,1
17,barra_24,PW,0.0,1
18,barra_24,PW,0.0,1
19,barra_24,PW,0.0,1
20,barra_24,PW,0.0,1
21,barra_24,PW,0.0,1
22,barra_24,PW,0.0,1
23,barra_24,PW,0.0,1
24,barra_24,PW,0.0,1
1,barra_25,PW,0.57769385,1
2,barra_25,PW,0.59066773,1
3,barra_25,PW,0.60007733,1
4,barra_25,PW,0.60439865,1
5,barra_25,PW,0.59855729,1
6,barra_25,PW,0.55091081,1
7,barra_25,PW,0.46788526,1
8,barra_25,PW,0.39960109,1
9,barra_25,PW,0.29185316,1
10,barra_25,PW,0.19049307,1
11,barra_25,PW,0.12101291,1
12,barra_25,PW,0.066313092,1
13,barra_25,PW,0.021357626,1
14,barra_25,PW,0.021657438,1
15,barra_25,PW,0.075587856,1
16,barra_25,PW,0.18052764,1
17,barra_25,PW,0.33267743,1
18,barra_25,PW,0.46916853,1
19,barra_25,PW,0.58605414,1
20,barra_25,PW,0.61664026,1
21,barra_25,PW,0.62271648,1
22,barra_25,PW,0.64439245,1
23,barra_25,PW,0.66016761,1
24,barra_25,PW,0.65866739,1
1,barra_26,PW,0.0,1
2,barra_26,PW,0.0,1
3,barra_26,PW,0.0,1
4,barra_26,PW,0.0,1
5,barra_26,PW,0.0,1
6,barra_26,PW,0.0,1
7,barra_26,PW,0.0,1
8,barra_26,PW,0.0,1
9,barra_26,PW,0.0,1
10,barra_26,PW,0.0,1
11,barra_26,PW,0.0,1
12,barra_26,PW,0.0,1
13,barra_26,PW,0.0,1
14,barra_26,PW,0.0,1
15,barra_26,PW,0.0,1
16,barra_26,PW,0.0,1
17,barra_26,PW,0.0,1
18,barra_26,PW,0.0,1
19,barra_26,PW,0.0,1
20,barra_26,PW,0.0,1
21,barra_26,PW,0.0,1
22,barra_26,PW,0.0,1
23,barra_26,PW,0.0,1
24,barra_26,PW,0.0,1
1,barra_27,PW,0.0,1
2,barra_27,PW,0.0,1
3,barra_27,PW,0.0,1
4,barra_27,PW,0.0,1
5,barra_27,PW,0.0,1
6,barra_27,PW,0.0,1
7,barra_27,PW,0.0,1
8,barra_27,PW,0.0,1
9,barra_27,PW,0.0,1
10,barra_27,PW,0.0,1
11,barra_27,PW,0.0,1
12,barra_27,PW,0.0,1
13,barra_27,PW,0.0,1
14,barra_27,PW,0.0,1
15,barra_27,PW,0.0,1
16,barra_27,PW,0.0,1
17,barra_27,PW,0.0,1
18,barra_27,PW,0.0,1
19,barra_27,PW,0.0,1
20,barra_27,PW,0.0,1
21,barra_27,PW,0.0,1
22,barra_27,PW,0.0,1
23,barra_27,PW,0.0,1
24,barra_27,PW,0.0,1
1,barra_28,PW,0.0,1
2,barra_28,PW,0.0,1
3,barra_28,PW,0.0,1
4,barra_28,PW,0.0,1
5,barra_28,PW,0.0,1
6,barra_28,PW,0.0,1
7,barra_28,PW,0.0,1
8,barra_28,PW,0.0,1
9,barra_28,PW,0.0,1
10,barra_28,PW,0.0,1
11,barra_28,PW,0.0,1
12,barra_28,PW,0.0,1
13,barra_28,PW,0.0,1
14,barra_28,PW,0.0,1
15,barra_28,PW,0.0,1
16,barra_28,PW,0.0,1
17,barra_28,PW,0.0,1
18,barra_28,PW,0.0,1
19,barra_28,PW,0.0,1
20,barra_28,PW,0.0,1
21,barra_28,PW,0.0,1
22,barra_28,PW,0.0,1
23,barra_28,PW,0.0,1
24,barra_28,PW,0.0,1
1,barra_29,PW,0.0,1
2,barra_29,PW,0.0,1
3,barra_29,PW,0.0,1
4,barra_29,PW,0.0,1
5,barra_29,PW,0.0,1
6,barra_29,PW,0.0,1
7,barra_29,PW,0.0,1
8,barra_29,PW,0.0,1
9,barra_29,PW,0.0,1
10,barra_29,PW,0.0,1
11,barra_29,PW,0.0,1
12,barra_29,PW,0.0,1
13,barra_29,PW,0.0,1
14,barra_29,PW,0.0,1
15,barra_29,PW,0.0,1
16,barra_29,PW,0.0,1
17,barra_29,PW,0.0,1
18,barra_29,PW,0.0,1
19,barra_29,PW,0.0,1
20,barra_29,PW,0.0,1
21,barra_29,PW,0.0,1
22,barra_29,PW,0.0,1
23,barra_29,PW,0.0,1
24,barra_29,PW,0.0,1
1,barra_30,PW,0.187,1
2,barra_30,PW,0.1925,1
3,barra_30,PW,0.198,1
4,barra_30,PW,0.2035,1
5,barra_30,PW,0.1925,1
6,barra_30,PW,0.1815,1
7,barra_30,PW,0.165,1
8,barra_30,PW,0.15125,1
9,barra_30,PW,0.1375,1
10,barra_30,PW,0.1265,1
11,barra_30,PW,0.121,1
12,barra_30,PW,0.1155,1
13,barra_30,PW,0.11,1
14,barra_30,PW,0.1045,1
15,barra_30,PW,0.11,1
16,barra_30,PW,0.12375,1
17,barra_30,PW,0.143,1
18,barra_30,PW,0.1705,1
19,barra_30,PW,0.198,1
20,barra_30,PW,0.22,1
21,barra_30,PW,0.2365,1
22,barra_30,PW,0.2475,1
23,barra_30,PW,0.231,1
24,barra_30,PW,0.209,1
1,barra_31,PW,0.0,1
2,barra_31,PW,0.0,1
3,barra_31,PW,0.0,1
4,barra_31,PW,0.0,1
5,barra_31,PW,0.0,1
6,barra_31,PW,0.0,1
7,barra_31,PW,0.0,1
8,barra_31,PW,0.0,1
9,barra_31,PW,0.0,1
10,barra_31,PW,0.0,1
11,barra_31,PW,0.0,1
12,barra_31,PW,0.0,1
13,barra_31,PW,0.0,1
14,barra_31,PW,0.0,1
15,barra_31,PW,0.0,1
16,barra_31,PW,0.0,1
17,barra_31,PW,0.0,1
18,barra_31,PW,0.0,1
19,barra_31,PW,0.0,1
20,barra_31,PW,0.0,1
21,barra_31,PW,0.0,1
22,barra_31,PW,0.0,1
23,barra_31,PW,0.0,1
24,barra_31,PW,0.0,1
1,barra_32,PW,0.0,1
2,barra_32,PW,0.0,1
3,barra_32,PW,0.0,1
4,barra_32,PW,0.0,1
5,barra_32,PW,0.0,1
6,barra_32,PW,0.0,1
7,barra_32,PW,0.0,1
8,barra_32,PW,0.0,1
9,barra_32,PW,0.0,1
10,barra_32,PW,0.0,1
11,barra_32,PW,0.0,1
12,barra_32,PW,0.0,1
13,barra_32,PW,0.0,1
14,barra_32,PW,0.0,1
15,barra_32,PW,0.0,1
16,barra_32,PW,0.0,1
17,barra_32,PW,0.0,1
18,barra_32,PW,0.0,1
19,barra_32,PW,0.0,1
20,barra_32,PW,0.0,1
21,barra_32,PW,0.0,1
22,barra_32,PW,0.0,1
23,barra_32,PW,0.0,1
24,barra_32,PW,0.0,1
1,barra_33,PW,0.0,1
2,barra_33,PW,0.0,1
3,barra_33,PW,0.0,1
4,barra_33,PW,0.0,1
5,barra_33,PW,0.0,1
6,barra_33,PW,0.0,1
7,barra_33,PW,0.0,1
8,barra_33,PW,0.0,1
9,barra_33,PW,0.0,1
10,barra_33,PW,0.0,1
11,barra_33,PW,0.0,1
12,barra_33,PW,0.0,1
13,barra_33,PW,0.0,1
14,barra_33,PW,0.0,1
15,barra_33,PW,0.0,1
16,barra_33,PW,0.0,1
17,barra_33,PW,0.0,1
18,barra_33,PW,0.0,1
19,barra_33,PW,0.0,1
20,barra_33,PW,0.0,1
21,barra_33,PW,0.0,1
22,barra_33,PW,0.0,1
23,barra_33,PW,0.0,1
24,barra_33,PW,0.0,1
1,barra_1,CS,0.0,1
2,barra_1,CS,0.0,1
3,barra_1,CS,0.0,1
4,barra_1,CS,0.0,1
5,barra_1,CS,0.0,1
6,barra_1,CS,0.0,1
7,barra_1,CS,0.0,1
8,barra_1,CS,0.0,1
9,barra_1,CS,0.0,1
10,barra_1,CS,0.0,1
11,barra_1,CS,0.0,1
12,barra_1,CS,0.0,1
13,barra_1,CS,0.0,1
14,barra_1,CS,0.0,1
15,barra_1,CS,0.0,1
16,barra_1,CS,0.0,1
17,barra_1,CS,0.0,1
18,barra_1,CS,0.0,1
19,barra_1,CS,0.0,1
20,barra_1,CS,0.0,1
21,barra_1,CS,0.0,1
22,barra_1,CS,0.0,1
23,barra_1,CS,0.0,1
24,barra_1,CS,0.0,1
1,barra_2,CS,0.0,1
2,barra_2,CS,0.0,1
3,barra_2,CS,0.0,1
4,barra_2,CS,0.0,1
5,barra_2,CS,0.0,1
6,barra_2,CS,0.0,1
7,barra_2,CS,0.0,1
8,barra_2,CS,0.0,1
9,barra_2,CS,0.0,1
10,barra_2,CS,0.0,1
11,barra_2,CS,0.0,1
12,barra_2,CS,0.0,1
13,barra_2,CS,0.0,1
14,barra_2,CS,0.0,1
15,barra_2,CS,0.0,1
16,barra_2,CS,0.0,1
17,barra_2,CS,0.0,1
18,barra_2,CS,0.0,1
19,barra_2,CS,0.0,1
20,barra_2,CS,0.0,1
21,barra_2,CS,0.0,1
22,barra_2,CS,0.0,1
23,barra_2,CS,0.0,1
24,barra_2,CS,0.0,1
1,barra_3,CS,0.0,1
2,barra_3,CS,0.0,1
3,barra_3,CS,0.0,1
4,barra_3,CS,0.0,1
5,barra_3,CS,0.0,1
6,barra_3,CS,0.0,1
7,barra_3,CS,0.0,1
8,barra_3,CS,0.0,1
9,barra_3,CS,0.0,1
10,barra_3,CS,0.0,1
11,barra_3,CS,0.0,1
12,barra_3,CS,0.0,1
13,barra_3,CS,0.0,1
14,barra_3,CS,0.0,1
15,barra_3,CS,0.0,1
16,barra_3,CS,0.0,1
17,barra_3,CS,0.0,1
18,barra_3,CS,0.0,1
19,barra_3,CS,0.0,1
20,barra_3,CS,0.0,1
21,barra_3,CS,0.0,1
22,barra_3,CS,0.0,1
23,barra_3,CS,0.0,1
24,barra_3,CS,0.0,1
1,barra_4,CS,0.0,1
2,barra_4,CS,0.0,1
3,barra_4,CS,0.0,1
4,barra_4,CS,0.0,1
5,barra_4,CS,0.0,1
6,barra_4,CS,0.0,1
7,barra_4,CS,0.0,1
8,barra_4,CS,0.0,1
9,barra_4,CS,0.0,1
10,barra_4,CS,0.0,1
11,barra_4,CS,0.0,1
12,barra_4,CS,0.0,1
13,barra_4,CS,0.0,1
14,barra_4,CS,0.0,1
15,barra_4,CS,0.0,1
16,barra_4,CS,0.0,1
17,barra_4,CS,0.0,1
18,barra_4,CS,0.0,1
19,barra_4,CS,0.0,1
20,barra_4,CS,0.0,1
21,barra_4,CS,0.0,1
22,barra_4,CS,0.0,1
23,barra_4,CS,0.0,1
24,barra_4,CS,0.0,1
1,barra_5,CS,0.0,1
2,barra_5,CS,0.0,1
3,barra_5,CS,0.0,1
4,barra_5,CS,0.0,1
5,barra_5,CS,0.0,1
6,barra_5,CS,0.0,1
7,barra_5,CS,0.0,1
8,barra_5,CS,0.0,1
9,barra_5,CS,0.0,1
10,barra_5,CS,0.0,1
11,barra_5,CS,0.0,1
12,barra_5,CS,0.0,1
13,barra_5,CS,0.0,1
14,barra_5,CS,0.0,1
15,barra_5,CS,0.0,1
16,barra_5,CS,0.0,1
17,barra_5,CS,0.0,1
18,barra_5,CS,0.0,1
19,barra_5,CS,0.0,1
20,barra_5,CS,0.0,1
21,barra_5,CS,0.0,1
22,barra_5,CS,0.0,1
23,barra_5,CS,0.0,1
24,barra_5,CS,0.0,1
1,barra_6,CS,0.0,1
2,barra_6,CS,0.0,1
3,barra_6,CS,0.0,1
4,barra_6,CS,0.0,1
5,barra_6,CS,0.0,1
6,barra_6,CS,-0.0,1
7,barra_6,CS,-0.0,1
8,barra_6,CS,-0.0,1
9,barra_6,CS,-0.0,1
10,barra_6,CS,-0.0,1
11,barra_6,CS,-0.0,1
12,barra_6,CS,-0.0,1
13,barra_6,CS,-0.0,1
14,barra_6,CS,-0.0,1
15,barra_6,CS,-0.0,1
16,barra_6,CS,-0.0,1
17,barra_6,CS,-0.0,1
18,barra_6,CS,-0.0,1
19,barra_6,CS,-0.0,1
20,barra_6,CS,0.0,1
21,barra_6,CS,0.0,1
22,barra_6,CS,0.0,1
23,barra_6,CS,0.0,1
24,barra_6,CS,0.0,1
1,barra_7,CS,0.0,1
2,barra_7,CS,0.0,1
3,barra_7,CS,0.0,1
4,barra_7,CS,0.0,1
5,barra_7,CS,0.0,1
6,barra_7,CS,0.0,1
7,barra_7,CS,0.0,1
8,barra_7,CS,0.0,1
9,barra_7,CS,0.0,1
10,barra_7,CS,0.0,1
11,barra_7,CS,0.0,1
12,barra_7,CS,0.0,1
13,barra_7,CS,0.0,1
14,barra_7,CS,0.0,1
15,barra_7,CS,0.0,1
16,barra_7,CS,0.0,1
17,barra_7,CS,0.0,1
18,barra_7,CS,0.0,1
19,barra_7,CS,0.0,1
20,barra_7,CS,0.0,1
21,barra_7,CS,0.0,1
22,barra_7,CS,0.0,1
23,barra_7,CS,0.0,1
24,barra_7,CS,0.0,1
1,barra_8,CS,0.0,1
2,barra_8,CS,0.0,1
3,barra_8,CS,0.0,1
4,barra_8,CS,0.0,1
5,barra_8,CS,0.0,1
6,barra_8,CS,0.0,1
7,barra_8,CS,0.0,1
8,barra_8,CS,0.0,1
9,barra_8,CS,0.0,1
10,barra_8,CS,0.0,1
11,barra_8,CS,0.0,1
12,barra_8,CS,0.0,1
13,barra_8,CS,0.0,1
14,barra_8,CS,0.0,1
15,barra_8,CS,0.0,1
16,barra_8,CS,0.0,1
17,barra_8,CS,0.0,1
18,barra_8,CS,0.0,1
19,barra_8,CS,0.0,1
20,barra_8,CS,0.0,1
21,barra_8,CS,0.0,1
22,barra_8,CS,0.0,1
23,barra_8,CS,0.0,1
24,barra_8,CS,0.0,1
1,barra_9,CS,0.0,1
2,barra_9,CS,0.0,1
3,barra_9,CS,0.0,1
4,barra_9,CS,0.0,1
5,barra_9,CS,0.0,1
6,barra_9,CS,0.0,1
7,barra_9,CS,0.0,1
8,barra_9,CS,0.0,1
9,barra_9,CS,0.0,1
10,barra_9,CS,0.0,1
11,barra_9,CS,0.0,1
12,barra_9,CS,0.0,1
13,barra_9,CS,0.0,1
14,barra_9,CS,0.0,1
15,barra_9,CS,0.0,1
16,barra_9,CS,0.0,1
17,barra_9,CS,0.0,1
18,barra_9,CS,0.0,1
19,barra_9,CS,0.0,1
20,barra_9,CS,0.0,1
21,barra_9,CS,0.0,1
22,barra_9,CS,0.0,1
23,barra_9,CS,0.0,1
24,barra_9,CS,0.0,1
1,barra_10,CS,0.0,1
2,barra_10,CS,0.0,1
3,barra_10,CS,0.0,1
4,barra_10,CS,0.0,1
5,barra_10,CS,0.0,1
6,barra_10,CS,0.0,1
7,barra_10,CS,0.0,1
8,barra_10,CS,0.0,1
9,barra_10,CS,0.0,1
10,barra_10,CS,0.0,1
11,barra_10,CS,0.0,1
12,barra_10,CS,0.0,1
13,barra_10,CS,0.0,1
14,barra_10,CS,0.0,1
15,barra_10,CS,0.0,1
16,barra_10,CS,0.0,1
17,barra_10,CS,0.0,1
18,barra_10,CS,0.0,1
19,barra_10,CS,0.0,1
20,barra_10,CS,0.0,1
21,barra_10,CS,0.0,1
22,barra_10,CS,0.0,1
23,barra_10,CS,0.0,1
24,barra_10,CS,0.0,1
1,barra_11,CS,0.0,1
2,barra_11,CS,0.0,1
3,barra_11,CS,0.0,1
4,barra_11,CS,0.0,1
5,barra_11,CS,0.0,1
6,barra_11,CS,0.0,1
7,barra_11,CS,0.0,1
8,barra_11,CS,0.0,1
9,barra_11,CS,0.0,1
10,barra_11,CS,0.0,1
11,barra_11,CS,0.0,1
12,barra_11,CS,0.0,1
13,barra_11,CS,0.0,1
14,barra_11,CS,0.0,1
15,barra_11,CS,0.0,1
16,barra_11,CS,0.0,1
17,barra_11,CS,0.0,1
18,barra_11,CS,0.0,1
19,barra_11,CS,0.0,1
20,barra_11,CS,0.0,1
21,barra_11,CS,0.0,1
22,barra_11,CS,0.0,1
23,barra_11,CS,0.0,1
24,barra_11,CS,0.0,1
1,barra_12,CS,0.0,1
2,barra_12,CS,0.0,1
3,barra_12,CS,0.0,1
4,barra_12,CS,0.0,1
5,barra_12,CS,0.0,1
6,barra_12,CS,0.0,1
7,barra_12,CS,0.0,1
8,barra_12,CS,0.0,1
9,barra_12,CS,0.0,1
10,barra_12,CS,0.0,1
11,barra_12,CS,0.0,1
12,barra_12,CS,0.0,1
13,barra_12,CS,0.0,1
14,barra_12,CS,0.0,1
15,barra_12,CS,0.0,1
16,barra_12,CS,0.0,1
17,barra_12,CS,0.0,1
18,barra_12,CS,0.0,1
19,barra_12,CS,0.0,1
20,barra_12,CS,0.0,1
21,barra_12,CS,0.0,1
22,barra_12,CS,0.0,1
23,barra_12,CS,0.0,1
24,barra_12,CS,0.0,1
1,barra_13,CS,0.0,1
2,barra_13,CS,0.0,1
3,barra_13,CS,0.0,1
4,barra_13,CS,0.0,1
5,barra_13,CS,0.0,1
6,barra_13,CS,0.0,1
7,barra_13,CS,0.0,1
8,barra_13,CS,0.0,1
9,barra_13,CS,0.0,1
10,barra_13,CS,0.0,1
11,barra_13,CS,0.0,1
12,barra_13,CS,0.0,1
13,barra_13,CS,0.0,1
14,barra_13,CS,0.0,1
15,barra_13,CS,0.0,1
16,barra_13,CS,0.0,1
17,barra_13,CS,0.0,1
18,barra_13,CS,0.0,1
19,barra_13,CS,0.0,1
20,barra_13,CS,0.0,1
21,barra_13,CS,0.0,1
22,barra_13,CS,0.0,1
23,barra_13,CS,0.0,1
24,barra_13,CS,0.0,1
1,barra_14,CS,0.0,1
2,barra_14,CS,0.0,1
3,barra_14,CS,0.0,1
4,barra_14,CS,0.0,1
5,barra_14,CS,0.0,1
6,barra_14,CS,-0.0,1
7,barra_14,CS,-0.0,1
8,barra_14,CS,-0.0,1
9,barra_14,CS,-0.0,1
10,barra_14,CS,-0.0,1
11,barra_14,CS,-0.0,1
12,barra_14,CS,-0.0,1
13,barra_14,CS,-0.0,1
14,barra_14,CS,-0.0,1
15,barra_14,CS,-0.0,1
16,barra_14,CS,-0.0,1
17,barra_14,CS,-0.0,1
18,barra_14,CS,-0.0,1
19,barra_14,CS,-0.0,1
20,barra_14,CS,0.0,1
21,barra_14,CS,0.0,1
22,barra_14,CS,0.0,1
23,barra_14,CS,0.0,1
24,barra_14,CS,0.0,1
1,barra_15,CS,0.0,1
2,barra_15,CS,0.0,1
3,barra_15,CS,0.0,1
4,barra_15,CS,0.0,1
5,barra_15,CS,0.0,1
6,barra_15,CS,0.0,1
7,barra_15,CS,0.0,1
8,barra_15,CS,0.0,1
9,barra_15,CS,0.0,1
10,barra_15,CS,0.0,1
11,barra_15,CS,0.0,1
12,barra_15,CS,0.0,1
13,barra_15,CS,0.0,1
14,barra_15,CS,0.0,1
15,barra_15,CS,0.0,1
16,barra_15,CS,0.0,1
17,barra_15,CS,0.0,1
18,barra_15,CS,0.0,1
19,barra_15,CS,0.0,1
20,barra_15,CS,0.0,1
21,barra_15,CS,0.0,1
22,barra_15,CS,0.0,1
23,barra_15,CS,0.0,1
24,barra_15,CS,0.0,1
1,barra_16,CS,0.0,1
2,barra_16,CS,0.0,1
3,barra_16,CS,0.0,1
4,barra_16,CS,0.0,1
5,barra_16,CS,0.0,1
6,barra_16,CS,0.0,1
7,barra_16,CS,0.0,1
8,barra_16,CS,0.0,1
9,barra_16,CS,0.0,1
10,barra_16,CS,0.0,1
11,barra_16,CS,0.0,1
12,barra_16,CS,0.0,1
13,barra_16,CS,0.0,1
14,barra_16,CS,0.0,1
15,barra_16,CS,0.0,1
16,barra_16,CS,0.0,1
17,barra_16,CS,0.0,1
18,barra_16,CS,0.0,1
19,barra_16,CS,0.0,1
20,barra_16,CS,0.0,1
21,barra_16,CS,0.0,1
22,barra_16,CS,0.0,1
23,barra_16,CS,0.0,1
24,barra_16,CS,0.0,1
1,barra_17,CS,0.0,1
2,barra_17,CS,0.0,1
3,barra_17,CS,0.0,1
4,barra_17,CS,0.0,1
5,barra_17,CS,0.0,1
6,barra_17,CS,0.0,1
7,barra_17,CS,0.0,1
8,barra_17,CS,0.0,1
9,barra_17,CS,0.0,1
10,barra_17,CS,0.0,1
11,barra_17,CS,0.0,1
12,barra_17,CS,0.0,1
13,barra_17,CS,0.0,1
14,barra_17,CS,0.0,1
15,barra_17,CS,0.0,1
16,barra_17,CS,0.0,1
17,barra_17,CS,0.0,1
18,barra_17,CS,0.0,1
19,barra_17,CS,0.0,1
20,barra_17,CS,0.0,1
21,barra_17,CS,0.0,1
22,barra_17,CS,0.0,1
23,barra_17,CS,0.0,1
24,barra_17,CS,0.0,1
1,barra_18,CS,0.0,1
2,barra_18,CS,0.0,1
3,barra_18,CS,0.0,1
4,barra_18,CS,0.0,1
5,barra_18,CS,0.0,1
6,barra_18,CS,0.0,1
7,barra_18,CS,0.0,1
8,barra_18,CS,0.0,1
9,barra_18,CS,0.0,1
10,barra_18,CS,0.0,1
11,barra_18,CS,0.0,1
12,barra_18,CS,0.0,1
13,barra_18,CS,0.0,1
14,barra_18,CS,0.0,1
15,barra_18,CS,0.0,1
16,barra_18,CS,0.0,1
17,barra_18,CS,0.0,1
18,barra_18,CS,0.0,1
19,barra_18,CS,0.0,1
20,barra_18,CS,0.0,1
21,barra_18,CS,0.0,1
22,barra_18,CS,0.0,1
23,barra_18,CS,0.0,1
24,barra_18,CS,0.0,1
1,barra_19,CS,0.0,1
2,barra_19,CS,0.0,1
3,barra_19,CS,0.0,1
4,barra_19,CS,0.0,1
5,barra_19,CS,0.0,1
6,barra_19,CS,0.0,1
7,barra_19,CS,0.0,1
8,barra_19,CS,0.0,1
9,barra_19,CS,0.0,1
10,barra_19,CS,0.0,1
11,barra_19,CS,0.0,1
12,barra_19,CS,0.0,1
13,barra_19,CS,0.0,1
14,barra_19,CS,0.0,1
15,barra_19,CS,0.0,1
16,barra_19,CS,0.0,1
17,barra_19,CS,0.0,1
18,barra_19,CS,0.0,1
19,barra_19,CS,0.0,1
20,barra_19,CS,0.0,1
21,barra_19,CS,0.0,1
22,barra_19,CS,0.0,1
23,barra_19,CS,0.0,1
24,barra_19,CS,0.0,1
1,barra_20,CS,0.0,1
2,barra_20,CS,0.0,1
3,barra_20,CS,0.0,1
4,barra_20,CS,0.0,1
5,barra_20,CS,0.0,1
6,barra_20,CS,0.0,1
7,barra_20,CS,0.0,1
8,barra_20,CS,0.0,1
9,barra_20,CS,0.0,1
10,barra_20,CS,0.0,1
11,barra_20,CS,0.0,1
12,barra_20,CS,0.0,1
13,barra_20,CS,0.0,1
14,barra_20,CS,0.0,1
15,barra_20,CS,0.0,1
16,barra_20,CS,0.0,1
17,barra_20,CS,0.0,1
18,barra_20,CS,0.0,1
19,barra_20,CS,0.0,1
20,barra_20,CS,0.0,1
21,barra_20,CS,0.0,1
22,barra_20,CS,0.0,1
23,barra_20,CS,0.0,1
24,barra_20,CS,0.0,1
1,barra_21,CS,0.0,1
2,barra_21,CS,0.0,1
3,barra_21,CS,0.0,1
4,barra_21,CS,0.0,1
5,barra_21,CS,0.0,1
6,barra_21,CS,0.0,1
7,barra_21,CS,0.0,1
8,barra_21,CS,0.0,1
9,barra_21,CS,0.0,1
10,barra_21,CS,0.0,1
11,barra_21,CS,0.0,1
12,barra_21,CS,0.0,1
13,barra_21,CS,0.0,1
14,barra_21,CS,0.0,1
15,barra_21,CS,0.0,1
16,barra_21,CS,0.0,1
17,barra_21,CS,0.0,1
18,barra_21,CS,0.0,1
19,barra_21,CS,0.0,1
20,barra_21,CS,0.0,1
21,barra_21,CS,0.0,1
22,barra_21,CS,0.0,1
23,barra_21,CS,0.0,1
24,barra_21,CS,0.0,1
1,barra_22,CS,0.0,1
2,barra_22,CS,0.0,1
3,barra_22,CS,0.0,1
4,barra_22,CS,0.0,1
5,barra_22,CS,0.0,1
6,barra_22,CS,0.0,1
7,barra_22,CS,0.0,1
8,barra_22,CS,0.0,1
9,barra_22,CS,0.0,1
10,barra_22,CS,0.0,1
11,barra_22,CS,0.0,1
12,barra_22,CS,0.0,1
13,barra_22,CS,0.0,1
14,barra_22,CS,0.0,1
15,barra_22,CS,0.0,1
16,barra_22,CS,0.0,1
17,barra_22,CS,0.0,1
18,barra_22,CS,0.0,1
19,barra_22,CS,0.0,1
20,barra_22,CS,0.0,1
21,barra_22,CS,0.0,1
22,barra_22,CS,0.0,1
23,barra_22,CS,0.0,1
24,barra_22,CS,0.0,1
1,barra_23,CS,0.0,1
2,barra_23,CS,0.0,1
3,barra_23,CS,0.0,1
4,barra_23,CS,0.0,1
5,barra_23,CS,0.0,1
6,barra_23,CS,0.0,1
7,barra_23,CS,0.0,1
8,barra_23,CS,0.0,1
9,barra_23,CS,0.0,1
10,barra_23,CS,0.0,1
11,barra_23,CS,0.0,1
12,barra_23,CS,0.0,1
13,barra_23,CS,0.0,1
14,barra_23,CS,0.0,1
15,barra_23,CS,0.0,1
16,barra_23,CS,0.0,1
17,barra_23,CS,0.0,1
18,barra_23,CS,0.0,1
19,barra_23,CS,0.0,1
20,barra_23,CS,0.0,1
21,barra_23,CS,0.0,1
22,barra_23,CS,0.0,1
23,barra_23,CS,0.0,1
24,barra_23,CS,0.0,1
1,barra_24,CS,0.0,1
2,barra_24,CS,0.0,1
3,barra_24,CS,0.0,1
4,barra_24,CS,0.0,1
5,barra_24,CS,0.0,1
6,barra_24,CS,0.0,1
7,barra_24,CS,0.0,1
8,barra_24,CS,0.0,1
9,barra_24,CS,0.0,1
10,barra_24,CS,0.0,1
11,barra_24,CS,0.0,1
12,barra_24,CS,0.0,1
13,barra_24,CS,0.0,1
14,barra_24,CS,0.0,1
15,barra_24,CS,0.0,1
16,barra_24,CS,0.0,1
17,barra_24,CS,0.0,1
18,barra_24,CS,0.0,1
19,barra_24,CS,0.0,1
20,barra_24,CS,0.0,1
21,barra_24,CS,0.0,1
22,barra_24,CS,0.0,1
23,barra_24,CS,0.0,1
24,barra_24,CS,0.0,1
1,barra_25,CS,0.0,1
2,barra_25,CS,0.0,1
3,barra_25,CS,0.0,1
4,barra_25,CS,0.0,1
5,barra_25,CS,0.0,1
6,barra_25,CS,-0.0,1
7,barra_25,CS,-0.0,1
8,barra_25,CS,-0.0,1
9,barra_25,CS,-0.0,1
10,barra_25,CS,-0.0,1
11,barra_25,CS,-0.0,1
12,barra_25,CS,-0.0,1
13,barra_25,CS,-0.0,1
14,barra_25,CS,-0.0,1
15,barra_25,CS,-0.0,1
16,barra_25,CS,-0.0,1
17,barra_25,CS,-0.0,1
18,barra_25,CS,-0.0,1
19,barra_25,CS,-0.0,1
20,barra_25,CS,0.0,1
21,barra_25,CS,0.0,1
22,barra_25,CS,0.0,1
23,barra_25,CS,0.0,1
24,barra_25,CS,0.0,1
1,barra_26,CS,0.0,1
2,barra_26,CS,0.0,1
3,barra_26,CS,0.0,1
4,barra_26,CS,0.0,1
5,barra_26,CS,0.0,1
6,barra_26,CS,0.0,1
7,barra_26,CS,0.0,1
8,barra_26,CS,0.0,1
9,barra_26,CS,0.0,1
10,barra_26,CS,0.0,1
11,barra_26,CS,0.0,1
12,barra_26,CS,0.0,1
13,barra_26,CS,0.0,1
14,barra_26,CS,0.0,1
15,barra_26,CS,0.0,1
16,barra_26,CS,0.0,1
17,barra_26,CS,0.0,1
18,barra_26,CS,0.0,1
19,barra_26,CS,0.0,1
20,barra_26,CS,0.0,1
21,barra_26,CS,0.0,1
22,barra_26,CS,0.0,1
23,barra_26,CS,0.0,1
24,barra_26,CS,0.0,1
1,barra_27,CS,0.0,1
2,barra_27,CS,0.0,1
3,barra_27,CS,0.0,1
4,barra_27,CS,0.0,1
5,barra_27,CS,0.0,1
6,barra_27,CS,0.0,1
7,barra_27,CS,0.0,1
8,barra_27,CS,0.0,1
9,barra_27,CS,0.0,1
10,barra_27,CS,0.0,1
11,barra_27,CS,0.0,1
12,barra_27,CS,0.0,1
13,barra_27,CS,0.0,1
14,barra_27,CS,0.0,1
15,barra_27,CS,0.0,1
16,barra_27,CS,0.0,1
17,barra_27,CS,0.0,1
18,barra_27,CS,0.0,1
19,barra_27,CS,0.0,1
20,barra_27,CS,0.0,1
21,barra_27,CS,0.0,1
22,barra_27,CS,0.0,1
23,barra_27,CS,0.0,1
24,barra_27,CS,0.0,1
1,barra_28,CS,0.0,1
2,barra_28,CS,0.0,1
3,barra_28,CS,0.0,1
4,barra_28,CS,0.0,1
5,barra_28,CS,0.0,1
6,barra_28,CS,0.0,1
7,barra_28,CS,0.0,1
8,barra_28,CS,0.0,1
9,barra_28,CS,0.0,1
10,barra_28,CS,0.0,1
11,barra_28,CS,0.0,1
12,barra_28,CS,0.0,1
13,barra_28,CS,0.0,1
14,barra_28,CS,0.0,1
15,barra_28,CS,0.0,1
16,barra_28,CS,0.0,1
17,barra_28,CS,0.0,1
18,barra_28,CS,0.0,1
19,barra_28,CS,0.0,1
20,barra_28,CS,0.0,1
21,barra_28,CS,0.0,1
22,barra_28,CS,0.0,1
23,barra_28,CS,0.0,1
24,barra_28,CS,0.0,1
1,barra_29,CS,0.0,1
2,barra_29,CS,0.0,1
3,barra_29,CS,0.0,1
4,barra_29,CS,0.0,1
5,barra_29,CS,0.0,1
6,barra_29,CS,0.0,1
7,barra_29,CS,0.0,1
8,barra_29,CS,0.0,1
9,barra_29,CS,0.0,1
10,barra_29,CS,0.0,1
11,barra_29,CS,0.0,1
12,barra_29,CS,0.0,1
13,barra_29,CS,0.0,1
14,barra_29,CS,0.0,1
15,barra_29,CS,0.0,1
16,barra_29,CS,0.0,1
17,barra_29,CS,0.0,1
18,barra_29,CS,0.0,1
19,barra_29,CS,0.0,1
20,barra_29,CS,0.0,1
21,barra_29,CS,0.0,1
22,barra_29,CS,0.0,1
23,barra_29,CS,0.0,1
24,barra_29,CS,0.0,1
1,barra_30,CS,0.0,1
2,barra_30,CS,0.0,1
3,barra_30,CS,0.0,1
4,barra_30,CS,0.0,1
5,barra_30,CS,0.0,1
6,barra_30,CS,0.0,1
7,barra_30,CS,0.0,1
8,barra_30,CS,0.0,1
9,barra_30,CS,0.0,1
10,barra_30,CS,0.0,1
11,barra_30,CS,0.0,1
12,barra_30,CS,0.0,1
13,barra_30,CS,0.0,1
14,barra_30,CS,0.0,1
15,barra_30,CS,0.0,1
16,barra_30,CS,0.0,1
17,barra_30,CS,0.0,1
18,barra_30,CS,0.0,1
19,barra_30,CS,0.0,1
20,barra_30,CS,0.0,1
21,barra_30,CS,0.0,1
22,barra_30,CS,0.0,1
23,barra_30,CS,0.0,1
24,barra_30,CS,0.0,1
1,barra_31,CS,0.0,1
2,barra_31,CS,0.0,1
3,barra_31,CS,0.0,1
4,barra_31,CS,0.0,1
5,barra_31,CS,0.0,1
6,barra_31,CS,0.0,1
7,barra_31,CS,0.0,1
8,barra_31,CS,0.0,1
9,barra_31,CS,0.0,1
10,barra_31,CS,0.0,1
11,barra_31,CS,0.0,1
12,barra_31,CS,0.0,1
13,barra_31,CS,0.0,1
14,barra_31,CS,0.0,1
15,barra_31,CS,0.0,1
16,barra_31,CS,0.0,1
17,barra_31,CS,0.0,1
18,barra_31,CS,0.0,1
19,barra_31,CS,0.0,1
20,barra_31,CS,0.0,1
21,barra_31,CS,0.0,1
22,barra_31,CS,0.0,1
23,barra_31,CS,0.0,1
24,barra_31,CS,0.0,1
1,barra_32,CS,0.0,1
2,barra_32,CS,0.0,1
3,barra_32,CS,0.0,1
4,barra_32,CS,0.0,1
5,barra_32,CS,0.0,1
6,barra_32,CS,0.0,1
7,barra_32,CS,0.0,1
8,barra_32,CS,0.0,1
9,barra_32,CS,0.0,1
10,barra_32,CS,0.0,1
11,barra_32,CS,0.0,1
12,barra_32,CS,0.0,1
13,barra_32,CS,0.0,1
14,barra_32,CS,0.0,1
15,barra_32,CS,0.0,1
16,barra_32,CS,0.0,1
17,barra_32,CS,0.0,1
18,barra_32,CS,0.0,1
19,barra_32,CS,0.0,1
20,barra_32,CS,0.0,1
21,barra_32,CS,0.0,1
22,barra_32,CS,0.0,1
23,barra_32,CS,0.0,1
24,barra_32,CS,0.0,1
1,barra_33,CS,0.0,1
2,barra_33,CS,0.0,1
3,barra_33,CS,0.0,1
4,barra_33,CS,0.0,1
5,barra_33,CS,0.0,1
6,barra_33,CS,0.0,1
7,barra_33,CS,0.0,1
8,barra_33,CS,0.0,1
9,barra_33,CS,0.0,1
10,barra_33,CS,0.0,1
11,barra_33,CS,0.0,1
12,barra_33,CS,0.0,1
13,barra_33,CS,0.0,1
14,barra_33,CS,0.0,1
15,barra_33,CS,0.0,1
16,barra_33,CS,0.0,1
17,barra_33,CS,0.0,1
18,barra_33,CS,0.0,1
19,barra_33,CS,0.0,1
20,barra_33,CS,0.0,1
21,barra_33,CS,0.0,1
22,barra_33,CS,0.0,1
23,barra_33,CS,0.0,1
24,barra_33,CS,0.0,1
1,barra_1,CW,0.0,1
2,barra_1,CW,0.0,1
3,barra_1,CW,0.0,1
4,barra_1,CW,0.0,1
5,barra_1,CW,0.0,1
6,barra_1,CW,0.0,1
7,barra_1,CW,0.0,1
8,barra_1,CW,0.0,1
9,barra_1,CW,0.0,1
10,barra_1,CW,0.0,1
11,barra_1,CW,0.0,1
12,barra_1,CW,0.0,1
13,barra_1,CW,0.0,1
14,barra_1,CW,0.0,1
15,barra_1,CW,0.0,1
16,barra_1,CW,0.0,1
17,barra_1,CW,0.0,1
18,barra_1,CW,0.0,1
19,barra_1,CW,0.0,1
20,barra_1,CW,0.0,1
21,barra_1,CW,0.0,1
22,barra_1,CW,0.0,1
23,barra_1,CW,0.0,1
24,barra_1,CW,0.0,1
1,barra_2,CW,0.0,1
2,barra_2,CW,0.0,1
3,barra_2,CW,0.0,1
4,barra_2,CW,0.0,1
5,barra_2,CW,0.0,1
6,barra_2,CW,0.0,1
7,barra_2,CW,0.0,1
8,barra_2,CW,0.0,1
9,barra_2,CW,0.0,1
10,barra_2,CW,0.0,1
11,barra_2,CW,0.0,1
12,barra_2,CW,0.0,1
13,barra_2,CW,0.0,1
14,barra_2,CW,0.0,1
15,barra_2,CW,0.0,1
16,barra_2,CW,0.0,1
17,barra_2,CW,0.0,1
18,barra_2,CW,0.0,1
19,barra_2,CW,0.0,1
20,barra_2,CW,0.0,1
21,barra_2,CW,0.0,1
22,barra_2,CW,0.0,1
23,barra_2,CW,0.0,1
24,barra_2,CW,0.0,1
1,barra_3,CW,0.0,1
2,barra_3,CW,0.0,1
3,barra_3,CW,0.0,1
4,barra_3,CW,0.0,1
5,barra_3,CW,0.0,1
6,barra_3,CW,0.0,1
7,barra_3,CW,0.0,1
8,barra_3,CW,0.0,1
9,barra_3,CW,0.0,1
10,barra_3,CW,0.0,1
11,barra_3,CW,0.0,1
12,barra_3,CW,0.0,1
13,barra_3,CW,0.0,1
14,barra_3,CW,0.0,1
15,barra_3,CW,0.0,1
16,barra_3,CW,0.0,1
17,barra_3,CW,0.0,1
18,barra_3,CW,0.0,1
19,barra_3,CW,0.0,1
20,barra_3,CW,0.0,1
21,barra_3,CW,0.0,1
22,barra_3,CW,0.0,1
23,barra_3,CW,0.0,1
24,barra_3,CW,0.0,1
1,barra_4,CW,0.0,1
2,barra_4,CW,0.0,1
3,barra_4,CW,0.0,1
4,barra_4,CW,0.0,1
5,barra_4,CW,0.0,1
6,barra_4,CW,0.0,1
7,barra_4,CW,0.0,1
8,barra_4,CW,0.0,1
9,barra_4,CW,0.0,1
10,barra_4,CW,0.0,1
11,barra_4,CW,0.0,1
12,barra_4,CW,0.0,1
13,barra_4,CW,0.0,1
14,barra_4,CW,0.0,1
15,barra_4,CW,0.0,1
16,barra_4,CW,0.0,1
17,barra_4,CW,0.0,1
18,barra_4,CW,0.0,1
19,barra_4,CW,0.0,1
20,barra_4,CW,0.0,1
21,barra_4,CW,0.0,1
22,barra_4,CW,0.0,1
23,barra_4,CW,0.0,1
24,barra_4,CW,0.0,1
1,barra_5,CW,0.0,1
2,barra_5,CW,0.0,1
3,barra_5,CW,0.0,1
4,barra_5,CW,0.0,1
5,barra_5,CW,0.0,1
6,barra_5,CW,0.0,1
7,barra_5,CW,0.0,1
8,barra_5,CW,0.0,1
9,barra_5,CW,0.0,1
10,barra_5,CW,0.0,1
11,barra_5,CW,0.0,1
12,barra_5,CW,0.0,1
13,barra_5,CW,0.0,1
14,barra_5,CW,0.0,1
15,barra_5,CW,0.0,1
16,barra_5,CW,0.0,1
17,barra_5,CW,0.0,1
18,barra_5,CW,0.0,1
19,barra_5,CW,0.0,1
20,barra_5,CW,0.0,1
21,barra_5,CW,0.0,1
22,barra_5,CW,0.0,1
23,barra_5,CW,0.0,1
24,barra_5,CW,0.0,1
1,barra_6,CW,0.0,1
2,barra_6,CW,0.0,1
3,barra_6,CW,0.0,1
4,barra_6,CW,0.0,1
5,barra_6,CW,0.0,1
6,barra_6,CW,0.0,1
7,barra_6,CW,0.0,1
8,barra_6,CW,0.0,1
9,barra_6,CW,0.0,1
10,barra_6,CW,0.0,1
11,barra_6,CW,0.0,1
12,barra_6,CW,0.0,1
13,barra_6,CW,0.0,1
14,barra_6,CW,0.0,1
15,barra_6,CW,0.0,1
16,barra_6,CW,0.0,1
17,barra_6,CW,0.0,1
18,barra_6,CW,0.0,1
19,barra_6,CW,0.0,1
20,barra_6,CW,0.0,1
21,barra_6,CW,0.0,1
22,barra_6,CW,0.0,1
23,barra_6,CW,0.0,1
24,barra_6,CW,0.0,1
1,barra_7,CW,0.0,1
2,barra_7,CW,0.0,1
3,barra_7,CW,0.0,1
4,barra_7,CW,0.0,1
5,barra_7,CW,0.0,1
6,barra_7,CW,0.0,1
7,barra_7,CW,0.0,1
8,barra_7,CW,0.0,1
9,barra_7,CW,0.0,1
10,barra_7,CW,0.0,1
11,barra_7,CW,0.0,1
12,barra_7,CW,0.0,1
13,barra_7,CW,0.0,1
14,barra_7,CW,0.0,1
15,barra_7,CW,0.0,1
16,barra_7,CW,0.0,1
17,barra_7,CW,0.0,1
18,barra_7,CW,0.0,1
19,barra_7,CW,0.0,1
20,barra_7,CW,0.0,1
21,barra_7,CW,0.0,1
22,barra_7,CW,0.0,1
23,barra_7,CW,0.0,1
24,barra_7,CW,0.0,1
1,barra_8,CW,0.0,1
2,barra_8,CW,0.0,1
3,barra_8,CW,0.0,1
4,barra_8,CW,0.0,1
5,barra_8,CW,0.0,1
6,barra_8,CW,0.0,1
7,barra_8,CW,0.0,1
8,barra_8,CW,0.0,1
9,barra_8,CW,0.0,1
10,barra_8,CW,0.0,1
11,barra_8,CW,0.0,1
12,barra_8,CW,0.0,1
13,barra_8,CW,0.0,1
14,barra_8,CW,0.0,1
15,barra_8,CW,0.0,1
16,barra_8,CW,0.0,1
17,barra_8,CW,0.0,1
18,barra_8,CW,0.0,1
19,barra_8,CW,0.0,1
20,barra_8,CW,0.0,1
21,barra_8,CW,0.0,1
22,barra_8,CW,0.0,1
23,barra_8,CW,0.0,1
24,barra_8,CW,0.0,1
1,barra_9,CW,0.0,1
2,barra_9,CW,0.0,1
3,barra_9,CW,0.0,1
4,barra_9,CW,0.0,1
5,barra_9,CW,0.0,1
6,barra_9,CW,0.0,1
7,barra_9,CW,0.0,1
8,barra_9,CW,0.0,1
9,barra_9,CW,0.0,1
10,barra_9,CW,0.0,1
11,barra_9,CW,0.0,1
12,barra_9,CW,0.0,1
13,barra_9,CW,0.0,1
14,barra_9,CW,0.0,1
15,barra_9,CW,0.0,1
16,barra_9,CW,0.0,1
17,barra_9,CW,0.0,1
18,barra_9,CW,0.0,1
19,barra_9,CW,0.0,1
20,barra_9,CW,0.0,1
21,barra_9,CW,0.0,1
22,barra_9,CW,0.0,1
23,barra_9,CW,0.0,1
24,barra_9,CW,0.0,1
1,barra_10,CW,0.0,1
2,barra_10,CW,0.0,1
3,barra_10,CW,0.0,1
4,barra_10,CW,0.0,1
5,barra_10,CW,0.0,1
6,barra_10,CW,0.0,1
7,barra_10,CW,0.0,1
8,barra_10,CW,0.0,1
9,barra_10,CW,0.0,1
10,barra_10,CW,0.0,1
11,barra_10,CW,0.0,1
12,barra_10,CW,0.0,1
13,barra_10,CW,0.0,1
14,barra_10,CW,0.0,1
15,barra_10,CW,0.0,1
16,barra_10,CW,0.0,1
17,barra_10,CW,0.0,1
18,barra_10,CW,0.0,1
19,barra_10,CW,0.0,1
20,barra_10,CW,0.0,1
21,barra_10,CW,0.0,1
22,barra_10,CW,0.0,1
23,barra_10,CW,0.0,1
24,barra_10,CW,0.0,1
1,barra_11,CW,0.0,1
2,barra_11,CW,0.0,1
3,barra_11,CW,0.0,1
4,barra_11,CW,0.0,1
5,barra_11,CW,0.0,1
6,barra_11,CW,0.0,1
7,barra_11,CW,0.0,1
8,barra_11,CW,0.0,1
9,barra_11,CW,0.0,1
10,barra_11,CW,0.0,1
11,barra_11,CW,0.0,1
12,barra_11,CW,0.0,1
13,barra_11,CW,0.0,1
14,barra_11,CW,0.0,1
15,barra_11,CW,0.0,1
16,barra_11,CW,0.0,1
17,barra_11,CW,0.0,1
18,barra_11,CW,0.0,1
19,barra_11,CW,0.0,1
20,barra_11,CW,0.0,1
21,barra_11,CW,0.0,1
22,barra_11,CW,0.0,1
23,barra_11,CW,0.0,1
24,barra_11,CW,0.0,1
1,barra_12,CW,0.0,1
2,barra_12,CW,0.0,1
3,barra_12,CW,0.0,1
4,barra_12,CW,0.0,1
5,barra_12,CW,0.0,1
6,barra_12,CW,0.0,1
7,barra_12,CW,0.0,1
8,barra_12,CW,0.0,1
9,barra_12,CW,0.0,1
10,barra_12,CW,0.0,1
11,barra_12,CW,0.0,1
12,barra_12,CW,0.0,1
13,barra_12,CW,0.0,1
14,barra_12,CW,0.0,1
15,barra_12,CW,0.0,1
16,barra_12,CW,0.0,1
17,barra_12,CW,0.0,1
18,barra_12,CW,0.0,1
19,barra_12,CW,0.0,1
20,barra_12,CW,0.0,1
21,barra_12,CW,0.0,1
22,barra_12,CW,0.0,1
23,barra_12,CW,0.0,1
24,barra_12,CW,0.0,1
1,barra_13,CW,0.0,1
2,barra_13,CW,0.0,1
3,barra_13,CW,0.0,1
4,barra_13,CW,0.0,1
5,barra_13,CW,0.0,1
6,barra_13,CW,0.0,1
7,barra_13,CW,0.0,1
8,barra_13,CW,0.0,1
9,barra_13,CW,0.0,1
10,barra_13,CW,0.0,1
11,barra_13,CW,0.0,1
12,barra_13,CW,0.0,1
13,barra_13,CW,0.0,1
14,barra_13,CW,0.0,1
15,barra_13,CW,0.0,1
16,barra_13,CW,0.0,1
17,barra_13,CW,0.0,1
18,barra_13,CW,0.0,1
19,barra_13,CW,0.0,1
20,barra_13,CW,0.0,1
21,barra_13,CW,0.0,1
22,barra_13,CW,0.0,1
23,barra_13,CW,0.0,1
24,barra_13,CW,0.0,1
1,barra_14,CW,0.0,1
2,barra_14,CW,0.0,1
3,barra_14,CW,0.0,1
4,barra_14,CW,0.0,1
5,barra_14,CW,0.0,1
6,barra_14,CW,0.0,1
7,barra_14,CW,0.0,1
8,barra_14,CW,0.0,1
9,barra_14,CW,0.0,1
10,barra_14,CW,0.0,1
11,barra_14,CW,0.0,1
12,barra_14,CW,0.0,1
13,barra_14,CW,0.0,1
14,barra_14,CW,0.0,1
15,barra_14,CW,0.0,1
16,barra_14,CW,0.0,1
17,barra_14,CW,0.0,1
18,barra_14,CW,0.0,1
19,barra_14,CW,0.0,1
20,barra_14,CW,0.0,1
21,barra_14,CW,0.0,1
22,barra_14,CW,0.0,1
23,barra_14,CW,0.0,1
24,barra_14,CW,0.0,1
1,barra_15,CW,0.0,1
2,barra_15,CW,0.0,1
3,barra_15,CW,0.0,1
4,barra_15,CW,0.0,1
5,barra_15,CW,0.0,1
6,barra_15,CW,0.0,1
7,barra_15,CW,0.0,1
8,barra_15,CW,0.0,1
9,barra_15,CW,0.0,1
10,barra_15,CW,0.0,1
11,barra_15,CW,0.0,1
12,barra_15,CW,0.0,1
13,barra_15,CW,0.0,1
14,barra_15,CW,0.0,1
15,barra_15,CW,0.0,1
16,barra_15,CW,0.0,1
17,barra_15,CW,0.0,1
18,barra_15,CW,0.0,1
19,barra_15,CW,0.0,1
20,barra_15,CW,0.0,1
21,barra_15,CW,0.0,1
22,barra_15,CW,0.0,1
23,barra_15,CW,0.0,1
24,barra_15,CW,0.0,1
1,barra_16,CW,0.0,1
2,barra_16,CW,0.0,1
3,barra_16,CW,0.0,1
4,barra_16,CW,0.0,1
5,barra_16,CW,0.0,1
6,barra_16,CW,0.0,1
7,barra_16,CW,0.0,1
8,barra_16,CW,0.0,1
9,barra_16,CW,0.0,1
10,barra_16,CW,0.0,1
11,barra_16,CW,0.0,1
12,barra_16,CW,0.0,1
13,barra_16,CW,0.0,1
14,barra_16,CW,0.0,1
15,barra_16,CW,0.0,1
16,barra_16,CW,0.0,1
17,barra_16,CW,0.0,1
18,barra_16,CW,0.0,1
19,barra_16,CW,0.0,1
20,barra_16,CW,0.0,1
21,barra_16,CW,0.0,1
22,barra_16,CW,0.0,1
23,barra_16,CW,0.0,1
24,barra_16,CW,0.0,1
1,barra_17,CW,0.0,1
2,barra_17,CW,0.0,1
3,barra_17,CW,0.0,1
4,barra_17,CW,0.0,1
5,barra_17,CW,0.0,1
6,barra_17,CW,0.0,1
7,barra_17,CW,0.0,1
8,barra_17,CW,0.0,1
9,barra_17,CW,0.0,1
10,barra_17,CW,0.0,1
11,barra_17,CW,0.0,1
12,barra_17,CW,0.0,1
13,barra_17,CW,0.0,1
14,barra_17,CW,0.0,1
15,barra_17,CW,0.0,1
16,barra_17,CW,0.0,1
17,barra_17,CW,0.0,1
18,barra_17,CW,0.0,1
19,barra_17,CW,0.0,1
20,barra_17,CW,0.0,1
21,barra_17,CW,0.0,1
22,barra_17,CW,0.0,1
23,barra_17,CW,0.0,1
24,barra_17,CW,0.0,1
1,barra_18,CW,-0.0,1
2,barra_18,CW,-0.0,1
3,barra_18,CW,-0.0,1
4,barra_18,CW,-0.0,1
5,barra_18,CW,-0.0,1
6,barra_18,CW,-0.0,1
7,barra_18,CW,-0.0,1
8,barra_18,CW,-0.0,1
9,barra_18,CW,-0.0,1
10,barra_18,CW,-0.0,1
11,barra_18,CW,-0.0,1
12,barra_18,CW,-0.0,1
13,barra_18,CW,-0.0,1
14,barra_18,CW,-0.0,1
15,barra_18,CW,-0.0,1
16,barra_18,CW,-0.0,1
17,barra_18,CW,-0.0,1
18,barra_18,CW,-0.0,1
19,barra_18,CW,-0.0,1
20,barra_18,CW,-0.0,1
21,barra_18,CW,-0.0,1
22,barra_18,CW,-0.0,1
23,barra_18,CW,-0.0,1
24,barra_18,CW,-0.0,1
1,barra_19,CW,0.0,1
2,barra_19,CW,0.0,1
3,barra_19,CW,0.0,1
4,barra_19,CW,0.0,1
5,barra_19,CW,0.0,1
6,barra_19,CW,0.0,1
7,barra_19,CW,0.0,1
8,barra_19,CW,0.0,1
9,barra_19,CW,0.0,1
10,barra_19,CW,0.0,1
11,barra_19,CW,0.0,1
12,barra_19,CW,0.0,1
13,barra_19,CW,0.0,1
14,barra_19,CW,0.0,1
15,barra_19,CW,0.0,1
16,barra_19,CW,0.0,1
17,barra_19,CW,0.0,1
18,barra_19,CW,0.0,1
19,barra_19,CW,0.0,1
20,barra_19,CW,0.0,1
21,barra_19,CW,0.0,1
22,barra_19,CW,0.0,1
23,barra_19,CW,0.0,1
24,barra_19,CW,0.0,1
1,barra_20,CW,0.0,1
2,barra_20,CW,0.0,1
3,barra_20,CW,0.0,1
4,barra_20,CW,0.0,1
5,barra_20,CW,0.0,1
6,barra_20,CW,0.0,1
7,barra_20,CW,0.0,1
8,barra_20,CW,0.0,1
9,barra_20,CW,0.0,1
10,barra_20,CW,0.0,1
11,barra_20,CW,0.0,1
12,barra_20,CW,0.0,1
13,barra_20,CW,0.0,1
14,barra_20,CW,0.0,1
15,barra_20,CW,0.0,1
16,barra_20,CW,0.0,1
17,barra_20,CW,0.0,1
18,barra_20,CW,0.0,1
19,barra_20,CW,0.0,1
20,barra_20,CW,0.0,1
21,barra_20,CW,0.0,1
22,barra_20,CW,0.0,1
23,barra_20,CW,0.0,1
24,barra_20,CW,0.0,1
1,barra_21,CW,0.0,1
2,barra_21,CW,0.0,1
3,barra_21,CW,0.0,1
4,barra_21,CW,0.0,1
5,barra_21,CW,0.0,1
6,barra_21,CW,0.0,1
7,barra_21,CW,0.0,1
8,barra_21,CW,0.0,1
9,barra_21,CW,0.0,1
10,barra_21,CW,0.0,1
11,barra_21,CW,0.0,1
12,barra_21,CW,0.0,1
13,barra_21,CW,0.0,1
14,barra_21,CW,0.0,1
15,barra_21,CW,0.0,1
16,barra_21,CW,0.0,1
17,barra_21,CW,0.0,1
18,barra_21,CW,0.0,1
19,barra_21,CW,0.0,1
20,barra_21,CW,0.0,1
21,barra_21,CW,0.0,1
22,barra_21,CW,0.0,1
23,barra_21,CW,0.0,1
24,barra_21,CW,0.0,1
1,barra_22,CW,0.0,1
2,barra_22,CW,0.0,1
3,barra_22,CW,0.0,1
4,barra_22,CW,0.0,1
5,barra_22,CW,0.0,1
6,barra_22,CW,0.0,1
7,barra_22,CW,0.0,1
8,barra_22,CW,0.0,1
9,barra_22,CW,0.0,1
10,barra_22,CW,0.0,1
11,barra_22,CW,0.0,1
12,barra_22,CW,0.0,1
13,barra_22,CW,0.0,1
14,barra_22,CW,0.0,1
15,barra_22,CW,0.0,1
16,barra_22,CW,0.0,1
17,barra_22,CW,0.0,1
18,barra_22,CW,0.0,1
19,barra_22,CW,0.0,1
20,barra_22,CW,0.0,1
21,barra_22,CW,0.0,1
22,barra_22,CW,0.0,1
23,barra_22,CW,0.0,1
24,barra_22,CW,0.0,1
1,barra_23,CW,0.0,1
2,barra_23,CW,0.0,1
3,barra_23,CW,0.0,1
4,barra_23,CW,0.0,1
5,barra_23,CW,0.0,1
6,barra_23,CW,0.0,1
7,barra_23,CW,0.0,1
8,barra_23,CW,0.0,1
9,barra_23,CW,0.0,1
10,barra_23,CW,0.0,1
11,barra_23,CW,0.0,1
12,barra_23,CW,0.0,1
13,barra_23,CW,0.0,1
14,barra_23,CW,0.0,1
15,barra_23,CW,0.0,1
16,barra_23,CW,0.0,1
17,barra_23,CW,0.0,1
18,barra_23,CW,0.0,1
19,barra_23,CW,0.0,1
20,barra_23,CW,0.0,1
21,barra_23,CW,0.0,1
22,barra_23,CW,0.0,1
23,barra_23,CW,0.0,1
24,barra_23,CW,0.0,1
1,barra_24,CW,0.0,1
2,barra_24,CW,0.0,1
3,barra_24,CW,0.0,1
4,barra_24,CW,0.0,1
5,barra_24,CW,0.0,1
6,barra_24,CW,0.0,1
7,barra_24,CW,0.0,1
8,barra_24,CW,0.0,1
9,barra_24,CW,0.0,1
10,barra_24,CW,0.0,1
11,barra_24,CW,0.0,1
12,barra_24,CW,0.0,1
13,barra_24,CW,0.0,1
14,barra_24,CW,0.0,1
15,barra_24,CW,0.0,1
16,barra_24,CW,0.0,1
17,barra_24,CW,0.0,1
18,barra_24,CW,0.0,1
19,barra_24,CW,0.0,1
20,barra_24,CW,0.0,1
21,barra_24,CW,0.0,1
22,barra_24,CW,0.0,1
23,barra_24,CW,0.0,1
24,barra_24,CW,0.0,1
1,barra_25,CW,0.0,1
2,barra_25,CW,0.0,1
3,barra_25,CW,0.0,1
4,barra_25,CW,0.0,1
5,barra_25,CW,0.0,1
6,barra_25,CW,0.0,1
7,barra_25,CW,0.0,1
8,barra_25,CW,0.0,1
9,barra_25,CW,0.0,1
10,barra_25,CW,0.0,1
11,barra_25,CW,0.0,1
12,barra_25,CW,0.0,1
13,barra_25,CW,0.0,1
14,barra_25,CW,0.0,1
15,barra_25,CW,0.0,1
16,barra_25,CW,0.0,1
17,barra_25,CW,0.0,1
18,barra_25,CW,0.0,1
19,barra_25,CW,0.0,1
20,barra_25,CW,0.0,1
21,barra_25,CW,0.0,1
22,barra_25,CW,0.0,1
23,barra_25,CW,0.0,1
24,barra_25,CW,0.0,1
1,barra_26,CW,0.0,1
2,barra_26,CW,0.0,1
3,barra_26,CW,0.0,1
4,barra_26,CW,0.0,1
5,barra_26,CW,0.0,1
6,barra_26,CW,0.0,1
7,barra_26,CW,0.0,1
8,barra_26,CW,0.0,1
9,barra_26,CW,0.0,1
10,barra_26,CW,0.0,1
11,barra_26,CW,0.0,1
12,barra_26,CW,0.0,1
13,barra_26,CW,0.0,1
14,barra_26,CW,0.0,1
15,barra_26,CW,0.0,1
16,barra_26,CW,0.0,1
17,barra_26,CW,0.0,1
18,barra_26,CW,0.0,1
19,barra_26,CW,0.0,1
20,barra_26,CW,0.0,1
21,barra_26,CW,0.0,1
22,barra_26,CW,0.0,1
23,barra_26,CW,0.0,1
24,barra_26,CW,0.0,1
1,barra_27,CW,0.0,1
2,barra_27,CW,0.0,1
3,barra_27,CW,0.0,1
4,barra_27,CW,0.0,1
5,barra_27,CW,0.0,1
6,barra_27,CW,0.0,1
7,barra_27,CW,0.0,1
8,barra_27,CW,0.0,1
9,barra_27,CW,0.0,1
10,barra_27,CW,0.0,1
11,barra_27,CW,0.0,1
12,barra_27,CW,0.0,1
13,barra_27,CW,0.0,1
14,barra_27,CW,0.0,1
15,barra_27,CW,0.0,1
16,barra_27,CW,0.0,1
17,barra_27,CW,0.0,1
18,barra_27,CW,0.0,1
19,barra_27,CW,0.0,1
20,barra_27,CW,0.0,1
21,barra_27,CW,0.0,1
22,barra_27,CW,0.0,1
23,barra_27,CW,0.0,1
24,barra_27,CW,0.0,1
1,barra_28,CW,0.0,1
2,barra_28,CW,0.0,1
3,barra_28,CW,0.0,1
4,barra_28,CW,0.0,1
5,barra_28,CW,0.0,1
6,barra_28,CW,0.0,1
7,barra_28,CW,0.0,1
8,barra_28,CW,0.0,1
9,barra_28,CW,0.0,1
10,barra_28,CW,0.0,1
11,barra_28,CW,0.0,1
12,barra_28,CW,0.0,1
13,barra_28,CW,0.0,1
14,barra_28,CW,0.0,1
15,barra_28,CW,0.0,1
16,barra_28,CW,0.0,1
17,barra_28,CW,0.0,1
18,barra_28,CW,0.0,1
19,barra_28,CW,0.0,1
20,barra_28,CW,0.0,1
21,barra_28,CW,0.0,1
22,barra_28,CW,0.0,1
23,barra_28,CW,0.0,1
24,barra_28,CW,0.0,1
1,barra_29,CW,0.0,1
2,barra_29,CW,0.0,1
3,barra_29,CW,0.0,1
4,barra_29,CW,0.0,1
5,barra_29,CW,0.0,1
6,barra_29,CW,0.0,1
7,barra_29,CW,0.0,1
8,barra_29,CW,0.0,1
9,barra_29,CW,0.0,1
10,barra_29,CW,0.0,1
11,barra_29,CW,0.0,1
12,barra_29,CW,0.0,1
13,barra_29,CW,0.0,1
14,barra_29,CW,0.0,1
15,barra_29,CW,0.0,1
16,barra_29,CW,0.0,1
17,barra_29,CW,0.0,1
18,barra_29,CW,0.0,1
19,barra_29,CW,0.0,1
20,barra_29,CW,0.0,1
21,barra_29,CW,0.0,1
22,barra_29,CW,0.0,1
23,barra_29,CW,0.0,1
24,barra_29,CW,0.0,1
1,barra_30,CW,-0.0,1
2,barra_30,CW,-0.0,1
3,barra_30,CW,-0.0,1
4,barra_30,CW,-0.0,1
5,barra_30,CW,-0.0,1
6,barra_30,CW,-0.0,1
7,barra_30,CW,-0.0,1
8,barra_30,CW,-0.0,1
9,barra_30,CW,-0.0,1
10,barra_30,CW,-0.0,1
11,barra_30,CW,-0.0,1
12,barra_30,CW,-0.0,1
13,barra_30,CW,-0.0,1
14,barra_30,CW,-0.0,1
15,barra_30,CW,-0.0,1
16,barra_30,CW,-0.0,1
17,barra_30,CW,-0.0,1
18,barra_30,CW,-0.0,1
19,barra_30,CW,-0.0,1
20,barra_30,CW,-0.0,1
21,barra_30,CW,-0.0,1
22,barra_30,CW,-0.0,1
23,barra_30,CW,-0.0,1
24,barra_30,CW,-0.0,1
1,barra_31,CW,0.0,1
2,barra_31,CW,0.0,1
3,barra_31,CW,0.0,1
4,barra_31,CW,0.0,1
5,barra_31,CW,0.0,1
6,barra_31,CW,0.0,1
7,barra_31,CW,0.0,1
8,barra_31,CW,0.0,1
9,barra_31,CW,0.0,1
10,barra_31,CW,0.0,1
11,barra_31,CW,0.0,1
12,barra_31,CW,0.0,1
13,barra_31,CW,0.0,1
14,barra_31,CW,0.0,1
15,barra_31,CW,0.0,1
16,barra_31,CW,0.0,1
17,barra_31,CW,0.0,1
18,barra_31,CW,0.0,1
19,barra_31,CW,0.0,1
20,barra_31,CW,0.0,1
21,barra_31,CW,0.0,1
22,barra_31,CW,0.0,1
23,barra_31,CW,0.0,1
24,barra_31,CW,0.0,1
1,barra_32,CW,0.0,1
2,barra_32,CW,0.0,1
3,barra_32,CW,0.0,1
4,barra_32,CW,0.0,1
5,barra_32,CW,0.0,1
6,barra_32,CW,0.0,1
7,barra_32,CW,0.0,1
8,barra_32,CW,0.0,1
9,barra_32,CW,0.0,1
10,barra_32,CW,0.0,1
11,barra_32,CW,0.0,1
12,barra_32,CW,0.0,1
13,barra_32,CW,0.0,1
14,barra_32,CW,0.0,1
15,barra_32,CW,0.0,1
16,barra_32,CW,0.0,1
17,barra_32,CW,0.0,1
18,barra_32,CW,0.0,1
19,barra_32,CW,0.0,1
20,barra_32,CW,0.0,1
21,barra_32,CW,0.0,1
22,barra_32,CW,0.0,1
23,barra_32,CW,0.0,1
24,barra_32,CW,0.0,1
1,barra_33,CW,0.0,1
2,barra_33,CW,0.0,1
3,barra_33,CW,0.0,1
4,barra_33,CW,0.0,1
5,barra_33,CW,0.0,1
6,barra_33,CW,0.0,1
7,barra_33,CW,0.0,1
8,barra_33,CW,0.0,1
9,barra_33,CW,0.0,1
10,barra_33,CW,0.0,1
11,barra_33,CW,0.0,1
12,barra_33,CW,0.0,1
13,barra_33,CW,0.0,1
14,barra_33,CW,0.0,1
15,barra_33,CW,0.0,1
16,barra_33,CW,0.0,1
17,barra_33,CW,0.0,1
18,barra_33,CW,0.0,1
19,barra_33,CW,0.0,1
20,barra_33,CW,0.0,1
21,barra_33,CW,0.0,1
22,barra_33,CW,0.0,1
23,barra_33,CW,0.0,1
24,barra_33,CW,0.0,1
1,bateria_25,P_ch,0.0,1
2,bateria_25,P_ch,0.0,1
3,bateria_25,P_ch,0.0,1
4,bateria_25,P_ch,0.0,1
5,bateria_25,P_ch,0.0,1
6,bateria_25,P_ch,0.0,1
7,bateria_25,P_ch,0.0,1
8,bateria_25,P_ch,0.0,1
9,bateria_25,P_ch,0.0,1
10,bateria_25,P_ch,0.0,1
11,bateria_25,P_ch,0.0,1
12,bateria_25,P_ch,0.0,1
13,bateria_25,P_ch,0.0,1
14,bateria_25,P_ch,0.0,1
15,bateria_25,P_ch,0.0,1
16,bateria_25,P_ch,0.0,1
17,bateria_25,P_ch,0.0,1
18,bateria_25,P_ch,0.0,1
19,bateria_25,P_ch,0.0,1
20,bateria_25,P_ch,0.0,1
21,bateria_25,P_ch,0.0,1
22,bateria_25,P_ch,0.0,1
23,bateria_25,P_ch,0.0,1
24,bateria_25,P_ch,0.0,1
1,bateria_6,P_ch,0.0,1
2,bateria_6,P_ch,0.0,1
3,bateria_6,P_ch,0.0,1
4,bateria_6,P_ch,0.0,1
5,bateria_6,P_ch,0.0,1
6,bateria_6,P_ch,0.0,1
7,bateria_6,P_ch,0.0,1
8,bateria_6,P_ch,0.0,1
9,bateria_6,P_ch,0.0,1
10,bateria_6,P_ch,0.0,1
11,bateria_6,P_ch,0.0,1
12,bateria_6,P_ch,0.0,1
13,bateria_6,P_ch,0.0,1
14,bateria_6,P_ch,0.0,1
15,bateria_6,P_ch,0.0,1
16,bateria_6,P_ch,0.0,1
17,bateria_6,P_ch,0.0,1
18,bateria_6,P_ch,0.0,1
19,bateria_6,P_ch,0.0,1
20,bateria_6,P_ch,0.0,1
21,bateria_6,P_ch,0.0,1
22,bateria_6,P_ch,0.0,1
23,bateria_6,P_ch,0.0,1
24,bateria_6,P_ch,0.0,1
1,bateria_25,P_dis,0.0,1
2,bateria_25,P_dis,0.0,1
3,bateria_25,P_dis,0.0,1
4,bateria_25,P_dis,0.0,1
5,bateria_25,P_dis,0.0,1
6,bateria_25,P_dis,0.0,1
7,bateria_25,P_dis,0.0,1
8,bateria_25,P_dis,0.0,1
9,bateria_25,P_dis,0.0,1
10,bateria_25,P_dis,0.0,1
11,bateria_25,P_dis,0.0,1
12,bateria_25,P_dis,0.0,1
13,bateria_25,P_dis,0.0,1
14,bateria_25,P_dis,0.0,1
15,bateria_25,P_dis,0.0,1
16,bateria_25,P_dis,0.0,1
17,bateria_25,P_dis,0.0,1
18,bateria_25,P_dis,0.0,1
19,bateria_25,P_dis,0.0,1
20,bateria_25,P_dis,0.0,1
21,bateria_25,P_dis,0.0,1
22,bateria_25,P_dis,0.0,1
23,bateria_25,P_dis,0.0,1
24,bateria_25,P_dis,0.0,1
1,bateria_6,P_dis,0.0,1
2,bateria_6,P_dis,0.0,1
3,bateria_6,P_dis,0.0,1
4,bateria_6,P_dis,0.0,1
5,bateria_6,P_dis,0.0,1
6,bateria_6,P_dis,0.0,1
7,bateria_6,P_dis,0.0,1
8,bateria_6,P_dis,0.0,1
9,bateria_6,P_dis,0.0,1
10,bateria_6,P_dis,0.0,1
11,bateria_6,P_dis,0.0,1
12,bateria_6,P_dis,0.0,1
13,bateria_6,P_dis,0.0,1
14,bateria_6,P_dis,0.0,1
15,bateria_6,P_dis,0.0,1
16,bateria_6,P_dis,0.0,1
17,bateria_6,P_dis,0.0,1
18,bateria_6,P_dis,0.0,1
19,bateria_6,P_dis,0.0,1
20,bateria_6,P_dis,0.0,1
21,bateria_6,P_dis,0.0,1
22,bateria_6,P_dis,0.0,1
23,bateria_6,P_dis,0.0,1
24,bateria_6,P_dis,0.0,1
1,bateria_25,E,0.25,1
2,bateria_25,E,0.25,1
3,bateria_25,E,0.25,1
4,bateria_25,E,0.25,1
5,bateria_25,E,0.25,1
6,bateria_25,E,0.25,1
7,bateria_25,E,0.25,1
8,bateria_25,E,0.25,1
9,bateria_25,E,0.25,1
10,bateria_25,E,0.25,1
11,bateria_25,E,0.25,1
12,bateria_25,E,0.25,1
13,bateria_25,E,0.25,1
14,bateria_25,E,0.25,1
15,bateria_25,E,0.25,1
16,bateria_25,E,0.25,1
17,bateria_25,E,0.25,1
18,bateria_25,E,0.25,1
19,bateria_25,E,0.25,1
20,bateria_25,E,0.25,1
21,bateria_25,E,0.25,1
22,bateria_25,E,0.25,1
23,bateria_25,E,0.25,1
24,bateria_25,E,0.25,1
1,bateria_6,E,0.25,1
2,bateria_6,E,0.25,1
3,bateria_6,E,0.25,1
4,bateria_6,E,0.25,1
5,bateria_6,E,0.25,1
6,bateria_6,E,0.25,1
7,bateria_6,E,0.25,1
8,bateria_6,E,0.25,1
9,bateria_6,E,0.25,1
10,bateria_6,E,0.25,1
11,bateria_6,E,0.25,1
12,bateria_6,E,0.25,1
13,bateria_6,E,0.25,1
14,bateria_6,E,0.25,1
15,bateria_6,E,0.25,1
16,bateria_6,E,0.25,1
17,bateria_6,E,0.25,1
18,bateria_6,E,0.25,1
19,bateria_6,E,0.25,1
20,bateria_6,E,0.25,1
21,bateria_6,E,0.25,1
22,bateria_6,E,0.25,1
23,bateria_6,E,0.25,1
24,bateria_6,E,0.25,1
1,linha_1-2,F,-0.11530969,1
2,linha_1-2,F,-0.11791009,1
3,linha_1-2,F,-0.1197962,1
4,linha_1-2,F,-0.12066234,1
5,linha_1-2,F,-0.11949151,1
6,linha_1-2,F,-0.11264735,1
7,linha_1-2,F,-0.10412388,1
8,linha_1-2,F,-0.10216284,1
9,linha_1-2,F,-0.09861039,1
10,linha_1-2,F,-0.096340659,1
11,linha_1-2,F,-0.095945055,1
12,linha_1-2,F,-0.095805195,1
13,linha_1-2,F,-0.094015984,1
14,linha_1-2,F,-0.09047952,1
15,linha_1-2,F,-0.090465534,1
16,linha_1-2,F,-0.09434965,1
17,linha_1-2,F,-0.10047453,1
18,linha_1-2,F,-0.10708691,1
19,linha_1-2,F,-0.11969131,1
20,linha_1-2,F,-0.12311588,1
21,linha_1-2,F,-0.12433367,1
22,linha_1-2,F,-0.12867832,1
23,linha_1-2,F,-0.13184016,1
24,linha_1-2,F,-0.13153946,1
1,linha_2-3,F,-0.2303284,1
2,linha_2-3,F,-0.23551364,1
3,linha_2-3,F,-0.23927458,1
4,linha_2-3,F,-0.24100167,1
5,linha_2-3,F,-0.23866702,1
6,linha_2-3,F,-0.22501965,1
7,linha_2-3,F,-0.20802368,1
8,linha_2-3,F,-0.20411333,1
9,linha_2-3,F,-0.19702376,1
10,linha_2-3,F,-0.19248883,1
11,linha_2-3,F,-0.19169841,1
12,linha_2-3,F,-0.19141897,1
13,linha_2-3,F,-0.18784412,1
14,linha_2-3,F,-0.18077826,1
15,linha_2-3,F,-0.18075032,1
16,linha_2-3,F,-0.18851079,1
17,linha_2-3,F,-0.20074681,1
18,linha_2-3,F,-0.21393203,1
19,linha_2-3,F,-0.23906542,1
20,linha_2-3,F,-0.24589409,1
21,linha_2-3,F,-0.24832237,1
22,linha_2-3,F,-0.25698569,1
23,linha_2-3,F,-0.26329045,1
24,linha_2-3,F,-0.26269085,1
1,linha_3-4,F,-0.34482793,1
2,linha_3-4,F,-0.35257737,1
3,linha_3-4,F,-0.35819817,1
4,linha_3-4,F,-0.36077933,1
5,linha_3-4,F,-0.35729014,1
6,linha_3-4,F,-0.33689391,1
7,linha_3-4,F,-0.31149313,1
8,linha_3-4,F,-0.30564905,1
9,linha_3-4,F,-0.29505058,1
10,linha_3-4,F,-0.28826854,1
11,linha_3-4,F,-0.28708645,1
12,linha_3-4,F,-0.28666855,1
13,linha_3-4,F,-0.28132231,1
14,linha_3-4,F,-0.27075522,1
15,linha_3-4,F,-0.27071343,1
16,linha_3-4,F,-0.28231932,1
17,linha_3-4,F,-0.30061772,1
18,linha_3-4,F,-0.32032326,1
19,linha_3-4,F,-0.35788557,1
20,linha_3-4,F,-0.36809113,1
21,linha_3-4,F,-0.37172024,1
22,linha_3-4,F,-0.38466773,1
23,linha_3-4,F,-0.39409031,1
24,linha_3-4,F,-0.39319419,1
1,linha_4-5,F,-0.45852581,1
2,linha_4-5,F,-0.46880362,1
3,linha_4-5,F,-0.47625828,1
4,linha_4-5,F,-0.47968158,1
5,linha_4-5,F,-0.475054,1
6,linha_4-5,F,-0.44800321,1
7,linha_4-5,F,-0.41431508,1
8,linha_4-5,F,-0.40656428,1
9,linha_4-5,F,-0.39249694,1
10,linha_4-5,F,-0.38349026,1
11,linha_4-5,F,-0.38192043,1
12,linha_4-5,F,-0.38136544,1
13,linha_4-5,F,-0.37426555,1
14,linha_4-5,F,-0.36023226,1
15,linha_4-5,F,-0.36017676,1
16,linha_4-5,F,-0.37558959,1
17,linha_4-5,F,-0.39989119,1
18,linha_4-5,F,-0.42602616,1
19,linha_4-5,F,-0.47584369,1
20,linha_4-5,F,-0.48937896,1
21,linha_4-5,F,-0.49419212,1
22,linha_4-5,F,-0.5113639,1
23,linha_4-5,F,-0.52386073,1
24,linha_4-5,F,-0.52267225,1
1,linha_5-6,F,-0.57120217,1
2,linha_5-6,F,-0.58396776,1
3,linha_5-6,F,-0.59322685,1
4,linha_5-6,F,-0.59747878,1
5,linha_5-6,F,-0.59173108,1
6,linha_5-6,F,-0.55813253,1
7,linha_5-6,F,-0.51629005,1
8,linha_5-6,F,-0.50666314,1
9,linha_5-6,F,-0.48918253,1
10,linha_5-6,F,-0.47798685,1
11,linha_5-6,F,-0.47603549,1
12,linha_5-6,F,-0.47534562,1
13,linha_5-6,F,-0.46652015,1
14,linha_5-6,F,-0.44907618,1
15,linha_5-6,F,-0.44900719,1
16,linha_5-6,F,-0.468166,1
17,linha_5-6,F,-0.49837464,1
18,linha_5-6,F,-0.53083585,1
19,linha_5-6,F,-0.59271191,1
20,linha_5-6,F,-0.60950454,1
21,linha_5-6,F,-0.61547086,1
22,linha_5-6,F,-0.63675679,1
23,linha_5-6,F,-0.65224769,1
24,linha_5-6,F,-0.65077447,1
1,linha_6-7,F,0.4,1
2,linha_6-7,F,0.4,1
3,linha_6-7,F,0.4,1
4,linha_6-7,F,0.4014514,1
5,linha_6-7,F,0.4,1
6,linha_6-7,F,0.38509192,1
7,linha_6-7,F,0.32586853,1
8,linha_6-7,F,0.3122427,1
9,linha_6-7,F,0.29801496,1
10,linha_6-7,F,0.29574975,1
11,linha_6-7,F,0.29535494,1
12,linha_6-7,F,0.29521535,1
13,linha_6-7,F,0.29342971,1
14,linha_6-7,F,0.2899003,1
15,linha_6-7,F,0.28988634,1
16,linha_6-7,F,0.29376271,1
17,linha_6-7,F,0.30135858,1
18,linha_6-7,F,0.3464565,1
19,linha_6-7,F,0.4,1
20,linha_6-7,F,0.41359242,1
21,linha_6-7,F,0.41961845,1
22,linha_6-7,F,0.44111736,1
23,linha_6-7,F,0.45676326,1
24,linha_6-7,F,0.45527529,1
1,linha_7-8,F,0.2858325,1
2,linha_7-8,F,0.28322166,1
3,linha_7-8,F,0.28132798,1
4,linha_7-8,F,0.28192142,1
5,linha_7-8,F,0.2816339,1
6,linha_7-8,F,0.27350772,1
7,linha_7-8,F,0.22248559,1
8,linha_7-8,F,0.21074667,1
9,linha_7-8,F,0.2,1
10,linha_7-8,F,0.2,1
11,linha_7-8,F,0.2,1
12,linha_7-8,F,0.2,1
13,linha_7-8,F,0.2,1
14,linha_7-8,F,0.2,1
15,linha_7-8,F,0.2,1
16,linha_7-8,F,0.2,1
17,linha_7-8,F,0.20149213,1
18,linha_7-8,F,0.24022254,1
19,linha_7-8,F,0.2814333,1
20,linha_7-8,F,0.29169648,1
21,linha_7-8,F,0.29654818,1
22,linha_7-8,F,0.31385752,1
23,linha_7-8,F,0.32645444,1
24,linha_7-8,F,0.32525644,1
1,linha_8-9,F,0.17103603,1
2,linha_8-9,F,0.16580914,1
3,linha_8-9,F,0.16201799,1
4,linha_8-9,F,0.16174593,1
5,linha_8-9,F,0.16263043,1
6,linha_8-9,F,0.16132957,1
7,linha_8-9,F,0.11864369,1
8,linha_8-9,F,0.10882274,1
9,linha_8-9,F,0.10159259,1
10,linha_8-9,F,0.10386687,1
11,linha_8-9,F,0.10426326,1
12,linha_8-9,F,0.1044034,1
13,linha_8-9,F,0.1061962,1
14,linha_8-9,F,0.10973974,1
15,linha_8-9,F,0.10975375,1
16,linha_8-9,F,0.10586186,1
17,linha_8-9,F,0.10122283,1
18,linha_8-9,F,0.13348269,1
19,linha_8-9,F,0.16222883,1
20,linha_8-9,F,0.16910167,1
21,linha_8-9,F,0.17275258,1
22,linha_8-9,F,0.18577787,1
23,linha_8-9,F,0.19525706,1
24,linha_8-9,F,0.19435557,1
1,linha_9-10,F,0.055837905,1
2,linha_9-10,F,0.047994943,1
3,linha_9-10,F,0.04230631,1
4,linha_9-10,F,0.041165841,1
5,linha_9-10,F,0.04322529,1
6,linha_9-10,F,0.048779677,1
7,linha_9-10,F,0.014548882,1
8,linha_9-10,F,0.0066732317,1
9,linha_9-10,F,0.0029881734,1
10,linha_9-10,F,0.007541275,1
11,linha_9-10,F,0.0083348614,1
12,linha_9-10,F,0.0086154222,1
13,linha_9-10,F,0.012204597,1
14,linha_9-10,F,0.019298778,1
15,linha_9-10,F,0.019326834,1
16,linha_9-10,F,0.011535259,1
17,linha_9-10,F,0.00074980075,1
18,linha_9-10,F,0.026448617,1
19,linha_9-10,F,0.04262268,1
20,linha_9-10,F,0.046077846,1
21,linha_9-10,F,0.048515849,1
22,linha_9-10,F,0.057213857,1
23,linha_9-10,F,0.063543864,1
24,linha_9-10,F,0.062941863,1
1,linha_10-11,F,-0.059471785,1
2,linha_10-11,F,-0.069915147,1
3,linha_10-11,F,-0.077489894,1
4,linha_10-11,F,-0.079496496,1
5,linha_10-11,F,-0.076266219,1
6,linha_10-11,F,-0.063867676,1
7,linha_10-11,F,-0.089574994,1
8,linha_10-11,F,-0.095489605,1
9,linha_10-11,F,-0.095622216,1
10,linha_10-11,F,-0.088799384,1
11,linha_10-11,F,-0.087610194,1
12,linha_10-11,F,-0.087189773,1
13,linha_10-11,F,-0.081811387,1
14,linha_10-11,F,-0.071180742,1
15,linha_10-11,F,-0.0711387,1
16,linha_10-11,F,-0.082814391,1
17,linha_10-11,F,-0.099724725,1
18,linha_10-11,F,-0.080638296,1
19,linha_10-11,F,-0.077068629,1
20,linha_10-11,F,-0.077038038,1
21,linha_10-11,F,-0.075817818,1
22,linha_10-11,F,-0.071464464,1
23,linha_10-11,F,-0.068296296,1
24,linha_10-11,F,-0.068597598,1
1,linha_11-12,F,-0.17466265,1
2,linha_11-12,F,-0.18768555,1
3,linha_11-12,F,-0.19713127,1
4,linha_11-12,F,-0.2,1
5,linha_11-12,F,-0.19560535,1
6,linha_11-12,F,-0.17638742,1
7,linha_11-12,F,-0.1935199,1
8,linha_11-12,F,-0.19746165,1
9,linha_11-12,F,-0.19404155,1
10,linha_11-12,F,-0.18496262,1
11,linha_11-12,F,-0.1833802,1
12,linha_11-12,F,-0.18282076,1
13,linha_11-12,F,-0.17566391,1
14,linha_11-12,F,-0.16151804,1
15,linha_11-12,F,-0.1614621,1
16,linha_11-12,F,-0.17699858,1
17,linha_11-12,F,-0.2,1
18,linha_11-12,F,-0.18756409,1
19,linha_11-12,F,-0.19660595,1
20,linha_11-12,F,-0.2,1
21,linha_11-12,F,-0.2,1
22,linha_11-12,F,-0.2,1
23,linha_11-12,F,-0.2,1
24,linha_11-12,F,-0.2,1
1,linha_12-13,F,-0.28944465,1
2,linha_12-13,F,-0.30501083,1
3,linha_12-13,F,-0.31630124,1
4,linha_12-13,F,-0.32002293,1
5,linha_12-13,F,-0.31447731,1
6,linha_12-13,F,-0.28850552,1
7,linha_12-13,F,-0.29706319,1
8,linha_12-13,F,-0.2990321,1
9,linha_12-13,F,-0.29208027,1
10,linha_12-13,F,-0.28077234,1
11,linha_12-13,F,-0.27880142,1
12,linha_12-13,F,-0.27810463,1
13,linha_12-13,F,-0.26919068,1
14,linha_12-13,F,-0.25157181,1
15,linha_12-13,F,-0.25150213,1
16,linha_12-13,F,-0.27085302,1
17,linha_12-13,F,-0.29987537,1
18,linha_12-13,F,-0.29408826,1
19,linha_12-13,F,-0.31567333,1
20,linha_12-13,F,-0.32247159,1
21,linha_12-13,F,-0.32368694,1
22,linha_12-13,F,-0.32802293,1
23,linha_12-13,F,-0.33117846,1
24,linha_12-13,F,-0.33087836,1
1,linha_13-14,F,-0.4035834,1
2,linha_13-14,F,-0.42161572,1
3,linha_13-14,F,-0.43469486,1
4,linha_13-14,F,-0.43924961,1
5,linha_13-14,F,-0.43258197,1
6,linha_13-14,F,-0.4,1
7,linha_13-14,F,-0.4,1
8,linha_13-14,F,-0.4,1
9,linha_13-14,F,-0.3895444,1
10,linha_13-14,F,-0.37603891,1
11,linha_13-14,F,-0.37368496,1
12,linha_13-14,F,-0.37285276,1
13,linha_13-14,F,-0.36220648,1
14,linha_13-14,F,-0.3411636,1
15,linha_13-14,F,-0.34108038,1
16,linha_13-14,F,-0.36419189,1
17,linha_13-14,F,-0.39915329,1
18,linha_13-14,F,-0.4,1
19,linha_13-14,F,-0.43396747,1
20,linha_13-14,F,-0.44412256,1
21,linha_13-14,F,-0.44654117,1
22,linha_13-14,F,-0.45517001,1
23,linha_13-14,F,-0.46144968,1
24,linha_13-14,F,-0.46085247,1
1,linha_14-15,F,0.14569868,1
2,linha_14-15,F,0.15349469,1
3,linha_14-15,F,0.15914926,1
4,linha_14-15,F,0.16174593,1
5,linha_14-15,F,0.15823578,1
6,linha_14-15,F,0.13771699,1
7,linha_14-15,F,0.11216359,1
8,linha_14-15,F,0.10628439,1
9,linha_14-15,F,0.09861039,1
10,linha_14-15,F,0.096340659,1
11,linha_14-15,F,0.095945055,1
12,linha_14-15,F,0.095805195,1
13,linha_14-15,F,0.094015984,1
14,linha_14-15,F,0.09047952,1
15,linha_14-15,F,0.090465534,1
16,linha_14-15,F,0.09434965,1
17,linha_14-15,F,0.10122283,1
18,linha_14-15,F,0.12104678,1
19,linha_14-15,F,0.15883478,1
20,linha_14-15,F,0.16910167,1
21,linha_14-15,F,0.17275258,1
22,linha_14-15,F,0.18577787,1
23,linha_14-15,F,0.19525706,1
24,linha_14-15,F,0.19435557,1
1,linha_15-16,F,0.03044983,1
2,linha_15-16,F,0.035655836,1
3,linha_15-16,F,0.039431839,1
4,linha_15-16,F,0.041165841,1
5,linha_15-16,F,0.038821839,1
6,linha_15-16,F,0.025119825,1
7,linha_15-16,F,0.0080558081,1
8,linha_15-16,F,0.0041298041,1
9,linha_15-16,F,0.0,1
10,linha_15-16,F,0.0,1
11,linha_15-16,F,0.0,1
12,linha_15-16,F,0.0,1
13,linha_15-16,F,0.0,1
14,linha_15-16,F,0.0,1
15,linha_15-16,F,0.0,1
16,linha_15-16,F,0.0,1
17,linha_15-16,F,0.00074980075,1
18,linha_15-16,F,0.013987814,1
19,linha_15-16,F,0.039221839,1
20,linha_15-16,F,0.046077846,1
21,linha_15-16,F,0.048515849,1
22,linha_15-16,F,0.057213857,1
23,linha_15-16,F,0.063543864,1
24,linha_15-16,F,0.062941863,1
1,linha_16-17,F,-0.08485986,1
2,linha_16-17,F,-0.082254254,1
3,linha_16-17,F,-0.080364364,1
4,linha_16-17,F,-0.079496496,1
5,linha_16-17,F,-0.08066967,1
6,linha_16-17,F,-0.087527528,1
7,linha_16-17,F,-0.096068068,1
8,linha_16-17,F,-0.098033033,1
9,linha_16-17,F,-0.09861039,1
10,linha_16-17,F,-0.096340659,1
11,linha_16-17,F,-0.095945055,1
12,linha_16-17,F,-0.095805195,1
13,linha_16-17,F,-0.094015984,1
14,linha_16-17,F,-0.09047952,1
15,linha_16-17,F,-0.090465534,1
16,linha_16-17,F,-0.09434965,1
17,linha_16-17,F,-0.099724725,1
18,linha_16-17,F,-0.093099099,1
19,linha_16-17,F,-0.080469469,1
20,linha_16-17,F,-0.077038038,1
21,linha_16-17,F,-0.075817818,1
22,linha_16-17,F,-0.071464464,1
23,linha_16-17,F,-0.068296296,1
24,linha_16-17,F,-0.068597598,1
1,linha_17-18,F,-0.2,1
2,linha_17-18,F,-0.2,1
3,linha_17-18,F,-0.2,1
4,linha_17-18,F,-0.2,1
5,linha_17-18,F,-0.2,1
6,linha_17-18,F,-0.2,1
7,linha_17-18,F,-0.2,1
8,linha_17-18,F,-0.2,1
9,linha_17-18,F,-0.19702376,1
10,linha_17-18,F,-0.19248883,1
11,linha_17-18,F,-0.19169841,1
12,linha_17-18,F,-0.19141897,1
13,linha_17-18,F,-0.18784412,1
14,linha_17-18,F,-0.18077826,1
15,linha_17-18,F,-0.18075032,1
16,linha_17-18,F,-0.18851079,1
17,linha_17-18,F,-0.2,1
18,linha_17-18,F,-0.2,1
19,linha_17-18,F,-0.2,1
20,linha_17-18,F,-0.2,1
21,linha_17-18,F,-0.2,1
22,linha_17-18,F,-0.2,1
23,linha_17-18,F,-0.2,1
24,linha_17-18,F,-0.2,1
1,linha_18-19,F,0.34482793,1
2,linha_18-19,F,0.35257737,1
3,linha_18-19,F,0.35819817,1
4,linha_18-19,F,0.36077933,1
5,linha_18-19,F,0.35729014,1
6,linha_18-19,F,0.33689391,1
7,linha_18-19,F,0.31149313,1
8,linha_18-19,F,0.30564905,1
9,linha_18-19,F,0.29505058,1
10,linha_18-19,F,0.28826854,1
11,linha_18-19,F,0.28708645,1
12,linha_18-19,F,0.28666855,1
13,linha_18-19,F,0.28132231,1
14,linha_18-19,F,0.27075522,1
15,linha_18-19,F,0.27071343,1
16,linha_18-19,F,0.28231932,1
17,linha_18-19,F,0.30061772,1
18,linha_18-19,F,0.32032326,1
19,linha_18-19,F,0.35788557,1
20,linha_18-19,F,0.36809113,1
21,linha_18-19,F,0.37172024,1
22,linha_18-19,F,0.38466773,1
23,linha_18-19,F,0.39409031,1
24,linha_18-19,F,0.39319419,1
1,linha_19-20,F,0.2303284,1
2,linha_19-20,F,0.23551364,1
3,linha_19-20,F,0.23927458,1
4,linha_19-20,F,0.24100167,1
5,linha_19-20,F,0.23866702,1
6,linha_19-20,F,0.22501965,1
7,linha_19-20,F,0.20802368,1
8,linha_19-20,F,0.20411333,1
9,linha_19-20,F,0.19702376,1
10,linha_19-20,F,0.19248883,1
11,linha_19-20,F,0.19169841,1
12,linha_19-20,F,0.19141897,1
13,linha_19-20,F,0.18784412,1
14,linha_19-20,F,0.18077826,1
15,linha_19-20,F,0.18075032,1
16,linha_19-20,F,0.18851079,1
17,linha_19-20,F,0.20074681,1
18,linha_19-20,F,0.21393203,1
19,linha_19-20,F,0.23906542,1
20,linha_19-20,F,0.24589409,1
21,linha_19-20,F,0.24832237,1
22,linha_19-20,F,0.25698569,1
23,linha_19-20,F,0.26329045,1
24,linha_19-20,F,0.26269085,1
1,linha_20-21,F,0.11530969,1
2,linha_20-21,F,0.11791009,1
3,linha_20-21,F,0.1197962,1
4,linha_20-21,F,0.12066234,1
5,linha_20-21,F,0.11949151,1
6,linha_20-21,F,0.11264735,1
7,linha_20-21,F,0.10412388,1
8,linha_20-21,F,0.10216284,1
9,linha_20-21,F,0.09861039,1
10,linha_20-21,F,0.096340659,1
11,linha_20-21,F,0.095945055,1
12,linha_20-21,F,0.095805195,1
13,linha_20-21,F,0.094015984,1
14,linha_20-21,F,0.09047952,1
15,linha_20-21,F,0.090465534,1
16,linha_20-21,F,0.09434965,1
17,linha_20-21,F,0.10047453,1
18,linha_20-21,F,0.10708691,1
19,linha_20-21,F,0.11969131,1
20,linha_20-21,F,0.12311588,1
21,linha_20-21,F,0.12433367,1
22,linha_20-21,F,0.12867832,1
23,linha_20-21,F,0.13184016,1
24,linha_20-21,F,0.13153946,1
1,linha_21-22,F,0.0,1
2,linha_21-22,F,0.0,1
3,linha_21-22,F,0.0,1
4,linha_21-22,F,0.0,1
5,linha_21-22,F,0.0,1
6,linha_21-22,F,0.0,1
7,linha_21-22,F,0.0,1
8,linha_21-22,F,0.0,1
9,linha_21-22,F,0.0,1
10,linha_21-22,F,0.0,1
11,linha_21-22,F,0.0,1
12,linha_21-22,F,0.0,1
13,linha_21-22,F,0.0,1
14,linha_21-22,F,0.0,1
15,linha_21-22,F,0.0,1
16,linha_21-22,F,0.0,1
17,linha_21-22,F,0.0,1
18,linha_21-22,F,0.0,1
19,linha_21-22,F,0.0,1
20,linha_21-22,F,0.0,1
21,linha_21-22,F,0.0,1
22,linha_21-22,F,0.0,1
23,linha_21-22,F,0.0,1
24,linha_21-22,F,0.0,1
1,linha_22-23,F,-0.11530969,1
2,linha_22-23,F,-0.11791009,1
3,linha_22-23,F,-0.1197962,1
4,linha_22-23,F,-0.12066234,1
5,linha_22-23,F,-0.11949151,1
6,linha_22-23,F,-0.11264735,1
7,linha_22-23,F,-0.10412388,1
8,linha_22-23,F,-0.10216284,1
9,linha_22-23,F,-0.09861039,1
10,linha_22-23,F,-0.096340659,1
11,linha_22-23,F,-0.095945055,1
12,linha_22-23,F,-0.095805195,1
13,linha_22-23,F,-0.094015984,1
14,linha_22-23,F,-0.09047952,1
15,linha_22-23,F,-0.090465534,1
16,linha_22-23,F,-0.09434965,1
17,linha_22-23,F,-0.10047453,1
18,linha_22-23,F,-0.10708691,1
19,linha_22-23,F,-0.11969131,1
20,linha_22-23,F,-0.12311588,1
21,linha_22-23,F,-0.12433367,1
22,linha_22-23,F,-0.12867832,1
23,linha_22-23,F,-0.13184016,1
24,linha_22-23,F,-0.13153946,1
1,linha_23-24,F,-0.2303284,1
2,linha_23-24,F,-0.23551364,1
3,linha_23-24,F,-0.23927458,1
4,linha_23-24,F,-0.24100167,1
5,linha_23-24,F,-0.23866702,1
6,linha_23-24,F,-0.22501965,1
7,linha_23-24,F,-0.20802368,1
8,linha_23-24,F,-0.20411333,1
9,linha_23-24,F,-0.19702376,1
10,linha_23-24,F,-0.19248883,1
11,linha_23-24,F,-0.19169841,1
12,linha_23-24,F,-0.19141897,1
13,linha_23-24,F,-0.18784412,1
14,linha_23-24,F,-0.18077826,1
15,linha_23-24,F,-0.18075032,1
16,linha_23-24,F,-0.18851079,1
17,linha_23-24,F,-0.20074681,1
18,linha_23-24,F,-0.21393203,1
19,linha_23-24,F,-0.23906542,1
20,linha_23-24,F,-0.24589409,1
21,linha_23-24,F,-0.24832237,1
22,linha_23-24,F,-0.25698569,1
23,linha_23-24,F,-0.26329045,1
24,linha_23-24,F,-0.26269085,1
1,linha_24-25,F,-0.34482793,1
2,linha_24-25,F,-0.35257737,1
3,linha_24-25,F,-0.35819817,1
4,linha_24-25,F,-0.36077933,1
5,linha_24-25,F,-0.35729014,1
6,linha_24-25,F,-0.33689391,1
7,linha_24-25,F,-0.31149313,1
8,linha_24-25,F,-0.30564905,1
9,linha_24-25,F,-0.29505058,1
10,linha_24-25,F,-0.28826854,1
11,linha_24-25,F,-0.28708645,1
12,linha_24-25,F,-0.28666855,1
13,linha_24-25,F,-0.28132231,1
14,linha_24-25,F,-0.27075522,1
15,linha_24-25,F,-0.27071343,1
16,linha_24-25,F,-0.28231932,1
17,linha_24-25,F,-0.30061772,1
18,linha_24-25,F,-0.32032326,1
19,linha_24-25,F,-0.35788557,1
20,linha_24-25,F,-0.36809113,1
21,linha_24-25,F,-0.37172024,1
22,linha_24-25,F,-0.38466773,1
23,linha_24-25,F,-0.39409031,1
24,linha_24-25,F,-0.39319419,1
1,linha_25-26,F,0.2303284,1
2,linha_25-26,F,0.23551364,1
3,linha_25-26,F,0.23927458,1
4,linha_25-26,F,0.24100167,1
5,linha_25-26,F,0.23866702,1
6,linha_25-26,F,0.22501965,1
7,linha_25-26,F,0.20802368,1
8,linha_25-26,F,0.20411333,1
9,linha_25-26,F,0.19702376,1
10,linha_25-26,F,0.19248883,1
11,linha_25-26,F,0.19169841,1
12,linha_25-26,F,0.19141897,1
13,linha_25-26,F,0.18784412,1
14,linha_25-26,F,0.18077826,1
15,linha_25-26,F,0.18075032,1
16,linha_25-26,F,0.18851079,1
17,linha_25-26,F,0.20074681,1
18,linha_25-26,F,0.21393203,1
19,linha_25-26,F,0.23906542,1
20,linha_25-26,F,0.24589409,1
21,linha_25-26,F,0.24832237,1
22,linha_25-26,F,0.25698569,1
23,linha_25-26,F,0.26329045,1
24,linha_25-26,F,0.26269085,1
1,linha_26-27,F,0.11530969,1
2,linha_26-27,F,0.11791009,1
3,linha_26-27,F,0.1197962,1
4,linha_26-27,F,0.12066234,1
5,linha_26-27,F,0.11949151,1
6,linha_26-27,F,0.11264735,1
7,linha_26-27,F,0.10412388,1
8,linha_26-27,F,0.10216284,1
9,linha_26-27,F,0.09861039,1
10,linha_26-27,F,0.096340659,1
11,linha_26-27,F,0.095945055,1
12,linha_26-27,F,0.095805195,1
13,linha_26-27,F,0.094015984,1
14,linha_26-27,F,0.09047952,1
15,linha_26-27,F,0.090465534,1
16,linha_26-27,F,0.09434965,1
17,linha_26-27,F,0.10047453,1
18,linha_26-27,F,0.10708691,1
19,linha_26-27,F,0.11969131,1
20,linha_26-27,F,0.12311588,1
21,linha_26-27,F,0.12433367,1
22,linha_26-27,F,0.12867832,1
23,linha_26-27,F,0.13184016,1
24,linha_26-27,F,0.13153946,1
1,linha_27-28,F,0.0,1
2,linha_27-28,F,0.0,1
3,linha_27-28,F,0.0,1
4,linha_27-28,F,0.0,1
5,linha_27-28,F,0.0,1
6,linha_27-28,F,0.0,1
7,linha_27-28,F,0.0,1
8,linha_27-28,F,0.0,1
9,linha_27-28,F,0.0,1
10,linha_27-28,F,0.0,1
11,linha_27-28,F,0.0,1
12,linha_27-28,F,0.0,1
13,linha_27-28,F,0.0,1
14,linha_27-28,F,0.0,1
15,linha_27-28,F,0.0,1
16,linha_27-28,F,0.0,1
17,linha_27-28,F,0.0,1
18,linha_27-28,F,0.0,1
19,linha_27-28,F,0.0,1
20,linha_27-28,F,0.0,1
21,linha_27-28,F,0.0,1
22,linha_27-28,F,0.0,1
23,linha_27-28,F,0.0,1
24,linha_27-28,F,0.0,1
1,linha_28-29,F,-0.11530969,1
2,linha_28-29,F,-0.11791009,1
3,linha_28-29,F,-0.1197962,1
4,linha_28-29,F,-0.12066234,1
5,linha_28-29,F,-0.11949151,1
6,linha_28-29,F,-0.11264735,1
7,linha_28-29,F,-0.10412388,1
8,linha_28-29,F,-0.10216284,1
9,linha_28-29,F,-0.09861039,1
10,linha_28-29,F,-0.096340659,1
11,linha_28-29,F,-0.095945055,1
12,linha_28-29,F,-0.095805195,1
13,linha_28-29,F,-0.094015984,1
14,linha_28-29,F,-0.09047952,1
15,linha_28-29,F,-0.090465534,1
16,linha_28-29,F,-0.09434965,1
17,linha_28-29,F,-0.10047453,1
18,linha_28-29,F,-0.10708691,1
19,linha_28-29,F,-0.11969131,1
20,linha_28-29,F,-0.12311588,1
21,linha_28-29,F,-0.12433367,1
22,linha_28-29,F,-0.12867832,1
23,linha_28-29,F,-0.13184016,1
24,linha_28-29,F,-0.13153946,1
1,linha_29-30,F,-0.2303284,1
2,linha_29-30,F,-0.23551364,1
3,linha_29-30,F,-0.23927458,1
4,linha_29-30,F,-0.24100167,1
5,linha_29-30,F,-0.23866702,1
6,linha_29-30,F,-0.22501965,1
7,linha_29-30,F,-0.20802368,1
8,linha_29-30,F,-0.20411333,1
9,linha_29-30,F,-0.19702376,1
10,linha_29-30,F,-0.19248883,1
11,linha_29-30,F,-0.19169841,1
12,linha_29-30,F,-0.19141897,1
13,linha_29-30,F,-0.18784412,1
14,linha_29-30,F,-0.18077826,1
15,linha_29-30,F,-0.18075032,1
16,linha_29-30,F,-0.18851079,1
17,linha_29-30,F,-0.20074681,1
18,linha_29-30,F,-0.21393203,1
19,linha_29-30,F,-0.23906542,1
20,linha_29-30,F,-0.24589409,1
21,linha_29-30,F,-0.24832237,1
22,linha_29-30,F,-0.25698569,1
23,linha_29-30,F,-0.26329045,1
24,linha_29-30,F,-0.26269085,1
1,linha_30-31,F,0.34482793,1
2,linha_30-31,F,0.35257737,1
3,linha_30-31,F,0.35819817,1
4,linha_30-31,F,0.36077933,1
5,linha_30-31,F,0.35729014,1
6,linha_30-31,F,0.33689391,1
7,linha_30-31,F,0.31149313,1
8,linha_30-31,F,0.30564905,1
9,linha_30-31,F,0.29505058,1
10,linha_30-31,F,0.28826854,1
11,linha_30-31,F,0.28708645,1
12,linha_30-31,F,0.28666855,1
13,linha_30-31,F,0.28132231,1
14,linha_30-31,F,0.27075522,1
15,linha_30-31,F,0.27071343,1
16,linha_30-31,F,0.28231932,1
17,linha_30-31,F,0.30061772,1
18,linha_30-31,F,0.32032326,1
19,linha_30-31,F,0.35788557,1
20,linha_30-31,F,0.36809113,1
21,linha_30-31,F,0.37172024,1
22,linha_30-31,F,0.38466773,1
23,linha_30-31,F,0.39409031,1
24,linha_30-31,F,0.39319419,1
1,linha_31-32,F,0.2303284,1
2,linha_31-32,F,0.23551364,1
3,linha_31-32,F,0.23927458,1
4,linha_31-32,F,0.24100167,1
5,linha_31-32,F,0.23866702,1
6,linha_31-32,F,0.22501965,1
7,linha_31-32,F,0.20802368,1
8,linha_31-32,F,0.20411333,1
9,linha_31-32,F,0.19702376,1
10,linha_31-32,F,0.19248883,1
11,linha_31-32,F,0.19169841,1
12,linha_31-32,F,0.19141897,1
13,linha_31-32,F,0.18784412,1
14,linha_31-32,F,0.18077826,1
15,linha_31-32,F,0.18075032,1
16,linha_31-32,F,0.18851079,1
17,linha_31-32,F,0.20074681,1
18,linha_31-32,F,0.21393203,1
19,linha_31-32,F,0.23906542,1
20,linha_31-32,F,0.24589409,1
21,linha_31-32,F,0.24832237,1
22,linha_31-32,F,0.25698569,1
23,linha_31-32,F,0.26329045,1
24,linha_31-32,F,0.26269085,1
1,linha_32-33,F,0.11530969,1
2,linha_32-33,F,0.11791009,1
3,linha_32-33,F,0.1197962,1
4,linha_32-33,F,0.12066234,1
5,linha_32-33,F,0.11949151,1
6,linha_32-33,F,0.11264735,1
7,linha_32-33,F,0.10412388,1
8,linha_32-33,F,0.10216284,1
9,linha_32-33,F,0.09861039,1
10,linha_32-33,F,0.096340659,1
11,linha_32-33,F,0.095945055,1
12,linha_32-33,F,0.095805195,1
13,linha_32-33,F,0.094015984,1
14,linha_32-33,F,0.09047952,1
15,linha_32-33,F,0.090465534,1
16,linha_32-33,F,0.09434965,1
17,linha_32-33,F,0.10047453,1
18,linha_32-33,F,0.10708691,1
19,linha_32-33,F,0.11969131,1
20,linha_32-33,F,0.12311588,1
21,linha_32-33,F,0.12433367,1
22,linha_32-33,F,0.12867832,1
23,linha_32-33,F,0.13184016,1
24,linha_32-33,F,0.13153946,1
1,linha_1-2,Ploss,0.00023061938,1
2,linha_1-2,Ploss,0.00023582018,1
3,linha_1-2,Ploss,0.00023959241,1
4,linha_1-2,Ploss,0.00024132468,1
5,linha_1-2,Ploss,0.00023898302,1
6,linha_1-2,Ploss,0.00022529471,1
7,linha_1-2,Ploss,0.00020824775,1
8,linha_1-2,Ploss,0.00020432567,1
9,linha_1-2,Ploss,0.00019722078,1
10,linha_1-2,Ploss,0.00019268132,1
11,linha_1-2,Ploss,0.00019189011,1
12,linha_1-2,Ploss,0.00019161039,1
13,linha_1-2,Ploss,0.00018803197,1
14,linha_1-2,Ploss,0.00018095904,1
15,linha_1-2,Ploss,0.00018093107,1
16,linha_1-2,Ploss,0.0001886993,1
17,linha_1-2,Ploss,0.00020094905,1
18,linha_1-2,Ploss,0.00021417383,1
19,linha_1-2,Ploss,0.00023938262,1
20,linha_1-2,Ploss,0.00024623177,1
21,linha_1-2,Ploss,0.00024866733,1
22,linha_1-2,Ploss,0.00025735664,1
23,linha_1-2,Ploss,0.00026368032,1
24,linha_1-2,Ploss,0.00026307892,1
1,linha_2-3,Ploss,0.00058197037,1
2,linha_2-3,Ploss,0.00061308183,1
3,linha_2-3,Ploss,0.0006356475,1
4,linha_2-3,Ploss,0.00064601002,1
5,linha_2-3,Ploss,0.0006320021,1
6,linha_2-3,Ploss,0.00055011788,1
7,linha_2-3,Ploss,0.00044814209,1
8,linha_2-3,Ploss,0.00042468001,1
9,linha_2-3,Ploss,0.00039404751,1
10,linha_2-3,Ploss,0.00038497766,1
11,linha_2-3,Ploss,0.00038339682,1
12,linha_2-3,Ploss,0.00038283794,1
13,linha_2-3,Ploss,0.00037568825,1
14,linha_2-3,Ploss,0.00036155653,1
15,linha_2-3,Ploss,0.00036150064,1
16,linha_2-3,Ploss,0.00037702158,1
17,linha_2-3,Ploss,0.00040448086,1
18,linha_2-3,Ploss,0.00048359218,1
19,linha_2-3,Ploss,0.00063439253,1
20,linha_2-3,Ploss,0.00067536452,1
21,linha_2-3,Ploss,0.00068993419,1
22,linha_2-3,Ploss,0.00074191412,1
23,linha_2-3,Ploss,0.00077974269,1
24,linha_2-3,Ploss,0.00077614509,1
1,linha_3-4,Ploss,0.0012689676,1
2,linha_3-4,Ploss,0.0013154642,1
3,linha_3-4,Ploss,0.001349189,1
4,linha_3-4,Ploss,0.001364676,1
5,linha_3-4,Ploss,0.0013437409,1
6,linha_3-4,Ploss,0.0012213634,1
7,linha_3-4,Ploss,0.0010689588,1
8,linha_3-4,Ploss,0.0010338943,1
9,linha_3-4,Ploss,0.00097030348,1
10,linha_3-4,Ploss,0.00092961121,1
11,linha_3-4,Ploss,0.00092251872,1
12,linha_3-4,Ploss,0.00092001128,1
13,linha_3-4,Ploss,0.00088793388,1
14,linha_3-4,Ploss,0.00082453131,1
15,linha_3-4,Ploss,0.00082428057,1
16,linha_3-4,Ploss,0.00089391593,1
17,linha_3-4,Ploss,0.0010037063,1
18,linha_3-4,Ploss,0.0011219396,1
19,linha_3-4,Ploss,0.0013473134,1
20,linha_3-4,Ploss,0.0014085468,1
21,linha_3-4,Ploss,0.0014303214,1
22,linha_3-4,Ploss,0.0015080064,1
23,linha_3-4,Ploss,0.0015645418,1
24,linha_3-4,Ploss,0.0015591652,1
1,linha_4-5,Ploss,0.0021852581,1
2,linha_4-5,Ploss,0.0022880362,1
3,linha_4-5,Ploss,0.0023625828,1
4,linha_4-5,Ploss,0.0023968158,1
5,linha_4-5,Ploss,0.00235054,1
6,linha_4-5,Ploss,0.0020800321,1
7,linha_4-5,Ploss,0.0017431508,1
8,linha_4-5,Ploss,0.0016656428,1
9,linha_4-5,Ploss,0.0015549816,1
10,linha_4-5,Ploss,0.0015009416,1
11,linha_4-5,Ploss,0.0014915226,1
12,linha_4-5,Ploss,0.0014881927,1
13,linha_4-5,Ploss,0.0014455933,1
14,linha_4-5,Ploss,0.0013613935,1
15,linha_4-5,Ploss,0.0013610605,1
16,linha_4-5,Ploss,0.0014535376,1
17,linha_4-5,Ploss,0.0015993471,1
18,linha_4-5,Ploss,0.0018602616,1
19,linha_4-5,Ploss,0.0023584369,1
20,linha_4-5,Ploss,0.0024937896,1
21,linha_4-5,Ploss,0.0025419212,1
22,linha_4-5,Ploss,0.002713639,1
23,linha_4-5,Ploss,0.0028386073,1
24,linha_4-5,Ploss,0.0028267225,1
1,linha_5-6,Ploss,0.0033120217,1
2,linha_5-6,Ploss,0.0034396776,1
3,linha_5-6,Ploss,0.0035322685,1
4,linha_5-6,Ploss,0.0035747878,1
5,linha_5-6,Ploss,0.0035173108,1
6,linha_5-6,Ploss,0.0031813253,1
7,linha_5-6,Ploss,0.0027629005,1
8,linha_5-6,Ploss,0.0026666314,1
9,linha_5-6,Ploss,0.0024918253,1
10,linha_5-6,Ploss,0.0023798685,1
11,linha_5-6,Ploss,0.0023603549,1
12,linha_5-6,Ploss,0.0023534562,1
13,linha_5-6,Ploss,0.0022652015,1
14,linha_5-6,Ploss,0.0020907618,1
15,linha_5-6,Ploss,0.0020900719,1
16,linha_5-6,Ploss,0.00228166,1
17,linha_5-6,Ploss,0.0025837464,1
18,linha_5-6,Ploss,0.0029083585,1
19,linha_5-6,Ploss,0.0035271191,1
20,linha_5-6,Ploss,0.0037330635,1
21,linha_5-6,Ploss,0.003816592,1
22,linha_5-6,Ploss,0.004114595,1
23,linha_5-6,Ploss,0.0043314677,1
24,linha_5-6,Ploss,0.0043108425,1
1,linha_6-7,Ploss,0.0016,1
2,linha_6-7,Ploss,0.0016,1
3,linha_6-7,Ploss,0.0016,1
4,linha_6-7,Ploss,0.001614514,1
5,linha_6-7,Ploss,0.0016,1
6,linha_6-7,Ploss,0.0015105515,1
7,linha_6-7,Ploss,0.0011552112,1
8,linha_6-7,Ploss,0.0010734562,1
9,linha_6-7,Ploss,0.00098808973,1
10,linha_6-7,Ploss,0.0009744985,1
11,linha_6-7,Ploss,0.00097212961,1
12,linha_6-7,Ploss,0.00097129212,1
13,linha_6-7,Ploss,0.00096057827,1
14,linha_6-7,Ploss,0.00093940179,1
15,linha_6-7,Ploss,0.00093931805,1
16,linha_6-7,Ploss,0.00096257627,1
17,linha_6-7,Ploss,0.0010081515,1
18,linha_6-7,Ploss,0.001278739,1
19,linha_6-7,Ploss,0.0016,1
20,linha_6-7,Ploss,0.0017359242,1
21,linha_6-7,Ploss,0.0017961845,1
22,linha_6-7,Ploss,0.0020111736,1
23,linha_6-7,Ploss,0.0021676326,1
24,linha_6-7,Ploss,0.0021527529,1
1,linha_7-8,Ploss,0.00091499498,1
2,linha_7-8,Ploss,0.00089932999,1
3,linha_7-8,Ploss,0.0008879679,1
4,linha_7-8,Ploss,0.00089152852,1
5,linha_7-8,Ploss,0.00088980341,1
6,linha_7-8,Ploss,0.00084104629,1
7,linha_7-8,Ploss,0.00053491353,1
8,linha_7-8,Ploss,0.00046448004,1
9,linha_7-8,Ploss,0.0004,1
10,linha_7-8,Ploss,0.0004,1
11,linha_7-8,Ploss,0.0004,1
12,linha_7-8,Ploss,0.0004,1
13,linha_7-8,Ploss,0.0004,1
14,linha_7-8,Ploss,0.0004,1
15,linha_7-8,Ploss,0.0004,1
16,linha_7-8,Ploss,0.0004,1
17,linha_7-8,Ploss,0.00040895277,1
18,linha_7-8,Ploss,0.00064133521,1
19,linha_7-8,Ploss,0.0008885998,1
20,linha_7-8,Ploss,0.00095017885,1
21,linha_7-8,Ploss,0.0009792891,1
22,linha_7-8,Ploss,0.0010831451,1
23,linha_7-8,Ploss,0.0011587267,1
24,linha_7-8,Ploss,0.0011515386,1
1,linha_8-9,Ploss,0.00034207206,1
2,linha_8-9,Ploss,0.00033161828,1
3,linha_8-9,Ploss,0.00032403597,1
4,linha_8-9,Ploss,0.00032349186,1
5,linha_8-9,Ploss,0.00032526087,1
6,linha_8-9,Ploss,0.00032265914,1
7,linha_8-9,Ploss,0.00023728738,1
8,linha_8-9,Ploss,0.00021764547,1
9,linha_8-9,Ploss,0.00020318519,1
10,linha_8-9,Ploss,0.00020773373,1
11,linha_8-9,Ploss,0.00020852653,1
12,linha_8-9,Ploss,0.00020880681,1
13,linha_8-9,Ploss,0.00021239239,1
14,linha_8-9,Ploss,0.00021947948,1
15,linha_8-9,Ploss,0.00021950751,1
16,linha_8-9,Ploss,0.00021172372,1
17,linha_8-9,Ploss,0.00020244566,1
18,linha_8-9,Ploss,0.00026696537,1
19,linha_8-9,Ploss,0.00032445766,1
20,linha_8-9,Ploss,0.00033820333,1
21,linha_8-9,Ploss,0.00034550516,1
22,linha_8-9,Ploss,0.00037155573,1
23,linha_8-9,Ploss,0.00039051413,1
24,linha_8-9,Ploss,0.00038871113,1
1,linha_9-10,Ploss,0.00011167581,1
2,linha_9-10,Ploss,9.5989886e-05,1
3,linha_9-10,Ploss,8.461262e-05,1
4,linha_9-10,Ploss,8.2331682e-05,1
5,linha_9-10,Ploss,8.6450579e-05,1
6,linha_9-10,Ploss,9.7559354e-05,1
7,linha_9-10,Ploss,2.9097764e-05,1
8,linha_9-10,Ploss,1.3346463e-05,1
9,linha_9-10,Ploss,5.9763467e-06,1
10,linha_9-10,Ploss,1.508255e-05,1
11,linha_9-10,Ploss,1.6669723e-05,1
12,linha_9-10,Ploss,1.7230844e-05,1
13,linha_9-10,Ploss,2.4409194e-05,1
14,linha_9-10,Ploss,3.8597557e-05,1
15,linha_9-10,Ploss,3.8653669e-05,1
16,linha_9-10,Ploss,2.3070518e-05,1
17,linha_9-10,Ploss,1.4996015e-06,1
18,linha_9-10,Ploss,5.2897234e-05,1
19,linha_9-10,Ploss,8.524536e-05,1
20,linha_9-10,Ploss,9.2155692e-05,1
21,linha_9-10,Ploss,9.7031697e-05,1
22,linha_9-10,Ploss,0.00011442771,1
23,linha_9-10,Ploss,0.00012708773,1
24,linha_9-10,Ploss,0.00012588373,1
1,linha_10-11,Ploss,0.00011894357,1
2,linha_10-11,Ploss,0.00013983029,1
3,linha_10-11,Ploss,0.00015497979,1
4,linha_10-11,Ploss,0.00015899299,1
5,linha_10-11,Ploss,0.00015253244,1
6,linha_10-11,Ploss,0.00012773535,1
7,linha_10-11,Ploss,0.00017914999,1
8,linha_10-11,Ploss,0.00019097921,1
9,linha_10-11,Ploss,0.00019124443,1
10,linha_10-11,Ploss,0.00017759877,1
11,linha_10-11,Ploss,0.00017522039,1
12,linha_10-11,Ploss,0.00017437955,1
13,linha_10-11,Ploss,0.00016362277,1
14,linha_10-11,Ploss,0.00014236148,1
15,linha_10-11,Ploss,0.0001422774,1
16,linha_10-11,Ploss,0.00016562878,1
17,linha_10-11,Ploss,0.00019944945,1
18,linha_10-11,Ploss,0.00016127659,1
19,linha_10-11,Ploss,0.00015413726,1
20,linha_10-11,Ploss,0.00015407608,1
21,linha_10-11,Ploss,0.00015163564,1
22,linha_10-11,Ploss,0.00014292893,1
23,linha_10-11,Ploss,0.00013659259,1
24,linha_10-11,Ploss,0.0001371952,1
1,linha_11-12,Ploss,0.0003493253,1
2,linha_11-12,Ploss,0.00037537109,1
3,linha_11-12,Ploss,0.00039426254,1
4,linha_11-12,Ploss,0.0004,1
5,linha_11-12,Ploss,0.00039121069,1
6,linha_11-12,Ploss,0.00035277484,1
7,linha_11-12,Ploss,0.0003870398,1
8,linha_11-12,Ploss,0.00039492331,1
9,linha_11-12,Ploss,0.0003880831,1
10,linha_11-12,Ploss,0.00036992524,1
11,linha_11-12,Ploss,0.00036676041,1
12,linha_11-12,Ploss,0.00036564152,1
13,linha_11-12,Ploss,0.00035132782,1
14,linha_11-12,Ploss,0.00032303609,1
15,linha_11-12,Ploss,0.0003229242,1
16,linha_11-12,Ploss,0.00035399716,1
17,linha_11-12,Ploss,0.0004,1
18,linha_11-12,Ploss,0.00037512819,1
19,linha_11-12,Ploss,0.00039321191,1
20,linha_11-12,Ploss,0.0004,1
21,linha_11-12,Ploss,0.0004,1
22,linha_11-12,Ploss,0.0004,1
23,linha_11-12,Ploss,0.0004,1
24,linha_11-12,Ploss,0.0004,1
1,linha_12-13,Ploss,0.00093666793,1
2,linha_12-13,Ploss,0.001030065,1
3,linha_12-13,Ploss,0.0010978074,1
4,linha_12-13,Ploss,0.0011201376,1
5,linha_12-13,Ploss,0.0010868639,1
6,linha_12-13,Ploss,0.0009310331,1
7,linha_12-13,Ploss,0.00098237914,1
8,linha_12-13,Ploss,0.00099419258,1
9,linha_12-13,Ploss,0.00095248162,1
10,linha_12-13,Ploss,0.00088463406,1
11,linha_12-13,Ploss,0.00087280851,1
12,linha_12-13,Ploss,0.00086862776,1
13,linha_12-13,Ploss,0.00081514405,1
14,linha_12-13,Ploss,0.00070943086,1
15,linha_12-13,Ploss,0.00070901278,1
16,linha_12-13,Ploss,0.00082511812,1
17,linha_12-13,Ploss,0.00099925224,1
18,linha_12-13,Ploss,0.00096452959,1
19,linha_12-13,Ploss,0.00109404,1
20,linha_12-13,Ploss,0.0011348295,1
21,linha_12-13,Ploss,0.0011421216,1
22,linha_12-13,Ploss,0.0011681376,1
23,linha_12-13,Ploss,0.0011870708,1
24,linha_12-13,Ploss,0.0011852702,1
1,linha_13-14,Ploss,0.001635834,1
2,linha_13-14,Ploss,0.0018161572,1
3,linha_13-14,Ploss,0.0019469486,1
4,linha_13-14,Ploss,0.0019924961,1
5,linha_13-14,Ploss,0.0019258197,1
6,linha_13-14,Ploss,0.0016,1
7,linha_13-14,Ploss,0.0016,1
8,linha_13-14,Ploss,0.0016,1
9,linha_13-14,Ploss,0.0015372664,1
10,linha_13-14,Ploss,0.0014562335,1
11,linha_13-14,Ploss,0.0014421098,1
12,linha_13-14,Ploss,0.0014371165,1
13,linha_13-14,Ploss,0.0013732389,1
14,linha_13-14,Ploss,0.0012469816,1
15,linha_13-14,Ploss,0.0012464823,1
16,linha_13-14,Ploss,0.0013851513,1
17,linha_13-14,Ploss,0.0015949197,1
18,linha_13-14,Ploss,0.0016,1
19,linha_13-14,Ploss,0.0019396747,1
20,linha_13-14,Ploss,0.0020412256,1
21,linha_13-14,Ploss,0.0020654117,1
22,linha_13-14,Ploss,0.0021517001,1
23,linha_13-14,Ploss,0.0022144968,1
24,linha_13-14,Ploss,0.0022085247,1
1,linha_14-15,Ploss,0.00029139736,1
2,linha_14-15,Ploss,0.00030698937,1
3,linha_14-15,Ploss,0.00031829852,1
4,linha_14-15,Ploss,0.00032349186,1
5,linha_14-15,Ploss,0.00031647156,1
6,linha_14-15,Ploss,0.00027543398,1
7,linha_14-15,Ploss,0.00022432718,1
8,linha_14-15,Ploss,0.00021256878,1
9,linha_14-15,Ploss,0.00019722078,1
10,linha_14-15,Ploss,0.00019268132,1
11,linha_14-15,Ploss,0.00019189011,1
12,linha_14-15,Ploss,0.00019161039,1
13,linha_14-15,Ploss,0.00018803197,1
14,linha_14-15,Ploss,0.00018095904,1
15,linha_14-15,Ploss,0.00018093107,1
16,linha_14-15,Ploss,0.0001886993,1
17,linha_14-15,Ploss,0.00020244566,1
18,linha_14-15,Ploss,0.00024209356,1
19,linha_14-15,Ploss,0.00031766957,1
20,linha_14-15,Ploss,0.00033820333,1
21,linha_14-15,Ploss,0.00034550516,1
22,linha_14-15,Ploss,0.00037155573,1
23,linha_14-15,Ploss,0.00039051413,1
24,linha_14-15,Ploss,0.00038871113,1
1,linha_15-16,Ploss,6.0899661e-05,1
2,linha_15-16,Ploss,7.1311671e-05,1
3,linha_15-16,Ploss,7.8863679e-05,1
4,linha_15-16,Ploss,8.2331682e-05,1
5,linha_15-16,Ploss,7.7643678e-05,1
6,linha_15-16,Ploss,5.023965e-05,1
7,linha_15-16,Ploss,1.6111616e-05,1
8,linha_15-16,Ploss,8.2596083e-06,1
9,linha_15-16,Ploss,0.0,1
10,linha_15-16,Ploss,0.0,1
11,linha_15-16,Ploss,0.0,1
12,linha_15-16,Ploss,0.0,1
13,linha_15-16,Ploss,0.0,1
14,linha_15-16,Ploss,0.0,1
15,linha_15-16,Ploss,0.0,1
16,linha_15-16,Ploss,0.0,1
17,linha_15-16,Ploss,1.4996015e-06,1
18,linha_15-16,Ploss,2.7975628e-05,1
19,linha_15-16,Ploss,7.8443678e-05,1
20,linha_15-16,Ploss,9.2155692e-05,1
21,linha_15-16,Ploss,9.7031697e-05,1
22,linha_15-16,Ploss,0.00011442771,1
23,linha_15-16,Ploss,0.00012708773,1
24,linha_15-16,Ploss,0.00012588373,1
1,linha_16-17,Ploss,0.00016971972,1
2,linha_16-17,Ploss,0.00016450851,1
3,linha_16-17,Ploss,0.00016072873,1
4,linha_16-17,Ploss,0.00015899299,1
5,linha_16-17,Ploss,0.00016133934,1
6,linha_16-17,Ploss,0.00017505506,1
7,linha_16-17,Ploss,0.00019213614,1
8,linha_16-17,Ploss,0.00019606607,1
9,linha_16-17,Ploss,0.00019722078,1
10,linha_16-17,Ploss,0.00019268132,1
11,linha_16-17,Ploss,0.00019189011,1
12,linha_16-17,Ploss,0.00019161039,1
13,linha_16-17,Ploss,0.00018803197,1
14,linha_16-17,Ploss,0.00018095904,1
15,linha_16-17,Ploss,0.00018093107,1
16,linha_16-17,Ploss,0.0001886993,1
17,linha_16-17,Ploss,0.00019944945,1
18,linha_16-17,Ploss,0.0001861982,1
19,linha_16-17,Ploss,0.00016093894,1
20,linha_16-17,Ploss,0.00015407608,1
21,linha_16-17,Ploss,0.00015163564,1
22,linha_16-17,Ploss,0.00014292893,1
23,linha_16-17,Ploss,0.00013659259,1
24,linha_16-17,Ploss,0.0001371952,1
1,linha_17-18,Ploss,0.0004,1
2,linha_17-18,Ploss,0.0004,1
3,linha_17-18,Ploss,0.0004,1
4,linha_17-18,Ploss,0.0004,1
5,linha_17-18,Ploss,0.0004,1
6,linha_17-18,Ploss,0.0004,1
7,linha_17-18,Ploss,0.0004,1
8,linha_17-18,Ploss,0.0004,1
9,linha_17-18,Ploss,0.00039404751,1
10,linha_17-18,Ploss,0.00038497766,1
11,linha_17-18,Ploss,0.00038339682,1
12,linha_17-18,Ploss,0.00038283794,1
13,linha_17-18,Ploss,0.00037568825,1
14,linha_17-18,Ploss,0.00036155653,1
15,linha_17-18,Ploss,0.00036150064,1
16,linha_17-18,Ploss,0.00037702158,1
17,linha_17-18,Ploss,0.0004,1
18,linha_17-18,Ploss,0.0004,1
19,linha_17-18,Ploss,0.0004,1
20,linha_17-18,Ploss,0.0004,1
21,linha_17-18,Ploss,0.0004,1
22,linha_17-18,Ploss,0.0004,1
23,linha_17-18,Ploss,0.0004,1
24,linha_17-18,Ploss,0.0004,1
1,linha_18-19,Ploss,0.0012689676,1
2,linha_18-19,Ploss,0.0013154642,1
3,linha_18-19,Ploss,0.001349189,1
4,linha_18-19,Ploss,0.001364676,1
5,linha_18-19,Ploss,0.0013437409,1
6,linha_18-19,Ploss,0.0012213634,1
7,linha_18-19,Ploss,0.0010689588,1
8,linha_18-19,Ploss,0.0010338943,1
9,linha_18-19,Ploss,0.00097030348,1
10,linha_18-19,Ploss,0.00092961121,1
11,linha_18-19,Ploss,0.00092251872,1
12,linha_18-19,Ploss,0.00092001128,1
13,linha_18-19,Ploss,0.00088793388,1
14,linha_18-19,Ploss,0.00082453131,1
15,linha_18-19,Ploss,0.00082428057,1
16,linha_18-19,Ploss,0.00089391593,1
17,linha_18-19,Ploss,0.0010037063,1
18,linha_18-19,Ploss,0.0011219396,1
19,linha_18-19,Ploss,0.0013473134,1
20,linha_18-19,Ploss,0.0014085468,1
21,linha_18-19,Ploss,0.0014303214,1
22,linha_18-19,Ploss,0.0015080064,1
23,linha_18-19,Ploss,0.0015645418,1
24,linha_18-19,Ploss,0.0015591652,1
1,linha_19-20,Ploss,0.00058197037,1
2,linha_19-20,Ploss,0.00061308183,1
3,linha_19-20,Ploss,0.0006356475,1
4,linha_19-20,Ploss,0.00064601002,1
5,linha_19-20,Ploss,0.0006320021,1
6,linha_19-20,Ploss,0.00055011788,1
7,linha_19-20,Ploss,0.00044814209,1
8,linha_19-20,Ploss,0.00042468001,1
9,linha_19-20,Ploss,0.00039404751,1
10,linha_19-20,Ploss,0.00038497766,1
11,linha_19-20,Ploss,0.00038339682,1
12,linha_19-20,Ploss,0.00038283794,1
13,linha_19-20,Ploss,0.00037568825,1
14,linha_19-20,Ploss,0.00036155653,1
15,linha_19-20,Ploss,0.00036150064,1
16,linha_19-20,Ploss,0.00037702158,1
17,linha_19-20,Ploss,0.00040448086,1
18,linha_19-20,Ploss,0.00048359218,1
19,linha_19-20,Ploss,0.00063439253,1
20,linha_19-20,Ploss,0.00067536452,1
21,linha_19-20,Ploss,0.00068993419,1
22,linha_19-20,Ploss,0.00074191412,1
23,linha_19-20,Ploss,0.00077974269,1
24,linha_19-20,Ploss,0.00077614509,1
1,linha_20-21,Ploss,0.00023061938,1
2,linha_20-21,Ploss,0.00023582018,1
3,linha_20-21,Ploss,0.00023959241,1
4,linha_20-21,Ploss,0.00024132468,1
5,linha_20-21,Ploss,0.00023898302,1
6,linha_20-21,Ploss,0.00022529471,1
7,linha_20-21,Ploss,0.00020824775,1
8,linha_20-21,Ploss,0.00020432567,1
9,linha_20-21,Ploss,0.00019722078,1
10,linha_20-21,Ploss,0.00019268132,1
11,linha_20-21,Ploss,0.00019189011,1
12,linha_20-21,Ploss,0.00019161039,1
13,linha_20-21,Ploss,0.00018803197,1
14,linha_20-21,Ploss,0.00018095904,1
15,linha_20-21,Ploss,0.00018093107,1
16,linha_20-21,Ploss,0.0001886993,1
17,linha_20-21,Ploss,0.00020094905,1
18,linha_20-21,Ploss,0.00021417383,1
19,linha_20-21,Ploss,0.00023938262,1
20,linha_20-21,Ploss,0.00024623177,1
21,linha_20-21,Ploss,0.00024866733,1
22,linha_20-21,Ploss,0.00025735664,1
23,linha_20-21,Ploss,0.00026368032,1
24,linha_20-21,Ploss,0.00026307892,1
1,linha_21-22,Ploss,0.0,1
2,linha_21-22,Ploss,0.0,1
3,linha_21-22,Ploss,0.0,1
4,linha_21-22,Ploss,0.0,1
5,linha_21-22,Ploss,0.0,1
6,linha_21-22,Ploss,0.0,1
7,linha_21-22,Ploss,0.0,1
8,linha_21-22,Ploss,0.0,1
9,linha_21-22,Ploss,0.0,1
10,linha_21-22,Ploss,0.0,1
11,linha_21-22,Ploss,0.0,1
12,linha_21-22,Ploss,0.0,1
13,linha_21-22,Ploss,0.0,1
14,linha_21-22,Ploss,0.0,1
15,linha_21-22,Ploss,0.0,1
16,linha_21-22,Ploss,0.0,1
17,linha_21-22,Ploss,0.0,1
18,linha_21-22,Ploss,0.0,1
19,linha_21-22,Ploss,0.0,1
20,linha_21-22,Ploss,0.0,1
21,linha_21-22,Ploss,0.0,1
22,linha_21-22,Ploss,0.0,1
23,linha_21-22,Ploss,0.0,1
24,linha_21-22,Ploss,0.0,1
1,linha_22-23,Ploss,0.00023061938,1
2,linha_22-23,Ploss,0.00023582018,1
3,linha_22-23,Ploss,0.00023959241,1
4,linha_22-23,Ploss,0.00024132468,1
5,linha_22-23,Ploss,0.00023898302,1
6,linha_22-23,Ploss,0.00022529471,1
7,linha_22-23,Ploss,0.00020824775,1
8,linha_22-23,Ploss,0.00020432567,1
9,linha_22-23,Ploss,0.00019722078,1
10,linha_22-23,Ploss,0.00019268132,1
11,linha_22-23,Ploss,0.00019189011,1
12,linha_22-23,Ploss,0.00019161039,1
13,linha_22-23,Ploss,0.00018803197,1
14,linha_22-23,Ploss,0.00018095904,1
15,linha_22-23,Ploss,0.00018093107,1
16,linha_22-23,Ploss,0.0001886993,1
17,linha_22-23,Ploss,0.00020094905,1
18,linha_22-23,Ploss,0.00021417383,1
19,linha_22-23,Ploss,0.00023938262,1
20,linha_22-23,Ploss,0.00024623177,1
21,linha_22-23,Ploss,0.00024866733,1
22,linha_22-23,Ploss,0.00025735664,1
23,linha_22-23,Ploss,0.00026368032,1
24,linha_22-23,Ploss,0.00026307892,1
1,linha_23-24,Ploss,0.00058197037,1
2,linha_23-24,Ploss,0.00061308183,1
3,linha_23-24,Ploss,0.0006356475,1
4,linha_23-24,Ploss,0.00064601002,1
5,linha_23-24,Ploss,0.0006320021,1
6,linha_23-24,Ploss,0.00055011788,1
7,linha_23-24,Ploss,0.00044814209,1
8,linha_23-24,Ploss,0.00042468001,1
9,linha_23-24,Ploss,0.00039404751,1
10,linha_23-24,Ploss,0.00038497766,1
11,linha_23-24,Ploss,0.00038339682,1
12,linha_23-24,Ploss,0.00038283794,1
13,linha_23-24,Ploss,0.00037568825,1
14,linha_23-24,Ploss,0.00036155653,1
15,linha_23-24,Ploss,0.00036150064,1
16,linha_23-24,Ploss,0.00037702158,1
17,linha_23-24,Ploss,0.00040448086,1
18,linha_23-24,Ploss,0.00048359218,1
19,linha_23-24,Ploss,0.00063439253,1
20,linha_23-24,Ploss,0.00067536452,1
21,linha_23-24,Ploss,0.00068993419,1
22,linha_23-24,Ploss,0.00074191412,1
23,linha_23-24,Ploss,0.00077974269,1
24,linha_23-24,Ploss,0.00077614509,1
1,linha_24-25,Ploss,0.0012689676,1
2,linha_24-25,Ploss,0.0013154642,1
3,linha_24-25,Ploss,0.001349189,1
4,linha_24-25,Ploss,0.001364676,1
5,linha_24-25,Ploss,0.0013437409,1
6,linha_24-25,Ploss,0.0012213634,1
7,linha_24-25,Ploss,0.0010689588,1
8,linha_24-25,Ploss,0.0010338943,1
9,linha_24-25,Ploss,0.00097030348,1
10,linha_24-25,Ploss,0.00092961121,1
11,linha_24-25,Ploss,0.00092251872,1
12,linha_24-25,Ploss,0.00092001128,1
13,linha_24-25,Ploss,0.00088793388,1
14,linha_24-25,Ploss,0.00082453131,1
15,linha_24-25,Ploss,0.00082428057,1
16,linha_24-25,Ploss,0.00089391593,1
17,linha_24-25,Ploss,0.0010037063,1
18,linha_24-25,Ploss,0.0011219396,1
19,linha_24-25,Ploss,0.0013473134,1
20,linha_24-25,Ploss,0.0014085468,1
21,linha_24-25,Ploss,0.0014303214,1
22,linha_24-25,Ploss,0.0015080064,1
23,linha_24-25,Ploss,0.0015645418,1
24,linha_24-25,Ploss,0.0015591652,1
1,linha_25-26,Ploss,0.00058197037,1
2,linha_25-26,Ploss,0.00061308183,1
3,linha_25-26,Ploss,0.0006356475,1
4,linha_25-26,Ploss,0.00064601002,1
5,linha_25-26,Ploss,0.0006320021,1
6,linha_25-26,Ploss,0.00055011788,1
7,linha_25-26,Ploss,0.00044814209,1
8,linha_25-26,Ploss,0.00042468001,1
9,linha_25-26,Ploss,0.00039404751,1
10,linha_25-26,Ploss,0.00038497766,1
11,linha_25-26,Ploss,0.00038339682,1
12,linha_25-26,Ploss,0.00038283794,1
13,linha_25-26,Ploss,0.00037568825,1
14,linha_25-26,Ploss,0.00036155653,1
15,linha_25-26,Ploss,0.00036150064,1
16,linha_25-26,Ploss,0.00037702158,1
17,linha_25-26,Ploss,0.00040448086,1
18,linha_25-26,Ploss,0.00048359218,1
19,linha_25-26,Ploss,0.00063439253,1
20,linha_25-26,Ploss,0.00067536452,1
21,linha_25-26,Ploss,0.00068993419,1
22,linha_25-26,Ploss,0.00074191412,1
23,linha_25-26,Ploss,0.00077974269,1
24,linha_25-26,Ploss,0.00077614509,1
1,linha_26-27,Ploss,0.00023061938,1
2,linha_26-27,Ploss,0.00023582018,1
3,linha_26-27,Ploss,0.00023959241,1
4,linha_26-27,Ploss,0.00024132468,1
5,linha_26-27,Ploss,0.00023898302,1
6,linha_26-27,Ploss,0.00022529471,1
7,linha_26-27,Ploss,0.00020824775,1
8,linha_26-27,Ploss,0.00020432567,1
9,linha_26-27,Ploss,0.00019722078,1
10,linha_26-27,Ploss,0.00019268132,1
11,linha_26-27,Ploss,0.00019189011,1
12,linha_26-27,Ploss,0.00019161039,1
13,linha_26-27,Ploss,0.00018803197,1
14,linha_26-27,Ploss,0.00018095904,1
15,linha_26-27,Ploss,0.00018093107,1
16,linha_26-27,Ploss,0.0001886993,1
17,linha_26-27,Ploss,0.00020094905,1
18,linha_26-27,Ploss,0.00021417383,1
19,linha_26-27,Ploss,0.00023938262,1
20,linha_26-27,Ploss,0.00024623177,1
21,linha_26-27,Ploss,0.00024866733,1
22,linha_26-27,Ploss,0.00025735664,1
23,linha_26-27,Ploss,0.00026368032,1
24,linha_26-27,Ploss,0.00026307892,1
1,linha_27-28,Ploss,0.0,1
2,linha_27-28,Ploss,0.0,1
3,linha_27-28,Ploss,0.0,1
4,linha_27-28,Ploss,0.0,1
5,linha_27-28,Ploss,0.0,1
6,linha_27-28,Ploss,0.0,1
7,linha_27-28,Ploss,0.0,1
8,linha_27-28,Ploss,0.0,1
9,linha_27-28,Ploss,0.0,1
10,linha_27-28,Ploss,0.0,1
11,linha_27-28,Ploss,0.0,1
12,linha_27-28,Ploss,0.0,1
13,linha_27-28,Ploss,0.0,1
14,linha_27-28,Ploss,0.0,1
15,linha_27-28,Ploss,0.0,1
16,linha_27-28,Ploss,0.0,1
17,linha_27-28,Ploss,0.0,1
18,linha_27-28,Ploss,0.0,1
19,linha_27-28,Ploss,0.0,1
20,linha_27-28,Ploss,0.0,1
21,linha_27-28,Ploss,0.0,1
22,linha_27-28,Ploss,0.0,1
23,linha_27-28,Ploss,0.0,1
24,linha_27-28,Ploss,0.0,1
1,linha_28-29,Ploss,0.00023061938,1
2,linha_28-29,Ploss,0.00023582018,1
3,linha_28-29,Ploss,0.00023959241,1
4,linha_28-29,Ploss,0.00024132468,1
5,linha_28-29,Ploss,0.00023898302,1
6,linha_28-29,Ploss,0.00022529471,1
7,linha_28-29,Ploss,0.00020824775,1
8,linha_28-29,Ploss,0.00020432567,1
9,linha_28-29,Ploss,0.00019722078,1
10,linha_28-29,Ploss,0.00019268132,1
11,linha_28-29,Ploss,0.00019189011,1
12,linha_28-29,Ploss,0.00019161039,1
13,linha_28-29,Ploss,0.00018803197,1
14,linha_28-29,Ploss,0.00018095904,1
15,linha_28-29,Ploss,0.00018093107,1
16,linha_28-29,Ploss,0.0001886993,1
17,linha_28-29,Ploss,0.00020094905,1
18,linha_28-29,Ploss,0.00021417383,1
19,linha_28-29,Ploss,0.00023938262,1
20,linha_28-29,Ploss,0.00024623177,1
21,linha_28-29,Ploss,0.00024866733,1
22,linha_28-29,Ploss,0.00025735664,1
23,linha_28-29,Ploss,0.00026368032,1
24,linha_28-29,Ploss,0.00026307892,1
1,linha_29-30,Ploss,0.00058197037,1
2,linha_29-30,Ploss,0.00061308183,1
3,linha_29-30,Ploss,0.0006356475,1
4,linha_29-30,Ploss,0.00064601002,1
5,linha_29-30,Ploss,0.0006320021,1
6,linha_29-30,Ploss,0.00055011788,1
7,linha_29-30,Ploss,0.00044814209,1
8,linha_29-30,Ploss,0.00042468001,1
9,linha_29-30,Ploss,0.00039404751,1
10,linha_29-30,Ploss,0.00038497766,1
11,linha_29-30,Ploss,0.00038339682,1
12,linha_29-30,Ploss,0.00038283794,1
13,linha_29-30,Ploss,0.00037568825,1
14,linha_29-30,Ploss,0.00036155653,1
15,linha_29-30,Ploss,0.00036150064,1
16,linha_29-30,Ploss,0.00037702158,1
17,linha_29-30,Ploss,0.00040448086,1
18,linha_29-30,Ploss,0.00048359218,1
19,linha_29-30,Ploss,0.00063439253,1
20,linha_29-30,Ploss,0.00067536452,1
21,linha_29-30,Ploss,0.00068993419,1
22,linha_29-30,Ploss,0.00074191412,1
23,linha_29-30,Ploss,0.00077974269,1
24,linha_29-30,Ploss,0.00077614509,1
1,linha_30-31,Ploss,0.0012689676,1
2,linha_30-31,Ploss,0.0013154642,1
3,linha_30-31,Ploss,0.001349189,1
4,linha_30-31,Ploss,0.001364676,1
5,linha_30-31,Ploss,0.0013437409,1
6,linha_30-31,Ploss,0.0012213634,1
7,linha_30-31,Ploss,0.0010689588,1
8,linha_30-31,Ploss,0.0010338943,1
9,linha_30-31,Ploss,0.00097030348,1
10,linha_30-31,Ploss,0.00092961121,1
11,linha_30-31,Ploss,0.00092251872,1
12,linha_30-31,Ploss,0.00092001128,1
13,linha_30-31,Ploss,0.00088793388,1
14,linha_30-31,Ploss,0.00082453131,1
15,linha_30-31,Ploss,0.00082428057,1
16,linha_30-31,Ploss,0.00089391593,1
17,linha_30-31,Ploss,0.0010037063,1
18,linha_30-31,Ploss,0.0011219396,1
19,linha_30-31,Ploss,0.0013473134,1
20,linha_30-31,Ploss,0.0014085468,1
21,linha_30-31,Ploss,0.0014303214,1
22,linha_30-31,Ploss,0.0015080064,1
23,linha_30-31,Ploss,0.0015645418,1
24,linha_30-31,Ploss,0.0015591652,1
1,linha_31-32,Ploss,0.00058197037,1
2,linha_31-32,Ploss,0.00061308183,1
3,linha_31-32,Ploss,0.0006356475,1
4,linha_31-32,Ploss,0.00064601002,1
5,linha_31-32,Ploss,0.0006320021,1
6,linha_31-32,Ploss,0.00055011788,1
7,linha_31-32,Ploss,0.00044814209,1
8,linha_31-32,Ploss,0.00042468001,1
9,linha_31-32,Ploss,0.00039404751,1
10,linha_31-32,Ploss,0.00038497766,1
11,linha_31-32,Ploss,0.00038339682,1
12,linha_31-32,Ploss,0.00038283794,1
13,linha_31-32,Ploss,0.00037568825,1
14,linha_31-32,Ploss,0.00036155653,1
15,linha_31-32,Ploss,0.00036150064,1
16,linha_31-32,Ploss,0.00037702158,1
17,linha_31-32,Ploss,0.00040448086,1
18,linha_31-32,Ploss,0.00048359218,1
19,linha_31-32,Ploss,0.00063439253,1
20,linha_31-32,Ploss,0.00067536452,1
21,linha_31-32,Ploss,0.00068993419,1
22,linha_31-32,Ploss,0.00074191412,1
23,linha_31-32,Ploss,0.00077974269,1
24,linha_31-32,Ploss,0.00077614509,1
1,linha_32-33,Ploss,0.00023061938,1
2,linha_32-33,Ploss,0.00023582018,1
3,linha_32-33,Ploss,0.00023959241,1
4,linha_32-33,Ploss,0.00024132468,1
5,linha_32-33,Ploss,0.00023898302,1
6,linha_32-33,Ploss,0.00022529471,1
7,linha_32-33,Ploss,0.00020824775,1
8,linha_32-33,Ploss,0.00020432567,1
9,linha_32-33,Ploss,0.00019722078,1
10,linha_32-33,Ploss,0.00019268132,1
11,linha_32-33,Ploss,0.00019189011,1
12,linha_32-33,Ploss,0.00019161039,1
13,linha_32-33,Ploss,0.00018803197,1
14,linha_32-33,Ploss,0.00018095904,1
15,linha_32-33,Ploss,0.00018093107,1
16,linha_32-33,Ploss,0.0001886993,1
17,linha_32-33,Ploss,0.00020094905,1
18,linha_32-33,Ploss,0.00021417383,1
19,linha_32-33,Ploss,0.00023938262,1
20,linha_32-33,Ploss,0.00024623177,1
21,linha_32-33,Ploss,0.00024866733,1
22,linha_32-33,Ploss,0.00025735664,1
23,linha_32-33,Ploss,0.00026368032,1
24,linha_32-33,Ploss,0.00026307892,1
1,barra_1,theta,0.0,1
2,barra_1,theta,0.0,1
3,barra_1,theta,0.0,1
4,barra_1,theta,0.0,1
5,barra_1,theta,0.0,1
6,barra_1,theta,0.0,1
7,barra_1,theta,0.0,1
8,barra_1,theta,0.0,1
9,barra_1,theta,0.0,1
10,barra_1,theta,0.0,1
11,barra_1,theta,0.0,1
12,barra_1,theta,0.0,1
13,barra_1,theta,0.0,1
14,barra_1,theta,0.0,1
15,barra_1,theta,0.0,1
16,barra_1,theta,0.0,1
17,barra_1,theta,0.0,1
18,barra_1,theta,0.0,1
19,barra_1,theta,0.0,1
20,barra_1,theta,0.0,1
21,barra_1,theta,0.0,1
22,barra_1,theta,0.0,1
23,barra_1,theta,0.0,1
24,barra_1,theta,0.0,1
1,barra_2,theta,0.0096091409,1
2,barra_2,theta,0.0098258408,1
3,barra_2,theta,0.009983017,1
4,barra_2,theta,0.010055195,1
5,barra_2,theta,0.0099576257,1
6,barra_2,theta,0.0093872794,1
7,barra_2,theta,0.0086769897,1
8,barra_2,theta,0.0085135698,1
9,barra_2,theta,0.0082175325,1
10,barra_2,theta,0.0080283883,1
11,barra_2,theta,0.0079954212,1
12,barra_2,theta,0.0079837662,1
13,barra_2,theta,0.0078346653,1
14,barra_2,theta,0.00753996,1
15,barra_2,theta,0.0075387945,1
16,barra_2,theta,0.0078624709,1
17,barra_2,theta,0.0083728771,1
18,barra_2,theta,0.0089239094,1
19,barra_2,theta,0.0099742757,1
20,barra_2,theta,0.010259657,1
21,barra_2,theta,0.010361139,1
22,barra_2,theta,0.010723193,1
23,barra_2,theta,0.01098668,1
24,barra_2,theta,0.010961622,1
1,barra_3,theta,0.028803174,1
2,barra_3,theta,0.029451977,1
3,barra_3,theta,0.029922566,1
4,barra_3,theta,0.030138667,1
5,barra_3,theta,0.029846544,1
6,barra_3,theta,0.028138917,1
7,barra_3,theta,0.026012296,1
8,barra_3,theta,0.025523014,1
9,barra_3,theta,0.024636179,1
10,barra_3,theta,0.024069124,1
11,barra_3,theta,0.023970289,1
12,barra_3,theta,0.023935347,1
13,barra_3,theta,0.023488342,1
14,barra_3,theta,0.022604815,1
15,barra_3,theta,0.022601321,1
16,barra_3,theta,0.023571703,1
17,barra_3,theta,0.025101778,1
18,barra_3,theta,0.026751579,1
19,barra_3,theta,0.029896394,1
20,barra_3,theta,0.030750831,1
21,barra_3,theta,0.031054669,1
22,barra_3,theta,0.032138667,1
23,barra_3,theta,0.032927551,1
24,barra_3,theta,0.032852526,1
1,barra_4,theta,0.057538834,1
2,barra_4,theta,0.058833425,1
3,barra_4,theta,0.059772413,1
4,barra_4,theta,0.060203611,1
5,barra_4,theta,0.059620722,1
6,barra_4,theta,0.056213409,1
7,barra_4,theta,0.051970057,1
8,barra_4,theta,0.050993768,1
9,barra_4,theta,0.049223727,1
10,barra_4,theta,0.048091502,1
11,barra_4,theta,0.04789416,1
12,barra_4,theta,0.047824393,1
13,barra_4,theta,0.046931868,1
14,barra_4,theta,0.04516775,1
15,barra_4,theta,0.045160773,1
16,barra_4,theta,0.047098313,1
17,barra_4,theta,0.050153254,1
18,barra_4,theta,0.053445184,1
19,barra_4,theta,0.059720191,1
20,barra_4,theta,0.061425092,1
21,barra_4,theta,0.062031356,1
22,barra_4,theta,0.064194311,1
23,barra_4,theta,0.06576841,1
24,barra_4,theta,0.065618709,1
1,barra_5,theta,0.095749319,1
2,barra_5,theta,0.097900393,1
3,barra_5,theta,0.099460603,1
4,barra_5,theta,0.10017708,1
5,barra_5,theta,0.099208556,1
6,barra_5,theta,0.093547009,1
7,barra_5,theta,0.086496314,1
8,barra_5,theta,0.084874125,1
9,barra_5,theta,0.081931805,1
10,barra_5,theta,0.080049024,1
11,barra_5,theta,0.079720863,1
12,barra_5,theta,0.079604846,1
13,barra_5,theta,0.078120664,1
14,barra_5,theta,0.075187105,1
15,barra_5,theta,0.075175503,1
16,barra_5,theta,0.078397446,1
17,barra_5,theta,0.08347752,1
18,barra_5,theta,0.088947364,1
19,barra_5,theta,0.099373833,1
20,barra_5,theta,0.10220667,1
21,barra_5,theta,0.10321403,1
22,barra_5,theta,0.10680797,1
23,barra_5,theta,0.10942347,1
24,barra_5,theta,0.10917473,1
1,barra_6,theta,0.1433495,1
2,barra_6,theta,0.14656437,1
3,barra_6,theta,0.14889617,1
4,barra_6,theta,0.14996697,1
5,barra_6,theta,0.14851948,1
6,barra_6,theta,0.14005805,1
7,barra_6,theta,0.12952048,1
8,barra_6,theta,0.12709605,1
9,barra_6,theta,0.12269702,1
10,barra_6,theta,0.11988126,1
11,barra_6,theta,0.11939049,1
12,barra_6,theta,0.11921698,1
13,barra_6,theta,0.11699734,1
14,barra_6,theta,0.11261012,1
15,barra_6,theta,0.11259277,1
16,barra_6,theta,0.11741128,1
17,barra_6,theta,0.12500874,1
18,barra_6,theta,0.13318369,1
19,barra_6,theta,0.14876649,1
20,barra_6,theta,0.15299872,1
21,barra_6,theta,0.15450327,1
22,barra_6,theta,0.15987104,1
23,barra_6,theta,0.16377744,1
24,barra_6,theta,0.16340593,1
1,barra_7,theta,0.11001617,1
2,barra_7,theta,0.11323104,1
3,barra_7,theta,0.11556284,1
4,barra_7,theta,0.11651269,1
5,barra_7,theta,0.11518615,1
6,barra_7,theta,0.10796706,1
7,barra_7,theta,0.10236477,1
8,barra_7,theta,0.10107583,1
9,barra_7,theta,0.097862437,1
10,barra_7,theta,0.095235449,1
11,barra_7,theta,0.094777576,1
12,barra_7,theta,0.094615702,1
13,barra_7,theta,0.092544868,1
14,barra_7,theta,0.088451761,1
15,barra_7,theta,0.088435574,1
16,barra_7,theta,0.092931053,1
17,barra_7,theta,0.099895526,1
18,barra_7,theta,0.10431231,1
19,barra_7,theta,0.11543316,1
20,barra_7,theta,0.11853268,1
21,barra_7,theta,0.11953507,1
22,barra_7,theta,0.12311126,1
23,barra_7,theta,0.12571384,1
24,barra_7,theta,0.12546633,1
1,barra_8,theta,0.086196792,1
2,barra_8,theta,0.089629234,1
3,barra_8,theta,0.092118842,1
4,barra_8,theta,0.09301924,1
5,barra_8,theta,0.091716654,1
6,barra_8,theta,0.085174751,1
7,barra_8,theta,0.083824308,1
8,barra_8,theta,0.083513605,1
9,barra_8,theta,0.08119577,1
10,barra_8,theta,0.078568782,1
11,barra_8,theta,0.078110909,1
12,barra_8,theta,0.077949035,1
13,barra_8,theta,0.075878201,1
14,barra_8,theta,0.071785095,1
15,barra_8,theta,0.071768907,1
16,barra_8,theta,0.076264387,1
17,barra_8,theta,0.083104515,1
18,barra_8,theta,0.084293766,1
19,barra_8,theta,0.091980384,1
20,barra_8,theta,0.094224642,1
21,barra_8,theta,0.094822718,1
22,barra_8,theta,0.096956463,1
23,barra_8,theta,0.098509303,1
24,barra_8,theta,0.098361624,1
1,barra_9,theta,0.071943789,1
2,barra_9,theta,0.075811805,1
3,barra_9,theta,0.078617343,1
4,barra_9,theta,0.079540412,1
5,barra_9,theta,0.078164118,1
6,barra_9,theta,0.07173062,1
7,barra_9,theta,0.073937334,1
8,barra_9,theta,0.074445044,1
9,barra_9,theta,0.072729721,1
10,barra_9,theta,0.06991321,1
11,barra_9,theta,0.069422304,1
12,barra_9,theta,0.069248751,1
13,barra_9,theta,0.067028518,1
14,barra_9,theta,0.062640117,1
15,barra_9,theta,0.062622761,1
16,barra_9,theta,0.067442565,1
17,barra_9,theta,0.074669279,1
18,barra_9,theta,0.073170209,1
19,barra_9,theta,0.078461315,1
20,barra_9,theta,0.080132836,1
21,barra_9,theta,0.08042667,1
22,barra_9,theta,0.081474974,1
23,barra_9,theta,0.082237881,1
24,barra_9,theta,0.082165327,1
1,barra_10,theta,0.067290631,1
2,barra_10,theta,0.071812227,1
3,barra_10,theta,0.075091817,1
4,barra_10,theta,0.076109926,1
5,barra_10,theta,0.074562011,1
6,barra_10,theta,0.067665647,1
7,barra_10,theta,0.072724927,1
8,barra_10,theta,0.073888941,1
9,barra_10,theta,0.072480706,1
10,barra_10,theta,0.06928477,1
11,barra_10,theta,0.068727732,1
12,barra_10,theta,0.0685308,1
13,barra_10,theta,0.066011468,1
14,barra_10,theta,0.061031885,1
15,barra_10,theta,0.061012192,1
16,barra_10,theta,0.066481293,1
17,barra_10,theta,0.074606796,1
18,barra_10,theta,0.070966157,1
19,barra_10,theta,0.074909425,1
20,barra_10,theta,0.076293016,1
21,barra_10,theta,0.076383682,1
22,barra_10,theta,0.076707153,1
23,barra_10,theta,0.076942559,1
24,barra_10,theta,0.076920171,1
1,barra_11,theta,0.072246613,1
2,barra_11,theta,0.077638489,1
3,barra_11,theta,0.081549308,1
4,barra_11,theta,0.082734634,1
5,barra_11,theta,0.080917529,1
6,barra_11,theta,0.072987953,1
7,barra_11,theta,0.08018951,1
8,barra_11,theta,0.081846408,1
9,barra_11,theta,0.080449224,1
10,barra_11,theta,0.076684719,1
11,barra_11,theta,0.076028582,1
12,barra_11,theta,0.075796614,1
13,barra_11,theta,0.072829084,1
14,barra_11,theta,0.066963614,1
15,barra_11,theta,0.066940417,1
16,barra_11,theta,0.073382493,1
17,barra_11,theta,0.08291719,1
18,barra_11,theta,0.077686015,1
19,barra_11,theta,0.08133181,1
20,barra_11,theta,0.082712852,1
21,barra_11,theta,0.082701834,1
22,barra_11,theta,0.082662525,1
23,barra_11,theta,0.082633917,1
24,barra_11,theta,0.082636638,1
1,barra_12,theta,0.086801834,1
2,barra_12,theta,0.093278951,1
3,barra_12,theta,0.097976914,1
4,barra_12,theta,0.0994013,1
5,barra_12,theta,0.097217974,1
6,barra_12,theta,0.087686905,1
7,barra_12,theta,0.096316168,1
8,barra_12,theta,0.098301546,1
9,barra_12,theta,0.096619354,1
10,barra_12,theta,0.092098271,1
11,barra_12,theta,0.091310265,1
12,barra_12,theta,0.091031678,1
13,barra_12,theta,0.087467743,1
14,barra_12,theta,0.08042345,1
15,barra_12,theta,0.080395592,1
16,barra_12,theta,0.088132374,1
17,barra_12,theta,0.099583856,1
18,barra_12,theta,0.093316356,1
19,barra_12,theta,0.09771564,1
20,barra_12,theta,0.099379519,1
21,barra_12,theta,0.099368501,1
22,barra_12,theta,0.099329191,1
23,barra_12,theta,0.099300584,1
24,barra_12,theta,0.099303304,1
1,barra_13,theta,0.11092222,1
2,barra_13,theta,0.11869652,1
3,barra_13,theta,0.12433535,1
4,barra_13,theta,0.12606988,1
5,barra_13,theta,0.12342442,1
6,barra_13,theta,0.11172903,1
7,barra_13,theta,0.12107143,1
8,barra_13,theta,0.12322089,1
9,barra_13,theta,0.12095938,1
10,barra_13,theta,0.11549597,1
11,barra_13,theta,0.11454372,1
12,barra_13,theta,0.11420706,1
13,barra_13,theta,0.1099003,1
14,barra_13,theta,0.10138777,1
15,barra_13,theta,0.1013541,1
16,barra_13,theta,0.11070346,1
17,barra_13,theta,0.12457347,1
18,barra_13,theta,0.11782371,1
19,barra_13,theta,0.12402175,1
20,barra_13,theta,0.12625215,1
21,barra_13,theta,0.12634241,1
22,barra_13,theta,0.12666444,1
23,barra_13,theta,0.12689879,1
24,barra_13,theta,0.1268765,1
1,barra_14,theta,0.14455417,1
2,barra_14,theta,0.15383116,1
3,barra_14,theta,0.16055992,1
4,barra_14,theta,0.16267401,1
5,barra_14,theta,0.15947291,1
6,barra_14,theta,0.14506236,1
7,barra_14,theta,0.15440477,1
8,barra_14,theta,0.15655422,1
9,barra_14,theta,0.15342141,1
10,barra_14,theta,0.14683254,1
11,barra_14,theta,0.14568413,1
12,barra_14,theta,0.14527813,1
13,barra_14,theta,0.14008417,1
14,barra_14,theta,0.12981807,1
15,barra_14,theta,0.12977747,1
16,barra_14,theta,0.14105278,1
17,barra_14,theta,0.15783624,1
18,barra_14,theta,0.15115705,1
19,barra_14,theta,0.16018571,1
20,barra_14,theta,0.16326236,1
21,barra_14,theta,0.16355418,1
22,barra_14,theta,0.16459527,1
23,barra_14,theta,0.16535293,1
24,barra_14,theta,0.16528087,1
1,barra_15,theta,0.13241261,1
2,barra_15,theta,0.14103994,1
3,barra_15,theta,0.14729748,1
4,barra_15,theta,0.14919519,1
5,barra_15,theta,0.1462866,1
6,barra_15,theta,0.13358595,1
7,barra_15,theta,0.1450578,1
8,barra_15,theta,0.14769719,1
9,barra_15,theta,0.14520388,1
10,barra_15,theta,0.13880415,1
11,barra_15,theta,0.13768871,1
12,barra_15,theta,0.13729436,1
13,barra_15,theta,0.13224951,1
14,barra_15,theta,0.12227811,1
15,barra_15,theta,0.12223867,1
16,barra_15,theta,0.13319031,1
17,barra_15,theta,0.14940101,1
18,barra_15,theta,0.14106981,1
19,barra_15,theta,0.14694947,1
20,barra_15,theta,0.14917056,1
21,barra_15,theta,0.14915813,1
22,barra_15,theta,0.14911378,1
23,barra_15,theta,0.14908151,1
24,barra_15,theta,0.14908458,1
1,barra_16,theta,0.12987513,1
2,barra_16,theta,0.13806862,1
3,barra_16,theta,0.1440115,1
4,barra_16,theta,0.1457647,1
5,barra_16,theta,0.14305145,1
6,barra_16,theta,0.13149263,1
7,barra_16,theta,0.14438648,1
8,barra_16,theta,0.14735304,1
9,barra_16,theta,0.14520388,1
10,barra_16,theta,0.13880415,1
11,barra_16,theta,0.13768871,1
12,barra_16,theta,0.13729436,1
13,barra_16,theta,0.13224951,1
14,barra_16,theta,0.12227811,1
15,barra_16,theta,0.12223867,1
16,barra_16,theta,0.13319031,1
17,barra_16,theta,0.14933853,1
18,barra_16,theta,0.13990416,1
19,barra_16,theta,0.14368099,1
20,barra_16,theta,0.14533074,1
21,barra_16,theta,0.14511514,1
22,barra_16,theta,0.14434596,1
23,barra_16,theta,0.14378619,1
24,barra_16,theta,0.14383942,1
1,barra_17,theta,0.13694678,1
2,barra_17,theta,0.14492314,1
3,barra_17,theta,0.15070853,1
4,barra_17,theta,0.15238941,1
5,barra_17,theta,0.14977392,1
6,barra_17,theta,0.13878659,1
7,barra_17,theta,0.15239216,1
8,barra_17,theta,0.15552246,1
9,barra_17,theta,0.15342141,1
10,barra_17,theta,0.14683254,1
11,barra_17,theta,0.14568413,1
12,barra_17,theta,0.14527813,1
13,barra_17,theta,0.14008417,1
14,barra_17,theta,0.12981807,1
15,barra_17,theta,0.12977747,1
16,barra_17,theta,0.14105278,1
17,barra_17,theta,0.15764892,1
18,barra_17,theta,0.14766242,1
19,barra_17,theta,0.15038678,1
20,barra_17,theta,0.15175057,1
21,barra_17,theta,0.15143329,1
22,barra_17,theta,0.15030133,1
23,barra_17,theta,0.14947754,1
24,barra_17,theta,0.14955589,1
1,barra_18,theta,0.15361345,1
2,barra_18,theta,0.16158981,1
3,barra_18,theta,0.16737519,1
4,barra_18,theta,0.16905607,1
5,barra_18,theta,0.16644059,1
6,barra_18,theta,0.15545326,1
7,barra_18,theta,0.16905882,1
8,barra_18,theta,0.17218912,1
9,barra_18,theta,0.16984006,1
10,barra_18,theta,0.16287328,1
11,barra_18,theta,0.161659,1
12,barra_18,theta,0.16122971,1
13,barra_18,theta,0.15573785,1
14,barra_18,theta,0.14488292,1
15,barra_18,theta,0.14483999,1
16,barra_18,theta,0.15676202,1
17,barra_18,theta,0.17431559,1
18,barra_18,theta,0.16432909,1
19,barra_18,theta,0.16705344,1
20,barra_18,theta,0.16841724,1
21,barra_18,theta,0.16809996,1
22,barra_18,theta,0.166968,1
23,barra_18,theta,0.16614421,1
24,barra_18,theta,0.16622255,1
1,barra_19,theta,0.12487779,1
2,barra_19,theta,0.13220836,1
3,barra_19,theta,0.13752535,1
4,barra_19,theta,0.13899113,1
5,barra_19,theta,0.13666641,1
6,barra_19,theta,0.12737877,1
7,barra_19,theta,0.14310106,1
8,barra_19,theta,0.14671837,1
9,barra_19,theta,0.14525251,1
10,barra_19,theta,0.1388509,1
11,barra_19,theta,0.13773513,1
12,barra_19,theta,0.13734066,1
13,barra_19,theta,0.13229432,1
14,barra_19,theta,0.12231999,1
15,barra_19,theta,0.12228054,1
16,barra_19,theta,0.13323541,1
17,barra_19,theta,0.14926411,1
18,barra_19,theta,0.13763548,1
19,barra_19,theta,0.13722965,1
20,barra_19,theta,0.13774298,1
21,barra_19,theta,0.13712327,1
22,barra_19,theta,0.13491235,1
23,barra_19,theta,0.13330335,1
24,barra_19,theta,0.13345637,1
1,barra_20,theta,0.10568376,1
2,barra_20,theta,0.11258222,1
3,barra_20,theta,0.1175858,1
4,barra_20,theta,0.11890766,1
5,barra_20,theta,0.11677749,1
6,barra_20,theta,0.10862713,1
7,barra_20,theta,0.12576576,1
8,barra_20,theta,0.12970893,1
9,barra_20,theta,0.12883386,1
10,barra_20,theta,0.12281016,1
11,barra_20,theta,0.12176026,1
12,barra_20,theta,0.12138908,1
13,barra_20,theta,0.11664065,1
14,barra_20,theta,0.10725513,1
15,barra_20,theta,0.10721802,1
16,barra_20,theta,0.11752617,1
17,barra_20,theta,0.13253521,1
18,barra_20,theta,0.11980781,1
19,barra_20,theta,0.11730753,1
20,barra_20,theta,0.11725181,1
21,barra_20,theta,0.11642974,1
22,barra_20,theta,0.11349688,1
23,barra_20,theta,0.11136248,1
24,barra_20,theta,0.11156547,1
1,barra_21,theta,0.096074616,1
2,barra_21,theta,0.10275638,1
3,barra_21,theta,0.10760278,1
4,barra_21,theta,0.10885246,1
5,barra_21,theta,0.10681986,1
6,barra_21,theta,0.099239849,1
7,barra_21,theta,0.11708877,1
8,barra_21,theta,0.12119536,1
9,barra_21,theta,0.12061633,1
10,barra_21,theta,0.11478178,1
11,barra_21,theta,0.11376484,1
12,barra_21,theta,0.11340531,1
13,barra_21,theta,0.10880598,1
14,barra_21,theta,0.099715173,1
15,barra_21,theta,0.099679221,1
16,barra_21,theta,0.1096637,1
17,barra_21,theta,0.12416233,1
18,barra_21,theta,0.1108839,1
19,barra_21,theta,0.10733325,1
20,barra_21,theta,0.10699215,1
21,barra_21,theta,0.1060686,1
22,barra_21,theta,0.10277369,1
23,barra_21,theta,0.1003758,1
24,barra_21,theta,0.10060385,1
1,barra_22,theta,0.096074616,1
2,barra_22,theta,0.10275638,1
3,barra_22,theta,0.10760278,1
4,barra_22,theta,0.10885246,1
5,barra_22,theta,0.10681986,1
6,barra_22,theta,0.099239849,1
7,barra_22,theta,0.11708877,1
8,barra_22,theta,0.12119536,1
9,barra_22,theta,0.12061633,1
10,barra_22,theta,0.11478178,1
11,barra_22,theta,0.11376484,1
12,barra_22,theta,0.11340531,1
13,barra_22,theta,0.10880598,1
14,barra_22,theta,0.099715173,1
15,barra_22,theta,0.099679221,1
16,barra_22,theta,0.1096637,1
17,barra_22,theta,0.12416233,1
18,barra_22,theta,0.1108839,1
19,barra_22,theta,0.10733325,1
20,barra_22,theta,0.10699215,1
21,barra_22,theta,0.1060686,1
22,barra_22,theta,0.10277369,1
23,barra_22,theta,0.1003758,1
24,barra_22,theta,0.10060385,1
1,barra_23,theta,0.10568376,1
2,barra_23,theta,0.11258222,1
3,barra_23,theta,0.1175858,1
4,barra_23,theta,0.11890766,1
5,barra_23,theta,0.11677749,1
6,barra_23,theta,0.10862713,1
7,barra_23,theta,0.12576576,1
8,barra_23,theta,0.12970893,1
9,barra_23,theta,0.12883386,1
10,barra_23,theta,0.12281016,1
11,barra_23,theta,0.12176026,1
12,barra_23,theta,0.12138908,1
13,barra_23,theta,0.11664065,1
14,barra_23,theta,0.10725513,1
15,barra_23,theta,0.10721802,1
16,barra_23,theta,0.11752617,1
17,barra_23,theta,0.13253521,1
18,barra_23,theta,0.11980781,1
19,barra_23,theta,0.11730753,1
20,barra_23,theta,0.11725181,1
21,barra_23,theta,0.11642974,1
22,barra_23,theta,0.11349688,1
23,barra_23,theta,0.11136248,1
24,barra_23,theta,0.11156547,1
1,barra_24,theta,0.12487779,1
2,barra_24,theta,0.13220836,1
3,barra_24,theta,0.13752535,1
4,barra_24,theta,0.13899113,1
5,barra_24,theta,0.13666641,1
6,barra_24,theta,0.12737877,1
7,barra_24,theta,0.14310106,1
8,barra_24,theta,0.14671837,1
9,barra_24,theta,0.14525251,1
10,barra_24,theta,0.1388509,1
11,barra_24,theta,0.13773513,1
12,barra_24,theta,0.13734066,1
13,barra_24,theta,0.13229432,1
14,barra_24,theta,0.12231999,1
15,barra_24,theta,0.12228054,1
16,barra_24,theta,0.13323541,1
17,barra_24,theta,0.14926411,1
18,barra_24,theta,0.13763548,1
19,barra_24,theta,0.13722965,1
20,barra_24,theta,0.13774298,1
21,barra_24,theta,0.13712327,1
22,barra_24,theta,0.13491235,1
23,barra_24,theta,0.13330335,1
24,barra_24,theta,0.13345637,1
1,barra_25,theta,0.15361345,1
2,barra_25,theta,0.16158981,1
3,barra_25,theta,0.16737519,1
4,barra_25,theta,0.16905607,1
5,barra_25,theta,0.16644059,1
6,barra_25,theta,0.15545326,1
7,barra_25,theta,0.16905882,1
8,barra_25,theta,0.17218912,1
9,barra_25,theta,0.16984006,1
10,barra_25,theta,0.16287328,1
11,barra_25,theta,0.161659,1
12,barra_25,theta,0.16122971,1
13,barra_25,theta,0.15573785,1
14,barra_25,theta,0.14488292,1
15,barra_25,theta,0.14483999,1
16,barra_25,theta,0.15676202,1
17,barra_25,theta,0.17431559,1
18,barra_25,theta,0.16432909,1
19,barra_25,theta,0.16705344,1
20,barra_25,theta,0.16841724,1
21,barra_25,theta,0.16809996,1
22,barra_25,theta,0.166968,1
23,barra_25,theta,0.16614421,1
24,barra_25,theta,0.16622255,1
1,barra_26,theta,0.13441942,1
2,barra_26,theta,0.14196367,1
3,barra_26,theta,0.14743565,1
4,barra_26,theta,0.1489726,1
5,barra_26,theta,0.14655167,1
6,barra_26,theta,0.13670162,1
7,barra_26,theta,0.15172352,1
8,barra_26,theta,0.15517968,1
9,barra_26,theta,0.15342141,1
10,barra_26,theta,0.14683254,1
11,barra_26,theta,0.14568413,1
12,barra_26,theta,0.14527813,1
13,barra_26,theta,0.14008417,1
14,barra_26,theta,0.12981807,1
15,barra_26,theta,0.12977747,1
16,barra_26,theta,0.14105278,1
17,barra_26,theta,0.15758669,1
18,barra_26,theta,0.14650142,1
19,barra_26,theta,0.14713133,1
20,barra_26,theta,0.14792607,1
21,barra_26,theta,0.14740643,1
22,barra_26,theta,0.14555252,1
23,barra_26,theta,0.14420334,1
24,barra_26,theta,0.14433165,1
1,barra_27,theta,0.12481028,1
2,barra_27,theta,0.13213783,1
3,barra_27,theta,0.13745263,1
4,barra_27,theta,0.13891741,1
5,barra_27,theta,0.13659404,1
6,barra_27,theta,0.12731434,1
7,barra_27,theta,0.14304653,1
8,barra_27,theta,0.14666611,1
9,barra_27,theta,0.14520388,1
10,barra_27,theta,0.13880415,1
11,barra_27,theta,0.13768871,1
12,barra_27,theta,0.13729436,1
13,barra_27,theta,0.13224951,1
14,barra_27,theta,0.12227811,1
15,barra_27,theta,0.12223867,1
16,barra_27,theta,0.13319031,1
17,barra_27,theta,0.14921381,1
18,barra_27,theta,0.13757751,1
19,barra_27,theta,0.13715705,1
20,barra_27,theta,0.13766641,1
21,barra_27,theta,0.13704529,1
22,barra_27,theta,0.13482933,1
23,barra_27,theta,0.13321666,1
24,barra_27,theta,0.13337003,1
1,barra_28,theta,0.12481028,1
2,barra_28,theta,0.13213783,1
3,barra_28,theta,0.13745263,1
4,barra_28,theta,0.13891741,1
5,barra_28,theta,0.13659404,1
6,barra_28,theta,0.12731434,1
7,barra_28,theta,0.14304653,1
8,barra_28,theta,0.14666611,1
9,barra_28,theta,0.14520388,1
10,barra_28,theta,0.13880415,1
11,barra_28,theta,0.13768871,1
12,barra_28,theta,0.13729436,1
13,barra_28,theta,0.13224951,1
14,barra_28,theta,0.12227811,1
15,barra_28,theta,0.12223867,1
16,barra_28,theta,0.13319031,1
17,barra_28,theta,0.14921381,1
18,barra_28,theta,0.13757751,1
19,barra_28,theta,0.13715705,1
20,barra_28,theta,0.13766641,1
21,barra_28,theta,0.13704529,1
22,barra_28,theta,0.13482933,1
23,barra_28,theta,0.13321666,1
24,barra_28,theta,0.13337003,1
1,barra_29,theta,0.13441942,1
2,barra_29,theta,0.14196367,1
3,barra_29,theta,0.14743565,1
4,barra_29,theta,0.1489726,1
5,barra_29,theta,0.14655167,1
6,barra_29,theta,0.13670162,1
7,barra_29,theta,0.15172352,1
8,barra_29,theta,0.15517968,1
9,barra_29,theta,0.15342141,1
10,barra_29,theta,0.14683254,1
11,barra_29,theta,0.14568413,1
12,barra_29,theta,0.14527813,1
13,barra_29,theta,0.14008417,1
14,barra_29,theta,0.12981807,1
15,barra_29,theta,0.12977747,1
16,barra_29,theta,0.14105278,1
17,barra_29,theta,0.15758669,1
18,barra_29,theta,0.14650142,1
19,barra_29,theta,0.14713133,1
20,barra_29,theta,0.14792607,1
21,barra_29,theta,0.14740643,1
22,barra_29,theta,0.14555252,1
23,barra_29,theta,0.14420334,1
24,barra_29,theta,0.14433165,1
1,barra_30,theta,0.15361345,1
2,barra_30,theta,0.16158981,1
3,barra_30,theta,0.16737519,1
4,barra_30,theta,0.16905607,1
5,barra_30,theta,0.16644059,1
6,barra_30,theta,0.15545326,1
7,barra_30,theta,0.16905882,1
8,barra_30,theta,0.17218912,1
9,barra_30,theta,0.16984006,1
10,barra_30,theta,0.16287328,1
11,barra_30,theta,0.161659,1
12,barra_30,theta,0.16122971,1
13,barra_30,theta,0.15573785,1
14,barra_30,theta,0.14488292,1
15,barra_30,theta,0.14483999,1
16,barra_30,theta,0.15676202,1
17,barra_30,theta,0.17431559,1
18,barra_30,theta,0.16432909,1
19,barra_30,theta,0.16705344,1
20,barra_30,theta,0.16841724,1
21,barra_30,theta,0.16809996,1
22,barra_30,theta,0.166968,1
23,barra_30,theta,0.16614421,1
24,barra_30,theta,0.16622255,1
1,barra_31,theta,0.12487779,1
2,barra_31,theta,0.13220836,1
3,barra_31,theta,0.13752535,1
4,barra_31,theta,0.13899113,1
5,barra_31,theta,0.13666641,1
6,barra_31,theta,0.12737877,1
7,barra_31,theta,0.14310106,1
8,barra_31,theta,0.14671837,1
9,barra_31,theta,0.14525251,1
10,barra_31,theta,0.1388509,1
11,barra_31,theta,0.13773513,1
12,barra_31,theta,0.13734066,1
13,barra_31,theta,0.13229432,1
14,barra_31,theta,0.12231999,1
15,barra_31,theta,0.12228054,1
16,barra_31,theta,0.13323541,1
17,barra_31,theta,0.14926411,1
18,barra_31,theta,0.13763548,1
19,barra_31,theta,0.13722965,1
20,barra_31,theta,0.13774298,1
21,barra_31,theta,0.13712327,1
22,barra_31,theta,0.13491235,1
23,barra_31,theta,0.13330335,1
24,barra_31,theta,0.13345637,1
1,barra_32,theta,0.10568376,1
2,barra_32,theta,0.11258222,1
3,barra_32,theta,0.1175858,1
4,barra_32,theta,0.11890766,1
5,barra_32,theta,0.11677749,1
6,barra_32,theta,0.10862713,1
7,barra_32,theta,0.12576576,1
8,barra_32,theta,0.12970893,1
9,barra_32,theta,0.12883386,1
10,barra_32,theta,0.12281016,1
11,barra_32,theta,0.12176026,1
12,barra_32,theta,0.12138908,1
13,barra_32,theta,0.11664065,1
14,barra_32,theta,0.10725513,1
15,barra_32,theta,0.10721802,1
16,barra_32,theta,0.11752617,1
17,barra_32,theta,0.13253521,1
18,barra_32,theta,0.11980781,1
19,barra_32,theta,0.11730753,1
20,barra_32,theta,0.11725181,1
21,barra_32,theta,0.11642974,1
22,barra_32,theta,0.11349688,1
23,barra_32,theta,0.11136248,1
24,barra_32,theta,0.11156547,1
1,barra_33,theta,0.096074616,1
2,barra_33,theta,0.10275638,1
3,barra_33,theta,0.10760278,1
4,barra_33,theta,0.10885246,1
5,barra_33,theta,0.10681986,1
6,barra_33,theta,0.099239849,1
7,barra_33,theta,0.11708877,1
8,barra_33,theta,0.12119536,1
9,barra_33,theta,0.12061633,1
10,barra_33,theta,0.11478178,1
11,barra_33,theta,0.11376484,1
12,barra_33,theta,0.11340531,1
13,barra_33,theta,0.10880598,1
14,barra_33,theta,0.099715173,1
15,barra_33,theta,0.099679221,1
16,barra_33,theta,0.1096637,1
17,barra_33,theta,0.12416233,1
18,barra_33,theta,0.1108839,1
19,barra_33,theta,0.10733325,1
20,barra_33,theta,0.10699215,1
21,barra_33,theta,0.1060686,1
22,barra_33,theta,0.10277369,1
23,barra_33,theta,0.1003758,1
24,barra_33,theta,0.10060385,1
INFO,GERAL,custo_total,74.82778741590015,2
INFO,GERAL,num_barras,33.0,2
INFO,GERAL,num_baterias,2.0,2
INFO,GERAL,periodos_tempo,24.0,2
1,barra_1,PS,0.0,2
2,barra_1,PS,0.0,2
3,barra_1,PS,0.0,2
4,barra_1,PS,0.0,2
5,barra_1,PS,0.0,2
6,barra_1,PS,0.0,2
7,barra_1,PS,0.0,2
8,barra_1,PS,0.0,2
9,barra_1,PS,0.0,2
10,barra_1,PS,0.0,2
11,barra_1,PS,0.0,2
12,barra_1,PS,0.0,2
13,barra_1,PS,0.0,2
14,barra_1,PS,0.0,2
15,barra_1,PS,0.0,2
16,barra_1,PS,0.0,2
17,barra_1,PS,0.0,2
18,barra_1,PS,0.0,2
19,barra_1,PS,0.0,2
20,barra_1,PS,0.0,2
21,barra_1,PS,0.0,2
22,barra_1,PS,0.0,2
23,barra_1,PS,0.0,2
24,barra_1,PS,0.0,2
1,barra_2,PS,0.0,2
2,barra_2,PS,0.0,2
3,barra_2,PS,0.0,2
4,barra_2,PS,0.0,2
5,barra_2,PS,0.0,2
6,barra_2,PS,0.0,2
7,barra_2,PS,0.0,2
8,barra_2,PS,0.0,2
9,barra_2,PS,0.0,2
10,barra_2,PS,0.0,2
11,barra_2,PS,0.0,2
12,barra_2,PS,0.0,2
13,barra_2,PS,0.0,2
14,barra_2,PS,0.0,2
15,barra_2,PS,0.0,2
16,barra_2,PS,0.0,2
17,barra_2,PS,0.0,2
18,barra_2,PS,0.0,2
19,barra_2,PS,0.0,2
20,barra_2,PS,0.0,2
21,barra_2,PS,0.0,2
22,barra_2,PS,0.0,2
23,barra_2,PS,0.0,2
24,barra_2,PS,0.0,2
1,barra_3,PS,0.0,2
2,barra_3,PS,0.0,2
3,barra_3,PS,0.0,2
4,barra_3,PS,0.0,2
5,barra_3,PS,0.0,2
6,barra_3,PS,0.0,2
7,barra_3,PS,0.0,2
8,barra_3,PS,0.0,2
9,barra_3,PS,0.0,2
10,barra_3,PS,0.0,2
11,barra_3,PS,0.0,2
12,barra_3,PS,0.0,2
13,barra_3,PS,0.0,2
14,barra_3,PS,0.0,2
15,barra_3,PS,0.0,2
16,barra_3,PS,0.0,2
17,barra_3,PS,0.0,2
18,barra_3,PS,0.0,2
19,barra_3,PS,0.0,2
20,barra_3,PS,0.0,2
21,barra_3,PS,0.0,2
22,barra_3,PS,0.0,2
23,barra_3,PS,0.0,2
24,barra_3,PS,0.0,2
1,barra_4,PS,0.0,2
2,barra_4,PS,0.0,2
3,barra_4,PS,0.0,2
4,barra_4,PS,0.0,2
5,barra_4,PS,0.0,2
6,barra_4,PS,0.0,2
7,barra_4,PS,0.0,2
8,barra_4,PS,0.0,2
9,barra_4,PS,0.0,2
10,barra_4,PS,0.0,2
11,barra_4,PS,0.0,2
12,barra_4,PS,0.0,2
13,barra_4,PS,0.0,2
14,barra_4,PS,0.0,2
15,barra_4,PS,0.0,2
16,barra_4,PS,0.0,2
17,barra_4,PS,0.0,2
18,barra_4,PS,0.0,2
19,barra_4,PS,0.0,2
20,barra_4,PS,0.0,2
21,barra_4,PS,0.0,2
22,barra_4,PS,0.0,2
23,barra_4,PS,0.0,2
24,barra_4,PS,0.0,2
1,barra_5,PS,0.0,2
2,barra_5,PS,0.0,2
3,barra_5,PS,0.0,2
4,barra_5,PS,0.0,2
5,barra_5,PS,0.0,2
6,barra_5,PS,0.0,2
7,barra_5,PS,0.0,2
8,barra_5,PS,0.0,2
9,barra_5,PS,0.0,2
10,barra_5,PS,0.0,2
11,barra_5,PS,0.0,2
12,barra_5,PS,0.0,2
13,barra_5,PS,0.0,2
14,barra_5,PS,0.0,2
15,barra_5,PS,0.0,2
16,barra_5,PS,0.0,2
17,barra_5,PS,0.0,2
18,barra_5,PS,0.0,2
19,barra_5,PS,0.0,2
20,barra_5,PS,0.0,2
21,barra_5,PS,0.0,2
22,barra_5,PS,0.0,2
23,barra_5,PS,0.0,2
24,barra_5,PS,0.0,2
1,barra_6,PS,0.0,2
2,barra_6,PS,0.0,2
3,barra_6,PS,0.0,2
4,barra_6,PS,0.0,2
5,barra_6,PS,0.0,2
6,barra_6,PS,0.006,2
7,barra_6,PS,0.024,2
8,barra_6,PS,0.05,2
9,barra_6,PS,0.09,2
10,barra_6,PS,0.13,2
11,barra_6,PS,0.16,2
12,barra_6,PS,0.184,2
13,barra_6,PS,0.2,2
14,barra_6,PS,0.192,2
15,barra_6,PS,0.168,2
16,barra_6,PS,0.13,2
17,barra_6,PS,0.076,2
18,barra_6,PS,0.03,2
19,barra_6,PS,0.006,2
20,barra_6,PS,0.0,2
21,barra_6,PS,0.0,2
22,barra_6,PS,0.0,2
23,barra_6,PS,0.0,2
24,barra_6,PS,0.0,2
1,barra_7,PS,0.0,2
2,barra_7,PS,0.0,2
3,barra_7,PS,0.0,2
4,barra_7,PS,0.0,2
5,barra_7,PS,0.0,2
6,barra_7,PS,0.0,2
7,barra_7,PS,0.0,2
8,barra_7,PS,0.0,2
9,barra_7,PS,0.0,2
10,barra_7,PS,0.0,2
11,barra_7,PS,0.0,2
12,barra_7,PS,0.0,2
13,barra_7,PS,0.0,2
14,barra_7,PS,0.0,2
15,barra_7,PS,0.0,2
16,barra_7,PS,0.0,2
17,barra_7,PS,0.0,2
18,barra_7,PS,0.0,2
19,barra_7,PS,0.0,2
20,barra_7,PS,0.0,2
21,barra_7,PS,0.0,2
22,barra_7,PS,0.0,2
23,barra_7,PS,0.0,2
24,barra_7,PS,0.0,2
1,barra_8,PS,0.0,2
2,barra_8,PS,0.0,2
3,barra_8,PS,0.0,2
4,barra_8,PS,0.0,2
5,barra_8,PS,0.0,2
6,barra_8,PS,0.0,2
7,barra_8,PS,0.0,2
8,barra_8,PS,0.0,2
9,barra_8,PS,0.0,2
10,barra_8,PS,0.0,2
11,barra_8,PS,0.0,2
12,barra_8,PS,0.0,2
13,barra_8,PS,0.0,2
14,barra_8,PS,0.0,2
15,barra_8,PS,0.0,2
16,barra_8,PS,0.0,2
17,barra_8,PS,0.0,2
18,barra_8,PS,0.0,2
19,barra_8,PS,0.0,2
20,barra_8,PS,0.0,2
21,barra_8,PS,0.0,2
22,barra_8,PS,0.0,2
23,barra_8,PS,0.0,2
24,barra_8,PS,0.0,2
1,barra_9,PS,0.0,2
2,barra_9,PS,0.0,2
3,barra_9,PS,0.0,2
4,barra_9,PS,0.0,2
5,barra_9,PS,0.0,2
6,barra_9,PS,0.0,2
7,barra_9,PS,0.0,2
8,barra_9,PS,0.0,2
9,barra_9,PS,0.0,2
10,barra_9,PS,0.0,2
11,barra_9,PS,0.0,2
12,barra_9,PS,0.0,2
13,barra_9,PS,0.0,2
14,barra_9,PS,0.0,2
15,barra_9,PS,0.0,2
16,barra_9,PS,0.0,2
17,barra_9,PS,0.0,2
18,barra_9,PS,0.0,2
19,barra_9,PS,0.0,2
20,barra_9,PS,0.0,2
21,barra_9,PS,0.0,2
22,barra_9,PS,0.0,2
23,barra_9,PS,0.0,2
24,barra_9,PS,0.0,2
1,barra_10,PS,0.0,2
2,barra_10,PS,0.0,2
3,barra_10,PS,0.0,2
4,barra_10,PS,0.0,2
5,barra_10,PS,0.0,2
6,barra_10,PS,0.0,2
7,barra_10,PS,0.0,2
8,barra_10,PS,0.0,2
9,barra_10,PS,0.0,2
10,barra_10,PS,0.0,2
11,barra_10,PS,0.0,2
12,barra_10,PS,0.0,2
13,barra_10,PS,0.0,2
14,barra_10,PS,0.0,2
15,barra_10,PS,0.0,2
16,barra_10,PS,0.0,2
17,barra_10,PS,0.0,2
18,barra_10,PS,0.0,2
19,barra_10,PS,0.0,2
20,barra_10,PS,0.0,2
21,barra_10,PS,0.0,2
22,barra_10,PS,0.0,2
23,barra_10,PS,0.0,2
24,barra_10,PS,0.0,2
1,barra_11,PS,0.0,2
2,barra_11,PS,0.0,2
3,barra_11,PS,0.0,2
4,barra_11,PS,0.0,2
5,barra_11,PS,0.0,2
6,barra_11,PS,0.0,2
7,barra_11,PS,0.0,2
8,barra_11,PS,0.0,2
9,barra_11,PS,0.0,2
10,barra_11,PS,0.0,2
11,barra_11,PS,0.0,2
12,barra_11,PS,0.0,2
13,barra_11,PS,0.0,2
14,barra_11,PS,0.0,2
15,barra_11,PS,0.0,2
16,barra_11,PS,0.0,2
17,barra_11,PS,0.0,2
18,barra_11,PS,0.0,2
19,barra_11,PS,0.0,2
20,barra_11,PS,0.0,2
21,barra_11,PS,0.0,2
22,barra_11,PS,0.0,2
23,barra_11,PS,0.0,2
24,barra_11,PS,0.0,2
1,barra_12,PS,0.0,2
2,barra_12,PS,0.0,2
3,barra_12,PS,0.0,2
4,barra_12,PS,0.0,2
5,barra_12,PS,0.0,2
6,barra_12,PS,0.0,2
7,barra_12,PS,0.0,2
8,barra_12,PS,0.0,2
9,barra_12,PS,0.0,2
10,barra_12,PS,0.0,2
11,barra_12,PS,0.0,2
12,barra_12,PS,0.0,2
13,barra_12,PS,0.0,2
14,barra_12,PS,0.0,2
15,barra_12,PS,0.0,2
16,barra_12,PS,0.0,2
17,barra_12,PS,0.0,2
18,barra_12,PS,0.0,2
19,barra_12,PS,0.0,2
20,barra_12,PS,0.0,2
21,barra_12,PS,0.0,2
22,barra_12,PS,0.0,2
23,barra_12,PS,0.0,2
24,barra_12,PS,0.0,2
1,barra_13,PS,0.0,2
2,barra_13,PS,0.0,2
3,barra_13,PS,0.0,2
4,barra_13,PS,0.0,2
5,barra_13,PS,0.0,2
6,barra_13,PS,0.0,2
7,barra_13,PS,0.0,2
8,barra_13,PS,0.0,2
9,barra_13,PS,0.0,2
10,barra_13,PS,0.0,2
11,barra_13,PS,0.0,2
12,barra_13,PS,0.0,2
13,barra_13,PS,0.0,2
14,barra_13,PS,0.0,2
15,barra_13,PS,0.0,2
16,barra_13,PS,0.0,2
17,barra_13,PS,0.0,2
18,barra_13,PS,0.0,2
19,barra_13,PS,0.0,2
20,barra_13,PS,0.0,2
21,barra_13,PS,0.0,2
22,barra_13,PS,0.0,2
23,barra_13,PS,0.0,2
24,barra_13,PS,0.0,2
1,barra_14,PS,0.0,2
2,barra_14,PS,0.0,2
3,barra_14,PS,0.0,2
4,barra_14,PS,0.0,2
5,barra_14,PS,0.0,2
6,barra_14,PS,0.00525,2
7,barra_14,PS,0.021,2
8,barra_14,PS,0.04375,2
9,barra_14,PS,0.07875,2
10,barra_14,PS,0.11375,2
11,barra_14,PS,0.14,2
12,barra_14,PS,0.161,2
13,barra_14,PS,0.175,2
14,barra_14,PS,0.168,2
15,barra_14,PS,0.147,2
16,barra_14,PS,0.11375,2
17,barra_14,PS,0.0665,2
18,barra_14,PS,0.02625,2
19,barra_14,PS,0.00525,2
20,barra_14,PS,0.0,2
21,barra_14,PS,0.0,2
22,barra_14,PS,0.0,2
23,barra_14,PS,0.0,2
24,barra_14,PS,0.0,2
1,barra_15,PS,0.0,2
2,barra_15,PS,0.0,2
3,barra_15,PS,0.0,2
4,barra_15,PS,0.0,2
5,barra_15,PS,0.0,2
6,barra_15,PS,0.0,2
7,barra_15,PS,0.0,2
8,barra_15,PS,0.0,2
9,barra_15,PS,0.0,2
10,barra_15,PS,0.0,2
11,barra_15,PS,0.0,2
12,barra_15,PS,0.0,2
13,barra_15,PS,0.0,2
14,barra_15,PS,0.0,2
15,barra_15,PS,0.0,2
16,barra_15,PS,0.0,2
17,barra_15,PS,0.0,2
18,barra_15,PS,0.0,2
19,barra_15,PS,0.0,2
20,barra_15,PS,0.0,2
21,barra_15,PS,0.0,2
22,barra_15,PS,0.0,2
23,barra_15,PS,0.0,2
24,barra_15,PS,0.0,2
1,barra_16,PS,0.0,2
2,barra_16,PS,0.0,2
3,barra_16,PS,0.0,2
4,barra_16,PS,0.0,2
5,barra_16,PS,0.0,2
6,barra_16,PS,0.0,2
7,barra_16,PS,0.0,2
8,barra_16,PS,0.0,2
9,barra_16,PS,0.0,2
10,barra_16,PS,0.0,2
11,barra_16,PS,0.0,2
12,barra_16,PS,0.0,2
13,barra_16,PS,0.0,2
14,barra_16,PS,0.0,2
15,barra_16,PS,0.0,2
16,barra_16,PS,0.0,2
17,barra_16,PS,0.0,2
18,barra_16,PS,0.0,2
19,barra_16,PS,0.0,2
20,barra_16,PS,0.0,2
21,barra_16,PS,0.0,2
22,barra_16,PS,0.0,2
23,barra_16,PS,0.0,2
24,barra_16,PS,0.0,2
1,barra_17,PS,0.0,2
2,barra_17,PS,0.0,2
3,barra_17,PS,0.0,2
4,barra_17,PS,0.0,2
5,barra_17,PS,0.0,2
6,barra_17,PS,0.0,2
7,barra_17,PS,0.0,2
8,barra_17,PS,0.0,2
9,barra_17,PS,0.0,2
10,barra_17,PS,0.0,2
11,barra_17,PS,0.0,2
12,barra_17,PS,0.0,2
13,barra_17,PS,0.0,2
14,barra_17,PS,0.0,2
15,barra_17,PS,0.0,2
16,barra_17,PS,0.0,2
17,barra_17,PS,0.0,2
18,barra_17,PS,0.0,2
19,barra_17,PS,0.0,2
20,barra_17,PS,0.0,2
21,barra_17,PS,0.0,2
22,barra_17,PS,0.0,2
23,barra_17,PS,0.0,2
24,barra_17,PS,0.0,2
1,barra_18,PS,0.13945644,2
2,barra_18,PS,0.13526063,2
3,barra_18,PS,0.12892057,2
4,barra_18,PS,0.11951999,2
5,barra_18,PS,0.14000627,2
6,barra_18,PS,0.14346622,2
7,barra_18,PS,0.15388565,2
8,barra_18,PS,0.1780001,2
9,barra_18,PS,0.19435316,2
10,barra_18,PS,0.20699307,2
11,barra_18,PS,0.21701291,2
12,barra_18,PS,0.22831309,2
13,barra_18,PS,0.23135763,2
14,barra_18,PS,0.22565744,2
15,barra_18,PS,0.21358786,2
16,barra_18,PS,0.20302764,2
17,barra_18,PS,0.19093286,2
18,barra_18,PS,0.15077829,2
19,barra_18,PS,0.12860591,2
20,barra_18,PS,0.090883857,2
21,barra_18,PS,0.058539077,2
22,barra_18,PS,0.047577723,2
23,barra_18,PS,0.093067035,2
24,barra_18,PS,0.14016461,2
1,barra_19,PS,0.0,2
2,barra_19,PS,0.0,2
3,barra_19,PS,0.0,2
4,barra_19,PS,0.0,2
5,barra_19,PS,0.0,2
6,barra_19,PS,0.0,2
7,barra_19,PS,0.0,2
8,barra_19,PS,0.0,2
9,barra_19,PS,0.0,2
10,barra_19,PS,0.0,2
11,barra_19,PS,0.0,2
12,barra_19,PS,0.0,2
13,barra_19,PS,0.0,2
14,barra_19,PS,0.0,2
15,barra_19,PS,0.0,2
16,barra_19,PS,0.0,2
17,barra_19,PS,0.0,2
18,barra_19,PS,0.0,2
19,barra_19,PS,0.0,2
20,barra_19,PS,0.0,2
21,barra_19,PS,0.0,2
22,barra_19,PS,0.0,2
23,barra_19,PS,0.0,2
24,barra_19,PS,0.0,2
1,barra_20,PS,0.0,2
2,barra_20,PS,0.0,2
3,barra_20,PS,0.0,2
4,barra_20,PS,0.0,2
5,barra_20,PS,0.0,2
6,barra_20,PS,0.0,2
7,barra_20,PS,0.0,2
8,barra_20,PS,0.0,2
9,barra_20,PS,0.0,2
10,barra_20,PS,0.0,2
11,barra_20,PS,0.0,2
12,barra_20,PS,0.0,2
13,barra_20,PS,0.0,2
14,barra_20,PS,0.0,2
15,barra_20,PS,0.0,2
16,barra_20,PS,0.0,2
17,barra_20,PS,0.0,2
18,barra_20,PS,0.0,2
19,barra_20,PS,0.0,2
20,barra_20,PS,0.0,2
21,barra_20,PS,0.0,2
22,barra_20,PS,0.0,2
23,barra_20,PS,0.0,2
24,barra_20,PS,0.0,2
1,barra_21,PS,0.0,2
2,barra_21,PS,0.0,2
3,barra_21,PS,0.0,2
4,barra_21,PS,0.0,2
5,barra_21,PS,0.0,2
6,barra_21,PS,0.0,2
7,barra_21,PS,0.0,2
8,barra_21,PS,0.0,2
9,barra_21,PS,0.0,2
10,barra_21,PS,0.0,2
11,barra_21,PS,0.0,2
12,barra_21,PS,0.0,2
13,barra_21,PS,0.0,2
14,barra_21,PS,0.0,2
15,barra_21,PS,0.0,2
16,barra_21,PS,0.0,2
17,barra_21,PS,0.0,2
18,barra_21,PS,0.0,2
19,barra_21,PS,0.0,2
20,barra_21,PS,0.0,2
21,barra_21,PS,0.0,2
22,barra_21,PS,0.0,2
23,barra_21,PS,0.0,2
24,barra_21,PS,0.0,2
1,barra_22,PS,0.0,2
2,barra_22,PS,0.0,2
3,barra_22,PS,0.0,2
4,barra_22,PS,0.0,2
5,barra_22,PS,0.0,2
6,barra_22,PS,0.0,2
7,barra_22,PS,0.0,2
8,barra_22,PS,0.0,2
9,barra_22,PS,0.0,2
10,barra_22,PS,0.0,2
11,barra_22,PS,0.0,2
12,barra_22,PS,0.0,2
13,barra_22,PS,0.0,2
14,barra_22,PS,0.0,2
15,barra_22,PS,0.0,2
16,barra_22,PS,0.0,2
17,barra_22,PS,0.0,2
18,barra_22,PS,0.0,2
19,barra_22,PS,0.0,2
20,barra_22,PS,0.0,2
21,barra_22,PS,0.0,2
22,barra_22,PS,0.0,2
23,barra_22,PS,0.0,2
24,barra_22,PS,0.0,2
1,barra_23,PS,0.0,2
2,barra_23,PS,0.0,2
3,barra_23,PS,0.0,2
4,barra_23,PS,0.0,2
5,barra_23,PS,0.0,2
6,barra_23,PS,0.0,2
7,barra_23,PS,0.0,2
8,barra_23,PS,0.0,2
9,barra_23,PS,0.0,2
10,barra_23,PS,0.0,2
11,barra_23,PS,0.0,2
12,barra_23,PS,0.0,2
13,barra_23,PS,0.0,2
14,barra_23,PS,0.0,2
15,barra_23,PS,0.0,2
16,barra_23,PS,0.0,2
17,barra_23,PS,0.0,2
18,barra_23,PS,0.0,2
19,barra_23,PS,0.0,2
20,barra_23,PS,0.0,2
21,barra_23,PS,0.0,2
22,barra_23,PS,0.0,2
23,barra_23,PS,0.0,2
24,barra_23,PS,0.0,2
1,barra_24,PS,0.0,2
2,barra_24,PS,0.0,2
3,barra_24,PS,0.0,2
4,barra_24,PS,0.0,2
5,barra_24,PS,0.0,2
6,barra_24,PS,0.0,2
7,barra_24,PS,0.0,2
8,barra_24,PS,0.0,2
9,barra_24,PS,0.0,2
10,barra_24,PS,0.0,2
11,barra_24,PS,0.0,2
12,barra_24,PS,0.0,2
13,barra_24,PS,0.0,2
14,barra_24,PS,0.0,2
15,barra_24,PS,0.0,2
16,barra_24,PS,0.0,2
17,barra_24,PS,0.0,2
18,barra_24,PS,0.0,2
19,barra_24,PS,0.0,2
20,barra_24,PS,0.0,2
21,barra_24,PS,0.0,2
22,barra_24,PS,0.0,2
23,barra_24,PS,0.0,2
24,barra_24,PS,0.0,2
1,barra_25,PS,0.0,2
2,barra_25,PS,0.0,2
3,barra_25,PS,0.0,2
4,barra_25,PS,0.0,2
5,barra_25,PS,0.0,2
6,barra_25,PS,0.00675,2
7,barra_25,PS,0.027,2
8,barra_25,PS,0.05625,2
9,barra_25,PS,0.10125,2
10,barra_25,PS,0.14625,2
11,barra_25,PS,0.18,2
12,barra_25,PS,0.207,2
13,barra_25,PS,0.225,2
14,barra_25,PS,0.216,2
15,barra_25,PS,0.189,2
16,barra_25,PS,0.14625,2
17,barra_25,PS,0.0855,2
18,barra_25,PS,0.03375,2
19,barra_25,PS,0.00675,2
20,barra_25,PS,0.0,2
21,barra_25,PS,0.0,2
22,barra_25,PS,0.0,2
23,barra_25,PS,0.0,2
24,barra_25,PS,0.0,2
1,barra_26,PS,0.0,2
2,barra_26,PS,0.0,2
3,barra_26,PS,0.0,2
4,barra_26,PS,0.0,2
5,barra_26,PS,0.0,2
6,barra_26,PS,0.0,2
7,barra_26,PS,0.0,2
8,barra_26,PS,0.0,2
9,barra_26,PS,0.0,2
10,barra_26,PS,0.0,2
11,barra_26,PS,0.0,2
12,barra_26,PS,0.0,2
13,barra_26,PS,0.0,2
14,barra_26,PS,0.0,2
15,barra_26,PS,0.0,2
16,barra_26,PS,0.0,2
17,barra_26,PS,0.0,2
18,barra_26,PS,0.0,2
19,barra_26,PS,0.0,2
20,barra_26,PS,0.0,2
21,barra_26,PS,0.0,2
22,barra_26,PS,0.0,2
23,barra_26,PS,0.0,2
24,barra_26,PS,0.0,2
1,barra_27,PS,0.0,2
2,barra_27,PS,0.0,2
3,barra_27,PS,0.0,2
4,barra_27,PS,0.0,2
5,barra_27,PS,0.0,2
6,barra_27,PS,0.0,2
7,barra_27,PS,0.0,2
8,barra_27,PS,0.0,2
9,barra_27,PS,0.0,2
10,barra_27,PS,0.0,2
11,barra_27,PS,0.0,2
12,barra_27,PS,0.0,2
13,barra_27,PS,0.0,2
14,barra_27,PS,0.0,2
15,barra_27,PS,0.0,2
16,barra_27,PS,0.0,2
17,barra_27,PS,0.0,2
18,barra_27,PS,0.0,2
19,barra_27,PS,0.0,2
20,barra_27,PS,0.0,2
21,barra_27,PS,0.0,2
22,barra_27,PS,0.0,2
23,barra_27,PS,0.0,2
24,barra_27,PS,0.0,2
1,barra_28,PS,0.0,2
2,barra_28,PS,0.0,2
3,barra_28,PS,0.0,2
4,barra_28,PS,0.0,2
5,barra_28,PS,0.0,2
6,barra_28,PS,0.0,2
7,barra_28,PS,0.0,2
8,barra_28,PS,0.0,2
9,barra_28,PS,0.0,2
10,barra_28,PS,0.0,2
11,barra_28,PS,0.0,2
12,barra_28,PS,0.0,2
13,barra_28,PS,0.0,2
14,barra_28,PS,0.0,2
15,barra_28,PS,0.0,2
16,barra_28,PS,0.0,2
17,barra_28,PS,0.0,2
18,barra_28,PS,0.0,2
19,barra_28,PS,0.0,2
20,barra_28,PS,0.0,2
21,barra_28,PS,0.0,2
22,barra_28,PS,0.0,2
23,barra_28,PS,0.0,2
24,barra_28,PS,0.0,2
1,barra_29,PS,0.0,2
2,barra_29,PS,0.0,2
3,barra_29,PS,0.0,2
4,barra_29,PS,0.0,2
5,barra_29,PS,0.0,2
6,barra_29,PS,0.0,2
7,barra_29,PS,0.0,2
8,barra_29,PS,0.0,2
9,barra_29,PS,0.0,2
10,barra_29,PS,0.0,2
11,barra_29,PS,0.0,2
12,barra_29,PS,0.0,2
13,barra_29,PS,0.0,2
14,barra_29,PS,0.0,2
15,barra_29,PS,0.0,2
16,barra_29,PS,0.0,2
17,barra_29,PS,0.0,2
18,barra_29,PS,0.0,2
19,barra_29,PS,0.0,2
20,barra_29,PS,0.0,2
21,barra_29,PS,0.0,2
22,barra_29,PS,0.0,2
23,barra_29,PS,0.0,2
24,barra_29,PS,0.0,2
1,barra_30,PS,0.20369385,2
2,barra_30,PS,0.20566773,2
3,barra_30,PS,0.20407733,2
4,barra_30,PS,0.19739865,2
5,barra_30,PS,0.21355729,2
6,barra_30,PS,0.20141081,2
7,barra_30,PS,0.19188526,2
8,barra_30,PS,0.20960109,2
9,barra_30,PS,0.21935316,2
10,barra_30,PS,0.22999307,2
11,barra_30,PS,0.23901291,2
12,barra_30,PS,0.24931309,2
13,barra_30,PS,0.25135763,2
14,barra_30,PS,0.24465744,2
15,barra_30,PS,0.23358786,2
16,barra_30,PS,0.22552764,2
17,barra_30,PS,0.21767743,2
18,barra_30,PS,0.19566853,2
19,barra_30,PS,0.20355414,2
20,barra_30,PS,0.17664026,2
21,barra_30,PS,0.14971648,2
22,barra_30,PS,0.14939245,2
23,barra_30,PS,0.19816761,2
24,barra_30,PS,0.24066739,2
1,barra_31,PS,0.0,2
2,barra_31,PS,0.0,2
3,barra_31,PS,0.0,2
4,barra_31,PS,0.0,2
5,barra_31,PS,0.0,2
6,barra_31,PS,0.0,2
7,barra_31,PS,0.0,2
8,barra_31,PS,0.0,2
9,barra_31,PS,0.0,2
10,barra_31,PS,0.0,2
11,barra_31,PS,0.0,2
12,barra_31,PS,0.0,2
13,barra_31,PS,0.0,2
14,barra_31,PS,0.0,2
15,barra_31,PS,0.0,2
16,barra_31,PS,0.0,2
17,barra_31,PS,0.0,2
18,barra_31,PS,0.0,2
19,barra_31,PS,0.0,2
20,barra_31,PS,0.0,2
21,barra_31,PS,0.0,2
22,barra_31,PS,0.0,2
23,barra_31,PS,0.0,2
24,barra_31,PS,0.0,2
1,barra_32,PS,0.0,2
2,barra_32,PS,0.0,2
3,barra_32,PS,0.0,2
4,barra_32,PS,0.0,2
5,barra_32,PS,0.0,2
6,barra_32,PS,0.0,2
7,barra_32,PS,0.0,2
8,barra_32,PS,0.0,2
9,barra_32,PS,0.0,2
10,barra_32,PS,0.0,2
11,barra_32,PS,0.0,2
12,barra_32,PS,0.0,2
13,barra_32,PS,0.0,2
14,barra_32,PS,0.0,2
15,barra_32,PS,0.0,2
16,barra_32,PS,0.0,2
17,barra_32,PS,0.0,2
18,barra_32,PS,0.0,2
19,barra_32,PS,0.0,2
20,barra_32,PS,0.0,2
21,barra_32,PS,0.0,2
22,barra_32,PS,0.0,2
23,barra_32,PS,0.0,2
24,barra_32,PS,0.0,2
1,barra_33,PS,0.0,2
2,barra_33,PS,0.0,2
3,barra_33,PS,0.0,2
4,barra_33,PS,0.0,2
5,barra_33,PS,0.0,2
6,barra_33,PS,0.0,2
7,barra_33,PS,0.0,2
8,barra_33,PS,0.0,2
9,barra_33,PS,0.0,2
10,barra_33,PS,0.0,2
11,barra_33,PS,0.0,2
12,barra_33,PS,0.0,2
13,barra_33,PS,0.0,2
14,barra_33,PS,0.0,2
15,barra_33,PS,0.0,2
16,barra_33,PS,0.0,2
17,barra_33,PS,0.0,2
18,barra_33,PS,0.0,2
19,barra_33,PS,0.0,2
20,barra_33,PS,0.0,2
21,barra_33,PS,0.0,2
22,barra_33,PS,0.0,2
23,barra_33,PS,0.0,2
24,barra_33,PS,0.0,2
1,barra_1,PW,0.0,2
2,barra_1,PW,0.0,2
3,barra_1,PW,0.0,2
4,barra_1,PW,0.0,2
5,barra_1,PW,0.0,2
6,barra_1,PW,0.0,2
7,barra_1,PW,0.0,2
8,barra_1,PW,0.0,2
9,barra_1,PW,0.0,2
10,barra_1,PW,0.0,2
11,barra_1,PW,0.0,2
12,barra_1,PW,0.0,2
13,barra_1,PW,0.0,2
14,barra_1,PW,0.0,2
15,barra_1,PW,0.0,2
16,barra_1,PW,0.0,2
17,barra_1,PW,0.0,2
18,barra_1,PW,0.0,2
19,barra_1,PW,0.0,2
20,barra_1,PW,0.0,2
21,barra_1,PW,0.0,2
22,barra_1,PW,0.0,2
23,barra_1,PW,0.0,2
24,barra_1,PW,0.0,2
1,barra_2,PW,0.0,2
2,barra_2,PW,0.0,2
3,barra_2,PW,0.0,2
4,barra_2,PW,0.0,2
5,barra_2,PW,0.0,2
6,barra_2,PW,0.0,2
7,barra_2,PW,0.0,2
8,barra_2,PW,0.0,2
9,barra_2,PW,0.0,2
10,barra_2,PW,0.0,2
11,barra_2,PW,0.0,2
12,barra_2,PW,0.0,2
13,barra_2,PW,0.0,2
14,barra_2,PW,0.0,2
15,barra_2,PW,0.0,2
16,barra_2,PW,0.0,2
17,barra_2,PW,0.0,2
18,barra_2,PW,0.0,2
19,barra_2,PW,0.0,2
20,barra_2,PW,0.0,2
21,barra_2,PW,0.0,2
22,barra_2,PW,0.0,2
23,barra_2,PW,0.0,2
24,barra_2,PW,0.0,2
1,barra_3,PW,0.0,2
2,barra_3,PW,0.0,2
3,barra_3,PW,0.0,2
4,barra_3,PW,0.0,2
5,barra_3,PW,0.0,2
6,barra_3,PW,0.0,2
7,barra_3,PW,0.0,2
8,barra_3,PW,0.0,2
9,barra_3,PW,0.0,2
10,barra_3,PW,0.0,2
11,barra_3,PW,0.0,2
12,barra_3,PW,0.0,2
13,barra_3,PW,0.0,2
14,barra_3,PW,0.0,2
15,barra_3,PW,0.0,2
16,barra_3,PW,0.0,2
17,barra_3,PW,0.0,2
18,barra_3,PW,0.0,2
19,barra_3,PW,0.0,2
20,barra_3,PW,0.0,2
21,barra_3,PW,0.0,2
22,barra_3,PW,0.0,2
23,barra_3,PW,0.0,2
24,barra_3,PW,0.0,2
1,barra_4,PW,0.0,2
2,barra_4,PW,0.0,2
3,barra_4,PW,0.0,2
4,barra_4,PW,0.0,2
5,barra_4,PW,0.0,2
6,barra_4,PW,0.0,2
7,barra_4,PW,0.0,2
8,barra_4,PW,0.0,2
9,barra_4,PW,0.0,2
10,barra_4,PW,0.0,2
11,barra_4,PW,0.0,2
12,barra_4,PW,0.0,2
13,barra_4,PW,0.0,2
14,barra_4,PW,0.0,2
15,barra_4,PW,0.0,2
16,barra_4,PW,0.0,2
17,barra_4,PW,0.0,2
18,barra_4,PW,0.0,2
19,barra_4,PW,0.0,2
20,barra_4,PW,0.0,2
21,barra_4,PW,0.0,2
22,barra_4,PW,0.0,2
23,barra_4,PW,0.0,2
24,barra_4,PW,0.0,2
1,barra_5,PW,0.0,2
2,barra_5,PW,0.0,2
3,barra_5,PW,0.0,2
4,barra_5,PW,0.0,2
5,barra_5,PW,0.0,2
6,barra_5,PW,0.0,2
7,barra_5,PW,0.0,2
8,barra_5,PW,0.0,2
9,barra_5,PW,0.0,2
10,barra_5,PW,0.0,2
11,barra_5,PW,0.0,2
12,barra_5,PW,0.0,2
13,barra_5,PW,0.0,2
14,barra_5,PW,0.0,2
15,barra_5,PW,0.0,2
16,barra_5,PW,0.0,2
17,barra_5,PW,0.0,2
18,barra_5,PW,0.0,2
19,barra_5,PW,0.0,2
20,barra_5,PW,0.0,2
21,barra_5,PW,0.0,2
22,barra_5,PW,0.0,2
23,barra_5,PW,0.0,2
24,barra_5,PW,0.0,2
1,barra_6,PW,0.97220916,2
2,barra_6,PW,0.98498892,2
3,barra_6,PW,0.99425772,2
4,barra_6,PW,0.99995853,2
5,barra_6,PW,0.99276042,2
6,barra_6,PW,0.93826151,2
7,barra_6,PW,0.81932652,2
8,barra_6,PW,0.7701038,2
9,barra_6,PW,0.69841853,2
10,barra_6,PW,0.64495242,2
11,barra_6,PW,0.61260519,2
12,barra_6,PW,0.5877756,2
13,barra_6,PW,0.56115997,2
14,barra_6,PW,0.5481784,2
15,barra_6,PW,0.57209584,2
16,barra_6,PW,0.63313959,2
17,barra_6,PW,0.72495427,2
18,barra_6,PW,0.8484148,2
19,barra_6,PW,0.98774236,2
20,barra_6,PW,1.0240595,2
21,barra_6,PW,1.0360169,2
22,barra_6,PW,1.0786753,2
23,barra_6,PW,1.1097204,2
24,barra_6,PW,1.106768,2
1,barra_7,PW,0.0,2
2,barra_7,PW,0.0,2
3,barra_7,PW,0.0,2
4,barra_7,PW,0.0,2
5,barra_7,PW,0.0,2
6,barra_7,PW,0.0,2
7,barra_7,PW,0.0,2
8,barra_7,PW,0.0,2
9,barra_7,PW,0.0,2
10,barra_7,PW,0.0,2
11,barra_7,PW,0.0,2
12,barra_7,PW,0.0,2
13,barra_7,PW,0.0,2
14,barra_7,PW,0.0,2
15,barra_7,PW,0.0,2
16,barra_7,PW,0.0,2
17,barra_7,PW,0.0,2
18,barra_7,PW,0.0,2
19,barra_7,PW,0.0,2
20,barra_7,PW,0.0,2
21,barra_7,PW,0.0,2
22,barra_7,PW,0.0,2
23,barra_7,PW,0.0,2
24,barra_7,PW,0.0,2
1,barra_8,PW,0.0,2
2,barra_8,PW,0.0,2
3,barra_8,PW,0.0,2
4,barra_8,PW,0.0,2
5,barra_8,PW,0.0,2
6,barra_8,PW,0.0,2
7,barra_8,PW,0.0,2
8,barra_8,PW,0.0,2
9,barra_8,PW,0.0,2
10,barra_8,PW,0.0,2
11,barra_8,PW,0.0,2
12,barra_8,PW,0.0,2
13,barra_8,PW,0.0,2
14,barra_8,PW,0.0,2
15,barra_8,PW,0.0,2
16,barra_8,PW,0.0,2
17,barra_8,PW,0.0,2
18,barra_8,PW,0.0,2
19,barra_8,PW,0.0,2
20,barra_8,PW,0.0,2
21,barra_8,PW,0.0,2
22,barra_8,PW,0.0,2
23,barra_8,PW,0.0,2
24,barra_8,PW,0.0,2
1,barra_9,PW,0.0,2
2,barra_9,PW,0.0,2
3,barra_9,PW,0.0,2
4,barra_9,PW,0.0,2
5,barra_9,PW,0.0,2
6,barra_9,PW,0.0,2
7,barra_9,PW,0.0,2
8,barra_9,PW,0.0,2
9,barra_9,PW,0.0,2
10,barra_9,PW,0.0,2
11,barra_9,PW,0.0,2
12,barra_9,PW,0.0,2
13,barra_9,PW,0.0,2
14,barra_9,PW,0.0,2
15,barra_9,PW,0.0,2
16,barra_9,PW,0.0,2
17,barra_9,PW,0.0,2
18,barra_9,PW,0.0,2
19,barra_9,PW,0.0,2
20,barra_9,PW,0.0,2
21,barra_9,PW,0.0,2
22,barra_9,PW,0.0,2
23,barra_9,PW,0.0,2
24,barra_9,PW,0.0,2
1,barra_10,PW,0.0,2
2,barra_10,PW,0.0,2
3,barra_10,PW,0.0,2
4,barra_10,PW,0.0,2
5,barra_10,PW,0.0,2
6,barra_10,PW,0.0,2
7,barra_10,PW,0.0,2
8,barra_10,PW,0.0,2
9,barra_10,PW,0.0,2
10,barra_10,PW,0.0,2
11,barra_10,PW,0.0,2
12,barra_10,PW,0.0,2
13,barra_10,PW,0.0,2
14,barra_10,PW,0.0,2
15,barra_10,PW,0.0,2
16,barra_10,PW,0.0,2
17,barra_10,PW,0.0,2
18,barra_10,PW,0.0,2
19,barra_10,PW,0.0,2
20,barra_10,PW,0.0,2
21,barra_10,PW,0.0,2
22,barra_10,PW,0.0,2
23,barra_10,PW,0.0,2
24,barra_10,PW,0.0,2
1,barra_11,PW,0.0,2
2,barra_11,PW,0.0,2
3,barra_11,PW,0.0,2
4,barra_11,PW,0.0,2
5,barra_11,PW,0.0,2
6,barra_11,PW,0.0,2
7,barra_11,PW,0.0,2
8,barra_11,PW,0.0,2
9,barra_11,PW,0.0,2
10,barra_11,PW,0.0,2
11,barra_11,PW,0.0,2
12,barra_11,PW,0.0,2
13,barra_11,PW,0.0,2
14,barra_11,PW,0.0,2
15,barra_11,PW,0.0,2
16,barra_11,PW,0.0,2
17,barra_11,PW,0.0,2
18,barra_11,PW,0.0,2
19,barra_11,PW,0.0,2
20,barra_11,PW,0.0,2
21,barra_11,PW,0.0,2
22,barra_11,PW,0.0,2
23,barra_11,PW,0.0,2
24,barra_11,PW,0.0,2
1,barra_12,PW,0.0,2
2,barra_12,PW,0.0,2
3,barra_12,PW,0.0,2
4,barra_12,PW,0.0,2
5,barra_12,PW,0.0,2
6,barra_12,PW,0.0,2
7,barra_12,PW,0.0,2
8,barra_12,PW,0.0,2
9,barra_12,PW,0.0,2
10,barra_12,PW,0.0,2
11,barra_12,PW,0.0,2
12,barra_12,PW,0.0,2
13,barra_12,PW,0.0,2
14,barra_12,PW,0.0,2
15,barra_12,PW,0.0,2
16,barra_12,PW,0.0,2
17,barra_12,PW,0.0,2
18,barra_12,PW,0.0,2
19,barra_12,PW,0.0,2
20,barra_12,PW,0.0,2
21,barra_12,PW,0.0,2
22,barra_12,PW,0.0,2
23,barra_12,PW,0.0,2
24,barra_12,PW,0.0,2
1,barra_13,PW,0.0,2
2,barra_13,PW,0.0,2
3,barra_13,PW,0.0,2
4,barra_13,PW,0.0,2
5,barra_13,PW,0.0,2
6,barra_13,PW,0.0,2
7,barra_13,PW,0.0,2
8,barra_13,PW,0.0,2
9,barra_13,PW,0.0,2
10,barra_13,PW,0.0,2
11,barra_13,PW,0.0,2
12,barra_13,PW,0.0,2
13,barra_13,PW,0.0,2
14,barra_13,PW,0.0,2
15,barra_13,PW,0.0,2
16,barra_13,PW,0.0,2
17,barra_13,PW,0.0,2
18,barra_13,PW,0.0,2
19,barra_13,PW,0.0,2
20,barra_13,PW,0.0,2
21,barra_13,PW,0.0,2
22,barra_13,PW,0.0,2
23,barra_13,PW,0.0,2
24,barra_13,PW,0.0,2
1,barra_14,PW,0.55178147,2
2,barra_14,PW,0.57758983,2
3,barra_14,PW,0.59630849,2
4,barra_14,PW,0.60346055,2
5,barra_14,PW,0.5932846,2
6,barra_14,PW,0.53491227,2
7,barra_14,PW,0.49337843,2
8,barra_14,PW,0.46469611,2
9,barra_14,PW,0.41149854,2
10,barra_14,PW,0.36069811,2
11,barra_14,PW,0.33169401,2
12,barra_14,PW,0.30972059,2
13,barra_14,PW,0.28326483,2
14,barra_14,PW,0.26564615,2
15,barra_14,PW,0.28654921,2
16,barra_14,PW,0.34683761,2
17,barra_14,PW,0.43599443,2
18,barra_14,PW,0.49709173,2
19,barra_14,PW,0.59001758,2
20,barra_14,PW,0.61573151,2
21,barra_14,PW,0.62182229,2
22,barra_14,PW,0.64355025,2
23,barra_14,PW,0.65936324,2
24,barra_14,PW,0.65785942,2
1,barra_15,PW,0.0,2
2,barra_15,PW,0.0,2
3,barra_15,PW,0.0,2
4,barra_15,PW,0.0,2
5,barra_15,PW,0.0,2
6,barra_15,PW,0.0,2
7,barra_15,PW,0.0,2
8,barra_15,PW,0.0,2
9,barra_15,PW,0.0,2
10,barra_15,PW,0.0,2
11,barra_15,PW,0.0,2
12,barra_15,PW,0.0,2
13,barra_15,PW,0.0,2
14,barra_15,PW,0.0,2
15,barra_15,PW,0.0,2
16,barra_15,PW,0.0,2
17,barra_15,PW,0.0,2
18,barra_15,PW,0.0,2
19,barra_15,PW,0.0,2
20,barra_15,PW,0.0,2
21,barra_15,PW,0.0,2
22,barra_15,PW,0.0,2
23,barra_15,PW,0.0,2
24,barra_15,PW,0.0,2
1,barra_16,PW,0.0,2
2,barra_16,PW,0.0,2
3,barra_16,PW,0.0,2
4,barra_16,PW,0.0,2
5,barra_16,PW,0.0,2
6,barra_16,PW,0.0,2
7,barra_16,PW,0.0,2
8,barra_16,PW,0.0,2
9,barra_16,PW,0.0,2
10,barra_16,PW,0.0,2
11,barra_16,PW,0.0,2
12,barra_16,PW,0.0,2
13,barra_16,PW,0.0,2
14,barra_16,PW,0.0,2
15,barra_16,PW,0.0,2
16,barra_16,PW,0.0,2
17,barra_16,PW,0.0,2
18,barra_16,PW,0.0,2
19,barra_16,PW,0.0,2
20,barra_16,PW,0.0,2
21,barra_16,PW,0.0,2
22,barra_16,PW,0.0,2
23,barra_16,PW,0.0,2
24,barra_16,PW,0.0,2
1,barra_17,PW,0.0,2
2,barra_17,PW,0.0,2
3,barra_17,PW,0.0,2
4,barra_17,PW,0.0,2
5,barra_17,PW,0.0,2
6,barra_17,PW,0.0,2
7,barra_17,PW,0.0,2
8,barra_17,PW,0.0,2
9,barra_17,PW,0.0,2
10,barra_17,PW,0.0,2
11,barra_17,PW,0.0,2
12,barra_17,PW,0.0,2
13,barra_17,PW,0.0,2
14,barra_17,PW,0.0,2
15,barra_17,PW,0.0,2
16,barra_17,PW,0.0,2
17,barra_17,PW,0.0,2
18,barra_17,PW,0.0,2
19,barra_17,PW,0.0,2
20,barra_17,PW,0.0,2
21,barra_17,PW,0.0,2
22,barra_17,PW,0.0,2
23,barra_17,PW,0.0,2
24,barra_17,PW,0.0,2
1,barra_18,PW,0.408,2
2,barra_18,PW,0.42,2
3,barra_18,PW,0.432,2
4,barra_18,PW,0.444,2
5,barra_18,PW,0.42,2
6,barra_18,PW,0.396,2
7,barra_18,PW,0.36,2
8,barra_18,PW,0.33,2
9,barra_18,PW,0.3,2
10,barra_18,PW,0.276,2
11,barra_18,PW,0.264,2
12,barra_18,PW,0.252,2
13,barra_18,PW,0.24,2
14,barra_18,PW,0.228,2
15,barra_18,PW,0.24,2
16,barra_18,PW,0.27,2
17,barra_18,PW,0.312,2
18,barra_18,PW,0.372,2
19,barra_18,PW,0.432,2
20,barra_18,PW,0.48,2
21,barra_18,PW,0.516,2
22,barra_18,PW,0.54,2
23,barra_18,PW,0.504,2
24,barra_18,PW,0.456,2
1,barra_19,PW,0.0,2
2,barra_19,PW,0.0,2
3,barra_19,PW,0.0,2
4,barra_19,PW,0.0,2
5,barra_19,PW,0.0,2
6,barra_19,PW,0.0,2
7,barra_19,PW,0.0,2
8,barra_19,PW,0.0,2
9,barra_19,PW,0.0,2
10,barra_19,PW,0.0,2
11,barra_19,PW,0.0,2
12,barra_19,PW,0.0,2
13,barra_19,PW,0.0,2
14,barra_19,PW,0.0,2
15,barra_19,PW,0.0,2
16,barra_19,PW,0.0,2
17,barra_19,PW,0.0,2
18,barra_19,PW,0.0,2
19,barra_19,PW,0.0,2
20,barra_19,PW,0.0,2
21,barra_19,PW,0.0,2
22,barra_19,PW,0.0,2
23,barra_19,PW,0.0,2
24,barra_19,PW,0.0,2
1,barra_20,PW,0.0,2
2,barra_20,PW,0.0,2
3,barra_20,PW,0.0,2
4,barra_20,PW,0.0,2
5,barra_20,PW,0.0,2
6,barra_20,PW,0.0,2
7,barra_20,PW,0.0,2
8,barra_20,PW,0.0,2
9,barra_20,PW,0.0,2
10,barra_20,PW,0.0,2
11,barra_20,PW,0.0,2
12,barra_20,PW,0.0,2
13,barra_20,PW,0.0,2
14,barra_20,PW,0.0,2
15,barra_20,PW,0.0,2
16,barra_20,PW,0.0,2
17,barra_20,PW,0.0,2
18,barra_20,PW,0.0,2
19,barra_20,PW,0.0,2
20,barra_20,PW,0.0,2
21,barra_20,PW,0.0,2
22,barra_20,PW,0.0,2
23,barra_20,PW,0.0,2
24,barra_20,PW,0.0,2
1,barra_21,PW,0.0,2
2,barra_21,PW,0.0,2
3,barra_21,PW,0.0,2
4,barra_21,PW,0.0,2
5,barra_21,PW,0.0,2
6,barra_21,PW,0.0,2
7,barra_21,PW,0.0,2
8,barra_21,PW,0.0,2
9,barra_21,PW,0.0,2
10,barra_21,PW,0.0,2
11,barra_21,PW,0.0,2
12,barra_21,PW,0.0,2
13,barra_21,PW,0.0,2
14,barra_21,PW,0.0,2
15,barra_21,PW,0.0,2
16,barra_21,PW,0.0,2
17,barra_21,PW,0.0,2
18,barra_21,PW,0.0,2
19,barra_21,PW,0.0,2
20,barra_21,PW,0.0,2
21,barra_21,PW,0.0,2
22,barra_21,PW,0.0,2
23,barra_21,PW,0.0,2
24,barra_21,PW,0.0,2
1,barra_22,PW,0.0,2
2,barra_22,PW,0.0,2
3,barra_22,PW,0.0,2
4,barra_22,PW,0.0,2
5,barra_22,PW,0.0,2
6,barra_22,PW,0.0,2
7,barra_22,PW,0.0,2
8,barra_22,PW,0.0,2
9,barra_22,PW,0.0,2
10,barra_22,PW,0.0,2
11,barra_22,PW,0.0,2
12,barra_22,PW,0.0,2
13,barra_22,PW,0.0,2
14,barra_22,PW,0.0,2
15,barra_22,PW,0.0,2
16,barra_22,PW,0.0,2
17,barra_22,PW,0.0,2
18,barra_22,PW,0.0,2
19,barra_22,PW,0.0,2
20,barra_22,PW,0.0,2
21,barra_22,PW,0.0,2
22,barra_22,PW,0.0,2
23,barra_22,PW,0.0,2
24,barra_22,PW,0.0,2
1,barra_23,PW,0.0,2
2,barra_23,PW,0.0,2
3,barra_23,PW,0.0,2
4,barra_23,PW,0.0,2
5,barra_23,PW,0.0,2
6,barra_23,PW,0.0,2
7,barra_23,PW,0.0,2
8,barra_23,PW,0.0,2
9,barra_23,PW,0.0,2
10,barra_23,PW,0.0,2
11,barra_23,PW,0.0,2
12,barra_23,PW,0.0,2
13,barra_23,PW,0.0,2
14,barra_23,PW,0.0,2
15,barra_23,PW,0.0,2
16,barra_23,PW,0.0,2
17,barra_23,PW,0.0,2
18,barra_23,PW,0.0,2
19,barra_23,PW,0.0,2
20,barra_23,PW,0.0,2
21,barra_23,PW,0.0,2
22,barra_23,PW,0.0,2
23,barra_23,PW,0.0,2
24,barra_23,PW,0.0,2
1,barra_24,PW,0.0,2
2,barra_24,PW,0.0,2
3,barra_24,PW,0.0,2
4,barra_24,PW,0.0,2
5,barra_24,PW,0.0,2
6,barra_24,PW,0.0,2
7,barra_24,PW,0.0,2
8,barra_24,PW,0.0,2
9,barra_24,PW,0.0,2
10,barra_24,PW,0.0,2
11,barra_24,PW,0.0,2
12,barra_24,PW,0.0,2
13,barra_24,PW,0.0,2
14,barra_24,PW,0.0,2
15,barra_24,PW,0.0,2
16,barra_24,PW,0.0,2
17,barra_24,PW,0.0,2
18,barra_24,PW,0.0,2
19,barra_24,PW,0.0,2
20,barra_24,PW,0.0,2
21,barra_24,PW,0.0,2
22,barra_24,PW,0.0,2
23,barra_24,PW,0.0,2
24,barra_24,PW,0.0,2
1,barra_25,PW,0.57769385,2
2,barra_25,PW,0.59066773,2
3,barra_25,PW,0.60007733,2
4,barra_25,PW,0.60439865,2
5,barra_25,PW,0.59855729,2
6,barra_25,PW,0.55766081,2
7,barra_25,PW,0.49488526,2
8,barra_25,PW,0.45585109,2
9,barra_25,PW,0.39310316,2
10,barra_25,PW,0.33674307,2
11,barra_25,PW,0.30101291,2
12,barra_25,PW,0.27331309,2
13,barra_25,PW,0.24635763,2
14,barra_25,PW,0.23765744,2
15,barra_25,PW,0.26458786,2
16,barra_25,PW,0.32677764,2
17,barra_25,PW,0.41817743,2
18,barra_25,PW,0.50291853,2
19,barra_25,PW,0.59280414,2
20,barra_25,PW,0.61664026,2
21,barra_25,PW,0.62271648,2
22,barra_25,PW,0.64439245,2
23,barra_25,PW,0.66016761,2
24,barra_25,PW,0.65866739,2
1,barra_26,PW,0.0,2
2,barra_26,PW,0.0,2
3,barra_26,PW,0.0,2
4,barra_26,PW,0.0,2
5,barra_26,PW,0.0,2
6,barra_26,PW,0.0,2
7,barra_26,PW,0.0,2
8,barra_26,PW,0.0,2
9,barra_26,PW,0.0,2
10,barra_26,PW,0.0,2
11,barra_26,PW,0.0,2
12,barra_26,PW,0.0,2
13,barra_26,PW,0.0,2
14,barra_26,PW,0.0,2
15,barra_26,PW,0.0,2
16,barra_26,PW,0.0,2
17,barra_26,PW,0.0,2
18,barra_26,PW,0.0,2
19,barra_26,PW,0.0,2
20,barra_26,PW,0.0,2
21,barra_26,PW,0.0,2
22,barra_26,PW,0.0,2
23,barra_26,PW,0.0,2
24,barra_26,PW,0.0,2
1,barra_27,PW,0.0,2
2,barra_27,PW,0.0,2
3,barra_27,PW,0.0,2
4,barra_27,PW,0.0,2
5,barra_27,PW,0.0,2
6,barra_27,PW,0.0,2
7,barra_27,PW,0.0,2
8,barra_27,PW,0.0,2
9,barra_27,PW,0.0,2
10,barra_27,PW,0.0,2
11,barra_27,PW,0.0,2
12,barra_27,PW,0.0,2
13,barra_27,PW,0.0,2
14,barra_27,PW,0.0,2
15,barra_27,PW,0.0,2
16,barra_27,PW,0.0,2
17,barra_27,PW,0.0,2
18,barra_27,PW,0.0,2
19,barra_27,PW,0.0,2
20,barra_27,PW,0.0,2
21,barra_27,PW,0.0,2
22,barra_27,PW,0.0,2
23,barra_27,PW,0.0,2
24,barra_27,PW,0.0,2
1,barra_28,PW,0.0,2
2,barra_28,PW,0.0,2
3,barra_28,PW,0.0,2
4,barra_28,PW,0.0,2
5,barra_28,PW,0.0,2
6,barra_28,PW,0.0,2
7,barra_28,PW,0.0,2
8,barra_28,PW,0.0,2
9,barra_28,PW,0.0,2
10,barra_28,PW,0.0,2
11,barra_28,PW,0.0,2
12,barra_28,PW,0.0,2
13,barra_28,PW,0.0,2
14,barra_28,PW,0.0,2
15,barra_28,PW,0.0,2
16,barra_28,PW,0.0,2
17,barra_28,PW,0.0,2
18,barra_28,PW,0.0,2
19,barra_28,PW,0.0,2
20,barra_28,PW,0.0,2
21,barra_28,PW,0.0,2
22,barra_28,PW,0.0,2
23,barra_28,PW,0.0,2
24,barra_28,PW,0.0,2
1,barra_29,PW,0.0,2
2,barra_29,PW,0.0,2
3,barra_29,PW,0.0,2
4,barra_29,PW,0.0,2
5,barra_29,PW,0.0,2
6,barra_29,PW,0.0,2
7,barra_29,PW,0.0,2
8,barra_29,PW,0.0,2
9,barra_29,PW,0.0,2
10,barra_29,PW,0.0,2
11,barra_29,PW,0.0,2
12,barra_29,PW,0.0,2
13,barra_29,PW,0.0,2
14,barra_29,PW,0.0,2
15,barra_29,PW,0.0,2
16,barra_29,PW,0.0,2
17,barra_29,PW,0.0,2
18,barra_29,PW,0.0,2
19,barra_29,PW,0.0,2
20,barra_29,PW,0.0,2
21,barra_29,PW,0.0,2
22,barra_29,PW,0.0,2
23,barra_29,PW,0.0,2
24,barra_29,PW,0.0,2
1,barra_30,PW,0.374,2
2,barra_30,PW,0.385,2
3,barra_30,PW,0.396,2
4,barra_30,PW,0.407,2
5,barra_30,PW,0.385,2
6,barra_30,PW,0.363,2
7,barra_30,PW,0.33,2
8,barra_30,PW,0.3025,2
9,barra_30,PW,0.275,2
10,barra_30,PW,0.253,2
11,barra_30,PW,0.242,2
12,barra_30,PW,0.231,2
13,barra_30,PW,0.22,2
14,barra_30,PW,0.209,2
15,barra_30,PW,0.22,2
16,barra_30,PW,0.2475,2
17,barra_30,PW,0.286,2
18,barra_30,PW,0.341,2
19,barra_30,PW,0.396,2
20,barra_30,PW,0.44,2
21,barra_30,PW,0.473,2
22,barra_30,PW,0.495,2
23,barra_30,PW,0.462,2
24,barra_30,PW,0.418,2
1,barra_31,PW,0.0,2
2,barra_31,PW,0.0,2
3,barra_31,PW,0.0,2
4,barra_31,PW,0.0,2
5,barra_31,PW,0.0,2
6,barra_31,PW,0.0,2
7,barra_31,PW,0.0,2
8,barra_31,PW,0.0,2
9,barra_31,PW,0.0,2
10,barra_31,PW,0.0,2
11,barra_31,PW,0.0,2
12,barra_31,PW,0.0,2
13,barra_31,PW,0.0,2
14,barra_31,PW,0.0,2
15,barra_31,PW,0.0,2
16,barra_31,PW,0.0,2
17,barra_31,PW,0.0,2
18,barra_31,PW,0.0,2
19,barra_31,PW,0.0,2
20,barra_31,PW,0.0,2
21,barra_31,PW,0.0,2
22,barra_31,PW,0.0,2
23,barra_31,PW,0.0,2
24,barra_31,PW,0.0,2
1,barra_32,PW,0.0,2
2,barra_32,PW,0.0,2
3,barra_32,PW,0.0,2
4,barra_32,PW,0.0,2
5,barra_32,PW,0.0,2
6,barra_32,PW,0.0,2
7,barra_32,PW,0.0,2
8,barra_32,PW,0.0,2
9,barra_32,PW,0.0,2
10,barra_32,PW,0.0,2
11,barra_32,PW,0.0,2
12,barra_32,PW,0.0,2
13,barra_32,PW,0.0,2
14,barra_32,PW,0.0,2
15,barra_32,PW,0.0,2
16,barra_32,PW,0.0,2
17,barra_32,PW,0.0,2
18,barra_32,PW,0.0,2
19,barra_32,PW,0.0,2
20,barra_32,PW,0.0,2
21,barra_32,PW,0.0,2
22,barra_32,PW,0.0,2
23,barra_32,PW,0.0,2
24,barra_32,PW,0.0,2
1,barra_33,PW,0.0,2
2,barra_33,PW,0.0,2
3,barra_33,PW,0.0,2
4,barra_33,PW,0.0,2
5,barra_33,PW,0.0,2
6,barra_33,PW,0.0,2
7,barra_33,PW,0.0,2
8,barra_33,PW,0.0,2
9,barra_33,PW,0.0,2
10,barra_33,PW,0.0,2
11,barra_33,PW,0.0,2
12,barra_33,PW,0.0,2
13,barra_33,PW,0.0,2
14,barra_33,PW,0.0,2
15,barra_33,PW,0.0,2
16,barra_33,PW,0.0,2
17,barra_33,PW,0.0,2
18,barra_33,PW,0.0,2
19,barra_33,PW,0.0,2
20,barra_33,PW,0.0,2
21,barra_33,PW,0.0,2
22,barra_33,PW,0.0,2
23,barra_33,PW,0.0,2
24,barra_33,PW,0.0,2
1,barra_1,CS,0.0,2
2,barra_1,CS,0.0,2
3,barra_1,CS,0.0,2
4,barra_1,CS,0.0,2
5,barra_1,CS,0.0,2
6,barra_1,CS,0.0,2
7,barra_1,CS,0.0,2
8,barra_1,CS,0.0,2
9,barra_1,CS,0.0,2
10,barra_1,CS,0.0,2
11,barra_1,CS,0.0,2
12,barra_1,CS,0.0,2
13,barra_1,CS,0.0,2
14,barra_1,CS,0.0,2
15,barra_1,CS,0.0,2
16,barra_1,CS,0.0,2
17,barra_1,CS,0.0,2
18,barra_1,CS,0.0,2
19,barra_1,CS,0.0,2
20,barra_1,CS,0.0,2
21,barra_1,CS,0.0,2
22,barra_1,CS,0.0,2
23,barra_1,CS,0.0,2
24,barra_1,CS,0.0,2
1,barra_2,CS,0.0,2
2,barra_2,CS,0.0,2
3,barra_2,CS,0.0,2
4,barra_2,CS,0.0,2
5,barra_2,CS,0.0,2
6,barra_2,CS,0.0,2
7,barra_2,CS,0.0,2
8,barra_2,CS,0.0,2
9,barra_2,CS,0.0,2
10,barra_2,CS,0.0,2
11,barra_2,CS,0.0,2
12,barra_2,CS,0.0,2
13,barra_2,CS,0.0,2
14,barra_2,CS,0.0,2
15,barra_2,CS,0.0,2
16,barra_2,CS,0.0,2
17,barra_2,CS,0.0,2
18,barra_2,CS,0.0,2
19,barra_2,CS,0.0,2
20,barra_2,CS,0.0,2
21,barra_2,CS,0.0,2
22,barra_2,CS,0.0,2
23,barra_2,CS,0.0,2
24,barra_2,CS,0.0,2
1,barra_3,CS,0.0,2
2,barra_3,CS,0.0,2
3,barra_3,CS,0.0,2
4,barra_3,CS,0.0,2
5,barra_3,CS,0.0,2
6,barra_3,CS,0.0,2
7,barra_3,CS,0.0,2
8,barra_3,CS,0.0,2
9,barra_3,CS,0.0,2
10,barra_3,CS,0.0,2
11,barra_3,CS,0.0,2
12,barra_3,CS,0.0,2
13,barra_3,CS,0.0,2
14,barra_3,CS,0.0,2
15,barra_3,CS,0.0,2
16,barra_3,CS,0.0,2
17,barra_3,CS,0.0,2
18,barra_3,CS,0.0,2
19,barra_3,CS,0.0,2
20,barra_3,CS,0.0,2
21,barra_3,CS,0.0,2
22,barra_3,CS,0.0,2
23,barra_3,CS,0.0,2
24,barra_3,CS,0.0,2
1,barra_4,CS,0.0,2
2,barra_4,CS,0.0,2
3,barra_4,CS,0.0,2
4,barra_4,CS,0.0,2
5,barra_4,CS,0.0,2
6,barra_4,CS,0.0,2
7,barra_4,CS,0.0,2
8,barra_4,CS,0.0,2
9,barra_4,CS,0.0,2
10,barra_4,CS,0.0,2
11,barra_4,CS,0.0,2
12,barra_4,CS,0.0,2
13,barra_4,CS,0.0,2
14,barra_4,CS,0.0,2
15,barra_4,CS,0.0,2
16,barra_4,CS,0.0,2
17,barra_4,CS,0.0,2
18,barra_4,CS,0.0,2
19,barra_4,CS,0.0,2
20,barra_4,CS,0.0,2
21,barra_4,CS,0.0,2
22,barra_4,CS,0.0,2
23,barra_4,CS,0.0,2
24,barra_4,CS,0.0,2
1,barra_5,CS,0.0,2
2,barra_5,CS,0.0,2
3,barra_5,CS,0.0,2
4,barra_5,CS,0.0,2
5,barra_5,CS,0.0,2
6,barra_5,CS,0.0,2
7,barra_5,CS,0.0,2
8,barra_5,CS,0.0,2
9,barra_5,CS,0.0,2
10,barra_5,CS,0.0,2
11,barra_5,CS,0.0,2
12,barra_5,CS,0.0,2
13,barra_5,CS,0.0,2
14,barra_5,CS,0.0,2
15,barra_5,CS,0.0,2
16,barra_5,CS,0.0,2
17,barra_5,CS,0.0,2
18,barra_5,CS,0.0,2
19,barra_5,CS,0.0,2
20,barra_5,CS,0.0,2
21,barra_5,CS,0.0,2
22,barra_5,CS,0.0,2
23,barra_5,CS,0.0,2
24,barra_5,CS,0.0,2
1,barra_6,CS,0.0,2
2,barra_6,CS,0.0,2
3,barra_6,CS,0.0,2
4,barra_6,CS,0.0,2
5,barra_6,CS,0.0,2
6,barra_6,CS,-0.0,2
7,barra_6,CS,-0.0,2
8,barra_6,CS,-0.0,2
9,barra_6,CS,-0.0,2
10,barra_6,CS,-0.0,2
11,barra_6,CS,-0.0,2
12,barra_6,CS,-0.0,2
13,barra_6,CS,-0.0,2
14,barra_6,CS,-0.0,2
15,barra_6,CS,-0.0,2
16,barra_6,CS,-0.0,2
17,barra_6,CS,-0.0,2
18,barra_6,CS,-0.0,2
19,barra_6,CS,-0.0,2
20,barra_6,CS,0.0,2
21,barra_6,CS,0.0,2
22,barra_6,CS,0.0,2
23,barra_6,CS,0.0,2
24,barra_6,CS,0.0,2
1,barra_7,CS,0.0,2
2,barra_7,CS,0.0,2
3,barra_7,CS,0.0,2
4,barra_7,CS,0.0,2
5,barra_7,CS,0.0,2
6,barra_7,CS,0.0,2
7,barra_7,CS,0.0,2
8,barra_7,CS,0.0,2
9,barra_7,CS,0.0,2
10,barra_7,CS,0.0,2
11,barra_7,CS,0.0,2
12,barra_7,CS,0.0,2
13,barra_7,CS,0.0,2
14,barra_7,CS,0.0,2
15,barra_7,CS,0.0,2
16,barra_7,CS,0.0,2
17,barra_7,CS,0.0,2
18,barra_7,CS,0.0,2
19,barra_7,CS,0.0,2
20,barra_7,CS,0.0,2
21,barra_7,CS,0.0,2
22,barra_7,CS,0.0,2
23,barra_7,CS,0.0,2
24,barra_7,CS,0.0,2
1,barra_8,CS,0.0,2
2,barra_8,CS,0.0,2
3,barra_8,CS,0.0,2
4,barra_8,CS,0.0,2
5,barra_8,CS,0.0,2
6,barra_8,CS,0.0,2
7,barra_8,CS,0.0,2
8,barra_8,CS,0.0,2
9,barra_8,CS,0.0,2
10,barra_8,CS,0.0,2
11,barra_8,CS,0.0,2
12,barra_8,CS,0.0,2
13,barra_8,CS,0.0,2
14,barra_8,CS,0.0,2
15,barra_8,CS,0.0,2
16,barra_8,CS,0.0,2
17,barra_8,CS,0.0,2
18,barra_8,CS,0.0,2
19,barra_8,CS,0.0,2
20,barra_8,CS,0.0,2
21,barra_8,CS,0.0,2
22,barra_8,CS,0.0,2
23,barra_8,CS,0.0,2
24,barra_8,CS,0.0,2
1,barra_9,CS,0.0,2
2,barra_9,CS,0.0,2
3,barra_9,CS,0.0,2
4,barra_9,CS,0.0,2
5,barra_9,CS,0.0,2
6,barra_9,CS,0.0,2
7,barra_9,CS,0.0,2
8,barra_9,CS,0.0,2
9,barra_9,CS,0.0,2
10,barra_9,CS,0.0,2
11,barra_9,CS,0.0,2
12,barra_9,CS,0.0,2
13,barra_9,CS,0.0,2
14,barra_9,CS,0.0,2
15,barra_9,CS,0.0,2
16,barra_9,CS,0.0,2
17,barra_9,CS,0.0,2
18,barra_9,CS,0.0,2
19,barra_9,CS,0.0,2
20,barra_9,CS,0.0,2
21,barra_9,CS,0.0,2
22,barra_9,CS,0.0,2
23,barra_9,CS,0.0,2
24,barra_9,CS,0.0,2
1,barra_10,CS,0.0,2
2,barra_10,CS,0.0,2
3,barra_10,CS,0.0,2
4,barra_10,CS,0.0,2
5,barra_10,CS,0.0,2
6,barra_10,CS,0.0,2
7,barra_10,CS,0.0,2
8,barra_10,CS,0.0,2
9,barra_10,CS,0.0,2
10,barra_10,CS,0.0,2
11,barra_10,CS,0.0,2
12,barra_10,CS,0.0,2
13,barra_10,CS,0.0,2
14,barra_10,CS,0.0,2
15,barra_10,CS,0.0,2
16,barra_10,CS,0.0,2
17,barra_10,CS,0.0,2
18,barra_10,CS,0.0,2
19,barra_10,CS,0.0,2
20,barra_10,CS,0.0,2
21,barra_10,CS,0.0,2
22,barra_10,CS,0.0,2
23,barra_10,CS,0.0,2
24,barra_10,CS,0.0,2
1,barra_11,CS,0.0,2
2,barra_11,CS,0.0,2
3,barra_11,CS,0.0,2
4,barra_11,CS,0.0,2
5,barra_11,CS,0.0,2
6,barra_11,CS,0.0,2
7,barra_11,CS,0.0,2
8,barra_11,CS,0.0,2
9,barra_11,CS,0.0,2
10,barra_11,CS,0.0,2
11,barra_11,CS,0.0,2
12,barra_11,CS,0.0,2
13,barra_11,CS,0.0,2
14,barra_11,CS,0.0,2
15,barra_11,CS,0.0,2
16,barra_11,CS,0.0,2
17,barra_11,CS,0.0,2
18,barra_11,CS,0.0,2
19,barra_11,CS,0.0,2
20,barra_11,CS,0.0,2
21,barra_11,CS,0.0,2
22,barra_11,CS,0.0,2
23,barra_11,CS,0.0,2
24,barra_11,CS,0.0,2
1,barra_12,CS,0.0,2
2,barra_12,CS,0.0,2
3,barra_12,CS,0.0,2
4,barra_12,CS,0.0,2
5,barra_12,CS,0.0,2
6,barra_12,CS,0.0,2
7,barra_12,CS,0.0,2
8,barra_12,CS,0.0,2
9,barra_12,CS,0.0,2
10,barra_12,CS,0.0,2
11,barra_12,CS,0.0,2
12,barra_12,CS,0.0,2
13,barra_12,CS,0.0,2
14,barra_12,CS,0.0,2
15,barra_12,CS,0.0,2
16,barra_12,CS,0.0,2
17,barra_12,CS,0.0,2
18,barra_12,CS,0.0,2
19,barra_12,CS,0.0,2
20,barra_12,CS,0.0,2
21,barra_12,CS,0.0,2
22,barra_12,CS,0.0,2
23,barra_12,CS,0.0,2
24,barra_12,CS,0.0,2
1,barra_13,CS,0.0,2
2,barra_13,CS,0.0,2
3,barra_13,CS,0.0,2
4,barra_13,CS,0.0,2
5,barra_13,CS,0.0,2
6,barra_13,CS,0.0,2
7,barra_13,CS,0.0,2
8,barra_13,CS,0.0,2
9,barra_13,CS,0.0,2
10,barra_13,CS,0.0,2
11,barra_13,CS,0.0,2
12,barra_13,CS,0.0,2
13,barra_13,CS,0.0,2
14,barra_13,CS,0.0,2
15,barra_13,CS,0.0,2
16,barra_13,CS,0.0,2
17,barra_13,CS,0.0,2
18,barra_13,CS,0.0,2
19,barra_13,CS,0.0,2
20,barra_13,CS,0.0,2
21,barra_13,CS,0.0,2
22,barra_13,CS,0.0,2
23,barra_13,CS,0.0,2
24,barra_13,CS,0.0,2
1,barra_14,CS,0.0,2
2,barra_14,CS,0.0,2
3,barra_14,CS,0.0,2
4,barra_14,CS,0.0,2
5,barra_14,CS,0.0,2
6,barra_14,CS,-0.0,2
7,barra_14,CS,-0.0,2
8,barra_14,CS,-0.0,2
9,barra_14,CS,-0.0,2
10,barra_14,CS,-0.0,2
11,barra_14,CS,-0.0,2
12,barra_14,CS,-0.0,2
13,barra_14,CS,-0.0,2
14,barra_14,CS,-0.0,2
15,barra_14,CS,-0.0,2
16,barra_14,CS,-0.0,2
17,barra_14,CS,-0.0,2
18,barra_14,CS,-0.0,2
19,barra_14,CS,-0.0,2
20,barra_14,CS,0.0,2
21,barra_14,CS,0.0,2
22,barra_14,CS,0.0,2
23,barra_14,CS,0.0,2
24,barra_14,CS,0.0,2
1,barra_15,CS,0.0,2
2,barra_15,CS,0.0,2
3,barra_15,CS,0.0,2
4,barra_15,CS,0.0,2
5,barra_15,CS,0.0,2
6,barra_15,CS,0.0,2
7,barra_15,CS,0.0,2
8,barra_15,CS,0.0,2
9,barra_15,CS,0.0,2
10,barra_15,CS,0.0,2
11,barra_15,CS,0.0,2
12,barra_15,CS,0.0,2
13,barra_15,CS,0.0,2
14,barra_15,CS,0.0,2
15,barra_15,CS,0.0,2
16,barra_15,CS,0.0,2
17,barra_15,CS,0.0,2
18,barra_15,CS,0.0,2
19,barra_15,CS,0.0,2
20,barra_15,CS,0.0,2
21,barra_15,CS,0.0,2
22,barra_15,CS,0.0,2
23,barra_15,CS,0.0,2
24,barra_15,CS,0.0,2
1,barra_16,CS,0.0,2
2,barra_16,CS,0.0,2
3,barra_16,CS,0.0,2
4,barra_16,CS,0.0,2
5,barra_16,CS,0.0,2
6,barra_16,CS,0.0,2
7,barra_16,CS,0.0,2
8,barra_16,CS,0.0,2
9,barra_16,CS,0.0,2
10,barra_16,CS,0.0,2
11,barra_16,CS,0.0,2
12,barra_16,CS,0.0,2
13,barra_16,CS,0.0,2
14,barra_16,CS,0.0,2
15,barra_16,CS,0.0,2
16,barra_16,CS,0.0,2
17,barra_16,CS,0.0,2
18,barra_16,CS,0.0,2
19,barra_16,CS,0.0,2
20,barra_16,CS,0.0,2
21,barra_16,CS,0.0,2
22,barra_16,CS,0.0,2
23,barra_16,CS,0.0,2
24,barra_16,CS,0.0,2
1,barra_17,CS,0.0,2
2,barra_17,CS,0.0,2
3,barra_17,CS,0.0,2
4,barra_17,CS,0.0,2
5,barra_17,CS,0.0,2
6,barra_17,CS,0.0,2
7,barra_17,CS,0.0,2
8,barra_17,CS,0.0,2
9,barra_17,CS,0.0,2
10,barra_17,CS,0.0,2
11,barra_17,CS,0.0,2
12,barra_17,CS,0.0,2
13,barra_17,CS,0.0,2
14,barra_17,CS,0.0,2
15,barra_17,CS,0.0,2
16,barra_17,CS,0.0,2
17,barra_17,CS,0.0,2
18,barra_17,CS,0.0,2
19,barra_17,CS,0.0,2
20,barra_17,CS,0.0,2
21,barra_17,CS,0.0,2
22,barra_17,CS,0.0,2
23,barra_17,CS,0.0,2
24,barra_17,CS,0.0,2
1,barra_18,CS,0.0,2
2,barra_18,CS,0.0,2
3,barra_18,CS,0.0,2
4,barra_18,CS,0.0,2
5,barra_18,CS,0.0,2
6,barra_18,CS,0.0,2
7,barra_18,CS,0.0,2
8,barra_18,CS,0.0,2
9,barra_18,CS,0.0,2
10,barra_18,CS,0.0,2
11,barra_18,CS,0.0,2
12,barra_18,CS,0.0,2
13,barra_18,CS,0.0,2
14,barra_18,CS,0.0,2
15,barra_18,CS,0.0,2
16,barra_18,CS,0.0,2
17,barra_18,CS,0.0,2
18,barra_18,CS,0.0,2
19,barra_18,CS,0.0,2
20,barra_18,CS,0.0,2
21,barra_18,CS,0.0,2
22,barra_18,CS,0.0,2
23,barra_18,CS,0.0,2
24,barra_18,CS,0.0,2
1,barra_19,CS,0.0,2
2,barra_19,CS,0.0,2
3,barra_19,CS,0.0,2
4,barra_19,CS,0.0,2
5,barra_19,CS,0.0,2
6,barra_19,CS,0.0,2
7,barra_19,CS,0.0,2
8,barra_19,CS,0.0,2
9,barra_19,CS,0.0,2
10,barra_19,CS,0.0,2
11,barra_19,CS,0.0,2
12,barra_19,CS,0.0,2
13,barra_19,CS,0.0,2
14,barra_19,CS,0.0,2
15,barra_19,CS,0.0,2
16,barra_19,CS,0.0,2
17,barra_19,CS,0.0,2
18,barra_19,CS,0.0,2
19,barra_19,CS,0.0,2
20,barra_19,CS,0.0,2
21,barra_19,CS,0.0,2
22,barra_19,CS,0.0,2
23,barra_19,CS,0.0,2
24,barra_19,CS,0.0,2
1,barra_20,CS,0.0,2
2,barra_20,CS,0.0,2
3,barra_20,CS,0.0,2
4,barra_20,CS,0.0,2
5,barra_20,CS,0.0,2
6,barra_20,CS,0.0,2
7,barra_20,CS,0.0,2
8,barra_20,CS,0.0,2
9,barra_20,CS,0.0,2
10,barra_20,CS,0.0,2
11,barra_20,CS,0.0,2
12,barra_20,CS,0.0,2
13,barra_20,CS,0.0,2
14,barra_20,CS,0.0,2
15,barra_20,CS,0.0,2
16,barra_20,CS,0.0,2
17,barra_20,CS,0.0,2
18,barra_20,CS,0.0,2
19,barra_20,CS,0.0,2
20,barra_20,CS,0.0,2
21,barra_20,CS,0.0,2
22,barra_20,CS,0.0,2
23,barra_20,CS,0.0,2
24,barra_20,CS,0.0,2
1,barra_21,CS,0.0,2
2,barra_21,CS,0.0,2
3,barra_21,CS,0.0,2
4,barra_21,CS,0.0,2
5,barra_21,CS,0.0,2
6,barra_21,CS,0.0,2
7,barra_21,CS,0.0,2
8,barra_21,CS,0.0,2
9,barra_21,CS,0.0,2
10,barra_21,CS,0.0,2
11,barra_21,CS,0.0,2
12,barra_21,CS,0.0,2
13,barra_21,CS,0.0,2
14,barra_21,CS,0.0,2
15,barra_21,CS,0.0,2
16,barra_21,CS,0.0,2
17,barra_21,CS,0.0,2
18,barra_21,CS,0.0,2
19,barra_21,CS,0.0,2
20,barra_21,CS,0.0,2
21,barra_21,CS,0.0,2
22,barra_21,CS,0.0,2
23,barra_21,CS,0.0,2
24,barra_21,CS,0.0,2
1,barra_22,CS,0.0,2
2,barra_22,CS,0.0,2
3,barra_22,CS,0.0,2
4,barra_22,CS,0.0,2
5,barra_22,CS,0.0,2
6,barra_22,CS,0.0,2
7,barra_22,CS,0.0,2
8,barra_22,CS,0.0,2
9,barra_22,CS,0.0,2
10,barra_22,CS,0.0,2
11,barra_22,CS,0.0,2
12,barra_22,CS,0.0,2
13,barra_22,CS,0.0,2
14,barra_22,CS,0.0,2
15,barra_22,CS,0.0,2
16,barra_22,CS,0.0,2
17,barra_22,CS,0.0,2
18,barra_22,CS,0.0,2
19,barra_22,CS,0.0,2
20,barra_22,CS,0.0,2
21,barra_22,CS,0.0,2
22,barra_22,CS,0.0,2
23,barra_22,CS,0.0,2
24,barra_22,CS,0.0,2
1,barra_23,CS,0.0,2
2,barra_23,CS,0.0,2
3,barra_23,CS,0.0,2
4,barra_23,CS,0.0,2
5,barra_23,CS,0.0,2
6,barra_23,CS,0.0,2
7,barra_23,CS,0.0,2
8,barra_23,CS,0.0,2
9,barra_23,CS,0.0,2
10,barra_23,CS,0.0,2
11,barra_23,CS,0.0,2
12,barra_23,CS,0.0,2
13,barra_23,CS,0.0,2
14,barra_23,CS,0.0,2
15,barra_23,CS,0.0,2
16,barra_23,CS,0.0,2
17,barra_23,CS,0.0,2
18,barra_23,CS,0.0,2
19,barra_23,CS,0.0,2
20,barra_23,CS,0.0,2
21,barra_23,CS,0.0,2
22,barra_23,CS,0.0,2
23,barra_23,CS,0.0,2
24,barra_23,CS,0.0,2
1,barra_24,CS,0.0,2
2,barra_24,CS,0.0,2
3,barra_24,CS,0.0,2
4,barra_24,CS,0.0,2
5,barra_24,CS,0.0,2
6,barra_24,CS,0.0,2
7,barra_24,CS,0.0,2
8,barra_24,CS,0.0,2
9,barra_24,CS,0.0,2
10,barra_24,CS,0.0,2
11,barra_24,CS,0.0,2
12,barra_24,CS,0.0,2
13,barra_24,CS,0.0,2
14,barra_24,CS,0.0,2
15,barra_24,CS,0.0,2
16,barra_24,CS,0.0,2
17,barra_24,CS,0.0,2
18,barra_24,CS,0.0,2
19,barra_24,CS,0.0,2
20,barra_24,CS,0.0,2
21,barra_24,CS,0.0,2
22,barra_24,CS,0.0,2
23,barra_24,CS,0.0,2
24,barra_24,CS,0.0,2
1,barra_25,CS,0.0,2
2,barra_25,CS,0.0,2
3,barra_25,CS,0.0,2
4,barra_25,CS,0.0,2
5,barra_25,CS,0.0,2
6,barra_25,CS,-0.0,2
7,barra_25,CS,-0.0,2
8,barra_25,CS,-0.0,2
9,barra_25,CS,-0.0,2
10,barra_25,CS,-0.0,2
11,barra_25,CS,-0.0,2
12,barra_25,CS,-0.0,2
13,barra_25,CS,-0.0,2
14,barra_25,CS,-0.0,2
15,barra_25,CS,-0.0,2
16,barra_25,CS,-0.0,2
17,barra_25,CS,-0.0,2
18,barra_25,CS,-0.0,2
19,barra_25,CS,-0.0,2
20,barra_25,CS,0.0,2
21,barra_25,CS,0.0,2
22,barra_25,CS,0.0,2
23,barra_25,CS,0.0,2
24,barra_25,CS,0.0,2
1,barra_26,CS,0.0,2
2,barra_26,CS,0.0,2
3,barra_26,CS,0.0,2
4,barra_26,CS,0.0,2
5,barra_26,CS,0.0,2
6,barra_26,CS,0.0,2
7,barra_26,CS,0.0,2
8,barra_26,CS,0.0,2
9,barra_26,CS,0.0,2
10,barra_26,CS,0.0,2
11,barra_26,CS,0.0,2
12,barra_26,CS,0.0,2
13,barra_26,CS,0.0,2
14,barra_26,CS,0.0,2
15,barra_26,CS,0.0,2
16,barra_26,CS,0.0,2
17,barra_26,CS,0.0,2
18,barra_26,CS,0.0,2
19,barra_26,CS,0.0,2
20,barra_26,CS,0.0,2
21,barra_26,CS,0.0,2
22,barra_26,CS,0.0,2
23,barra_26,CS,0.0,2
24,barra_26,CS,0.0,2
1,barra_27,CS,0.0,2
2,barra_27,CS,0.0,2
3,barra_27,CS,0.0,2
4,barra_27,CS,0.0,2
5,barra_27,CS,0.0,2
6,barra_27,CS,0.0,2
7,barra_27,CS,0.0,2
8,barra_27,CS,0.0,2
9,barra_27,CS,0.0,2
10,barra_27,CS,0.0,2
11,barra_27,CS,0.0,2
12,barra_27,CS,0.0,2
13,barra_27,CS,0.0,2
14,barra_27,CS,0.0,2
15,barra_27,CS,0.0,2
16,barra_27,CS,0.0,2
17,barra_27,CS,0.0,2
18,barra_27,CS,0.0,2
19,barra_27,CS,0.0,2
20,barra_27,CS,0.0,2
21,barra_27,CS,0.0,2
22,barra_27,CS,0.0,2
23,barra_27,CS,0.0,2
24,barra_27,CS,0.0,2
1,barra_28,CS,0.0,2
2,barra_28,CS,0.0,2
3,barra_28,CS,0.0,2
4,barra_28,CS,0.0,2
5,barra_28,CS,0.0,2
6,barra_28,CS,0.0,2
7,barra_28,CS,0.0,2
8,barra_28,CS,0.0,2
9,barra_28,CS,0.0,2
10,barra_28,CS,0.0,2
11,barra_28,CS,0.0,2
12,barra_28,CS,0.0,2
13,barra_28,CS,0.0,2
14,barra_28,CS,0.0,2
15,barra_28,CS,0.0,2
16,barra_28,CS,0.0,2
17,barra_28,CS,0.0,2
18,barra_28,CS,0.0,2
19,barra_28,CS,0.0,2
20,barra_28,CS,0.0,2
21,barra_28,CS,0.0,2
22,barra_28,CS,0.0,2
23,barra_28,CS,0.0,2
24,barra_28,CS,0.0,2
1,barra_29,CS,0.0,2
2,barra_29,CS,0.0,2
3,barra_29,CS,0.0,2
4,barra_29,CS,0.0,2
5,barra_29,CS,0.0,2
6,barra_29,CS,0.0,2
7,barra_29,CS,0.0,2
8,barra_29,CS,0.0,2
9,barra_29,CS,0.0,2
10,barra_29,CS,0.0,2
11,barra_29,CS,0.0,2
12,barra_29,CS,0.0,2
13,barra_29,CS,0.0,2
14,barra_29,CS,0.0,2
15,barra_29,CS,0.0,2
16,barra_29,CS,0.0,2
17,barra_29,CS,0.0,2
18,barra_29,CS,0.0,2
19,barra_29,CS,0.0,2
20,barra_29,CS,0.0,2
21,barra_29,CS,0.0,2
22,barra_29,CS,0.0,2
23,barra_29,CS,0.0,2
24,barra_29,CS,0.0,2
1,barra_30,CS,0.0,2
2,barra_30,CS,0.0,2
3,barra_30,CS,0.0,2
4,barra_30,CS,0.0,2
5,barra_30,CS,0.0,2
6,barra_30,CS,0.0,2
7,barra_30,CS,0.0,2
8,barra_30,CS,0.0,2
9,barra_30,CS,0.0,2
10,barra_30,CS,0.0,2
11,barra_30,CS,0.0,2
12,barra_30,CS,0.0,2
13,barra_30,CS,0.0,2
14,barra_30,CS,0.0,2
15,barra_30,CS,0.0,2
16,barra_30,CS,0.0,2
17,barra_30,CS,0.0,2
18,barra_30,CS,0.0,2
19,barra_30,CS,0.0,2
20,barra_30,CS,0.0,2
21,barra_30,CS,0.0,2
22,barra_30,CS,0.0,2
23,barra_30,CS,0.0,2
24,barra_30,CS,0.0,2
1,barra_31,CS,0.0,2
2,barra_31,CS,0.0,2
3,barra_31,CS,0.0,2
4,barra_31,CS,0.0,2
5,barra_31,CS,0.0,2
6,barra_31,CS,0.0,2
7,barra_31,CS,0.0,2
8,barra_31,CS,0.0,2
9,barra_31,CS,0.0,2
10,barra_31,CS,0.0,2
11,barra_31,CS,0.0,2
12,barra_31,CS,0.0,2
13,barra_31,CS,0.0,2
14,barra_31,CS,0.0,2
15,barra_31,CS,0.0,2
16,barra_31,CS,0.0,2
17,barra_31,CS,0.0,2
18,barra_31,CS,0.0,2
19,barra_31,CS,0.0,2
20,barra_31,CS,0.0,2
21,barra_31,CS,0.0,2
22,barra_31,CS,0.0,2
23,barra_31,CS,0.0,2
24,barra_31,CS,0.0,2
1,barra_32,CS,0.0,2
2,barra_32,CS,0.0,2
3,barra_32,CS,0.0,2
4,barra_32,CS,0.0,2
5,barra_32,CS,0.0,2
6,barra_32,CS,0.0,2
7,barra_32,CS,0.0,2
8,barra_32,CS,0.0,2
9,barra_32,CS,0.0,2
10,barra_32,CS,0.0,2
11,barra_32,CS,0.0,2
12,barra_32,CS,0.0,2
13,barra_32,CS,0.0,2
14,barra_32,CS,0.0,2
15,barra_32,CS,0.0,2
16,barra_32,CS,0.0,2
17,barra_32,CS,0.0,2
18,barra_32,CS,0.0,2
19,barra_32,CS,0.0,2
20,barra_32,CS,0.0,2
21,barra_32,CS,0.0,2
22,barra_32,CS,0.0,2
23,barra_32,CS,0.0,2
24,barra_32,CS,0.0,2
1,barra_33,CS,0.0,2
2,barra_33,CS,0.0,2
3,barra_33,CS,0.0,2
4,barra_33,CS,0.0,2
5,barra_33,CS,0.0,2
6,barra_33,CS,0.0,2
7,barra_33,CS,0.0,2
8,barra_33,CS,0.0,2
9,barra_33,CS,0.0,2
10,barra_33,CS,0.0,2
11,barra_33,CS,0.0,2
12,barra_33,CS,0.0,2
13,barra_33,CS,0.0,2
14,barra_33,CS,0.0,2
15,barra_33,CS,0.0,2
16,barra_33,CS,0.0,2
17,barra_33,CS,0.0,2
18,barra_33,CS,0.0,2
19,barra_33,CS,0.0,2
20,barra_33,CS,0.0,2
21,barra_33,CS,0.0,2
22,barra_33,CS,0.0,2
23,barra_33,CS,0.0,2
24,barra_33,CS,0.0,2
1,barra_1,CW,0.0,2
2,barra_1,CW,0.0,2
3,barra_1,CW,0.0,2
4,barra_1,CW,0.0,2
5,barra_1,CW,0.0,2
6,barra_1,CW,0.0,2
7,barra_1,CW,0.0,2
8,barra_1,CW,0.0,2
9,barra_1,CW,0.0,2
10,barra_1,CW,0.0,2
11,barra_1,CW,0.0,2
12,barra_1,CW,0.0,2
13,barra_1,CW,0.0,2
14,barra_1,CW,0.0,2
15,barra_1,CW,0.0,2
16,barra_1,CW,0.0,2
17,barra_1,CW,0.0,2
18,barra_1,CW,0.0,2
19,barra_1,CW,0.0,2
20,barra_1,CW,0.0,2
21,barra_1,CW,0.0,2
22,barra_1,CW,0.0,2
23,barra_1,CW,0.0,2
24,barra_1,CW,0.0,2
1,barra_2,CW,0.0,2
2,barra_2,CW,0.0,2
3,barra_2,CW,0.0,2
4,barra_2,CW,0.0,2
5,barra_2,CW,0.0,2
6,barra_2,CW,0.0,2
7,barra_2,CW,0.0,2
8,barra_2,CW,0.0,2
9,barra_2,CW,0.0,2
10,barra_2,CW,0.0,2
11,barra_2,CW,0.0,2
12,barra_2,CW,0.0,2
13,barra_2,CW,0.0,2
14,barra_2,CW,0.0,2
15,barra_2,CW,0.0,2
16,barra_2,CW,0.0,2
17,barra_2,CW,0.0,2
18,barra_2,CW,0.0,2
19,barra_2,CW,0.0,2
20,barra_2,CW,0.0,2
21,barra_2,CW,0.0,2
22,barra_2,CW,0.0,2
23,barra_2,CW,0.0,2
24,barra_2,CW,0.0,2
1,barra_3,CW,0.0,2
2,barra_3,CW,0.0,2
3,barra_3,CW,0.0,2
4,barra_3,CW,0.0,2
5,barra_3,CW,0.0,2
6,barra_3,CW,0.0,2
7,barra_3,CW,0.0,2
8,barra_3,CW,0.0,2
9,barra_3,CW,0.0,2
10,barra_3,CW,0.0,2
11,barra_3,CW,0.0,2
12,barra_3,CW,0.0,2
13,barra_3,CW,0.0,2
14,barra_3,CW,0.0,2
15,barra_3,CW,0.0,2
16,barra_3,CW,0.0,2
17,barra_3,CW,0.0,2
18,barra_3,CW,0.0,2
19,barra_3,CW,0.0,2
20,barra_3,CW,0.0,2
21,barra_3,CW,0.0,2
22,barra_3,CW,0.0,2
23,barra_3,CW,0.0,2
24,barra_3,CW,0.0,2
1,barra_4,CW,0.0,2
2,barra_4,CW,0.0,2
3,barra_4,CW,0.0,2
4,barra_4,CW,0.0,2
5,barra_4,CW,0.0,2
6,barra_4,CW,0.0,2
7,barra_4,CW,0.0,2
8,barra_4,CW,0.0,2
9,barra_4,CW,0.0,2
10,barra_4,CW,0.0,2
11,barra_4,CW,0.0,2
12,barra_4,CW,0.0,2
13,barra_4,CW,0.0,2
14,barra_4,CW,0.0,2
15,barra_4,CW,0.0,2
16,barra_4,CW,0.0,2
17,barra_4,CW,0.0,2
18,barra_4,CW,0.0,2
19,barra_4,CW,0.0,2
20,barra_4,CW,0.0,2
21,barra_4,CW,0.0,2
22,barra_4,CW,0.0,2
23,barra_4,CW,0.0,2
24,barra_4,CW,0.0,2
1,barra_5,CW,0.0,2
2,barra_5,CW,0.0,2
3,barra_5,CW,0.0,2
4,barra_5,CW,0.0,2
5,barra_5,CW,0.0,2
6,barra_5,CW,0.0,2
7,barra_5,CW,0.0,2
8,barra_5,CW,0.0,2
9,barra_5,CW,0.0,2
10,barra_5,CW,0.0,2
11,barra_5,CW,0.0,2
12,barra_5,CW,0.0,2
13,barra_5,CW,0.0,2
14,barra_5,CW,0.0,2
15,barra_5,CW,0.0,2
16,barra_5,CW,0.0,2
17,barra_5,CW,0.0,2
18,barra_5,CW,0.0,2
19,barra_5,CW,0.0,2
20,barra_5,CW,0.0,2
21,barra_5,CW,0.0,2
22,barra_5,CW,0.0,2
23,barra_5,CW,0.0,2
24,barra_5,CW,0.0,2
1,barra_6,CW,0.0,2
2,barra_6,CW,0.0,2
3,barra_6,CW,0.0,2
4,barra_6,CW,0.0,2
5,barra_6,CW,0.0,2
6,barra_6,CW,0.0,2
7,barra_6,CW,0.0,2
8,barra_6,CW,0.0,2
9,barra_6,CW,0.0,2
10,barra_6,CW,0.0,2
11,barra_6,CW,0.0,2
12,barra_6,CW,0.0,2
13,barra_6,CW,0.0,2
14,barra_6,CW,0.0,2
15,barra_6,CW,0.0,2
16,barra_6,CW,0.0,2
17,barra_6,CW,0.0,2
18,barra_6,CW,0.0,2
19,barra_6,CW,0.0,2
20,barra_6,CW,0.0,2
21,barra_6,CW,0.0,2
22,barra_6,CW,0.0,2
23,barra_6,CW,0.0,2
24,barra_6,CW,0.0,2
1,barra_7,CW,0.0,2
2,barra_7,CW,0.0,2
3,barra_7,CW,0.0,2
4,barra_7,CW,0.0,2
5,barra_7,CW,0.0,2
6,barra_7,CW,0.0,2
7,barra_7,CW,0.0,2
8,barra_7,CW,0.0,2
9,barra_7,CW,0.0,2
10,barra_7,CW,0.0,2
11,barra_7,CW,0.0,2
12,barra_7,CW,0.0,2
13,barra_7,CW,0.0,2
14,barra_7,CW,0.0,2
15,barra_7,CW,0.0,2
16,barra_7,CW,0.0,2
17,barra_7,CW,0.0,2
18,barra_7,CW,0.0,2
19,barra_7,CW,0.0,2
20,barra_7,CW,0.0,2
21,barra_7,CW,0.0,2
22,barra_7,CW,0.0,2
23,barra_7,CW,0.0,2
24,barra_7,CW,0.0,2
1,barra_8,CW,0.0,2
2,barra_8,CW,0.0,2
3,barra_8,CW,0.0,2
4,barra_8,CW,0.0,2
5,barra_8,CW,0.0,2
6,barra_8,CW,0.0,2
7,barra_8,CW,0.0,2
8,barra_8,CW,0.0,2
9,barra_8,CW,0.0,2
10,barra_8,CW,0.0,2
11,barra_8,CW,0.0,2
12,barra_8,CW,0.0,2
13,barra_8,CW,0.0,2
14,barra_8,CW,0.0,2
15,barra_8,CW,0.0,2
16,barra_8,CW,0.0,2
17,barra_8,CW,0.0,2
18,barra_8,CW,0.0,2
19,barra_8,CW,0.0,2
20,barra_8,CW,0.0,2
21,barra_8,CW,0.0,2
22,barra_8,CW,0.0,2
23,barra_8,CW,0.0,2
24,barra_8,CW,0.0,2
1,barra_9,CW,0.0,2
2,barra_9,CW,0.0,2
3,barra_9,CW,0.0,2
4,barra_9,CW,0.0,2
5,barra_9,CW,0.0,2
6,barra_9,CW,0.0,2
7,barra_9,CW,0.0,2
8,barra_9,CW,0.0,2
9,barra_9,CW,0.0,2
10,barra_9,CW,0.0,2
11,barra_9,CW,0.0,2
12,barra_9,CW,0.0,2
13,barra_9,CW,0.0,2
14,barra_9,CW,0.0,2
15,barra_9,CW,0.0,2
16,barra_9,CW,0.0,2
17,barra_9,CW,0.0,2
18,barra_9,CW,0.0,2
19,barra_9,CW,0.0,2
20,barra_9,CW,0.0,2
21,barra_9,CW,0.0,2
22,barra_9,CW,0.0,2
23,barra_9,CW,0.0,2
24,barra_9,CW,0.0,2
1,barra_10,CW,0.0,2
2,barra_10,CW,0.0,2
3,barra_10,CW,0.0,2
4,barra_10,CW,0.0,2
5,barra_10,CW,0.0,2
6,barra_10,CW,0.0,2
7,barra_10,CW,0.0,2
8,barra_10,CW,0.0,2
9,barra_10,CW,0.0,2
10,barra_10,CW,0.0,2
11,barra_10,CW,0.0,2
12,barra_10,CW,0.0,2
13,barra_10,CW,0.0,2
14,barra_10,CW,0.0,2
15,barra_10,CW,0.0,2
16,barra_10,CW,0.0,2
17,barra_10,CW,0.0,2
18,barra_10,CW,0.0,2
19,barra_10,CW,0.0,2
20,barra_10,CW,0.0,2
21,barra_10,CW,0.0,2
22,barra_10,CW,0.0,2
23,barra_10,CW,0.0,2
24,barra_10,CW,0.0,2
1,barra_11,CW,0.0,2
2,barra_11,CW,0.0,2
3,barra_11,CW,0.0,2
4,barra_11,CW,0.0,2
5,barra_11,CW,0.0,2
6,barra_11,CW,0.0,2
7,barra_11,CW,0.0,2
8,barra_11,CW,0.0,2
9,barra_11,CW,0.0,2
10,barra_11,CW,0.0,2
11,barra_11,CW,0.0,2
12,barra_11,CW,0.0,2
13,barra_11,CW,0.0,2
14,barra_11,CW,0.0,2
15,barra_11,CW,0.0,2
16,barra_11,CW,0.0,2
17,barra_11,CW,0.0,2
18,barra_11,CW,0.0,2
19,barra_11,CW,0.0,2
20,barra_11,CW,0.0,2
21,barra_11,CW,0.0,2
22,barra_11,CW,0.0,2
23,barra_11,CW,0.0,2
24,barra_11,CW,0.0,2
1,barra_12,CW,0.0,2
2,barra_12,CW,0.0,2
3,barra_12,CW,0.0,2
4,barra_12,CW,0.0,2
5,barra_12,CW,0.0,2
6,barra_12,CW,0.0,2
7,barra_12,CW,0.0,2
8,barra_12,CW,0.0,2
9,barra_12,CW,0.0,2
10,barra_12,CW,0.0,2
11,barra_12,CW,0.0,2
12,barra_12,CW,0.0,2
13,barra_12,CW,0.0,2
14,barra_12,CW,0.0,2
15,barra_12,CW,0.0,2
16,barra_12,CW,0.0,2
17,barra_12,CW,0.0,2
18,barra_12,CW,0.0,2
19,barra_12,CW,0.0,2
20,barra_12,CW,0.0,2
21,barra_12,CW,0.0,2
22,barra_12,CW,0.0,2
23,barra_12,CW,0.0,2
24,barra_12,CW,0.0,2
1,barra_13,CW,0.0,2
2,barra_13,CW,0.0,2
3,barra_13,CW,0.0,2
4,barra_13,CW,0.0,2
5,barra_13,CW,0.0,2
6,barra_13,CW,0.0,2
7,barra_13,CW,0.0,2
8,barra_13,CW,0.0,2
9,barra_13,CW,0.0,2
10,barra_13,CW,0.0,2
11,barra_13,CW,0.0,2
12,barra_13,CW,0.0,2
13,barra_13,CW,0.0,2
14,barra_13,CW,0.0,2
15,barra_13,CW,0.0,2
16,barra_13,CW,0.0,2
17,barra_13,CW,0.0,2
18,barra_13,CW,0.0,2
19,barra_13,CW,0.0,2
20,barra_13,CW,0.0,2
21,barra_13,CW,0.0,2
22,barra_13,CW,0.0,2
23,barra_13,CW,0.0,2
24,barra_13,CW,0.0,2
1,barra_14,CW,0.0,2
2,barra_14,CW,0.0,2
3,barra_14,CW,0.0,2
4,barra_14,CW,0.0,2
5,barra_14,CW,0.0,2
6,barra_14,CW,0.0,2
7,barra_14,CW,0.0,2
8,barra_14,CW,0.0,2
9,barra_14,CW,0.0,2
10,barra_14,CW,0.0,2
11,barra_14,CW,0.0,2
12,barra_14,CW,0.0,2
13,barra_14,CW,0.0,2
14,barra_14,CW,0.0,2
15,barra_14,CW,0.0,2
16,barra_14,CW,0.0,2
17,barra_14,CW,0.0,2
18,barra_14,CW,0.0,2
19,barra_14,CW,0.0,2
20,barra_14,CW,0.0,2
21,barra_14,CW,0.0,2
22,barra_14,CW,0.0,2
23,barra_14,CW,0.0,2
24,barra_14,CW,0.0,2
1,barra_15,CW,0.0,2
2,barra_15,CW,0.0,2
3,barra_15,CW,0.0,2
4,barra_15,CW,0.0,2
5,barra_15,CW,0.0,2
6,barra_15,CW,0.0,2
7,barra_15,CW,0.0,2
8,barra_15,CW,0.0,2
9,barra_15,CW,0.0,2
10,barra_15,CW,0.0,2
11,barra_15,CW,0.0,2
12,barra_15,CW,0.0,2
13,barra_15,CW,0.0,2
14,barra_15,CW,0.0,2
15,barra_15,CW,0.0,2
16,barra_15,CW,0.0,2
17,barra_15,CW,0.0,2
18,barra_15,CW,0.0,2
19,barra_15,CW,0.0,2
20,barra_15,CW,0.0,2
21,barra_15,CW,0.0,2
22,barra_15,CW,0.0,2
23,barra_15,CW,0.0,2
24,barra_15,CW,0.0,2
1,barra_16,CW,0.0,2
2,barra_16,CW,0.0,2
3,barra_16,CW,0.0,2
4,barra_16,CW,0.0,2
5,barra_16,CW,0.0,2
6,barra_16,CW,0.0,2
7,barra_16,CW,0.0,2
8,barra_16,CW,0.0,2
9,barra_16,CW,0.0,2
10,barra_16,CW,0.0,2
11,barra_16,CW,0.0,2
12,barra_16,CW,0.0,2
13,barra_16,CW,0.0,2
14,barra_16,CW,0.0,2
15,barra_16,CW,0.0,2
16,barra_16,CW,0.0,2
17,barra_16,CW,0.0,2
18,barra_16,CW,0.0,2
19,barra_16,CW,0.0,2
20,barra_16,CW,0.0,2
21,barra_16,CW,0.0,2
22,barra_16,CW,0.0,2
23,barra_16,CW,0.0,2
24,barra_16,CW,0.0,2
1,barra_17,CW,0.0,2
2,barra_17,CW,0.0,2
3,barra_17,CW,0.0,2
4,barra_17,CW,0.0,2
5,barra_17,CW,0.0,2
6,barra_17,CW,0.0,2
7,barra_17,CW,0.0,2
8,barra_17,CW,0.0,2
9,barra_17,CW,0.0,2
10,barra_17,CW,0.0,2
11,barra_17,CW,0.0,2
12,barra_17,CW,0.0,2
13,barra_17,CW,0.0,2
14,barra_17,CW,0.0,2
15,barra_17,CW,0.0,2
16,barra_17,CW,0.0,2
17,barra_17,CW,0.0,2
18,barra_17,CW,0.0,2
19,barra_17,CW,0.0,2
20,barra_17,CW,0.0,2
21,barra_17,CW,0.0,2
22,barra_17,CW,0.0,2
23,barra_17,CW,0.0,2
24,barra_17,CW,0.0,2
1,barra_18,CW,-0.0,2
2,barra_18,CW,-0.0,2
3,barra_18,CW,-0.0,2
4,barra_18,CW,-0.0,2
5,barra_18,CW,-0.0,2
6,barra_18,CW,-0.0,2
7,barra_18,CW,-0.0,2
8,barra_18,CW,-0.0,2
9,barra_18,CW,-0.0,2
10,barra_18,CW,-0.0,2
11,barra_18,CW,-0.0,2
12,barra_18,CW,-0.0,2
13,barra_18,CW,-0.0,2
14,barra_18,CW,-0.0,2
15,barra_18,CW,-0.0,2
16,barra_18,CW,-0.0,2
17,barra_18,CW,-0.0,2
18,barra_18,CW,-0.0,2
19,barra_18,CW,-0.0,2
20,barra_18,CW,-0.0,2
21,barra_18,CW,-0.0,2
22,barra_18,CW,-0.0,2
23,barra_18,CW,-0.0,2
24,barra_18,CW,-0.0,2
1,barra_19,CW,0.0,2
2,barra_19,CW,0.0,2
3,barra_19,CW,0.0,2
4,barra_19,CW,0.0,2
5,barra_19,CW,0.0,2
6,barra_19,CW,0.0,2
7,barra_19,CW,0.0,2
8,barra_19,CW,0.0,2
9,barra_19,CW,0.0,2
10,barra_19,CW,0.0,2
11,barra_19,CW,0.0,2
12,barra_19,CW,0.0,2
13,barra_19,CW,0.0,2
14,barra_19,CW,0.0,2
15,barra_19,CW,0.0,2
16,barra_19,CW,0.0,2
17,barra_19,CW,0.0,2
18,barra_19,CW,0.0,2
19,barra_19,CW,0.0,2
20,barra_19,CW,0.0,2
21,barra_19,CW,0.0,2
22,barra_19,CW,0.0,2
23,barra_19,CW,0.0,2
24,barra_19,CW,0.0,2
1,barra_20,CW,0.0,2
2,barra_20,CW,0.0,2
3,barra_20,CW,0.0,2
4,barra_20,CW,0.0,2
5,barra_20,CW,0.0,2
6,barra_20,CW,0.0,2
7,barra_20,CW,0.0,2
8,barra_20,CW,0.0,2
9,barra_20,CW,0.0,2
10,barra_20,CW,0.0,2
11,barra_20,CW,0.0,2
12,barra_20,CW,0.0,2
13,barra_20,CW,0.0,2
14,barra_20,CW,0.0,2
15,barra_20,CW,0.0,2
16,barra_20,CW,0.0,2
17,barra_20,CW,0.0,2
18,barra_20,CW,0.0,2
19,barra_20,CW,0.0,2
20,barra_20,CW,0.0,2
21,barra_20,CW,0.0,2
22,barra_20,CW,0.0,2
23,barra_20,CW,0.0,2
24,barra_20,CW,0.0,2
1,barra_21,CW,0.0,2
2,barra_21,CW,0.0,2
3,barra_21,CW,0.0,2
4,barra_21,CW,0.0,2
5,barra_21,CW,0.0,2
6,barra_21,CW,0.0,2
7,barra_21,CW,0.0,2
8,barra_21,CW,0.0,2
9,barra_21,CW,0.0,2
10,barra_21,CW,0.0,2
11,barra_21,CW,0.0,2
12,barra_21,CW,0.0,2
13,barra_21,CW,0.0,2
14,barra_21,CW,0.0,2
15,barra_21,CW,0.0,2
16,barra_21,CW,0.0,2
17,barra_21,CW,0.0,2
18,barra_21,CW,0.0,2
19,barra_21,CW,0.0,2
20,barra_21,CW,0.0,2
21,barra_21,CW,0.0,2
22,barra_21,CW,0.0,2
23,barra_21,CW,0.0,2
24,barra_21,CW,0.0,2
1,barra_22,CW,0.0,2
2,barra_22,CW,0.0,2
3,barra_22,CW,0.0,2
4,barra_22,CW,0.0,2
5,barra_22,CW,0.0,2
6,barra_22,CW,0.0,2
7,barra_22,CW,0.0,2
8,barra_22,CW,0.0,2
9,barra_22,CW,0.0,2
10,barra_22,CW,0.0,2
11,barra_22,CW,0.0,2
12,barra_22,CW,0.0,2
13,barra_22,CW,0.0,2
14,barra_22,CW,0.0,2
15,barra_22,CW,0.0,2
16,barra_22,CW,0.0,2
17,barra_22,CW,0.0,2
18,barra_22,CW,0.0,2
19,barra_22,CW,0.0,2
20,barra_22,CW,0.0,2
21,barra_22,CW,0.0,2
22,barra_22,CW,0.0,2
23,barra_22,CW,0.0,2
24,barra_22,CW,0.0,2
1,barra_23,CW,0.0,2
2,barra_23,CW,0.0,2
3,barra_23,CW,0.0,2
4,barra_23,CW,0.0,2
5,barra_23,CW,0.0,2
6,barra_23,CW,0.0,2
7,barra_23,CW,0.0,2
8,barra_23,CW,0.0,2
9,barra_23,CW,0.0,2
10,barra_23,CW,0.0,2
11,barra_23,CW,0.0,2
12,barra_23,CW,0.0,2
13,barra_23,CW,0.0,2
14,barra_23,CW,0.0,2
15,barra_23,CW,0.0,2
16,barra_23,CW,0.0,2
17,barra_23,CW,0.0,2
18,barra_23,CW,0.0,2
19,barra_23,CW,0.0,2
20,barra_23,CW,0.0,2
21,barra_23,CW,0.0,2
22,barra_23,CW,0.0,2
23,barra_23,CW,0.0,2
24,barra_23,CW,0.0,2
1,barra_24,CW,0.0,2
2,barra_24,CW,0.0,2
3,barra_24,CW,0.0,2
4,barra_24,CW,0.0,2
5,barra_24,CW,0.0,2
6,barra_24,CW,0.0,2
7,barra_24,CW,0.0,2
8,barra_24,CW,0.0,2
9,barra_24,CW,0.0,2
10,barra_24,CW,0.0,2
11,barra_24,CW,0.0,2
12,barra_24,CW,0.0,2
13,barra_24,CW,0.0,2
14,barra_24,CW,0.0,2
15,barra_24,CW,0.0,2
16,barra_24,CW,0.0,2
17,barra_24,CW,0.0,2
18,barra_24,CW,0.0,2
19,barra_24,CW,0.0,2
20,barra_24,CW,0.0,2
21,barra_24,CW,0.0,2
22,barra_24,CW,0.0,2
23,barra_24,CW,0.0,2
24,barra_24,CW,0.0,2
1,barra_25,CW,0.0,2
2,barra_25,CW,0.0,2
3,barra_25,CW,0.0,2
4,barra_25,CW,0.0,2
5,barra_25,CW,0.0,2
6,barra_25,CW,0.0,2
7,barra_25,CW,0.0,2
8,barra_25,CW,0.0,2
9,barra_25,CW,0.0,2
10,barra_25,CW,0.0,2
11,barra_25,CW,0.0,2
12,barra_25,CW,0.0,2
13,barra_25,CW,0.0,2
14,barra_25,CW,0.0,2
15,barra_25,CW,0.0,2
16,barra_25,CW,0.0,2
17,barra_25,CW,0.0,2
18,barra_25,CW,0.0,2
19,barra_25,CW,0.0,2
20,barra_25,CW,0.0,2
21,barra_25,CW,0.0,2
22,barra_25,CW,0.0,2
23,barra_25,CW,0.0,2
24,barra_25,CW,0.0,2
1,barra_26,CW,0.0,2
2,barra_26,CW,0.0,2
3,barra_26,CW,0.0,2
4,barra_26,CW,0.0,2
5,barra_26,CW,0.0,2
6,barra_26,CW,0.0,2
7,barra_26,CW,0.0,2
8,barra_26,CW,0.0,2
9,barra_26,CW,0.0,2
10,barra_26,CW,0.0,2
11,barra_26,CW,0.0,2
12,barra_26,CW,0.0,2
13,barra_26,CW,0.0,2
14,barra_26,CW,0.0,2
15,barra_26,CW,0.0,2
16,barra_26,CW,0.0,2
17,barra_26,CW,0.0,2
18,barra_26,CW,0.0,2
19,barra_26,CW,0.0,2
20,barra_26,CW,0.0,2
21,barra_26,CW,0.0,2
22,barra_26,CW,0.0,2
23,barra_26,CW,0.0,2
24,barra_26,CW,0.0,2
1,barra_27,CW,0.0,2
2,barra_27,CW,0.0,2
3,barra_27,CW,0.0,2
4,barra_27,CW,0.0,2
5,barra_27,CW,0.0,2
6,barra_27,CW,0.0,2
7,barra_27,CW,0.0,2
8,barra_27,CW,0.0,2
9,barra_27,CW,0.0,2
10,barra_27,CW,0.0,2
11,barra_27,CW,0.0,2
12,barra_27,CW,0.0,2
13,barra_27,CW,0.0,2
14,barra_27,CW,0.0,2
15,barra_27,CW,0.0,2
16,barra_27,CW,0.0,2
17,barra_27,CW,0.0,2
18,barra_27,CW,0.0,2
19,barra_27,CW,0.0,2
20,barra_27,CW,0.0,2
21,barra_27,CW,0.0,2
22,barra_27,CW,0.0,2
23,barra_27,CW,0.0,2
24,barra_27,CW,0.0,2
1,barra_28,CW,0.0,2
2,barra_28,CW,0.0,2
3,barra_28,CW,0.0,2
4,barra_28,CW,0.0,2
5,barra_28,CW,0.0,2
6,barra_28,CW,0.0,2
7,barra_28,CW,0.0,2
8,barra_28,CW,0.0,2
9,barra_28,CW,0.0,2
10,barra_28,CW,0.0,2
11,barra_28,CW,0.0,2
12,barra_28,CW,0.0,2
13,barra_28,CW,0.0,2
14,barra_28,CW,0.0,2
15,barra_28,CW,0.0,2
16,barra_28,CW,0.0,2
17,barra_28,CW,0.0,2
18,barra_28,CW,0.0,2
19,barra_28,CW,0.0,2
20,barra_28,CW,0.0,2
21,barra_28,CW,0.0,2
22,barra_28,CW,0.0,2
23,barra_28,CW,0.0,2
24,barra_28,CW,0.0,2
1,barra_29,CW,0.0,2
2,barra_29,CW,0.0,2
3,barra_29,CW,0.0,2
4,barra_29,CW,0.0,2
5,barra_29,CW,0.0,2
6,barra_29,CW,0.0,2
7,barra_29,CW,0.0,2
8,barra_29,CW,0.0,2
9,barra_29,CW,0.0,2
10,barra_29,CW,0.0,2
11,barra_29,CW,0.0,2
12,barra_29,CW,0.0,2
13,barra_29,CW,0.0,2
14,barra_29,CW,0.0,2
15,barra_29,CW,0.0,2
16,barra_29,CW,0.0,2
17,barra_29,CW,0.0,2
18,barra_29,CW,0.0,2
19,barra_29,CW,0.0,2
20,barra_29,CW,0.0,2
21,barra_29,CW,0.0,2
22,barra_29,CW,0.0,2
23,barra_29,CW,0.0,2
24,barra_29,CW,0.0,2
1,barra_30,CW,-0.0,2
2,barra_30,CW,-0.0,2
3,barra_30,CW,-0.0,2
4,barra_30,CW,-0.0,2
5,barra_30,CW,-0.0,2
6,barra_30,CW,-0.0,2
7,barra_30,CW,-0.0,2
8,barra_30,CW,-0.0,2
9,barra_30,CW,-0.0,2
10,barra_30,CW,-0.0,2
11,barra_30,CW,-0.0,2
12,barra_30,CW,-0.0,2
13,barra_30,CW,-0.0,2
14,barra_30,CW,-0.0,2
15,barra_30,CW,-0.0,2
16,barra_30,CW,-0.0,2
17,barra_30,CW,-0.0,2
18,barra_30,CW,-0.0,2
19,barra_30,CW,-0.0,2
20,barra_30,CW,-0.0,2
21,barra_30,CW,-0.0,2
22,barra_30,CW,-0.0,2
23,barra_30,CW,-0.0,2
24,barra_30,CW,-0.0,2
1,barra_31,CW,0.0,2
2,barra_31,CW,0.0,2
3,barra_31,CW,0.0,2
4,barra_31,CW,0.0,2
5,barra_31,CW,0.0,2
6,barra_31,CW,0.0,2
7,barra_31,CW,0.0,2
8,barra_31,CW,0.0,2
9,barra_31,CW,0.0,2
10,barra_31,CW,0.0,2
11,barra_31,CW,0.0,2
12,barra_31,CW,0.0,2
13,barra_31,CW,0.0,2
14,barra_31,CW,0.0,2
15,barra_31,CW,0.0,2
16,barra_31,CW,0.0,2
17,barra_31,CW,0.0,2
18,barra_31,CW,0.0,2
19,barra_31,CW,0.0,2
20,barra_31,CW,0.0,2
21,barra_31,CW,0.0,2
22,barra_31,CW,0.0,2
23,barra_31,CW,0.0,2
24,barra_31,CW,0.0,2
1,barra_32,CW,0.0,2
2,barra_32,CW,0.0,2
3,barra_32,CW,0.0,2
4,barra_32,CW,0.0,2
5,barra_32,CW,0.0,2
6,barra_32,CW,0.0,2
7,barra_32,CW,0.0,2
8,barra_32,CW,0.0,2
9,barra_32,CW,0.0,2
10,barra_32,CW,0.0,2
11,barra_32,CW,0.0,2
12,barra_32,CW,0.0,2
13,barra_32,CW,0.0,2
14,barra_32,CW,0.0,2
15,barra_32,CW,0.0,2
16,barra_32,CW,0.0,2
17,barra_32,CW,0.0,2
18,barra_32,CW,0.0,2
19,barra_32,CW,0.0,2
20,barra_32,CW,0.0,2
21,barra_32,CW,0.0,2
22,barra_32,CW,0.0,2
23,barra_32,CW,0.0,2
24,barra_32,CW,0.0,2
1,barra_33,CW,0.0,2
2,barra_33,CW,0.0,2
3,barra_33,CW,0.0,2
4,barra_33,CW,0.0,2
5,barra_33,CW,0.0,2
6,barra_33,CW,0.0,2
7,barra_33,CW,0.0,2
8,barra_33,CW,0.0,2
9,barra_33,CW,0.0,2
10,barra_33,CW,0.0,2
11,barra_33,CW,0.0,2
12,barra_33,CW,0.0,2
13,barra_33,CW,0.0,2
14,barra_33,CW,0.0,2
15,barra_33,CW,0.0,2
16,barra_33,CW,0.0,2
17,barra_33,CW,0.0,2
18,barra_33,CW,0.0,2
19,barra_33,CW,0.0,2
20,barra_33,CW,0.0,2
21,barra_33,CW,0.0,2
22,barra_33,CW,0.0,2
23,barra_33,CW,0.0,2
24,barra_33,CW,0.0,2
1,bateria_25,P_ch,0.0,2
2,bateria_25,P_ch,0.0,2
3,bateria_25,P_ch,0.0,2
4,bateria_25,P_ch,0.0,2
5,bateria_25,P_ch,0.0,2
6,bateria_25,P_ch,0.0,2
7,bateria_25,P_ch,0.0,2
8,bateria_25,P_ch,0.0,2
9,bateria_25,P_ch,0.0,2
10,bateria_25,P_ch,0.0,2
11,bateria_25,P_ch,0.0,2
12,bateria_25,P_ch,0.0,2
13,bateria_25,P_ch,0.0,2
14,bateria_25,P_ch,0.0,2
15,bateria_25,P_ch,0.0,2
16,bateria_25,P_ch,0.0,2
17,bateria_25,P_ch,0.0,2
18,bateria_25,P_ch,0.0,2
19,bateria_25,P_ch,0.0,2
20,bateria_25,P_ch,0.0,2
21,bateria_25,P_ch,0.0,2
22,bateria_25,P_ch,0.0,2
23,bateria_25,P_ch,0.0,2
24,bateria_25,P_ch,0.0,2
1,bateria_6,P_ch,0.0,2
2,bateria_6,P_ch,0.0,2
3,bateria_6,P_ch,0.0,2
4,bateria_6,P_ch,0.0,2
5,bateria_6,P_ch,0.0,2
6,bateria_6,P_ch,0.0,2
7,bateria_6,P_ch,0.0,2
8,bateria_6,P_ch,0.0,2
9,bateria_6,P_ch,0.0,2
10,bateria_6,P_ch,0.0,2
11,bateria_6,P_ch,0.0,2
12,bateria_6,P_ch,0.0,2
13,bateria_6,P_ch,0.0,2
14,bateria_6,P_ch,0.0,2
15,bateria_6,P_ch,0.0,2
16,bateria_6,P_ch,0.0,2
17,bateria_6,P_ch,0.0,2
18,bateria_6,P_ch,0.0,2
19,bateria_6,P_ch,0.0,2
20,bateria_6,P_ch,0.0,2
21,bateria_6,P_ch,0.0,2
22,bateria_6,P_ch,0.0,2
23,bateria_6,P_ch,0.0,2
24,bateria_6,P_ch,0.0,2
1,bateria_25,P_dis,0.0,2
2,bateria_25,P_dis,0.0,2
3,bateria_25,P_dis,0.0,2
4,bateria_25,P_dis,0.0,2
5,bateria_25,P_dis,0.0,2
6,bateria_25,P_dis,0.0,2
7,bateria_25,P_dis,0.0,2
8,bateria_25,P_dis,0.0,2
9,bateria_25,P_dis,0.0,2
10,bateria_25,P_dis,0.0,2
11,bateria_25,P_dis,0.0,2
12,bateria_25,P_dis,0.0,2
13,bateria_25,P_dis,0.0,2
14,bateria_25,P_dis,0.0,2
15,bateria_25,P_dis,0.0,2
16,bateria_25,P_dis,0.0,2
17,bateria_25,P_dis,0.0,2
18,bateria_25,P_dis,0.0,2
19,bateria_25,P_dis,0.0,2
20,bateria_25,P_dis,0.0,2
21,bateria_25,P_dis,0.0,2
22,bateria_25,P_dis,0.0,2
23,bateria_25,P_dis,0.0,2
24,bateria_25,P_dis,0.0,2
1,bateria_6,P_dis,0.0,2
2,bateria_6,P_dis,0.0,2
3,bateria_6,P_dis,0.0,2
4,bateria_6,P_dis,0.0,2
5,bateria_6,P_dis,0.0,2
6,bateria_6,P_dis,0.0,2
7,bateria_6,P_dis,0.0,2
8,bateria_6,P_dis,0.0,2
9,bateria_6,P_dis,0.0,2
10,bateria_6,P_dis,0.0,2
11,bateria_6,P_dis,0.0,2
12,bateria_6,P_dis,0.0,2
13,bateria_6,P_dis,0.0,2
14,bateria_6,P_dis,0.0,2
15,bateria_6,P_dis,0.0,2
16,bateria_6,P_dis,0.0,2
17,bateria_6,P_dis,0.0,2
18,bateria_6,P_dis,0.0,2
19,bateria_6,P_dis,0.0,2
20,bateria_6,P_dis,0.0,2
21,bateria_6,P_dis,0.0,2
22,bateria_6,P_dis,0.0,2
23,bateria_6,P_dis,0.0,2
24,bateria_6,P_dis,0.0,2
1,bateria_25,E,0.25,2
2,bateria_25,E,0.25,2
3,bateria_25,E,0.25,2
4,bateria_25,E,0.25,2
5,bateria_25,E,0.25,2
6,bateria_25,E,0.25,2
7,bateria_25,E,0.25,2
8,bateria_25,E,0.25,2
9,bateria_25,E,0.25,2
10,bateria_25,E,0.25,2
11,bateria_25,E,0.25,2
12,bateria_25,E,0.25,2
13,bateria_25,E,0.25,2
14,bateria_25,E,0.25,2
15,bateria_25,E,0.25,2
16,bateria_25,E,0.25,2
17,bateria_25,E,0.25,2
18,bateria_25,E,0.25,2
19,bateria_25,E,0.25,2
20,bateria_25,E,0.25,2
21,bateria_25,E,0.25,2
22,bateria_25,E,0.25,2
23,bateria_25,E,0.25,2
24,bateria_25,E,0.25,2
1,bateria_6,E,0.25,2
2,bateria_6,E,0.25,2
3,bateria_6,E,0.25,2
4,bateria_6,E,0.25,2
5,bateria_6,E,0.25,2
6,bateria_6,E,0.25,2
7,bateria_6,E,0.25,2
8,bateria_6,E,0.25,2
9,bateria_6,E,0.25,2
10,bateria_6,E,0.25,2
11,bateria_6,E,0.25,2
12,bateria_6,E,0.25,2
13,bateria_6,E,0.25,2
14,bateria_6,E,0.25,2
15,bateria_6,E,0.25,2
16,bateria_6,E,0.25,2
17,bateria_6,E,0.25,2
18,bateria_6,E,0.25,2
19,bateria_6,E,0.25,2
20,bateria_6,E,0.25,2
21,bateria_6,E,0.25,2
22,bateria_6,E,0.25,2
23,bateria_6,E,0.25,2
24,bateria_6,E,0.25,2
1,linha_1-2,F,-0.11530969,2
2,linha_1-2,F,-0.11791009,2
3,linha_1-2,F,-0.1197962,2
4,linha_1-2,F,-0.12066234,2
5,linha_1-2,F,-0.11949151,2
6,linha_1-2,F,-0.11264735,2
7,linha_1-2,F,-0.10412388,2
8,linha_1-2,F,-0.10216284,2
9,linha_1-2,F,-0.09861039,2
10,linha_1-2,F,-0.096340659,2
11,linha_1-2,F,-0.095945055,2
12,linha_1-2,F,-0.095805195,2
13,linha_1-2,F,-0.094015984,2
14,linha_1-2,F,-0.09047952,2
15,linha_1-2,F,-0.090465534,2
16,linha_1-2,F,-0.09434965,2
17,linha_1-2,F,-0.10047453,2
18,linha_1-2,F,-0.10708691,2
19,linha_1-2,F,-0.11969131,2
20,linha_1-2,F,-0.12311588,2
21,linha_1-2,F,-0.12433367,2
22,linha_1-2,F,-0.12867832,2
23,linha_1-2,F,-0.13184016,2
24,linha_1-2,F,-0.13153946,2
1,linha_2-3,F,-0.2303284,2
2,linha_2-3,F,-0.23551364,2
3,linha_2-3,F,-0.23927458,2
4,linha_2-3,F,-0.24100167,2
5,linha_2-3,F,-0.23866702,2
6,linha_2-3,F,-0.22501965,2
7,linha_2-3,F,-0.20802368,2
8,linha_2-3,F,-0.20411333,2
9,linha_2-3,F,-0.19702376,2
10,linha_2-3,F,-0.19248883,2
11,linha_2-3,F,-0.19169841,2
12,linha_2-3,F,-0.19141897,2
13,linha_2-3,F,-0.18784412,2
14,linha_2-3,F,-0.18077826,2
15,linha_2-3,F,-0.18075032,2
16,linha_2-3,F,-0.18851079,2
17,linha_2-3,F,-0.20074681,2
18,linha_2-3,F,-0.21393203,2
19,linha_2-3,F,-0.23906542,2
20,linha_2-3,F,-0.24589409,2
21,linha_2-3,F,-0.24832237,2
22,linha_2-3,F,-0.25698569,2
23,linha_2-3,F,-0.26329045,2
24,linha_2-3,F,-0.26269085,2
1,linha_3-4,F,-0.34482793,2
2,linha_3-4,F,-0.35257737,2
3,linha_3-4,F,-0.35819817,2
4,linha_3-4,F,-0.36077933,2
5,linha_3-4,F,-0.35729014,2
6,linha_3-4,F,-0.33689391,2
7,linha_3-4,F,-0.31149313,2
8,linha_3-4,F,-0.30564905,2
9,linha_3-4,F,-0.29505058,2
10,linha_3-4,F,-0.28826854,2
11,linha_3-4,F,-0.28708645,2
12,linha_3-4,F,-0.28666855,2
13,linha_3-4,F,-0.28132231,2
14,linha_3-4,F,-0.27075522,2
15,linha_3-4,F,-0.27071343,2
16,linha_3-4,F,-0.28231932,2
17,linha_3-4,F,-0.30061772,2
18,linha_3-4,F,-0.32032326,2
19,linha_3-4,F,-0.35788557,2
20,linha_3-4,F,-0.36809113,2
21,linha_3-4,F,-0.37172024,2
22,linha_3-4,F,-0.38466773,2
23,linha_3-4,F,-0.39409031,2
24,linha_3-4,F,-0.39319419,2
1,linha_4-5,F,-0.45852581,2
2,linha_4-5,F,-0.46880362,2
3,linha_4-5,F,-0.47625828,2
4,linha_4-5,F,-0.47968158,2
5,linha_4-5,F,-0.475054,2
6,linha_4-5,F,-0.44800321,2
7,linha_4-5,F,-0.41431508,2
8,linha_4-5,F,-0.40656428,2
9,linha_4-5,F,-0.39249694,2
10,linha_4-5,F,-0.38349026,2
11,linha_4-5,F,-0.38192043,2
12,linha_4-5,F,-0.38136544,2
13,linha_4-5,F,-0.37426555,2
14,linha_4-5,F,-0.36023226,2
15,linha_4-5,F,-0.36017676,2
16,linha_4-5,F,-0.37558959,2
17,linha_4-5,F,-0.39989119,2
18,linha_4-5,F,-0.42602616,2
19,linha_4-5,F,-0.47584369,2
20,linha_4-5,F,-0.48937896,2
21,linha_4-5,F,-0.49419212,2
22,linha_4-5,F,-0.5113639,2
23,linha_4-5,F,-0.52386073,2
24,linha_4-5,F,-0.52267225,2
1,linha_5-6,F,-0.57120217,2
2,linha_5-6,F,-0.58396776,2
3,linha_5-6,F,-0.59322685,2
4,linha_5-6,F,-0.59747878,2
5,linha_5-6,F,-0.59173108,2
6,linha_5-6,F,-0.55813253,2
7,linha_5-6,F,-0.51629005,2
8,linha_5-6,F,-0.50666314,2
9,linha_5-6,F,-0.48918253,2
10,linha_5-6,F,-0.47798685,2
11,linha_5-6,F,-0.47603549,2
12,linha_5-6,F,-0.47534562,2
13,linha_5-6,F,-0.46652015,2
14,linha_5-6,F,-0.44907618,2
15,linha_5-6,F,-0.44900719,2
16,linha_5-6,F,-0.468166,2
17,linha_5-6,F,-0.49837464,2
18,linha_5-6,F,-0.53083585,2
19,linha_5-6,F,-0.59271191,2
20,linha_5-6,F,-0.60950454,2
21,linha_5-6,F,-0.61547086,2
22,linha_5-6,F,-0.63675679,2
23,linha_5-6,F,-0.65224769,2
24,linha_5-6,F,-0.65077447,2
1,linha_6-7,F,0.4,2
2,linha_6-7,F,0.4,2
3,linha_6-7,F,0.4,2
4,linha_6-7,F,0.4014514,2
5,linha_6-7,F,0.4,2
6,linha_6-7,F,0.38509192,2
7,linha_6-7,F,0.32586853,2
8,linha_6-7,F,0.3122427,2
9,linha_6-7,F,0.29801496,2
10,linha_6-7,F,0.29574975,2
11,linha_6-7,F,0.29535494,2
12,linha_6-7,F,0.29521535,2
13,linha_6-7,F,0.29342971,2
14,linha_6-7,F,0.2899003,2
15,linha_6-7,F,0.28988634,2
16,linha_6-7,F,0.29376271,2
17,linha_6-7,F,0.30135858,2
18,linha_6-7,F,0.3464565,2
19,linha_6-7,F,0.4,2
20,linha_6-7,F,0.41359242,2
21,linha_6-7,F,0.41961845,2
22,linha_6-7,F,0.44111736,2
23,linha_6-7,F,0.45676326,2
24,linha_6-7,F,0.45527529,2
1,linha_7-8,F,0.2858325,2
2,linha_7-8,F,0.28322166,2
3,linha_7-8,F,0.28132798,2
4,linha_7-8,F,0.28192142,2
5,linha_7-8,F,0.2816339,2
6,linha_7-8,F,0.27350772,2
7,linha_7-8,F,0.22248559,2
8,linha_7-8,F,0.21074667,2
9,linha_7-8,F,0.2,2
10,linha_7-8,F,0.2,2
11,linha_7-8,F,0.2,2
12,linha_7-8,F,0.2,2
13,linha_7-8,F,0.2,2
14,linha_7-8,F,0.2,2
15,linha_7-8,F,0.2,2
16,linha_7-8,F,0.2,2
17,linha_7-8,F,0.20149213,2
18,linha_7-8,F,0.24022254,2
19,linha_7-8,F,0.2814333,2
20,linha_7-8,F,0.29169648,2
21,linha_7-8,F,0.29654818,2
22,linha_7-8,F,0.31385752,2
23,linha_7-8,F,0.32645444,2
24,linha_7-8,F,0.32525644,2
1,linha_8-9,F,0.17103603,2
2,linha_8-9,F,0.16580914,2
3,linha_8-9,F,0.16201799,2
4,linha_8-9,F,0.16174593,2
5,linha_8-9,F,0.16263043,2
6,linha_8-9,F,0.16132957,2
7,linha_8-9,F,0.11864369,2
8,linha_8-9,F,0.10882274,2
9,linha_8-9,F,0.10159259,2
10,linha_8-9,F,0.10386687,2
11,linha_8-9,F,0.10426326,2
12,linha_8-9,F,0.1044034,2
13,linha_8-9,F,0.1061962,2
14,linha_8-9,F,0.10973974,2
15,linha_8-9,F,0.10975375,2
16,linha_8-9,F,0.10586186,2
17,linha_8-9,F,0.10122283,2
18,linha_8-9,F,0.13348269,2
19,linha_8-9,F,0.16222883,2
20,linha_8-9,F,0.16910167,2
21,linha_8-9,F,0.17275258,2
22,linha_8-9,F,0.18577787,2
23,linha_8-9,F,0.19525706,2
24,linha_8-9,F,0.19435557,2
1,linha_9-10,F,0.055837905,2
2,linha_9-10,F,0.047994943,2
3,linha_9-10,F,0.04230631,2
4,linha_9-10,F,0.041165841,2
5,linha_9-10,F,0.04322529,2
6,linha_9-10,F,0.048779677,2
7,linha_9-10,F,0.014548882,2
8,linha_9-10,F,0.0066732317,2
9,linha_9-10,F,0.0029881734,2
10,linha_9-10,F,0.007541275,2
11,linha_9-10,F,0.0083348614,2
12,linha_9-10,F,0.0086154222,2
13,linha_9-10,F,0.012204597,2
14,linha_9-10,F,0.019298778,2
15,linha_9-10,F,0.019326834,2
16,linha_9-10,F,0.011535259,2
17,linha_9-10,F,0.00074980075,2
18,linha_9-10,F,0.026448617,2
19,linha_9-10,F,0.04262268,2
20,linha_9-10,F,0.046077846,2
21,linha_9-10,F,0.048515849,2
22,linha_9-10,F,0.057213857,2
23,linha_9-10,F,0.063543864,2
24,linha_9-10,F,0.062941863,2
1,linha_10-11,F,-0.059471785,2
2,linha_10-11,F,-0.069915147,2
3,linha_10-11,F,-0.077489894,2
4,linha_10-11,F,-0.079496496,2
5,linha_10-11,F,-0.076266219,2
6,linha_10-11,F,-0.063867676,2
7,linha_10-11,F,-0.089574994,2
8,linha_10-11,F,-0.095489605,2
9,linha_10-11,F,-0.095622216,2
10,linha_10-11,F,-0.088799384,2
11,linha_10-11,F,-0.087610194,2
12,linha_10-11,F,-0.087189773,2
13,linha_10-11,F,-0.081811387,2
14,linha_10-11,F,-0.071180742,2
15,linha_10-11,F,-0.0711387,2
16,linha_10-11,F,-0.082814391,2
17,linha_10-11,F,-0.099724725,2
18,linha_10-11,F,-0.080638296,2
19,linha_10-11,F,-0.077068629,2
20,linha_10-11,F,-0.077038038,2
21,linha_10-11,F,-0.075817818,2
22,linha_10-11,F,-0.071464464,2
23,linha_10-11,F,-0.068296296,2
24,linha_10-11,F,-0.068597598,2
1,linha_11-12,F,-0.17466265,2
2,linha_11-12,F,-0.18768555,2
3,linha_11-12,F,-0.19713127,2
4,linha_11-12,F,-0.2,2
5,linha_11-12,F,-0.19560535,2
6,linha_11-12,F,-0.17638742,2
7,linha_11-12,F,-0.1935199,2
8,linha_11-12,F,-0.19746165,2
9,linha_11-12,F,-0.19404155,2
10,linha_11-12,F,-0.18496262,2
11,linha_11-12,F,-0.1833802,2
12,linha_11-12,F,-0.18282076,2
13,linha_11-12,F,-0.17566391,2
14,linha_11-12,F,-0.16151804,2
15,linha_11-12,F,-0.1614621,2
16,linha_11-12,F,-0.17699858,2
17,linha_11-12,F,-0.2,2
18,linha_11-12,F,-0.18756409,2
19,linha_11-12,F,-0.19660595,2
20,linha_11-12,F,-0.2,2
21,linha_11-12,F,-0.2,2
22,linha_11-12,F,-0.2,2
23,linha_11-12,F,-0.2,2
24,linha_11-12,F,-0.2,2
1,linha_12-13,F,-0.28944465,2
2,linha_12-13,F,-0.30501083,2
3,linha_12-13,F,-0.31630124,2
4,linha_12-13,F,-0.32002293,2
5,linha_12-13,F,-0.31447731,2
6,linha_12-13,F,-0.28850552,2
7,linha_12-13,F,-0.29706319,2
8,linha_12-13,F,-0.2990321,2
9,linha_12-13,F,-0.29208027,2
10,linha_12-13,F,-0.28077234,2
11,linha_12-13,F,-0.27880142,2
12,linha_12-13,F,-0.27810463,2
13,linha_12-13,F,-0.26919068,2
14,linha_12-13,F,-0.25157181,2
15,linha_12-13,F,-0.25150213,2
16,linha_12-13,F,-0.27085302,2
17,linha_12-13,F,-0.29987537,2
18,linha_12-13,F,-0.29408826,2
19,linha_12-13,F,-0.31567333,2
20,linha_12-13,F,-0.32247159,2
21,linha_12-13,F,-0.32368694,2
22,linha_12-13,F,-0.32802293,2
23,linha_12-13,F,-0.33117846,2
24,linha_12-13,F,-0.33087836,2
1,linha_13-14,F,-0.4035834,2
2,linha_13-14,F,-0.42161572,2
3,linha_13-14,F,-0.43469486,2
4,linha_13-14,F,-0.43924961,2
5,linha_13-14,F,-0.43258197,2
6,linha_13-14,F,-0.4,2
7,linha_13-14,F,-0.4,2
8,linha_13-14,F,-0.4,2
9,linha_13-14,F,-0.3895444,2
10,linha_13-14,F,-0.37603891,2
11,linha_13-14,F,-0.37368496,2
12,linha_13-14,F,-0.37285276,2
13,linha_13-14,F,-0.36220648,2
14,linha_13-14,F,-0.3411636,2
15,linha_13-14,F,-0.34108038,2
16,linha_13-14,F,-0.36419189,2
17,linha_13-14,F,-0.39915329,2
18,linha_13-14,F,-0.4,2
19,linha_13-14,F,-0.43396747,2
20,linha_13-14,F,-0.44412256,2
21,linha_13-14,F,-0.44654117,2
22,linha_13-14,F,-0.45517001,2
23,linha_13-14,F,-0.46144968,2
24,linha_13-14,F,-0.46085247,2
1,linha_14-15,F,0.14569868,2
2,linha_14-15,F,0.15349469,2
3,linha_14-15,F,0.15914926,2
4,linha_14-15,F,0.16174593,2
5,linha_14-15,F,0.15823578,2
6,linha_14-15,F,0.13771699,2
7,linha_14-15,F,0.11216359,2
8,linha_14-15,F,0.10628439,2
9,linha_14-15,F,0.09861039,2
10,linha_14-15,F,0.096340659,2
11,linha_14-15,F,0.095945055,2
12,linha_14-15,F,0.095805195,2
13,linha_14-15,F,0.094015984,2
14,linha_14-15,F,0.09047952,2
15,linha_14-15,F,0.090465534,2
16,linha_14-15,F,0.09434965,2
17,linha_14-15,F,0.10122283,2
18,linha_14-15,F,0.12104678,2
19,linha_14-15,F,0.15883478,2
20,linha_14-15,F,0.16910167,2
21,linha_14-15,F,0.17275258,2
22,linha_14-15,F,0.18577787,2
23,linha_14-15,F,0.19525706,2
24,linha_14-15,F,0.19435557,2
1,linha_15-16,F,0.03044983,2
2,linha_15-16,F,0.035655836,2
3,linha_15-16,F,0.039431839,2
4,linha_15-16,F,0.041165841,2
5,linha_15-16,F,0.038821839,2
6,linha_15-16,F,0.025119825,2
7,linha_15-16,F,0.0080558081,2
8,linha_15-16,F,0.0041298041,2
9,linha_15-16,F,0.0,2
10,linha_15-16,F,0.0,2
11,linha_15-16,F,0.0,2
12,linha_15-16,F,0.0,2
13,linha_15-16,F,0.0,2
14,linha_15-16,F,0.0,2
15,linha_15-16,F,0.0,2
16,linha_15-16,F,0.0,2
17,linha_15-16,F,0.00074980075,2
18,linha_15-16,F,0.013987814,2
19,linha_15-16,F,0.039221839,2
20,linha_15-16,F,0.046077846,2
21,linha_15-16,F,0.048515849,2
22,linha_15-16,F,0.057213857,2
23,linha_15-16,F,0.063543864,2
24,linha_15-16,F,0.062941863,2
1,linha_16-17,F,-0.08485986,2
2,linha_16-17,F,-0.082254254,2
3,linha_16-17,F,-0.080364364,2
4,linha_16-17,F,-0.079496496,2
5,linha_16-17,F,-0.08066967,2
6,linha_16-17,F,-0.087527528,2
7,linha_16-17,F,-0.096068068,2
8,linha_16-17,F,-0.098033033,2
9,linha_16-17,F,-0.09861039,2
10,linha_16-17,F,-0.096340659,2
11,linha_16-17,F,-0.095945055,2
12,linha_16-17,F,-0.095805195,2
13,linha_16-17,F,-0.094015984,2
14,linha_16-17,F,-0.09047952,2
15,linha_16-17,F,-0.090465534,2
16,linha_16-17,F,-0.09434965,2
17,linha_16-17,F,-0.099724725,2
18,linha_16-17,F,-0.093099099,2
19,linha_16-17,F,-0.080469469,2
20,linha_16-17,F,-0.077038038,2
21,linha_16-17,F,-0.075817818,2
22,linha_16-17,F,-0.071464464,2
23,linha_16-17,F,-0.068296296,2
24,linha_16-17,F,-0.068597598,2
1,linha_17-18,F,-0.2,2
2,linha_17-18,F,-0.2,2
3,linha_17-18,F,-0.2,2
4,linha_17-18,F,-0.2,2
5,linha_17-18,F,-0.2,2
6,linha_17-18,F,-0.2,2
7,linha_17-18,F,-0.2,2
8,linha_17-18,F,-0.2,2
9,linha_17-18,F,-0.19702376,2
10,linha_17-18,F,-0.19248883,2
11,linha_17-18,F,-0.19169841,2
12,linha_17-18,F,-0.19141897,2
13,linha_17-18,F,-0.18784412,2
14,linha_17-18,F,-0.18077826,2
15,linha_17-18,F,-0.18075032,2
16,linha_17-18,F,-0.18851079,2
17,linha_17-18,F,-0.2,2
18,linha_17-18,F,-0.2,2
19,linha_17-18,F,-0.2,2
20,linha_17-18,F,-0.2,2
21,linha_17-18,F,-0.2,2
22,linha_17-18,F,-0.2,2
23,linha_17-18,F,-0.2,2
24,linha_17-18,F,-0.2,2
1,linha_18-19,F,0.34482793,2
2,linha_18-19,F,0.35257737,2
3,linha_18-19,F,0.35819817,2
4,linha_18-19,F,0.36077933,2
5,linha_18-19,F,0.35729014,2
6,linha_18-19,F,0.33689391,2
7,linha_18-19,F,0.31149313,2
8,linha_18-19,F,0.30564905,2
9,linha_18-19,F,0.29505058,2
10,linha_18-19,F,0.28826854,2
11,linha_18-19,F,0.28708645,2
12,linha_18-19,F,0.28666855,2
13,linha_18-19,F,0.28132231,2
14,linha_18-19,F,0.27075522,2
15,linha_18-19,F,0.27071343,2
16,linha_18-19,F,0.28231932,2
17,linha_18-19,F,0.30061772,2
18,linha_18-19,F,0.32032326,2
19,linha_18-19,F,0.35788557,2
20,linha_18-19,F,0.36809113,2
21,linha_18-19,F,0.37172024,2
22,linha_18-19,F,0.38466773,2
23,linha_18-19,F,0.39409031,2
24,linha_18-19,F,0.39319419,2
1,linha_19-20,F,0.2303284,2
2,linha_19-20,F,0.23551364,2
3,linha_19-20,F,0.23927458,2
4,linha_19-20,F,0.24100167,2
5,linha_19-20,F,0.23866702,2
6,linha_19-20,F,0.22501965,2
7,linha_19-20,F,0.20802368,2
8,linha_19-20,F,0.20411333,2
9,linha_19-20,F,0.19702376,2
10,linha_19-20,F,0.19248883,2
11,linha_19-20,F,0.19169841,2
12,linha_19-20,F,0.19141897,2
13,linha_19-20,F,0.18784412,2
14,linha_19-20,F,0.18077826,2
15,linha_19-20,F,0.18075032,2
16,linha_19-20,F,0.18851079,2
17,linha_19-20,F,0.20074681,2
18,linha_19-20,F,0.21393203,2
19,linha_19-20,F,0.23906542,2
20,linha_19-20,F,0.24589409,2
21,linha_19-20,F,0.24832237,2
22,linha_19-20,F,0.25698569,2
23,linha_19-20,F,0.26329045,2
24,linha_19-20,F,0.26269085,2
1,linha_20-21,F,0.11530969,2
2,linha_20-21,F,0.11791009,2
3,linha_20-21,F,0.1197962,2
4,linha_20-21,F,0.12066234,2
5,linha_20-21,F,0.11949151,2
6,linha_20-21,F,0.11264735,2
7,linha_20-21,F,0.10412388,2
8,linha_20-21,F,0.10216284,2
9,linha_20-21,F,0.09861039,2
10,linha_20-21,F,0.096340659,2
11,linha_20-21,F,0.095945055,2
12,linha_20-21,F,0.095805195,2
13,linha_20-21,F,0.094015984,2
14,linha_20-21,F,0.09047952,2
15,linha_20-21,F,0.090465534,2
16,linha_20-21,F,0.09434965,2
17,linha_20-21,F,0.10047453,2
18,linha_20-21,F,0.10708691,2
19,linha_20-21,F,0.11969131,2
20,linha_20-21,F,0.12311588,2
21,linha_20-21,F,0.12433367,2
22,linha_20-21,F,0.12867832,2
23,linha_20-21,F,0.13184016,2
24,linha_20-21,F,0.13153946,2
1,linha_21-22,F,0.0,2
2,linha_21-22,F,0.0,2
3,linha_21-22,F,0.0,2
4,linha_21-22,F,0.0,2
5,linha_21-22,F,0.0,2
6,linha_21-22,F,0.0,2
7,linha_21-22,F,0.0,2
8,linha_21-22,F,0.0,2
9,linha_21-22,F,0.0,2
10,linha_21-22,F,0.0,2
11,linha_21-22,F,0.0,2
12,linha_21-22,F,0.0,2
13,linha_21-22,F,0.0,2
14,linha_21-22,F,0.0,2
15,linha_21-22,F,0.0,2
16,linha_21-22,F,0.0,2
17,linha_21-22,F,0.0,2
18,linha_21-22,F,0.0,2
19,linha_21-22,F,0.0,2
20,linha_21-22,F,0.0,2
21,linha_21-22,F,0.0,2
22,linha_21-22,F,0.0,2
23,linha_21-22,F,0.0,2
24,linha_21-22,F,0.0,2
1,linha_22-23,F,-0.11530969,2
2,linha_22-23,F,-0.11791009,2
3,linha_22-23,F,-0.1197962,2
4,linha_22-23,F,-0.12066234,2
5,linha_22-23,F,-0.11949151,2
6,linha_22-23,F,-0.11264735,2
7,linha_22-23,F,-0.10412388,2
8,linha_22-23,F,-0.10216284,2
9,linha_22-23,F,-0.09861039,2
10,linha_22-23,F,-0.096340659,2
11,linha_22-23,F,-0.095945055,2
12,linha_22-23,F,-0.095805195,2
13,linha_22-23,F,-0.094015984,2
14,linha_22-23,F,-0.09047952,2
15,linha_22-23,F,-0.090465534,2
16,linha_22-23,F,-0.09434965,2
17,linha_22-23,F,-0.10047453,2
18,linha_22-23,F,-0.10708691,2
19,linha_22-23,F,-0.11969131,2
20,linha_22-23,F,-0.12311588,2
21,linha_22-23,F,-0.12433367,2
22,linha_22-23,F,-0.12867832,2
23,linha_22-23,F,-0.13184016,2
24,linha_22-23,F,-0.13153946,2
1,linha_23-24,F,-0.2303284,2
2,linha_23-24,F,-0.23551364,2
3,linha_23-24,F,-0.23927458,2
4,linha_23-24,F,-0.24100167,2
5,linha_23-24,F,-0.23866702,2
6,linha_23-24,F,-0.22501965,2
7,linha_23-24,F,-0.20802368,2
8,linha_23-24,F,-0.20411333,2
9,linha_23-24,F,-0.19702376,2
10,linha_23-24,F,-0.19248883,2
11,linha_23-24,F,-0.19169841,2
12,linha_23-24,F,-0.19141897,2
13,linha_23-24,F,-0.18784412,2
14,linha_23-24,F,-0.18077826,2
15,linha_23-24,F,-0.18075032,2
16,linha_23-24,F,-0.18851079,2
17,linha_23-24,F,-0.20074681,2
18,linha_23-24,F,-0.21393203,2
19,linha_23-24,F,-0.23906542,2
20,linha_23-24,F,-0.24589409,2
21,linha_23-24,F,-0.24832237,2
22,linha_23-24,F,-0.25698569,2
23,linha_23-24,F,-0.26329045,2
24,linha_23-24,F,-0.26269085,2
1,linha_24-25,F,-0.34482793,2
2,linha_24-25,F,-0.35257737,2
3,linha_24-25,F,-0.35819817,2
4,linha_24-25,F,-0.36077933,2
5,linha_24-25,F,-0.35729014,2
6,linha_24-25,F,-0.33689391,2
7,linha_24-25,F,-0.31149313,2
8,linha_24-25,F,-0.30564905,2
9,linha_24-25,F,-0.29505058,2
10,linha_24-25,F,-0.28826854,2
11,linha_24-25,F,-0.28708645,2
12,linha_24-25,F,-0.28666855,2
13,linha_24-25,F,-0.28132231,2
14,linha_24-25,F,-0.27075522,2
15,linha_24-25,F,-0.27071343,2
16,linha_24-25,F,-0.28231932,2
17,linha_24-25,F,-0.30061772,2
18,linha_24-25,F,-0.32032326,2
19,linha_24-25,F,-0.35788557,2
20,linha_24-25,F,-0.36809113,2
21,linha_24-25,F,-0.37172024,2
22,linha_24-25,F,-0.38466773,2
23,linha_24-25,F,-0.39409031,2
24,linha_24-25,F,-0.39319419,2
1,linha_25-26,F,0.2303284,2
2,linha_25-26,F,0.23551364,2
3,linha_25-26,F,0.23927458,2
4,linha_25-26,F,0.24100167,2
5,linha_25-26,F,0.23866702,2
6,linha_25-26,F,0.22501965,2
7,linha_25-26,F,0.20802368,2
8,linha_25-26,F,0.20411333,2
9,linha_25-26,F,0.19702376,2
10,linha_25-26,F,0.19248883,2
11,linha_25-26,F,0.19169841,2
12,linha_25-26,F,0.19141897,2
13,linha_25-26,F,0.18784412,2
14,linha_25-26,F,0.18077826,2
15,linha_25-26,F,0.18075032,2
16,linha_25-26,F,0.18851079,2
17,linha_25-26,F,0.20074681,2
18,linha_25-26,F,0.21393203,2
19,linha_25-26,F,0.23906542,2
20,linha_25-26,F,0.24589409,2
21,linha_25-26,F,0.24832237,2
22,linha_25-26,F,0.25698569,2
23,linha_25-26,F,0.26329045,2
24,linha_25-26,F,0.26269085,2
1,linha_26-27,F,0.11530969,2
2,linha_26-27,F,0.11791009,2
3,linha_26-27,F,0.1197962,2
4,linha_26-27,F,0.12066234,2
5,linha_26-27,F,0.11949151,2
6,linha_26-27,F,0.11264735,2
7,linha_26-27,F,0.10412388,2
8,linha_26-27,F,0.10216284,2
9,linha_26-27,F,0.09861039,2
10,linha_26-27,F,0.096340659,2
11,linha_26-27,F,0.095945055,2
12,linha_26-27,F,0.095805195,2
13,linha_26-27,F,0.094015984,2
14,linha_26-27,F,0.09047952,2
15,linha_26-27,F,0.090465534,2
16,linha_26-27,F,0.09434965,2
17,linha_26-27,F,0.10047453,2
18,linha_26-27,F,0.10708691,2
19,linha_26-27,F,0.11969131,2
20,linha_26-27,F,0.12311588,2
21,linha_26-27,F,0.12433367,2
22,linha_26-27,F,0.12867832,2
23,linha_26-27,F,0.13184016,2
24,linha_26-27,F,0.13153946,2
1,linha_27-28,F,0.0,2
2,linha_27-28,F,0.0,2
3,linha_27-28,F,0.0,2
4,linha_27-28,F,0.0,2
5,linha_27-28,F,0.0,2
6,linha_27-28,F,0.0,2
7,linha_27-28,F,0.0,2
8,linha_27-28,F,0.0,2
9,linha_27-28,F,0.0,2
10,linha_27-28,F,0.0,2
11,linha_27-28,F,0.0,2
12,linha_27-28,F,0.0,2
13,linha_27-28,F,0.0,2
14,linha_27-28,F,0.0,2
15,linha_27-28,F,0.0,2
16,linha_27-28,F,0.0,2
17,linha_27-28,F,0.0,2
18,linha_27-28,F,0.0,2
19,linha_27-28,F,0.0,2
20,linha_27-28,F,0.0,2
21,linha_27-28,F,0.0,2
22,linha_27-28,F,0.0,2
23,linha_27-28,F,0.0,2
24,linha_27-28,F,0.0,2
1,linha_28-29,F,-0.11530969,2
2,linha_28-29,F,-0.11791009,2
3,linha_28-29,F,-0.1197962,2
4,linha_28-29,F,-0.12066234,2
5,linha_28-29,F,-0.11949151,2
6,linha_28-29,F,-0.11264735,2
7,linha_28-29,F,-0.10412388,2
8,linha_28-29,F,-0.10216284,2
9,linha_28-29,F,-0.09861039,2
10,linha_28-29,F,-0.096340659,2
11,linha_28-29,F,-0.095945055,2
12,linha_28-29,F,-0.095805195,2
13,linha_28-29,F,-0.094015984,2
14,linha_28-29,F,-0.09047952,2
15,linha_28-29,F,-0.090465534,2
16,linha_28-29,F,-0.09434965,2
17,linha_28-29,F,-0.10047453,2
18,linha_28-29,F,-0.10708691,2
19,linha_28-29,F,-0.11969131,2
20,linha_28-29,F,-0.12311588,2
21,linha_28-29,F,-0.12433367,2
22,linha_28-29,F,-0.12867832,2
23,linha_28-29,F,-0.13184016,2
24,linha_28-29,F,-0.13153946,2
1,linha_29-30,F,-0.2303284,2
2,linha_29-30,F,-0.23551364,2
3,linha_29-30,F,-0.23927458,2
4,linha_29-30,F,-0.24100167,2
5,linha_29-30,F,-0.23866702,2
6,linha_29-30,F,-0.22501965,2
7,linha_29-30,F,-0.20802368,2
8,linha_29-30,F,-0.20411333,2
9,linha_29-30,F,-0.19702376,2
10,linha_29-30,F,-0.19248883,2
11,linha_29-30,F,-0.19169841,2
12,linha_29-30,F,-0.19141897,2
13,linha_29-30,F,-0.18784412,2
14,linha_29-30,F,-0.18077826,2
15,linha_29-30,F,-0.18075032,2
16,linha_29-30,F,-0.18851079,2
17,linha_29-30,F,-0.20074681,2
18,linha_29-30,F,-0.21393203,2
19,linha_29-30,F,-0.23906542,2
20,linha_29-30,F,-0.24589409,2
21,linha_29-30,F,-0.24832237,2
22,linha_29-30,F,-0.25698569,2
23,linha_29-30,F,-0.26329045,2
24,linha_29-30,F,-0.26269085,2
1,linha_30-31,F,0.34482793,2
2,linha_30-31,F,0.35257737,2
3,linha_30-31,F,0.35819817,2
4,linha_30-31,F,0.36077933,2
5,linha_30-31,F,0.35729014,2
6,linha_30-31,F,0.33689391,2
7,linha_30-31,F,0.31149313,2
8,linha_30-31,F,0.30564905,2
9,linha_30-31,F,0.29505058,2
10,linha_30-31,F,0.28826854,2
11,linha_30-31,F,0.28708645,2
12,linha_30-31,F,0.28666855,2
13,linha_30-31,F,0.28132231,2
14,linha_30-31,F,0.27075522,2
15,linha_30-31,F,0.27071343,2
16,linha_30-31,F,0.28231932,2
17,linha_30-31,F,0.30061772,2
18,linha_30-31,F,0.32032326,2
19,linha_30-31,F,0.35788557,2
20,linha_30-31,F,0.36809113,2
21,linha_30-31,F,0.37172024,2
22,linha_30-31,F,0.38466773,2
23,linha_30-31,F,0.39409031,2
24,linha_30-31,F,0.39319419,2
1,linha_31-32,F,0.2303284,2
2,linha_31-32,F,0.23551364,2
3,linha_31-32,F,0.23927458,2
4,linha_31-32,F,0.24100167,2
5,linha_31-32,F,0.23866702,2
6,linha_31-32,F,0.22501965,2
7,linha_31-32,F,0.20802368,2
8,linha_31-32,F,0.20411333,2
9,linha_31-32,F,0.19702376,2
10,linha_31-32,F,0.19248883,2
11,linha_31-32,F,0.19169841,2
12,linha_31-32,F,0.19141897,2
13,linha_31-32,F,0.18784412,2
14,linha_31-32,F,0.18077826,2
15,linha_31-32,F,0.18075032,2
16,linha_31-32,F,0.18851079,2
17,linha_31-32,F,0.20074681,2
18,linha_31-32,F,0.21393203,2
19,linha_31-32,F,0.23906542,2
20,linha_31-32,F,0.24589409,2
21,linha_31-32,F,0.24832237,2
22,linha_31-32,F,0.25698569,2
23,linha_31-32,F,0.26329045,2
24,linha_31-32,F,0.26269085,2
1,linha_32-33,F,0.11530969,2
2,linha_32-33,F,0.11791009,2
3,linha_32-33,F,0.1197962,2
4,linha_32-33,F,0.12066234,2
5,linha_32-33,F,0.11949151,2
6,linha_32-33,F,0.11264735,2
7,linha_32-33,F,0.10412388,2
8,linha_32-33,F,0.10216284,2
9,linha_32-33,F,0.09861039,2
10,linha_32-33,F,0.096340659,2
11,linha_32-33,F,0.095945055,2
12,linha_32-33,F,0.095805195,2
13,linha_32-33,F,0.094015984,2
14,linha_32-33,F,0.09047952,2
15,linha_32-33,F,0.090465534,2
16,linha_32-33,F,0.09434965,2
17,linha_32-33,F,0.10047453,2
18,linha_32-33,F,0.10708691,2
19,linha_32-33,F,0.11969131,2
20,linha_32-33,F,0.12311588,2
21,linha_32-33,F,0.12433367,2
22,linha_32-33,F,0.12867832,2
23,linha_32-33,F,0.13184016,2
24,linha_32-33,F,0.13153946,2
1,linha_1-2,Ploss,0.00023061938,2
2,linha_1-2,Ploss,0.00023582018,2
3,linha_1-2,Ploss,0.00023959241,2
4,linha_1-2,Ploss,0.00024132468,2
5,linha_1-2,Ploss,0.00023898302,2
6,linha_1-2,Ploss,0.00022529471,2
7,linha_1-2,Ploss,0.00020824775,2
8,linha_1-2,Ploss,0.00020432567,2
9,linha_1-2,Ploss,0.00019722078,2
10,linha_1-2,Ploss,0.00019268132,2
11,linha_1-2,Ploss,0.00019189011,2
12,linha_1-2,Ploss,0.00019161039,2
13,linha_1-2,Ploss,0.00018803197,2
14,linha_1-2,Ploss,0.00018095904,2
15,linha_1-2,Ploss,0.00018093107,2
16,linha_1-2,Ploss,0.0001886993,2
17,linha_1-2,Ploss,0.00020094905,2
18,linha_1-2,Ploss,0.00021417383,2
19,linha_1-2,Ploss,0.00023938262,2
20,linha_1-2,Ploss,0.00024623177,2
21,linha_1-2,Ploss,0.00024866733,2
22,linha_1-2,Ploss,0.00025735664,2
23,linha_1-2,Ploss,0.00026368032,2
24,linha_1-2,Ploss,0.00026307892,2
1,linha_2-3,Ploss,0.00058197037,2
2,linha_2-3,Ploss,0.00061308183,2
3,linha_2-3,Ploss,0.0006356475,2
4,linha_2-3,Ploss,0.00064601002,2
5,linha_2-3,Ploss,0.0006320021,2
6,linha_2-3,Ploss,0.00055011788,2
7,linha_2-3,Ploss,0.00044814209,2
8,linha_2-3,Ploss,0.00042468001,2
9,linha_2-3,Ploss,0.00039404751,2
10,linha_2-3,Ploss,0.00038497766,2
11,linha_2-3,Ploss,0.00038339682,2
12,linha_2-3,Ploss,0.00038283794,2
13,linha_2-3,Ploss,0.00037568825,2
14,linha_2-3,Ploss,0.00036155653,2
15,linha_2-3,Ploss,0.00036150064,2
16,linha_2-3,Ploss,0.00037702158,2
17,linha_2-3,Ploss,0.00040448086,2
18,linha_2-3,Ploss,0.00048359218,2
19,linha_2-3,Ploss,0.00063439253,2
20,linha_2-3,Ploss,0.00067536452,2
21,linha_2-3,Ploss,0.00068993419,2
22,linha_2-3,Ploss,0.00074191412,2
23,linha_2-3,Ploss,0.00077974269,2
24,linha_2-3,Ploss,0.00077614509,2
1,linha_3-4,Ploss,0.0012689676,2
2,linha_3-4,Ploss,0.0013154642,2
3,linha_3-4,Ploss,0.001349189,2
4,linha_3-4,Ploss,0.001364676,2
5,linha_3-4,Ploss,0.0013437409,2
6,linha_3-4,Ploss,0.0012213634,2
7,linha_3-4,Ploss,0.0010689588,2
8,linha_3-4,Ploss,0.0010338943,2
9,linha_3-4,Ploss,0.00097030348,2
10,linha_3-4,Ploss,0.00092961121,2
11,linha_3-4,Ploss,0.00092251872,2
12,linha_3-4,Ploss,0.00092001128,2
13,linha_3-4,Ploss,0.00088793388,2
14,linha_3-4,Ploss,0.00082453131,2
15,linha_3-4,Ploss,0.00082428057,2
16,linha_3-4,Ploss,0.00089391593,2
17,linha_3-4,Ploss,0.0010037063,2
18,linha_3-4,Ploss,0.0011219396,2
19,linha_3-4,Ploss,0.0013473134,2
20,linha_3-4,Ploss,0.0014085468,2
21,linha_3-4,Ploss,0.0014303214,2
22,linha_3-4,Ploss,0.0015080064,2
23,linha_3-4,Ploss,0.0015645418,2
24,linha_3-4,Ploss,0.0015591652,2
1,linha_4-5,Ploss,0.0021852581,2
2,linha_4-5,Ploss,0.0022880362,2
3,linha_4-5,Ploss,0.0023625828,2
4,linha_4-5,Ploss,0.0023968158,2
5,linha_4-5,Ploss,0.00235054,2
6,linha_4-5,Ploss,0.0020800321,2
7,linha_4-5,Ploss,0.0017431508,2
8,linha_4-5,Ploss,0.0016656428,2
9,linha_4-5,Ploss,0.0015549816,2
10,linha_4-5,Ploss,0.0015009416,2
11,linha_4-5,Ploss,0.0014915226,2
12,linha_4-5,Ploss,0.0014881927,2
13,linha_4-5,Ploss,0.0014455933,2
14,linha_4-5,Ploss,0.0013613935,2
15,linha_4-5,Ploss,0.0013610605,2
16,linha_4-5,Ploss,0.0014535376,2
17,linha_4-5,Ploss,0.0015993471,2
18,linha_4-5,Ploss,0.0018602616,2
19,linha_4-5,Ploss,0.0023584369,2
20,linha_4-5,Ploss,0.0024937896,2
21,linha_4-5,Ploss,0.0025419212,2
22,linha_4-5,Ploss,0.002713639,2
23,linha_4-5,Ploss,0.0028386073,2
24,linha_4-5,Ploss,0.0028267225,2
1,linha_5-6,Ploss,0.0033120217,2
2,linha_5-6,Ploss,0.0034396776,2
3,linha_5-6,Ploss,0.0035322685,2
4,linha_5-6,Ploss,0.0035747878,2
5,linha_5-6,Ploss,0.0035173108,2
6,linha_5-6,Ploss,0.0031813253,2
7,linha_5-6,Ploss,0.0027629005,2
8,linha_5-6,Ploss,0.0026666314,2
9,linha_5-6,Ploss,0.0024918253,2
10,linha_5-6,Ploss,0.0023798685,2
11,linha_5-6,Ploss,0.0023603549,2
12,linha_5-6,Ploss,0.0023534562,2
13,linha_5-6,Ploss,0.0022652015,2
14,linha_5-6,Ploss,0.0020907618,2
15,linha_5-6,Ploss,0.0020900719,2
16,linha_5-6,Ploss,0.00228166,2
17,linha_5-6,Ploss,0.0025837464,2
18,linha_5-6,Ploss,0.0029083585,2
19,linha_5-6,Ploss,0.0035271191,2
20,linha_5-6,Ploss,0.0037330635,2
21,linha_5-6,Ploss,0.003816592,2
22,linha_5-6,Ploss,0.004114595,2
23,linha_5-6,Ploss,0.0043314677,2
24,linha_5-6,Ploss,0.0043108425,2
1,linha_6-7,Ploss,0.0016,2
2,linha_6-7,Ploss,0.0016,2
3,linha_6-7,Ploss,0.0016,2
4,linha_6-7,Ploss,0.001614514,2
5,linha_6-7,Ploss,0.0016,2
6,linha_6-7,Ploss,0.0015105515,2
7,linha_6-7,Ploss,0.0011552112,2
8,linha_6-7,Ploss,0.0010734562,2
9,linha_6-7,Ploss,0.00098808973,2
10,linha_6-7,Ploss,0.0009744985,2
11,linha_6-7,Ploss,0.00097212961,2
12,linha_6-7,Ploss,0.00097129212,2
13,linha_6-7,Ploss,0.00096057827,2
14,linha_6-7,Ploss,0.00093940179,2
15,linha_6-7,Ploss,0.00093931805,2
16,linha_6-7,Ploss,0.00096257627,2
17,linha_6-7,Ploss,0.0010081515,2
18,linha_6-7,Ploss,0.001278739,2
19,linha_6-7,Ploss,0.0016,2
20,linha_6-7,Ploss,0.0017359242,2
21,linha_6-7,Ploss,0.0017961845,2
22,linha_6-7,Ploss,0.0020111736,2
23,linha_6-7,Ploss,0.0021676326,2
24,linha_6-7,Ploss,0.0021527529,2
1,linha_7-8,Ploss,0.00091499498,2
2,linha_7-8,Ploss,0.00089932999,2
3,linha_7-8,Ploss,0.0008879679,2
4,linha_7-8,Ploss,0.00089152852,2
5,linha_7-8,Ploss,0.00088980341,2
6,linha_7-8,Ploss,0.00084104629,2
7,linha_7-8,Ploss,0.00053491353,2
8,linha_7-8,Ploss,0.00046448004,2
9,linha_7-8,Ploss,0.0004,2
10,linha_7-8,Ploss,0.0004,2
11,linha_7-8,Ploss,0.0004,2
12,linha_7-8,Ploss,0.0004,2
13,linha_7-8,Ploss,0.0004,2
14,linha_7-8,Ploss,0.0004,2
15,linha_7-8,Ploss,0.0004,2
16,linha_7-8,Ploss,0.0004,2
17,linha_7-8,Ploss,0.00040895277,2
18,linha_7-8,Ploss,0.00064133521,2
19,linha_7-8,Ploss,0.0008885998,2
20,linha_7-8,Ploss,0.00095017885,2
21,linha_7-8,Ploss,0.0009792891,2
22,linha_7-8,Ploss,0.0010831451,2
23,linha_7-8,Ploss,0.0011587267,2
24,linha_7-8,Ploss,0.0011515386,2
1,linha_8-9,Ploss,0.00034207206,2
2,linha_8-9,Ploss,0.00033161828,2
3,linha_8-9,Ploss,0.00032403597,2
4,linha_8-9,Ploss,0.00032349186,2
5,linha_8-9,Ploss,0.00032526087,2
6,linha_8-9,Ploss,0.00032265914,2
7,linha_8-9,Ploss,0.00023728738,2
8,linha_8-9,Ploss,0.00021764547,2
9,linha_8-9,Ploss,0.00020318519,2
10,linha_8-9,Ploss,0.00020773373,2
11,linha_8-9,Ploss,0.00020852653,2
12,linha_8-9,Ploss,0.00020880681,2
13,linha_8-9,Ploss,0.00021239239,2
14,linha_8-9,Ploss,0.00021947948,2
15,linha_8-9,Ploss,0.00021950751,2
16,linha_8-9,Ploss,0.00021172372,2
17,linha_8-9,Ploss,0.00020244566,2
18,linha_8-9,Ploss,0.00026696537,2
19,linha_8-9,Ploss,0.00032445766,2
20,linha_8-9,Ploss,0.00033820333,2
21,linha_8-9,Ploss,0.00034550516,2
22,linha_8-9,Ploss,0.00037155573,2
23,linha_8-9,Ploss,0.00039051413,2
24,linha_8-9,Ploss,0.00038871113,2
1,linha_9-10,Ploss,0.00011167581,2
2,linha_9-10,Ploss,9.5989886e-05,2
3,linha_9-10,Ploss,8.461262e-05,2
4,linha_9-10,Ploss,8.2331682e-05,2
5,linha_9-10,Ploss,8.6450579e-05,2
6,linha_9-10,Ploss,9.7559354e-05,2
7,linha_9-10,Ploss,2.9097764e-05,2
8,linha_9-10,Ploss,1.3346463e-05,2
9,linha_9-10,Ploss,5.9763467e-06,2
10,linha_9-10,Ploss,1.508255e-05,2
11,linha_9-10,Ploss,1.6669723e-05,2
12,linha_9-10,Ploss,1.7230844e-05,2
13,linha_9-10,Ploss,2.4409194e-05,2
14,linha_9-10,Ploss,3.8597557e-05,2
15,linha_9-10,Ploss,3.8653669e-05,2
16,linha_9-10,Ploss,2.3070518e-05,2
17,linha_9-10,Ploss,1.4996015e-06,2
18,linha_9-10,Ploss,5.2897234e-05,2
19,linha_9-10,Ploss,8.524536e-05,2
20,linha_9-10,Ploss,9.2155692e-05,2
21,linha_9-10,Ploss,9.7031697e-05,2
22,linha_9-10,Ploss,0.00011442771,2
23,linha_9-10,Ploss,0.00012708773,2
24,linha_9-10,Ploss,0.00012588373,2
1,linha_10-11,Ploss,0.00011894357,2
2,linha_10-11,Ploss,0.00013983029,2
3,linha_10-11,Ploss,0.00015497979,2
4,linha_10-11,Ploss,0.00015899299,2
5,linha_10-11,Ploss,0.00015253244,2
6,linha_10-11,Ploss,0.00012773535,2
7,linha_10-11,Ploss,0.00017914999,2
8,linha_10-11,Ploss,0.00019097921,2
9,linha_10-11,Ploss,0.00019124443,2
10,linha_10-11,Ploss,0.00017759877,2
11,linha_10-11,Ploss,0.00017522039,2
12,linha_10-11,Ploss,0.00017437955,2
13,linha_10-11,Ploss,0.00016362277,2
14,linha_10-11,Ploss,0.00014236148,2
15,linha_10-11,Ploss,0.0001422774,2
16,linha_10-11,Ploss,0.00016562878,2
17,linha_10-11,Ploss,0.00019944945,2
18,linha_10-11,Ploss,0.00016127659,2
19,linha_10-11,Ploss,0.00015413726,2
20,linha_10-11,Ploss,0.00015407608,2
21,linha_10-11,Ploss,0.00015163564,2
22,linha_10-11,Ploss,0.00014292893,2
23,linha_10-11,Ploss,0.00013659259,2
24,linha_10-11,Ploss,0.0001371952,2
1,linha_11-12,Ploss,0.0003493253,2
2,linha_11-12,Ploss,0.00037537109,2
3,linha_11-12,Ploss,0.00039426254,2
4,linha_11-12,Ploss,0.0004,2
5,linha_11-12,Ploss,0.00039121069,2
6,linha_11-12,Ploss,0.00035277484,2
7,linha_11-12,Ploss,0.0003870398,2
8,linha_11-12,Ploss,0.00039492331,2
9,linha_11-12,Ploss,0.0003880831,2
10,linha_11-12,Ploss,0.00036992524,2
11,linha_11-12,Ploss,0.00036676041,2
12,linha_11-12,Ploss,0.00036564152,2
13,linha_11-12,Ploss,0.00035132782,2
14,linha_11-12,Ploss,0.00032303609,2
15,linha_11-12,Ploss,0.0003229242,2
16,linha_11-12,Ploss,0.00035399716,2
17,linha_11-12,Ploss,0.0004,2
18,linha_11-12,Ploss,0.00037512819,2
19,linha_11-12,Ploss,0.00039321191,2
20,linha_11-12,Ploss,0.0004,2
21,linha_11-12,Ploss,0.0004,2
22,linha_11-12,Ploss,0.0004,2
23,linha_11-12,Ploss,0.0004,2
24,linha_11-12,Ploss,0.0004,2
1,linha_12-13,Ploss,0.00093666793,2
2,linha_12-13,Ploss,0.001030065,2
3,linha_12-13,Ploss,0.0010978074,2
4,linha_12-13,Ploss,0.0011201376,2
5,linha_12-13,Ploss,0.0010868639,2
6,linha_12-13,Ploss,0.0009310331,2
7,linha_12-13,Ploss,0.00098237914,2
8,linha_12-13,Ploss,0.00099419258,2
9,linha_12-13,Ploss,0.00095248162,2
10,linha_12-13,Ploss,0.00088463406,2
11,linha_12-13,Ploss,0.00087280851,2
12,linha_12-13,Ploss,0.00086862776,2
13,linha_12-13,Ploss,0.00081514405,2
14,linha_12-13,Ploss,0.00070943086,2
15,linha_12-13,Ploss,0.00070901278,2
16,linha_12-13,Ploss,0.00082511812,2
17,linha_12-13,Ploss,0.00099925224,2
18,linha_12-13,Ploss,0.00096452959,2
19,linha_12-13,Ploss,0.00109404,2
20,linha_12-13,Ploss,0.0011348295,2
21,linha_12-13,Ploss,0.0011421216,2
22,linha_12-13,Ploss,0.0011681376,2
23,linha_12-13,Ploss,0.0011870708,2
24,linha_12-13,Ploss,0.0011852702,2
1,linha_13-14,Ploss,0.001635834,2
2,linha_13-14,Ploss,0.0018161572,2
3,linha_13-14,Ploss,0.0019469486,2
4,linha_13-14,Ploss,0.0019924961,2
5,linha_13-14,Ploss,0.0019258197,2
6,linha_13-14,Ploss,0.0016,2
7,linha_13-14,Ploss,0.0016,2
8,linha_13-14,Ploss,0.0016,2
9,linha_13-14,Ploss,0.0015372664,2
10,linha_13-14,Ploss,0.0014562335,2
11,linha_13-14,Ploss,0.0014421098,2
12,linha_13-14,Ploss,0.0014371165,2
13,linha_13-14,Ploss,0.0013732389,2
14,linha_13-14,Ploss,0.0012469816,2
15,linha_13-14,Ploss,0.0012464823,2
16,linha_13-14,Ploss,0.0013851513,2
17,linha_13-14,Ploss,0.0015949197,2
18,linha_13-14,Ploss,0.0016,2
19,linha_13-14,Ploss,0.0019396747,2
20,linha_13-14,Ploss,0.0020412256,2
21,linha_13-14,Ploss,0.0020654117,2
22,linha_13-14,Ploss,0.0021517001,2
23,linha_13-14,Ploss,0.0022144968,2
24,linha_13-14,Ploss,0.0022085247,2
1,linha_14-15,Ploss,0.00029139736,2
2,linha_14-15,Ploss,0.00030698937,2
3,linha_14-15,Ploss,0.00031829852,2
4,linha_14-15,Ploss,0.00032349186,2
5,linha_14-15,Ploss,0.00031647156,2
6,linha_14-15,Ploss,0.00027543398,2
7,linha_14-15,Ploss,0.00022432718,2
8,linha_14-15,Ploss,0.00021256878,2
9,linha_14-15,Ploss,0.00019722078,2
10,linha_14-15,Ploss,0.00019268132,2
11,linha_14-15,Ploss,0.00019189011,2
12,linha_14-15,Ploss,0.00019161039,2
13,linha_14-15,Ploss,0.00018803197,2
14,linha_14-15,Ploss,0.00018095904,2
15,linha_14-15,Ploss,0.00018093107,2
16,linha_14-15,Ploss,0.0001886993,2
17,linha_14-15,Ploss,0.00020244566,2
18,linha_14-15,Ploss,0.00024209356,2
19,linha_14-15,Ploss,0.00031766957,2
20,linha_14-15,Ploss,0.00033820333,2
21,linha_14-15,Ploss,0.00034550516,2
22,linha_14-15,Ploss,0.00037155573,2
23,linha_14-15,Ploss,0.00039051413,2
24,linha_14-15,Ploss,0.00038871113,2
1,linha_15-16,Ploss,6.0899661e-05,2
2,linha_15-16,Ploss,7.1311671e-05,2
3,linha_15-16,Ploss,7.8863679e-05,2
4,linha_15-16,Ploss,8.2331682e-05,2
5,linha_15-16,Ploss,7.7643678e-05,2
6,linha_15-16,Ploss,5.023965e-05,2
7,linha_15-16,Ploss,1.6111616e-05,2
8,linha_15-16,Ploss,8.2596083e-06,2
9,linha_15-16,Ploss,0.0,2
10,linha_15-16,Ploss,0.0,2
11,linha_15-16,Ploss,0.0,2
12,linha_15-16,Ploss,0.0,2
13,linha_15-16,Ploss,0.0,2
14,linha_15-16,Ploss,0.0,2
15,linha_15-16,Ploss,0.0,2
16,linha_15-16,Ploss,0.0,2
17,linha_15-16,Ploss,1.4996015e-06,2
18,linha_15-16,Ploss,2.7975628e-05,2
19,linha_15-16,Ploss,7.8443678e-05,2
20,linha_15-16,Ploss,9.2155692e-05,2
21,linha_15-16,Ploss,9.7031697e-05,2
22,linha_15-16,Ploss,0.00011442771,2
23,linha_15-16,Ploss,0.00012708773,2
24,linha_15-16,Ploss,0.00012588373,2
1,linha_16-17,Ploss,0.00016971972,2
2,linha_16-17,Ploss,0.00016450851,2
3,linha_16-17,Ploss,0.00016072873,2
4,linha_16-17,Ploss,0.00015899299,2
5,linha_16-17,Ploss,0.00016133934,2
6,linha_16-17,Ploss,0.00017505506,2
7,linha_16-17,Ploss,0.00019213614,2
8,linha_16-17,Ploss,0.00019606607,2
9,linha_16-17,Ploss,0.00019722078,2
10,linha_16-17,Ploss,0.00019268132,2
11,linha_16-17,Ploss,0.00019189011,2
12,linha_16-17,Ploss,0.00019161039,2
13,linha_16-17,Ploss,0.00018803197,2
14,linha_16-17,Ploss,0.00018095904,2
15,linha_16-17,Ploss,0.00018093107,2
16,linha_16-17,Ploss,0.0001886993,2
17,linha_16-17,Ploss,0.00019944945,2
18,linha_16-17,Ploss,0.0001861982,2
19,linha_16-17,Ploss,0.00016093894,2
20,linha_16-17,Ploss,0.00015407608,2
21,linha_16-17,Ploss,0.00015163564,2
22,linha_16-17,Ploss,0.00014292893,2
23,linha_16-17,Ploss,0.00013659259,2
24,linha_16-17,Ploss,0.0001371952,2
1,linha_17-18,Ploss,0.0004,2
2,linha_17-18,Ploss,0.0004,2
3,linha_17-18,Ploss,0.0004,2
4,linha_17-18,Ploss,0.0004,2
5,linha_17-18,Ploss,0.0004,2
6,linha_17-18,Ploss,0.0004,2
7,linha_17-18,Ploss,0.0004,2
8,linha_17-18,Ploss,0.0004,2
9,linha_17-18,Ploss,0.00039404751,2
10,linha_17-18,Ploss,0.00038497766,2
11,linha_17-18,Ploss,0.00038339682,2
12,linha_17-18,Ploss,0.00038283794,2
13,linha_17-18,Ploss,0.00037568825,2
14,linha_17-18,Ploss,0.00036155653,2
15,linha_17-18,Ploss,0.00036150064,2
16,linha_17-18,Ploss,0.00037702158,2
17,linha_17-18,Ploss,0.0004,2
18,linha_17-18,Ploss,0.0004,2
19,linha_17-18,Ploss,0.0004,2
20,linha_17-18,Ploss,0.0004,2
21,linha_17-18,Ploss,0.0004,2
22,linha_17-18,Ploss,0.0004,2
23,linha_17-18,Ploss,0.0004,2
24,linha_17-18,Ploss,0.0004,2
1,linha_18-19,Ploss,0.0012689676,2
2,linha_18-19,Ploss,0.0013154642,2
3,linha_18-19,Ploss,0.001349189,2
4,linha_18-19,Ploss,0.001364676,2
5,linha_18-19,Ploss,0.0013437409,2
6,linha_18-19,Ploss,0.0012213634,2
7,linha_18-19,Ploss,0.0010689588,2
8,linha_18-19,Ploss,0.0010338943,2
9,linha_18-19,Ploss,0.00097030348,2
10,linha_18-19,Ploss,0.00092961121,2
11,linha_18-19,Ploss,0.00092251872,2
12,linha_18-19,Ploss,0.00092001128,2
13,linha_18-19,Ploss,0.00088793388,2
14,linha_18-19,Ploss,0.00082453131,2
15,linha_18-19,Ploss,0.00082428057,2
16,linha_18-19,Ploss,0.00089391593,2
17,linha_18-19,Ploss,0.0010037063,2
18,linha_18-19,Ploss,0.0011219396,2
19,linha_18-19,Ploss,0.0013473134,2
20,linha_18-19,Ploss,0.0014085468,2
21,linha_18-19,Ploss,0.0014303214,2
22,linha_18-19,Ploss,0.0015080064,2
23,linha_18-19,Ploss,0.0015645418,2
24,linha_18-19,Ploss,0.0015591652,2
1,linha_19-20,Ploss,0.00058197037,2
2,linha_19-20,Ploss,0.00061308183,2
3,linha_19-20,Ploss,0.0006356475,2
4,linha_19-20,Ploss,0.00064601002,2
5,linha_19-20,Ploss,0.0006320021,2
6,linha_19-20,Ploss,0.00055011788,2
7,linha_19-20,Ploss,0.00044814209,2
8,linha_19-20,Ploss,0.00042468001,2
9,linha_19-20,Ploss,0.00039404751,2
10,linha_19-20,Ploss,0.00038497766,2
11,linha_19-20,Ploss,0.00038339682,2
12,linha_19-20,Ploss,0.00038283794,2
13,linha_19-20,Ploss,0.00037568825,2
14,linha_19-20,Ploss,0.00036155653,2
15,linha_19-20,Ploss,0.00036150064,2
16,linha_19-20,Ploss,0.00037702158,2
17,linha_19-20,Ploss,0.00040448086,2
18,linha_19-20,Ploss,0.00048359218,2
19,linha_19-20,Ploss,0.00063439253,2
20,linha_19-20,Ploss,0.00067536452,2
21,linha_19-20,Ploss,0.00068993419,2
22,linha_19-20,Ploss,0.00074191412,2
23,linha_19-20,Ploss,0.00077974269,2
24,linha_19-20,Ploss,0.00077614509,2
1,linha_20-21,Ploss,0.00023061938,2
2,linha_20-21,Ploss,0.00023582018,2
3,linha_20-21,Ploss,0.00023959241,2
4,linha_20-21,Ploss,0.00024132468,2
5,linha_20-21,Ploss,0.00023898302,2
6,linha_20-21,Ploss,0.00022529471,2
7,linha_20-21,Ploss,0.00020824775,2
8,linha_20-21,Ploss,0.00020432567,2
9,linha_20-21,Ploss,0.00019722078,2
10,linha_20-21,Ploss,0.00019268132,2
11,linha_20-21,Ploss,0.00019189011,2
12,linha_20-21,Ploss,0.00019161039,2
13,linha_20-21,Ploss,0.00018803197,2
14,linha_20-21,Ploss,0.00018095904,2
15,linha_20-21,Ploss,0.00018093107,2
16,linha_20-21,Ploss,0.0001886993,2
17,linha_20-21,Ploss,0.00020094905,2
18,linha_20-21,Ploss,0.00021417383,2
19,linha_20-21,Ploss,0.00023938262,2
20,linha_20-21,Ploss,0.00024623177,2
21,linha_20-21,Ploss,0.00024866733,2
22,linha_20-21,Ploss,0.00025735664,2
23,linha_20-21,Ploss,0.00026368032,2
24,linha_20-21,Ploss,0.00026307892,2
1,linha_21-22,Ploss,0.0,2
2,linha_21-22,Ploss,0.0,2
3,linha_21-22,Ploss,0.0,2
4,linha_21-22,Ploss,0.0,2
5,linha_21-22,Ploss,0.0,2
6,linha_21-22,Ploss,0.0,2
7,linha_21-22,Ploss,0.0,2
8,linha_21-22,Ploss,0.0,2
9,linha_21-22,Ploss,0.0,2
10,linha_21-22,Ploss,0.0,2
11,linha_21-22,Ploss,0.0,2
12,linha_21-22,Ploss,0.0,2
13,linha_21-22,Ploss,0.0,2
14,linha_21-22,Ploss,0.0,2
15,linha_21-22,Ploss,0.0,2
16,linha_21-22,Ploss,0.0,2
17,linha_21-22,Ploss,0.0,2
18,linha_21-22,Ploss,0.0,2
19,linha_21-22,Ploss,0.0,2
20,linha_21-22,Ploss,0.0,2
21,linha_21-22,Ploss,0.0,2
22,linha_21-22,Ploss,0.0,2
23,linha_21-22,Ploss,0.0,2
24,linha_21-22,Ploss,0.0,2
1,linha_22-23,Ploss,0.00023061938,2
2,linha_22-23,Ploss,0.00023582018,2
3,linha_22-23,Ploss,0.00023959241,2
4,linha_22-23,Ploss,0.00024132468,2
5,linha_22-23,Ploss,0.00023898302,2
6,linha_22-23,Ploss,0.00022529471,2
7,linha_22-23,Ploss,0.00020824775,2
8,linha_22-23,Ploss,0.00020432567,2
9,linha_22-23,Ploss,0.00019722078,2
10,linha_22-23,Ploss,0.00019268132,2
11,linha_22-23,Ploss,0.00019189011,2
12,linha_22-23,Ploss,0.00019161039,2
13,linha_22-23,Ploss,0.00018803197,2
14,linha_22-23,Ploss,0.00018095904,2
15,linha_22-23,Ploss,0.00018093107,2
16,linha_22-23,Ploss,0.0001886993,2
17,linha_22-23,Ploss,0.00020094905,2
18,linha_22-23,Ploss,0.00021417383,2
19,linha_22-23,Ploss,0.00023938262,2
20,linha_22-23,Ploss,0.00024623177,2
21,linha_22-23,Ploss,0.00024866733,2
22,linha_22-23,Ploss,0.00025735664,2
23,linha_22-23,Ploss,0.00026368032,2
24,linha_22-23,Ploss,0.00026307892,2
1,linha_23-24,Ploss,0.00058197037,2
2,linha_23-24,Ploss,0.00061308183,2
3,linha_23-24,Ploss,0.0006356475,2
4,linha_23-24,Ploss,0.00064601002,2
5,linha_23-24,Ploss,0.0006320021,2
6,linha_23-24,Ploss,0.00055011788,2
7,linha_23-24,Ploss,0.00044814209,2
8,linha_23-24,Ploss,0.00042468001,2
9,linha_23-24,Ploss,0.00039404751,2
10,linha_23-24,Ploss,0.00038497766,2
11,linha_23-24,Ploss,0.00038339682,2
12,linha_23-24,Ploss,0.00038283794,2
13,linha_23-24,Ploss,0.00037568825,2
14,linha_23-24,Ploss,0.00036155653,2
15,linha_23-24,Ploss,0.00036150064,2
16,linha_23-24,Ploss,0.00037702158,2
17,linha_23-24,Ploss,0.00040448086,2
18,linha_23-24,Ploss,0.00048359218,2
19,linha_23-24,Ploss,0.00063439253,2
20,linha_23-24,Ploss,0.00067536452,2
21,linha_23-24,Ploss,0.00068993419,2
22,linha_23-24,Ploss,0.00074191412,2
23,linha_23-24,Ploss,0.00077974269,2
24,linha_23-24,Ploss,0.00077614509,2
1,linha_24-25,Ploss,0.0012689676,2
2,linha_24-25,Ploss,0.0013154642,2
3,linha_24-25,Ploss,0.001349189,2
4,linha_24-25,Ploss,0.001364676,2
5,linha_24-25,Ploss,0.0013437409,2
6,linha_24-25,Ploss,0.0012213634,2
7,linha_24-25,Ploss,0.0010689588,2
8,linha_24-25,Ploss,0.0010338943,2
9,linha_24-25,Ploss,0.00097030348,2
10,linha_24-25,Ploss,0.00092961121,2
11,linha_24-25,Ploss,0.00092251872,2
12,linha_24-25,Ploss,0.00092001128,2
13,linha_24-25,Ploss,0.00088793388,2
14,linha_24-25,Ploss,0.00082453131,2
15,linha_24-25,Ploss,0.00082428057,2
16,linha_24-25,Ploss,0.00089391593,2
17,linha_24-25,Ploss,0.0010037063,2
18,linha_24-25,Ploss,0.0011219396,2
19,linha_24-25,Ploss,0.0013473134,2
20,linha_24-25,Ploss,0.0014085468,2
21,linha_24-25,Ploss,0.0014303214,2
22,linha_24-25,Ploss,0.0015080064,2
23,linha_24-25,Ploss,0.0015645418,2
24,linha_24-25,Ploss,0.0015591652,2
1,linha_25-26,Ploss,0.00058197037,2
2,linha_25-26,Ploss,0.00061308183,2
3,linha_25-26,Ploss,0.0006356475,2
4,linha_25-26,Ploss,0.00064601002,2
5,linha_25-26,Ploss,0.0006320021,2
6,linha_25-26,Ploss,0.00055011788,2
7,linha_25-26,Ploss,0.00044814209,2
8,linha_25-26,Ploss,0.00042468001,2
9,linha_25-26,Ploss,0.00039404751,2
10,linha_25-26,Ploss,0.00038497766,2
11,linha_25-26,Ploss,0.00038339682,2
12,linha_25-26,Ploss,0.00038283794,2
13,linha_25-26,Ploss,0.00037568825,2
14,linha_25-26,Ploss,0.00036155653,2
15,linha_25-26,Ploss,0.00036150064,2
16,linha_25-26,Ploss,0.00037702158,2
17,linha_25-26,Ploss,0.00040448086,2
18,linha_25-26,Ploss,0.00048359218,2
19,linha_25-26,Ploss,0.00063439253,2
20,linha_25-26,Ploss,0.00067536452,2
21,linha_25-26,Ploss,0.00068993419,2
22,linha_25-26,Ploss,0.00074191412,2
23,linha_25-26,Ploss,0.00077974269,2
24,linha_25-26,Ploss,0.00077614509,2
1,linha_26-27,Ploss,0.00023061938,2
2,linha_26-27,Ploss,0.00023582018,2
3,linha_26-27,Ploss,0.00023959241,2
4,linha_26-27,Ploss,0.00024132468,2
5,linha_26-27,Ploss,0.00023898302,2
6,linha_26-27,Ploss,0.00022529471,2
7,linha_26-27,Ploss,0.00020824775,2
8,linha_26-27,Ploss,0.00020432567,2
9,linha_26-27,Ploss,0.00019722078,2
10,linha_26-27,Ploss,0.00019268132,2
11,linha_26-27,Ploss,0.00019189011,2
12,linha_26-27,Ploss,0.00019161039,2
13,linha_26-27,Ploss,0.00018803197,2
14,linha_26-27,Ploss,0.00018095904,2
15,linha_26-27,Ploss,0.00018093107,2
16,linha_26-27,Ploss,0.0001886993,2
17,linha_26-27,Ploss,0.00020094905,2
18,linha_26-27,Ploss,0.00021417383,2
19,linha_26-27,Ploss,0.00023938262,2
20,linha_26-27,Ploss,0.00024623177,2
21,linha_26-27,Ploss,0.00024866733,2
22,linha_26-27,Ploss,0.00025735664,2
23,linha_26-27,Ploss,0.00026368032,2
24,linha_26-27,Ploss,0.00026307892,2
1,linha_27-28,Ploss,0.0,2
2,linha_27-28,Ploss,0.0,2
3,linha_27-28,Ploss,0.0,2
4,linha_27-28,Ploss,0.0,2
5,linha_27-28,Ploss,0.0,2
6,linha_27-28,Ploss,0.0,2
7,linha_27-28,Ploss,0.0,2
8,linha_27-28,Ploss,0.0,2
9,linha_27-28,Ploss,0.0,2
10,linha_27-28,Ploss,0.0,2
11,linha_27-28,Ploss,0.0,2
12,linha_27-28,Ploss,0.0,2
13,linha_27-28,Ploss,0.0,2
14,linha_27-28,Ploss,0.0,2
15,linha_27-28,Ploss,0.0,2
16,linha_27-28,Ploss,0.0,2
17,linha_27-28,Ploss,0.0,2
18,linha_27-28,Ploss,0.0,2
19,linha_27-28,Ploss,0.0,2
20,linha_27-28,Ploss,0.0,2
21,linha_27-28,Ploss,0.0,2
22,linha_27-28,Ploss,0.0,2
23,linha_27-28,Ploss,0.0,2
24,linha_27-28,Ploss,0.0,2
1,linha_28-29,Ploss,0.00023061938,2
2,linha_28-29,Ploss,0.00023582018,2
3,linha_28-29,Ploss,0.00023959241,2
4,linha_28-29,Ploss,0.00024132468,2
5,linha_28-29,Ploss,0.00023898302,2
6,linha_28-29,Ploss,0.00022529471,2
7,linha_28-29,Ploss,0.00020824775,2
8,linha_28-29,Ploss,0.00020432567,2
9,linha_28-29,Ploss,0.00019722078,2
10,linha_28-29,Ploss,0.00019268132,2
11,linha_28-29,Ploss,0.00019189011,2
12,linha_28-29,Ploss,0.00019161039,2
13,linha_28-29,Ploss,0.00018803197,2
14,linha_28-29,Ploss,0.00018095904,2
15,linha_28-29,Ploss,0.00018093107,2
16,linha_28-29,Ploss,0.0001886993,2
17,linha_28-29,Ploss,0.00020094905,2
18,linha_28-29,Ploss,0.00021417383,2
19,linha_28-29,Ploss,0.00023938262,2
20,linha_28-29,Ploss,0.00024623177,2
21,linha_28-29,Ploss,0.00024866733,2
22,linha_28-29,Ploss,0.00025735664,2
23,linha_28-29,Ploss,0.00026368032,2
24,linha_28-29,Ploss,0.00026307892,2
1,linha_29-30,Ploss,0.00058197037,2
2,linha_29-30,Ploss,0.00061308183,2
3,linha_29-30,Ploss,0.0006356475,2
4,linha_29-30,Ploss,0.00064601002,2
5,linha_29-30,Ploss,0.0006320021,2
6,linha_29-30,Ploss,0.00055011788,2
7,linha_29-30,Ploss,0.00044814209,2
8,linha_29-30,Ploss,0.00042468001,2
9,linha_29-30,Ploss,0.00039404751,2
10,linha_29-30,Ploss,0.00038497766,2
11,linha_29-30,Ploss,0.00038339682,2
12,linha_29-30,Ploss,0.00038283794,2
13,linha_29-30,Ploss,0.00037568825,2
14,linha_29-30,Ploss,0.00036155653,2
15,linha_29-30,Ploss,0.00036150064,2
16,linha_29-30,Ploss,0.00037702158,2
17,linha_29-30,Ploss,0.00040448086,2
18,linha_29-30,Ploss,0.00048359218,2
19,linha_29-30,Ploss,0.00063439253,2
20,linha_29-30,Ploss,0.00067536452,2
21,linha_29-30,Ploss,0.00068993419,2
22,linha_29-30,Ploss,0.00074191412,2
23,linha_29-30,Ploss,0.00077974269,2
24,linha_29-30,Ploss,0.00077614509,2
1,linha_30-31,Ploss,0.0012689676,2
2,linha_30-31,Ploss,0.0013154642,2
3,linha_30-31,Ploss,0.001349189,2
4,linha_30-31,Ploss,0.001364676,2
5,linha_30-31,Ploss,0.0013437409,2
6,linha_30-31,Ploss,0.0012213634,2
7,linha_30-31,Ploss,0.0010689588,2
8,linha_30-31,Ploss,0.0010338943,2
9,linha_30-31,Ploss,0.00097030348,2
10,linha_30-31,Ploss,0.00092961121,2
11,linha_30-31,Ploss,0.00092251872,2
12,linha_30-31,Ploss,0.00092001128,2
13,linha_30-31,Ploss,0.00088793388,2
14,linha_30-31,Ploss,0.00082453131,2
15,linha_30-31,Ploss,0.00082428057,2
16,linha_30-31,Ploss,0.00089391593,2
17,linha_30-31,Ploss,0.0010037063,2
18,linha_30-31,Ploss,0.0011219396,2
19,linha_30-31,Ploss,0.0013473134,2
20,linha_30-31,Ploss,0.0014085468,2
21,linha_30-31,Ploss,0.0014303214,2
22,linha_30-31,Ploss,0.0015080064,2
23,linha_30-31,Ploss,0.0015645418,2
24,linha_30-31,Ploss,0.0015591652,2
1,linha_31-32,Ploss,0.00058197037,2
2,linha_31-32,Ploss,0.00061308183,2
3,linha_31-32,Ploss,0.0006356475,2
4,linha_31-32,Ploss,0.00064601002,2
5,linha_31-32,Ploss,0.0006320021,2
6,linha_31-32,Ploss,0.00055011788,2
7,linha_31-32,Ploss,0.00044814209,2
8,linha_31-32,Ploss,0.00042468001,2
9,linha_31-32,Ploss,0.00039404751,2
10,linha_31-32,Ploss,0.00038497766,2
11,linha_31-32,Ploss,0.00038339682,2
12,linha_31-32,Ploss,0.00038283794,2
13,linha_31-32,Ploss,0.00037568825,2
14,linha_31-32,Ploss,0.00036155653,2
15,linha_31-32,Ploss,0.00036150064,2
16,linha_31-32,Ploss,0.00037702158,2
17,linha_31-32,Ploss,0.00040448086,2
18,linha_31-32,Ploss,0.00048359218,2
19,linha_31-32,Ploss,0.00063439253,2
20,linha_31-32,Ploss,0.00067536452,2
21,linha_31-32,Ploss,0.00068993419,2
22,linha_31-32,Ploss,0.00074191412,2
23,linha_31-32,Ploss,0.00077974269,2
24,linha_31-32,Ploss,0.00077614509,2
1,linha_32-33,Ploss,0.00023061938,2
2,linha_32-33,Ploss,0.00023582018,2
3,linha_32-33,Ploss,0.00023959241,2
4,linha_32-33,Ploss,0.00024132468,2
5,linha_32-33,Ploss,0.00023898302,2
6,linha_32-33,Ploss,0.00022529471,2
7,linha_32-33,Ploss,0.00020824775,2
8,linha_32-33,Ploss,0.00020432567,2
9,linha_32-33,Ploss,0.00019722078,2
10,linha_32-33,Ploss,0.00019268132,2
11,linha_32-33,Ploss,0.00019189011,2
12,linha_32-33,Ploss,0.00019161039,2
13,linha_32-33,Ploss,0.00018803197,2
14,linha_32-33,Ploss,0.00018095904,2
15,linha_32-33,Ploss,0.00018093107,2
16,linha_32-33,Ploss,0.0001886993,2
17,linha_32-33,Ploss,0.00020094905,2
18,linha_32-33,Ploss,0.00021417383,2
19,linha_32-33,Ploss,0.00023938262,2
20,linha_32-33,Ploss,0.00024623177,2
21,linha_32-33,Ploss,0.00024866733,2
22,linha_32-33,Ploss,0.00025735664,2
23,linha_32-33,Ploss,0.00026368032,2
24,linha_32-33,Ploss,0.00026307892,2
1,barra_1,theta,0.0,2
2,barra_1,theta,0.0,2
3,barra_1,theta,0.0,2
4,barra_1,theta,0.0,2
5,barra_1,theta,0.0,2
6,barra_1,theta,0.0,2
7,barra_1,theta,0.0,2
8,barra_1,theta,0.0,2
9,barra_1,theta,0.0,2
10,barra_1,theta,0.0,2
11,barra_1,theta,0.0,2
12,barra_1,theta,0.0,2
13,barra_1,theta,0.0,2
14,barra_1,theta,0.0,2
15,barra_1,theta,0.0,2
16,barra_1,theta,0.0,2
17,barra_1,theta,0.0,2
18,barra_1,theta,0.0,2
19,barra_1,theta,0.0,2
20,barra_1,theta,0.0,2
21,barra_1,theta,0.0,2
22,barra_1,theta,0.0,2
23,barra_1,theta,0.0,2
24,barra_1,theta,0.0,2
1,barra_2,theta,0.0096091409,2
2,barra_2,theta,0.0098258408,2
3,barra_2,theta,0.009983017,2
4,barra_2,theta,0.010055195,2
5,barra_2,theta,0.0099576257,2
6,barra_2,theta,0.0093872794,2
7,barra_2,theta,0.0086769897,2
8,barra_2,theta,0.0085135698,2
9,barra_2,theta,0.0082175325,2
10,barra_2,theta,0.0080283883,2
11,barra_2,theta,0.0079954212,2
12,barra_2,theta,0.0079837662,2
13,barra_2,theta,0.0078346653,2
14,barra_2,theta,0.00753996,2
15,barra_2,theta,0.0075387945,2
16,barra_2,theta,0.0078624709,2
17,barra_2,theta,0.0083728771,2
18,barra_2,theta,0.0089239094,2
19,barra_2,theta,0.0099742757,2
20,barra_2,theta,0.010259657,2
21,barra_2,theta,0.010361139,2
22,barra_2,theta,0.010723193,2
23,barra_2,theta,0.01098668,2
24,barra_2,theta,0.010961622,2
1,barra_3,theta,0.028803174,2
2,barra_3,theta,0.029451977,2
3,barra_3,theta,0.029922566,2
4,barra_3,theta,0.030138667,2
5,barra_3,theta,0.029846544,2
6,barra_3,theta,0.028138917,2
7,barra_3,theta,0.026012296,2
8,barra_3,theta,0.025523014,2
9,barra_3,theta,0.024636179,2
10,barra_3,theta,0.024069124,2
11,barra_3,theta,0.023970289,2
12,barra_3,theta,0.023935347,2
13,barra_3,theta,0.023488342,2
14,barra_3,theta,0.022604815,2
15,barra_3,theta,0.022601321,2
16,barra_3,theta,0.023571703,2
17,barra_3,theta,0.025101778,2
18,barra_3,theta,0.026751579,2
19,barra_3,theta,0.029896394,2
20,barra_3,theta,0.030750831,2
21,barra_3,theta,0.031054669,2
22,barra_3,theta,0.032138667,2
23,barra_3,theta,0.032927551,2
24,barra_3,theta,0.032852526,2
1,barra_4,theta,0.057538834,2
2,barra_4,theta,0.058833425,2
3,barra_4,theta,0.059772413,2
4,barra_4,theta,0.060203611,2
5,barra_4,theta,0.059620722,2
6,barra_4,theta,0.056213409,2
7,barra_4,theta,0.051970057,2
8,barra_4,theta,0.050993768,2
9,barra_4,theta,0.049223727,2
10,barra_4,theta,0.048091502,2
11,barra_4,theta,0.04789416,2
12,barra_4,theta,0.047824393,2
13,barra_4,theta,0.046931868,2
14,barra_4,theta,0.04516775,2
15,barra_4,theta,0.045160773,2
16,barra_4,theta,0.047098313,2
17,barra_4,theta,0.050153254,2
18,barra_4,theta,0.053445184,2
19,barra_4,theta,0.059720191,2
20,barra_4,theta,0.061425092,2
21,barra_4,theta,0.062031356,2
22,barra_4,theta,0.064194311,2
23,barra_4,theta,0.06576841,2
24,barra_4,theta,0.065618709,2
1,barra_5,theta,0.095749319,2
2,barra_5,theta,0.097900393,2
3,barra_5,theta,0.099460603,2
4,barra_5,theta,0.10017708,2
5,barra_5,theta,0.099208556,2
6,barra_5,theta,0.093547009,2
7,barra_5,theta,0.086496314,2
8,barra_5,theta,0.084874125,2
9,barra_5,theta,0.081931805,2
10,barra_5,theta,0.080049024,2
11,barra_5,theta,0.079720863,2
12,barra_5,theta,0.079604846,2
13,barra_5,theta,0.078120664,2
14,barra_5,theta,0.075187105,2
15,barra_5,theta,0.075175503,2
16,barra_5,theta,0.078397446,2
17,barra_5,theta,0.08347752,2
18,barra_5,theta,0.088947364,2
19,barra_5,theta,0.099373833,2
20,barra_5,theta,0.10220667,2
21,barra_5,theta,0.10321403,2
22,barra_5,theta,0.10680797,2
23,barra_5,theta,0.10942347,2
24,barra_5,theta,0.10917473,2
1,barra_6,theta,0.1433495,2
2,barra_6,theta,0.14656437,2
3,barra_6,theta,0.14889617,2
4,barra_6,theta,0.14996697,2
5,barra_6,theta,0.14851948,2
6,barra_6,theta,0.14005805,2
7,barra_6,theta,0.12952048,2
8,barra_6,theta,0.12709605,2
9,barra_6,theta,0.12269702,2
10,barra_6,theta,0.11988126,2
11,barra_6,theta,0.11939049,2
12,barra_6,theta,0.11921698,2
13,barra_6,theta,0.11699734,2
14,barra_6,theta,0.11261012,2
15,barra_6,theta,0.11259277,2
16,barra_6,theta,0.11741128,2
17,barra_6,theta,0.12500874,2
18,barra_6,theta,0.13318369,2
19,barra_6,theta,0.14876649,2
20,barra_6,theta,0.15299872,2
21,barra_6,theta,0.15450327,2
22,barra_6,theta,0.15987104,2
23,barra_6,theta,0.16377744,2
24,barra_6,theta,0.16340593,2
1,barra_7,theta,0.11001617,2
2,barra_7,theta,0.11323104,2
3,barra_7,theta,0.11556284,2
4,barra_7,theta,0.11651269,2
5,barra_7,theta,0.11518615,2
6,barra_7,theta,0.10796706,2
7,barra_7,theta,0.10236477,2
8,barra_7,theta,0.10107583,2
9,barra_7,theta,0.097862437,2
10,barra_7,theta,0.095235449,2
11,barra_7,theta,0.094777576,2
12,barra_7,theta,0.094615702,2
13,barra_7,theta,0.092544868,2
14,barra_7,theta,0.088451761,2
15,barra_7,theta,0.088435574,2
16,barra_7,theta,0.092931053,2
17,barra_7,theta,0.099895526,2
18,barra_7,theta,0.10431231,2
19,barra_7,theta,0.11543316,2
20,barra_7,theta,0.11853268,2
21,barra_7,theta,0.11953507,2
22,barra_7,theta,0.12311126,2
23,barra_7,theta,0.12571384,2
24,barra_7,theta,0.12546633,2
1,barra_8,theta,0.086196792,2
2,barra_8,theta,0.089629234,2
3,barra_8,theta,0.092118842,2
4,barra_8,theta,0.09301924,2
5,barra_8,theta,0.091716654,2
6,barra_8,theta,0.085174751,2
7,barra_8,theta,0.083824308,2
8,barra_8,theta,0.083513605,2
9,barra_8,theta,0.08119577,2
10,barra_8,theta,0.078568782,2
11,barra_8,theta,0.078110909,2
12,barra_8,theta,0.077949035,2
13,barra_8,theta,0.075878201,2
14,barra_8,theta,0.071785095,2
15,barra_8,theta,0.071768907,2
16,barra_8,theta,0.076264387,2
17,barra_8,theta,0.083104515,2
18,barra_8,theta,0.084293766,2
19,barra_8,theta,0.091980384,2
20,barra_8,theta,0.094224642,2
21,barra_8,theta,0.094822718,2
22,barra_8,theta,0.096956463,2
23,barra_8,theta,0.098509303,2
24,barra_8,theta,0.098361624,2
1,barra_9,theta,0.071943789,2
2,barra_9,theta,0.075811805,2
3,barra_9,theta,0.078617343,2
4,barra_9,theta,0.079540412,2
5,barra_9,theta,0.078164118,2
6,barra_9,theta,0.07173062,2
7,barra_9,theta,0.073937334,2
8,barra_9,theta,0.074445044,2
9,barra_9,theta,0.072729721,2
10,barra_9,theta,0.06991321,2
11,barra_9,theta,0.069422304,2
12,barra_9,theta,0.069248751,2
13,barra_9,theta,0.067028518,2
14,barra_9,theta,0.062640117,2
15,barra_9,theta,0.062622761,2
16,barra_9,theta,0.067442565,2
17,barra_9,theta,0.074669279,2
18,barra_9,theta,0.073170209,2
19,barra_9,theta,0.078461315,2
20,barra_9,theta,0.080132836,2
21,barra_9,theta,0.08042667,2
22,barra_9,theta,0.081474974,2
23,barra_9,theta,0.082237881,2
24,barra_9,theta,0.082165327,2
1,barra_10,theta,0.067290631,2
2,barra_10,theta,0.071812227,2
3,barra_10,theta,0.075091817,2
4,barra_10,theta,0.076109926,2
5,barra_10,theta,0.074562011,2
6,barra_10,theta,0.067665647,2
7,barra_10,theta,0.072724927,2
8,barra_10,theta,0.073888941,2
9,barra_10,theta,0.072480706,2
10,barra_10,theta,0.06928477,2
11,barra_10,theta,0.068727732,2
12,barra_10,theta,0.0685308,2
13,barra_10,theta,0.066011468,2
14,barra_10,theta,0.061031885,2
15,barra_10,theta,0.061012192,2
16,barra_10,theta,0.066481293,2
17,barra_10,theta,0.074606796,2
18,barra_10,theta,0.070966157,2
19,barra_10,theta,0.074909425,2
20,barra_10,theta,0.076293016,2
21,barra_10,theta,0.076383682,2
22,barra_10,theta,0.076707153,2
23,barra_10,theta,0.076942559,2
24,barra_10,theta,0.076920171,2
1,barra_11,theta,0.072246613,2
2,barra_11,theta,0.077638489,2
3,barra_11,theta,0.081549308,2
4,barra_11,theta,0.082734634,2
5,barra_11,theta,0.080917529,2
6,barra_11,theta,0.072987953,2
7,barra_11,theta,0.08018951,2
8,barra_11,theta,0.081846408,2
9,barra_11,theta,0.080449224,2
10,barra_11,theta,0.076684719,2
11,barra_11,theta,0.076028582,2
12,barra_11,theta,0.075796614,2
13,barra_11,theta,0.072829084,2
14,barra_11,theta,0.066963614,2
15,barra_11,theta,0.066940417,2
16,barra_11,theta,0.073382493,2
17,barra_11,theta,0.08291719,2
18,barra_11,theta,0.077686015,2
19,barra_11,theta,0.08133181,2
20,barra_11,theta,0.082712852,2
21,barra_11,theta,0.082701834,2
22,barra_11,theta,0.082662525,2
23,barra_11,theta,0.082633917,2
24,barra_11,theta,0.082636638,2
1,barra_12,theta,0.086801834,2
2,barra_12,theta,0.093278951,2
3,barra_12,theta,0.097976914,2
4,barra_12,theta,0.0994013,2
5,barra_12,theta,0.097217974,2
6,barra_12,theta,0.087686905,2
7,barra_12,theta,0.096316168,2
8,barra_12,theta,0.098301546,2
9,barra_12,theta,0.096619354,2
10,barra_12,theta,0.092098271,2
11,barra_12,theta,0.091310265,2
12,barra_12,theta,0.091031678,2
13,barra_12,theta,0.087467743,2
14,barra_12,theta,0.08042345,2
15,barra_12,theta,0.080395592,2
16,barra_12,theta,0.088132374,2
17,barra_12,theta,0.099583856,2
18,barra_12,theta,0.093316356,2
19,barra_12,theta,0.09771564,2
20,barra_12,theta,0.099379519,2
21,barra_12,theta,0.099368501,2
22,barra_12,theta,0.099329191,2
23,barra_12,theta,0.099300584,2
24,barra_12,theta,0.099303304,2
1,barra_13,theta,0.11092222,2
2,barra_13,theta,0.11869652,2
3,barra_13,theta,0.12433535,2
4,barra_13,theta,0.12606988,2
5,barra_13,theta,0.12342442,2
6,barra_13,theta,0.11172903,2
7,barra_13,theta,0.12107143,2
8,barra_13,theta,0.12322089,2
9,barra_13,theta,0.12095938,2
10,barra_13,theta,0.11549597,2
11,barra_13,theta,0.11454372,2
12,barra_13,theta,0.11420706,2
13,barra_13,theta,0.1099003,2
14,barra_13,theta,0.10138777,2
15,barra_13,theta,0.1013541,2
16,barra_13,theta,0.11070346,2
17,barra_13,theta,0.12457347,2
18,barra_13,theta,0.11782371,2
19,barra_13,theta,0.12402175,2
20,barra_13,theta,0.12625215,2
21,barra_13,theta,0.12634241,2
22,barra_13,theta,0.12666444,2
23,barra_13,theta,0.12689879,2
24,barra_13,theta,0.1268765,2
1,barra_14,theta,0.14455417,2
2,barra_14,theta,0.15383116,2
3,barra_14,theta,0.16055992,2
4,barra_14,theta,0.16267401,2
5,barra_14,theta,0.15947291,2
6,barra_14,theta,0.14506236,2
7,barra_14,theta,0.15440477,2
8,barra_14,theta,0.15655422,2
9,barra_14,theta,0.15342141,2
10,barra_14,theta,0.14683254,2
11,barra_14,theta,0.14568413,2
12,barra_14,theta,0.14527813,2
13,barra_14,theta,0.14008417,2
14,barra_14,theta,0.12981807,2
15,barra_14,theta,0.12977747,2
16,barra_14,theta,0.14105278,2
17,barra_14,theta,0.15783624,2
18,barra_14,theta,0.15115705,2
19,barra_14,theta,0.16018571,2
20,barra_14,theta,0.16326236,2
21,barra_14,theta,0.16355418,2
22,barra_14,theta,0.16459527,2
23,barra_14,theta,0.16535293,2
24,barra_14,theta,0.16528087,2
1,barra_15,theta,0.13241261,2
2,barra_15,theta,0.14103994,2
3,barra_15,theta,0.14729748,2
4,barra_15,theta,0.14919519,2
5,barra_15,theta,0.1462866,2
6,barra_15,theta,0.13358595,2
7,barra_15,theta,0.1450578,2
8,barra_15,theta,0.14769719,2
9,barra_15,theta,0.14520388,2
10,barra_15,theta,0.13880415,2
11,barra_15,theta,0.13768871,2
12,barra_15,theta,0.13729436,2
13,barra_15,theta,0.13224951,2
14,barra_15,theta,0.12227811,2
15,barra_15,theta,0.12223867,2
16,barra_15,theta,0.13319031,2
17,barra_15,theta,0.14940101,2
18,barra_15,theta,0.14106981,2
19,barra_15,theta,0.14694947,2
20,barra_15,theta,0.14917056,2
21,barra_15,theta,0.14915813,2
22,barra_15,theta,0.14911378,2
23,barra_15,theta,0.14908151,2
24,barra_15,theta,0.14908458,2
1,barra_16,theta,0.12987513,2
2,barra_16,theta,0.13806862,2
3,barra_16,theta,0.1440115,2
4,barra_16,theta,0.1457647,2
5,barra_16,theta,0.14305145,2
6,barra_16,theta,0.13149263,2
7,barra_16,theta,0.14438648,2
8,barra_16,theta,0.14735304,2
9,barra_16,theta,0.14520388,2
10,barra_16,theta,0.13880415,2
11,barra_16,theta,0.13768871,2
12,barra_16,theta,0.13729436,2
13,barra_16,theta,0.13224951,2
14,barra_16,theta,0.12227811,2
15,barra_16,theta,0.12223867,2
16,barra_16,theta,0.13319031,2
17,barra_16,theta,0.14933853,2
18,barra_16,theta,0.13990416,2
19,barra_16,theta,0.14368099,2
20,barra_16,theta,0.14533074,2
21,barra_16,theta,0.14511514,2
22,barra_16,theta,0.14434596,2
23,barra_16,theta,0.14378619,2
24,barra_16,theta,0.14383942,2
1,barra_17,theta,0.13694678,2
2,barra_17,theta,0.14492314,2
3,barra_17,theta,0.15070853,2
4,barra_17,theta,0.15238941,2
5,barra_17,theta,0.14977392,2
6,barra_17,theta,0.13878659,2
7,barra_17,theta,0.15239216,2
8,barra_17,theta,0.15552246,2
9,barra_17,theta,0.15342141,2
10,barra_17,theta,0.14683254,2
11,barra_17,theta,0.14568413,2
12,barra_17,theta,0.14527813,2
13,barra_17,theta,0.14008417,2
14,barra_17,theta,0.12981807,2
15,barra_17,theta,0.12977747,2
16,barra_17,theta,0.14105278,2
17,barra_17,theta,0.15764892,2
18,barra_17,theta,0.14766242,2
19,barra_17,theta,0.15038678,2
20,barra_17,theta,0.15175057,2
21,barra_17,theta,0.15143329,2
22,barra_17,theta,0.15030133,2
23,barra_17,theta,0.14947754,2
24,barra_17,theta,0.14955589,2
1,barra_18,theta,0.15361345,2
2,barra_18,theta,0.16158981,2
3,barra_18,theta,0.16737519,2
4,barra_18,theta,0.16905607,2
5,barra_18,theta,0.16644059,2
6,barra_18,theta,0.15545326,2
7,barra_18,theta,0.16905882,2
8,barra_18,theta,0.17218912,2
9,barra_18,theta,0.16984006,2
10,barra_18,theta,0.16287328,2
11,barra_18,theta,0.161659,2
12,barra_18,theta,0.16122971,2
13,barra_18,theta,0.15573785,2
14,barra_18,theta,0.14488292,2
15,barra_18,theta,0.14483999,2
16,barra_18,theta,0.15676202,2
17,barra_18,theta,0.17431559,2
18,barra_18,theta,0.16432909,2
19,barra_18,theta,0.16705344,2
20,barra_18,theta,0.16841724,2
21,barra_18,theta,0.16809996,2
22,barra_18,theta,0.166968,2
23,barra_18,theta,0.16614421,2
24,barra_18,theta,0.16622255,2
1,barra_19,theta,0.12487779,2
2,barra_19,theta,0.13220836,2
3,barra_19,theta,0.13752535,2
4,barra_19,theta,0.13899113,2
5,barra_19,theta,0.13666641,2
6,barra_19,theta,0.12737877,2
7,barra_19,theta,0.14310106,2
8,barra_19,theta,0.14671837,2
9,barra_19,theta,0.14525251,2
10,barra_19,theta,0.1388509,2
11,barra_19,theta,0.13773513,2
12,barra_19,theta,0.13734066,2
13,barra_19,theta,0.13229432,2
14,barra_19,theta,0.12231999,2
15,barra_19,theta,0.12228054,2
16,barra_19,theta,0.13323541,2
17,barra_19,theta,0.14926411,2
18,barra_19,theta,0.13763548,2
19,barra_19,theta,0.13722965,2
20,barra_19,theta,0.13774298,2
21,barra_19,theta,0.13712327,2
22,barra_19,theta,0.13491235,2
23,barra_19,theta,0.13330335,2
24,barra_19,theta,0.13345637,2
1,barra_20,theta,0.10568376,2
2,barra_20,theta,0.11258222,2
3,barra_20,theta,0.1175858,2
4,barra_20,theta,0.11890766,2
5,barra_20,theta,0.11677749,2
6,barra_20,theta,0.10862713,2
7,barra_20,theta,0.12576576,2
8,barra_20,theta,0.12970893,2
9,barra_20,theta,0.12883386,2
10,barra_20,theta,0.12281016,2
11,barra_20,theta,0.12176026,2
12,barra_20,theta,0.12138908,2
13,barra_20,theta,0.11664065,2
14,barra_20,theta,0.10725513,2
15,barra_20,theta,0.10721802,2
16,barra_20,theta,0.11752617,2
17,barra_20,theta,0.13253521,2
18,barra_20,theta,0.11980781,2
19,barra_20,theta,0.11730753,2
20,barra_20,theta,0.11725181,2
21,barra_20,theta,0.11642974,2
22,barra_20,theta,0.11349688,2
23,barra_20,theta,0.11136248,2
24,barra_20,theta,0.11156547,2
1,barra_21,theta,0.096074616,2
2,barra_21,theta,0.10275638,2
3,barra_21,theta,0.10760278,2
4,barra_21,theta,0.10885246,2
5,barra_21,theta,0.10681986,2
6,barra_21,theta,0.099239849,2
7,barra_21,theta,0.11708877,2
8,barra_21,theta,0.12119536,2
9,barra_21,theta,0.12061633,2
10,barra_21,theta,0.11478178,2
11,barra_21,theta,0.11376484,2
12,barra_21,theta,0.11340531,2
13,barra_21,theta,0.10880598,2
14,barra_21,theta,0.099715173,2
15,barra_21,theta,0.099679221,2
16,barra_21,theta,0.1096637,2
17,barra_21,theta,0.12416233,2
18,barra_21,theta,0.1108839,2
19,barra_21,theta,0.10733325,2
20,barra_21,theta,0.10699215,2
21,barra_21,theta,0.1060686,2
22,barra_21,theta,0.10277369,2
23,barra_21,theta,0.1003758,2
24,barra_21,theta,0.10060385,2
1,barra_22,theta,0.096074616,2
2,barra_22,theta,0.10275638,2
3,barra_22,theta,0.10760278,2
4,barra_22,theta,0.10885246,2
5,barra_22,theta,0.10681986,2
6,barra_22,theta,0.099239849,2
7,barra_22,theta,0.11708877,2
8,barra_22,theta,0.12119536,2
9,barra_22,theta,0.12061633,2
10,barra_22,theta,0.11478178,2
11,barra_22,theta,0.11376484,2
12,barra_22,theta,0.11340531,2
13,barra_22,theta,0.10880598,2
14,barra_22,theta,0.099715173,2
15,barra_22,theta,0.099679221,2
16,barra_22,theta,0.1096637,2
17,barra_22,theta,0.12416233,2
18,barra_22,theta,0.1108839,2
19,barra_22,theta,0.10733325,2
20,barra_22,theta,0.10699215,2
21,barra_22,theta,0.1060686,2
22,barra_22,theta,0.10277369,2
23,barra_22,theta,0.1003758,2
24,barra_22,theta,0.10060385,2
1,barra_23,theta,0.10568376,2
2,barra_23,theta,0.11258222,2
3,barra_23,theta,0.1175858,2
4,barra_23,theta,0.11890766,2
5,barra_23,theta,0.11677749,2
6,barra_23,theta,0.10862713,2
7,barra_23,theta,0.12576576,2
8,barra_23,theta,0.12970893,2
9,barra_23,theta,0.12883386,2
10,barra_23,theta,0.12281016,2
11,barra_23,theta,0.12176026,2
12,barra_23,theta,0.12138908,2
13,barra_23,theta,0.11664065,2
14,barra_23,theta,0.10725513,2
15,barra_23,theta,0.10721802,2
16,barra_23,theta,0.11752617,2
17,barra_23,theta,0.13253521,2
18,barra_23,theta,0.11980781,2
19,barra_23,theta,0.11730753,2
20,barra_23,theta,0.11725181,2
21,barra_23,theta,0.11642974,2
22,barra_23,theta,0.11349688,2
23,barra_23,theta,0.11136248,2
24,barra_23,theta,0.11156547,2
1,barra_24,theta,0.12487779,2
2,barra_24,theta,0.13220836,2
3,barra_24,theta,0.13752535,2
4,barra_24,theta,0.13899113,2
5,barra_24,theta,0.13666641,2
6,barra_24,theta,0.12737877,2
7,barra_24,theta,0.14310106,2
8,barra_24,theta,0.14671837,2
9,barra_24,theta,0.14525251,2
10,barra_24,theta,0.1388509,2
11,barra_24,theta,0.13773513,2
12,barra_24,theta,0.13734066,2
13,barra_24,theta,0.13229432,2
14,barra_24,theta,0.12231999,2
15,barra_24,theta,0.12228054,2
16,barra_24,theta,0.13323541,2
17,barra_24,theta,0.14926411,2
18,barra_24,theta,0.13763548,2
19,barra_24,theta,0.13722965,2
20,barra_24,theta,0.13774298,2
21,barra_24,theta,0.13712327,2
22,barra_24,theta,0.13491235,2
23,barra_24,theta,0.13330335,2
24,barra_24,theta,0.13345637,2
1,barra_25,theta,0.15361345,2
2,barra_25,theta,0.16158981,2
3,barra_25,theta,0.16737519,2
4,barra_25,theta,0.16905607,2
5,barra_25,theta,0.16644059,2
6,barra_25,theta,0.15545326,2
7,barra_25,theta,0.16905882,2
8,barra_25,theta,0.17218912,2
9,barra_25,theta,0.16984006,2
10,barra_25,theta,0.16287328,2
11,barra_25,theta,0.161659,2
12,barra_25,theta,0.16122971,2
13,barra_25,theta,0.15573785,2
14,barra_25,theta,0.14488292,2
15,barra_25,theta,0.14483999,2
16,barra_25,theta,0.15676202,2
17,barra_25,theta,0.17431559,2
18,barra_25,theta,0.16432909,2
19,barra_25,theta,0.16705344,2
20,barra_25,theta,0.16841724,2
21,barra_25,theta,0.16809996,2
22,barra_25,theta,0.166968,2
23,barra_25,theta,0.16614421,2
24,barra_25,theta,0.16622255,2
1,barra_26,theta,0.13441942,2
2,barra_26,theta,0.14196367,2
3,barra_26,theta,0.14743565,2
4,barra_26,theta,0.1489726,2
5,barra_26,theta,0.14655167,2
6,barra_26,theta,0.13670162,2
7,barra_26,theta,0.15172352,2
8,barra_26,theta,0.15517968,2
9,barra_26,theta,0.15342141,2
10,barra_26,theta,0.14683254,2
11,barra_26,theta,0.14568413,2
12,barra_26,theta,0.14527813,2
13,barra_26,theta,0.14008417,2
14,barra_26,theta,0.12981807,2
15,barra_26,theta,0.12977747,2
16,barra_26,theta,0.14105278,2
17,barra_26,theta,0.15758669,2
18,barra_26,theta,0.14650142,2
19,barra_26,theta,0.14713133,2
20,barra_26,theta,0.14792607,2
21,barra_26,theta,0.14740643,2
22,barra_26,theta,0.14555252,2
23,barra_26,theta,0.14420334,2
24,barra_26,theta,0.14433165,2
1,barra_27,theta,0.12481028,2
2,barra_27,theta,0.13213783,2
3,barra_27,theta,0.13745263,2
4,barra_27,theta,0.13891741,2
5,barra_27,theta,0.13659404,2
6,barra_27,theta,0.12731434,2
7,barra_27,theta,0.14304653,2
8,barra_27,theta,0.14666611,2
9,barra_27,theta,0.14520388,2
10,barra_27,theta,0.13880415,2
11,barra_27,theta,0.13768871,2
12,barra_27,theta,0.13729436,2
13,barra_27,theta,0.13224951,2
14,barra_27,theta,0.12227811,2
15,barra_27,theta,0.12223867,2
16,barra_27,theta,0.13319031,2
17,barra_27,theta,0.14921381,2
18,barra_27,theta,0.13757751,2
19,barra_27,theta,0.13715705,2
20,barra_27,theta,0.13766641,2
21,barra_27,theta,0.13704529,2
22,barra_27,theta,0.13482933,2
23,barra_27,theta,0.13321666,2
24,barra_27,theta,0.13337003,2
1,barra_28,theta,0.12481028,2
2,barra_28,theta,0.13213783,2
3,barra_28,theta,0.13745263,2
4,barra_28,theta,0.13891741,2
5,barra_28,theta,0.13659404,2
6,barra_28,theta,0.12731434,2
7,barra_28,theta,0.14304653,2
8,barra_28,theta,0.14666611,2
9,barra_28,theta,0.14520388,2
10,barra_28,theta,0.13880415,2
11,barra_28,theta,0.13768871,2
12,barra_28,theta,0.13729436,2
13,barra_28,theta,0.13224951,2
14,barra_28,theta,0.12227811,2
15,barra_28,theta,0.12223867,2
16,barra_28,theta,0.13319031,2
17,barra_28,theta,0.14921381,2
18,barra_28,theta,0.13757751,2
19,barra_28,theta,0.13715705,2
20,barra_28,theta,0.13766641,2
21,barra_28,theta,0.13704529,2
22,barra_28,theta,0.13482933,2
23,barra_28,theta,0.13321666,2
24,barra_28,theta,0.13337003,2
1,barra_29,theta,0.13441942,2
2,barra_29,theta,0.14196367,2
3,barra_29,theta,0.14743565,2
4,barra_29,theta,0.1489726,2
5,barra_29,theta,0.14655167,2
6,barra_29,theta,0.13670162,2
7,barra_29,theta,0.15172352,2
8,barra_29,theta,0.15517968,2
9,barra_29,theta,0.15342141,2
10,barra_29,theta,0.14683254,2
11,barra_29,theta,0.14568413,2
12,barra_29,theta,0.14527813,2
13,barra_29,theta,0.14008417,2
14,barra_29,theta,0.12981807,2
15,barra_29,theta,0.12977747,2
16,barra_29,theta,0.14105278,2
17,barra_29,theta,0.15758669,2
18,barra_29,theta,0.14650142,2
19,barra_29,theta,0.14713133,2
20,barra_29,theta,0.14792607,2
21,barra_29,theta,0.14740643,2
22,barra_29,theta,0.14555252,2
23,barra_29,theta,0.14420334,2
24,barra_29,theta,0.14433165,2
1,barra_30,theta,0.15361345,2
2,barra_30,theta,0.16158981,2
3,barra_30,theta,0.16737519,2
4,barra_30,theta,0.16905607,2
5,barra_30,theta,0.16644059,2
6,barra_30,theta,0.15545326,2
7,barra_30,theta,0.16905882,2
8,barra_30,theta,0.17218912,2
9,barra_30,theta,0.16984006,2
10,barra_30,theta,0.16287328,2
11,barra_30,theta,0.161659,2
12,barra_30,theta,0.16122971,2
13,barra_30,theta,0.15573785,2
14,barra_30,theta,0.14488292,2
15,barra_30,theta,0.14483999,2
16,barra_30,theta,0.15676202,2
17,barra_30,theta,0.17431559,2
18,barra_30,theta,0.16432909,2
19,barra_30,theta,0.16705344,2
20,barra_30,theta,0.16841724,2
21,barra_30,theta,0.16809996,2
22,barra_30,theta,0.166968,2
23,barra_30,theta,0.16614421,2
24,barra_30,theta,0.16622255,2
1,barra_31,theta,0.12487779,2
2,barra_31,theta,0.13220836,2
3,barra_31,theta,0.13752535,2
4,barra_31,theta,0.13899113,2
5,barra_31,theta,0.13666641,2
6,barra_31,theta,0.12737877,2
7,barra_31,theta,0.14310106,2
8,barra_31,theta,0.14671837,2
9,barra_31,theta,0.14525251,2
10,barra_31,theta,0.1388509,2
11,barra_31,theta,0.13773513,2
12,barra_31,theta,0.13734066,2
13,barra_31,theta,0.13229432,2
14,barra_31,theta,0.12231999,2
15,barra_31,theta,0.12228054,2
16,barra_31,theta,0.13323541,2
17,barra_31,theta,0.14926411,2
18,barra_31,theta,0.13763548,2
19,barra_31,theta,0.13722965,2
20,barra_31,theta,0.13774298,2
21,barra_31,theta,0.13712327,2
22,barra_31,theta,0.13491235,2
23,barra_31,theta,0.13330335,2
24,barra_31,theta,0.13345637,2
1,barra_32,theta,0.10568376,2
2,barra_32,theta,0.11258222,2
3,barra_32,theta,0.1175858,2
4,barra_32,theta,0.11890766,2
5,barra_32,theta,0.11677749,2
6,barra_32,theta,0.10862713,2
7,barra_32,theta,0.12576576,2
8,barra_32,theta,0.12970893,2
9,barra_32,theta,0.12883386,2
10,barra_32,theta,0.12281016,2
11,barra_32,theta,0.12176026,2
12,barra_32,theta,0.12138908,2
13,barra_32,theta,0.11664065,2
14,barra_32,theta,0.10725513,2
15,barra_32,theta,0.10721802,2
16,barra_32,theta,0.11752617,2
17,barra_32,theta,0.13253521,2
18,barra_32,theta,0.11980781,2
19,barra_32,theta,0.11730753,2
20,barra_32,theta,0.11725181,2
21,barra_32,theta,0.11642974,2
22,barra_32,theta,0.11349688,2
23,barra_32,theta,0.11136248,2
24,barra_32,theta,0.11156547,2
1,barra_33,theta,0.096074616,2
2,barra_33,theta,0.10275638,2
3,barra_33,theta,0.10760278,2
4,barra_33,theta,0.10885246,2
5,barra_33,theta,0.10681986,2
6,barra_33,theta,0.099239849,2
7,barra_33,theta,0.11708877,2
8,barra_33,theta,0.12119536,2
9,barra_33,theta,0.12061633,2
10,barra_33,theta,0.11478178,2
11,barra_33,theta,0.11376484,2
12,barra_33,theta,0.11340531,2
13,barra_33,theta,0.10880598,2
14,barra_33,theta,0.099715173,2
15,barra_33,theta,0.099679221,2
16,barra_33,theta,0.1096637,2
17,barra_33,theta,0.12416233,2
18,barra_33,theta,0.1108839,2
19,barra_33,theta,0.10733325,2
20,barra_33,theta,0.10699215,2
21,barra_33,theta,0.1060686,2
22,barra_33,theta,0.10277369,2
23,barra_33,theta,0.1003758,2
24,barra_33,theta,0.10060385,2
INFO,GERAL,custo_total,74.82778741590015,3
INFO,GERAL,num_barras,33.0,3
INFO,GERAL,num_baterias,0.0,3
INFO,GERAL,periodos_tempo,24.0,3
1,barra_1,PS,0.0,3
2,barra_1,PS,0.0,3
3,barra_1,PS,0.0,3
4,barra_1,PS,0.0,3
5,barra_1,PS,0.0,3
6,barra_1,PS,0.0,3
7,barra_1,PS,0.0,3
8,barra_1,PS,0.0,3
9,barra_1,PS,0.0,3
10,barra_1,PS,0.0,3
11,barra_1,PS,0.0,3
12,barra_1,PS,0.0,3
13,barra_1,PS,0.0,3
14,barra_1,PS,0.0,3
15,barra_1,PS,0.0,3
16,barra_1,PS,0.0,3
17,barra_1,PS,0.0,3
18,barra_1,PS,0.0,3
19,barra_1,PS,0.0,3
20,barra_1,PS,0.0,3
21,barra_1,PS,0.0,3
22,barra_1,PS,0.0,3
23,barra_1,PS,0.0,3
24,barra_1,PS,0.0,3
1,barra_2,PS,0.0,3
2,barra_2,PS,0.0,3
3,barra_2,PS,0.0,3
4,barra_2,PS,0.0,3
5,barra_2,PS,0.0,3
6,barra_2,PS,0.0,3
7,barra_2,PS,0.0,3
8,barra_2,PS,0.0,3
9,barra_2,PS,0.0,3
10,barra_2,PS,0.0,3
11,barra_2,PS,0.0,3
12,barra_2,PS,0.0,3
13,barra_2,PS,0.0,3
14,barra_2,PS,0.0,3
15,barra_2,PS,0.0,3
16,barra_2,PS,0.0,3
17,barra_2,PS,0.0,3
18,barra_2,PS,0.0,3
19,barra_2,PS,0.0,3
20,barra_2,PS,0.0,3
21,barra_2,PS,0.0,3
22,barra_2,PS,0.0,3
23,barra_2,PS,0.0,3
24,barra_2,PS,0.0,3
1,barra_3,PS,0.0,3
2,barra_3,PS,0.0,3
3,barra_3,PS,0.0,3
4,barra_3,PS,0.0,3
5,barra_3,PS,0.0,3
6,barra_3,PS,0.0,3
7,barra_3,PS,0.0,3
8,barra_3,PS,0.0,3
9,barra_3,PS,0.0,3
10,barra_3,PS,0.0,3
11,barra_3,PS,0.0,3
12,barra_3,PS,0.0,3
13,barra_3,PS,0.0,3
14,barra_3,PS,0.0,3
15,barra_3,PS,0.0,3
16,barra_3,PS,0.0,3
17,barra_3,PS,0.0,3
18,barra_3,PS,0.0,3
19,barra_3,PS,0.0,3
20,barra_3,PS,0.0,3
21,barra_3,PS,0.0,3
22,barra_3,PS,0.0,3
23,barra_3,PS,0.0,3
24,barra_3,PS,0.0,3
1,barra_4,PS,0.0,3
2,barra_4,PS,0.0,3
3,barra_4,PS,0.0,3
4,barra_4,PS,0.0,3
5,barra_4,PS,0.0,3
6,barra_4,PS,0.0,3
7,barra_4,PS,0.0,3
8,barra_4,PS,0.0,3
9,barra_4,PS,0.0,3
10,barra_4,PS,0.0,3
11,barra_4,PS,0.0,3
12,barra_4,PS,0.0,3
13,barra_4,PS,0.0,3
14,barra_4,PS,0.0,3
15,barra_4,PS,0.0,3
16,barra_4,PS,0.0,3
17,barra_4,PS,0.0,3
18,barra_4,PS,0.0,3
19,barra_4,PS,0.0,3
20,barra_4,PS,0.0,3
21,barra_4,PS,0.0,3
22,barra_4,PS,0.0,3
23,barra_4,PS,0.0,3
24,barra_4,PS,0.0,3
1,barra_5,PS,0.0,3
2,barra_5,PS,0.0,3
3,barra_5,PS,0.0,3
4,barra_5,PS,0.0,3
5,barra_5,PS,0.0,3
6,barra_5,PS,0.0,3
7,barra_5,PS,0.0,3
8,barra_5,PS,0.0,3
9,barra_5,PS,0.0,3
10,barra_5,PS,0.0,3
11,barra_5,PS,0.0,3
12,barra_5,PS,0.0,3
13,barra_5,PS,0.0,3
14,barra_5,PS,0.0,3
15,barra_5,PS,0.0,3
16,barra_5,PS,0.0,3
17,barra_5,PS,0.0,3
18,barra_5,PS,0.0,3
19,barra_5,PS,0.0,3
20,barra_5,PS,0.0,3
21,barra_5,PS,0.0,3
22,barra_5,PS,0.0,3
23,barra_5,PS,0.0,3
24,barra_5,PS,0.0,3
1,barra_6,PS,0.0,3
2,barra_6,PS,0.0,3
3,barra_6,PS,0.0,3
4,barra_6,PS,0.0,3
5,barra_6,PS,0.0,3
6,barra_6,PS,0.012,3
7,barra_6,PS,0.048,3
8,barra_6,PS,0.1,3
9,barra_6,PS,0.18,3
10,barra_6,PS,0.26,3
11,barra_6,PS,0.32,3
12,barra_6,PS,0.368,3
13,barra_6,PS,0.4,3
14,barra_6,PS,0.384,3
15,barra_6,PS,0.336,3
16,barra_6,PS,0.26,3
17,barra_6,PS,0.152,3
18,barra_6,PS,0.06,3
19,barra_6,PS,0.012,3
20,barra_6,PS,0.0,3
21,barra_6,PS,0.0,3
22,barra_6,PS,0.0,3
23,barra_6,PS,0.0,3
24,barra_6,PS,0.0,3
1,barra_7,PS,0.0,3
2,barra_7,PS,0.0,3
3,barra_7,PS,0.0,3
4,barra_7,PS,0.0,3
5,barra_7,PS,0.0,3
6,barra_7,PS,0.0,3
7,barra_7,PS,0.0,3
8,barra_7,PS,0.0,3
9,barra_7,PS,0.0,3
10,barra_7,PS,0.0,3
11,barra_7,PS,0.0,3
12,barra_7,PS,0.0,3
13,barra_7,PS,0.0,3
14,barra_7,PS,0.0,3
15,barra_7,PS,0.0,3
16,barra_7,PS,0.0,3
17,barra_7,PS,0.0,3
18,barra_7,PS,0.0,3
19,barra_7,PS,0.0,3
20,barra_7,PS,0.0,3
21,barra_7,PS,0.0,3
22,barra_7,PS,0.0,3
23,barra_7,PS,0.0,3
24,barra_7,PS,0.0,3
1,barra_8,PS,0.0,3
2,barra_8,PS,0.0,3
3,barra_8,PS,0.0,3
4,barra_8,PS,0.0,3
5,barra_8,PS,0.0,3
6,barra_8,PS,0.0,3
7,barra_8,PS,0.0,3
8,barra_8,PS,0.0,3
9,barra_8,PS,0.0,3
10,barra_8,PS,0.0,3
11,barra_8,PS,0.0,3
12,barra_8,PS,0.0,3
13,barra_8,PS,0.0,3
14,barra_8,PS,0.0,3
15,barra_8,PS,0.0,3
16,barra_8,PS,0.0,3
17,barra_8,PS,0.0,3
18,barra_8,PS,0.0,3
19,barra_8,PS,0.0,3
20,barra_8,PS,0.0,3
21,barra_8,PS,0.0,3
22,barra_8,PS,0.0,3
23,barra_8,PS,0.0,3
24,barra_8,PS,0.0,3
1,barra_9,PS,0.0,3
2,barra_9,PS,0.0,3
3,barra_9,PS,0.0,3
4,barra_9,PS,0.0,3
5,barra_9,PS,0.0,3
6,barra_9,PS,0.0,3
7,barra_9,PS,0.0,3
8,barra_9,PS,0.0,3
9,barra_9,PS,0.0,3
10,barra_9,PS,0.0,3
11,barra_9,PS,0.0,3
12,barra_9,PS,0.0,3
13,barra_9,PS,0.0,3
14,barra_9,PS,0.0,3
15,barra_9,PS,0.0,3
16,barra_9,PS,0.0,3
17,barra_9,PS,0.0,3
18,barra_9,PS,0.0,3
19,barra_9,PS,0.0,3
20,barra_9,PS,0.0,3
21,barra_9,PS,0.0,3
22,barra_9,PS,0.0,3
23,barra_9,PS,0.0,3
24,barra_9,PS,0.0,3
1,barra_10,PS,0.0,3
2,barra_10,PS,0.0,3
3,barra_10,PS,0.0,3
4,barra_10,PS,0.0,3
5,barra_10,PS,0.0,3
6,barra_10,PS,0.0,3
7,barra_10,PS,0.0,3
8,barra_10,PS,0.0,3
9,barra_10,PS,0.0,3
10,barra_10,PS,0.0,3
11,barra_10,PS,0.0,3
12,barra_10,PS,0.0,3
13,barra_10,PS,0.0,3
14,barra_10,PS,0.0,3
15,barra_10,PS,0.0,3
16,barra_10,PS,0.0,3
17,barra_10,PS,0.0,3
18,barra_10,PS,0.0,3
19,barra_10,PS,0.0,3
20,barra_10,PS,0.0,3
21,barra_10,PS,0.0,3
22,barra_10,PS,0.0,3
23,barra_10,PS,0.0,3
24,barra_10,PS,0.0,3
1,barra_11,PS,0.0,3
2,barra_11,PS,0.0,3
3,barra_11,PS,0.0,3
4,barra_11,PS,0.0,3
5,barra_11,PS,0.0,3
6,barra_11,PS,0.0,3
7,barra_11,PS,0.0,3
8,barra_11,PS,0.0,3
9,barra_11,PS,0.0,3
10,barra_11,PS,0.0,3
11,barra_11,PS,0.0,3
12,barra_11,PS,0.0,3
13,barra_11,PS,0.0,3
14,barra_11,PS,0.0,3
15,barra_11,PS,0.0,3
16,barra_11,PS,0.0,3
17,barra_11,PS,0.0,3
18,barra_11,PS,0.0,3
19,barra_11,PS,0.0,3
20,barra_11,PS,0.0,3
21,barra_11,PS,0.0,3
22,barra_11,PS,0.0,3
23,barra_11,PS,0.0,3
24,barra_11,PS,0.0,3
1,barra_12,PS,0.0,3
2,barra_12,PS,0.0,3
3,barra_12,PS,0.0,3
4,barra_12,PS,0.0,3
5,barra_12,PS,0.0,3
6,barra_12,PS,0.0,3
7,barra_12,PS,0.0,3
8,barra_12,PS,0.0,3
9,barra_12,PS,0.0,3
10,barra_12,PS,0.0,3
11,barra_12,PS,0.0,3
12,barra_12,PS,0.0,3
13,barra_12,PS,0.0,3
14,barra_12,PS,0.0,3
15,barra_12,PS,0.0,3
16,barra_12,PS,0.0,3
17,barra_12,PS,0.0,3
18,barra_12,PS,0.0,3
19,barra_12,PS,0.0,3
20,barra_12,PS,0.0,3
21,barra_12,PS,0.0,3
22,barra_12,PS,0.0,3
23,barra_12,PS,0.0,3
24,barra_12,PS,0.0,3
1,barra_13,PS,0.0,3
2,barra_13,PS,0.0,3
3,barra_13,PS,0.0,3
4,barra_13,PS,0.0,3
5,barra_13,PS,0.0,3
6,barra_13,PS,0.0,3
7,barra_13,PS,0.0,3
8,barra_13,PS,0.0,3
9,barra_13,PS,0.0,3
10,barra_13,PS,0.0,3
11,barra_13,PS,0.0,3
12,barra_13,PS,0.0,3
13,barra_13,PS,0.0,3
14,barra_13,PS,0.0,3
15,barra_13,PS,0.0,3
16,barra_13,PS,0.0,3
17,barra_13,PS,0.0,3
18,barra_13,PS,0.0,3
19,barra_13,PS,0.0,3
20,barra_13,PS,0.0,3
21,barra_13,PS,0.0,3
22,barra_13,PS,0.0,3
23,barra_13,PS,0.0,3
24,barra_13,PS,0.0,3
1,barra_14,PS,0.0,3
2,barra_14,PS,0.0,3
3,barra_14,PS,0.0,3
4,barra_14,PS,0.0,3
5,barra_14,PS,0.0,3
6,barra_14,PS,0.0105,3
7,barra_14,PS,0.042,3
8,barra_14,PS,0.0875,3
9,barra_14,PS,0.1575,3
10,barra_14,PS,0.2275,3
11,barra_14,PS,0.28,3
12,barra_14,PS,0.322,3
13,barra_14,PS,0.35,3
14,barra_14,PS,0.336,3
15,barra_14,PS,0.294,3
16,barra_14,PS,0.2275,3
17,barra_14,PS,0.133,3
18,barra_14,PS,0.0525,3
19,barra_14,PS,0.0105,3
20,barra_14,PS,0.0,3
21,barra_14,PS,0.0,3
22,barra_14,PS,0.0,3
23,barra_14,PS,0.0,3
24,barra_14,PS,0.0,3
1,barra_15,PS,0.0,3
2,barra_15,PS,0.0,3
3,barra_15,PS,0.0,3
4,barra_15,PS,0.0,3
5,barra_15,PS,0.0,3
6,barra_15,PS,0.0,3
7,barra_15,PS,0.0,3
8,barra_15,PS,0.0,3
9,barra_15,PS,0.0,3
10,barra_15,PS,0.0,3
11,barra_15,PS,0.0,3
12,barra_15,PS,0.0,3
13,barra_15,PS,0.0,3
14,barra_15,PS,0.0,3
15,barra_15,PS,0.0,3
16,barra_15,PS,0.0,3
17,barra_15,PS,0.0,3
18,barra_15,PS,0.0,3
19,barra_15,PS,0.0,3
20,barra_15,PS,0.0,3
21,barra_15,PS,0.0,3
22,barra_15,PS,0.0,3
23,barra_15,PS,0.0,3
24,barra_15,PS,0.0,3
1,barra_16,PS,0.0,3
2,barra_16,PS,0.0,3
3,barra_16,PS,0.0,3
4,barra_16,PS,0.0,3
5,barra_16,PS,0.0,3
6,barra_16,PS,0.0,3
7,barra_16,PS,0.0,3
8,barra_16,PS,0.0,3
9,barra_16,PS,0.0,3
10,barra_16,PS,0.0,3
11,barra_16,PS,0.0,3
12,barra_16,PS,0.0,3
13,barra_16,PS,0.0,3
14,barra_16,PS,0.0,3
15,barra_16,PS,0.0,3
16,barra_16,PS,0.0,3
17,barra_16,PS,0.0,3
18,barra_16,PS,0.0,3
19,barra_16,PS,0.0,3
20,barra_16,PS,0.0,3
21,barra_16,PS,0.0,3
22,barra_16,PS,0.0,3
23,barra_16,PS,0.0,3
24,barra_16,PS,0.0,3
1,barra_17,PS,0.0,3
2,barra_17,PS,0.0,3
3,barra_17,PS,0.0,3
4,barra_17,PS,0.0,3
5,barra_17,PS,0.0,3
6,barra_17,PS,0.0,3
7,barra_17,PS,0.0,3
8,barra_17,PS,0.0,3
9,barra_17,PS,0.0,3
10,barra_17,PS,0.0,3
11,barra_17,PS,0.0,3
12,barra_17,PS,0.0,3
13,barra_17,PS,0.0,3
14,barra_17,PS,0.0,3
15,barra_17,PS,0.0,3
16,barra_17,PS,0.0,3
17,barra_17,PS,0.0,3
18,barra_17,PS,0.0,3
19,barra_17,PS,0.0,3
20,barra_17,PS,0.0,3
21,barra_17,PS,0.0,3
22,barra_17,PS,0.0,3
23,barra_17,PS,0.0,3
24,barra_17,PS,0.0,3
1,barra_18,PS,0.13945644,3
2,barra_18,PS,0.13526063,3
3,barra_18,PS,0.12892057,3
4,barra_18,PS,0.11951999,3
5,barra_18,PS,0.14000627,3
6,barra_18,PS,0.14346622,3
7,barra_18,PS,0.15388565,3
8,barra_18,PS,0.1780001,3
9,barra_18,PS,0.19435316,3
10,barra_18,PS,0.20699307,3
11,barra_18,PS,0.21701291,3
12,barra_18,PS,0.22831309,3
13,barra_18,PS,0.23135763,3
14,barra_18,PS,0.22565744,3
15,barra_18,PS,0.21358786,3
16,barra_18,PS,0.20302764,3
17,barra_18,PS,0.19093286,3
18,barra_18,PS,0.15077829,3
19,barra_18,PS,0.12860591,3
20,barra_18,PS,0.090883857,3
21,barra_18,PS,0.058539077,3
22,barra_18,PS,0.047577723,3
23,barra_18,PS,0.093067035,3
24,barra_18,PS,0.14016461,3
1,barra_19,PS,0.0,3
2,barra_19,PS,0.0,3
3,barra_19,PS,0.0,3
4,barra_19,PS,0.0,3
5,barra_19,PS,0.0,3
6,barra_19,PS,0.0,3
7,barra_19,PS,0.0,3
8,barra_19,PS,0.0,3
9,barra_19,PS,0.0,3
10,barra_19,PS,0.0,3
11,barra_19,PS,0.0,3
12,barra_19,PS,0.0,3
13,barra_19,PS,0.0,3
14,barra_19,PS,0.0,3
15,barra_19,PS,0.0,3
16,barra_19,PS,0.0,3
17,barra_19,PS,0.0,3
18,barra_19,PS,0.0,3
19,barra_19,PS,0.0,3
20,barra_19,PS,0.0,3
21,barra_19,PS,0.0,3
22,barra_19,PS,0.0,3
23,barra_19,PS,0.0,3
24,barra_19,PS,0.0,3
1,barra_20,PS,0.0,3
2,barra_20,PS,0.0,3
3,barra_20,PS,0.0,3
4,barra_20,PS,0.0,3
5,barra_20,PS,0.0,3
6,barra_20,PS,0.0,3
7,barra_20,PS,0.0,3
8,barra_20,PS,0.0,3
9,barra_20,PS,0.0,3
10,barra_20,PS,0.0,3
11,barra_20,PS,0.0,3
12,barra_20,PS,0.0,3
13,barra_20,PS,0.0,3
14,barra_20,PS,0.0,3
15,barra_20,PS,0.0,3
16,barra_20,PS,0.0,3
17,barra_20,PS,0.0,3
18,barra_20,PS,0.0,3
19,barra_20,PS,0.0,3
20,barra_20,PS,0.0,3
21,barra_20,PS,0.0,3
22,barra_20,PS,0.0,3
23,barra_20,PS,0.0,3
24,barra_20,PS,0.0,3
1,barra_21,PS,0.0,3
2,barra_21,PS,0.0,3
3,barra_21,PS,0.0,3
4,barra_21,PS,0.0,3
5,barra_21,PS,0.0,3
6,barra_21,PS,0.0,3
7,barra_21,PS,0.0,3
8,barra_21,PS,0.0,3
9,barra_21,PS,0.0,3
10,barra_21,PS,0.0,3
11,barra_21,PS,0.0,3
12,barra_21,PS,0.0,3
13,barra_21,PS,0.0,3
14,barra_21,PS,0.0,3
15,barra_21,PS,0.0,3
16,barra_21,PS,0.0,3
17,barra_21,PS,0.0,3
18,barra_21,PS,0.0,3
19,barra_21,PS,0.0,3
20,barra_21,PS,0.0,3
21,barra_21,PS,0.0,3
22,barra_21,PS,0.0,3
23,barra_21,PS,0.0,3
24,barra_21,PS,0.0,3
1,barra_22,PS,0.0,3
2,barra_22,PS,0.0,3
3,barra_22,PS,0.0,3
4,barra_22,PS,0.0,3
5,barra_22,PS,0.0,3
6,barra_22,PS,0.0,3
7,barra_22,PS,0.0,3
8,barra_22,PS,0.0,3
9,barra_22,PS,0.0,3
10,barra_22,PS,0.0,3
11,barra_22,PS,0.0,3
12,barra_22,PS,0.0,3
13,barra_22,PS,0.0,3
14,barra_22,PS,0.0,3
15,barra_22,PS,0.0,3
16,barra_22,PS,0.0,3
17,barra_22,PS,0.0,3
18,barra_22,PS,0.0,3
19,barra_22,PS,0.0,3
20,barra_22,PS,0.0,3
21,barra_22,PS,0.0,3
22,barra_22,PS,0.0,3
23,barra_22,PS,0.0,3
24,barra_22,PS,0.0,3
1,barra_23,PS,0.0,3
2,barra_23,PS,0.0,3
3,barra_23,PS,0.0,3
4,barra_23,PS,0.0,3
5,barra_23,PS,0.0,3
6,barra_23,PS,0.0,3
7,barra_23,PS,0.0,3
8,barra_23,PS,0.0,3
9,barra_23,PS,0.0,3
10,barra_23,PS,0.0,3
11,barra_23,PS,0.0,3
12,barra_23,PS,0.0,3
13,barra_23,PS,0.0,3
14,barra_23,PS,0.0,3
15,barra_23,PS,0.0,3
16,barra_23,PS,0.0,3
17,barra_23,PS,0.0,3
18,barra_23,PS,0.0,3
19,barra_23,PS,0.0,3
20,barra_23,PS,0.0,3
21,barra_23,PS,0.0,3
22,barra_23,PS,0.0,3
23,barra_23,PS,0.0,3
24,barra_23,PS,0.0,3
1,barra_24,PS,0.0,3
2,barra_24,PS,0.0,3
3,barra_24,PS,0.0,3
4,barra_24,PS,0.0,3
5,barra_24,PS,0.0,3
6,barra_24,PS,0.0,3
7,barra_24,PS,0.0,3
8,barra_24,PS,0.0,3
9,barra_24,PS,0.0,3
10,barra_24,PS,0.0,3
11,barra_24,PS,0.0,3
12,barra_24,PS,0.0,3
13,barra_24,PS,0.0,3
14,barra_24,PS,0.0,3
15,barra_24,PS,0.0,3
16,barra_24,PS,0.0,3
17,barra_24,PS,0.0,3
18,barra_24,PS,0.0,3
19,barra_24,PS,0.0,3
20,barra_24,PS,0.0,3
21,barra_24,PS,0.0,3
22,barra_24,PS,0.0,3
23,barra_24,PS,0.0,3
24,barra_24,PS,0.0,3
1,barra_25,PS,0.0,3
2,barra_25,PS,0.0,3
3,barra_25,PS,0.0,3
4,barra_25,PS,0.0,3
5,barra_25,PS,0.0,3
6,barra_25,PS,0.0135,3
7,barra_25,PS,0.054,3
8,barra_25,PS,0.1125,3
9,barra_25,PS,0.2025,3
10,barra_25,PS,0.2925,3
11,barra_25,PS,0.36,3
12,barra_25,PS,0.414,3
13,barra_25,PS,0.45,3
14,barra_25,PS,0.432,3
15,barra_25,PS,0.378,3
16,barra_25,PS,0.2925,3
17,barra_25,PS,0.171,3
18,barra_25,PS,0.0675,3
19,barra_25,PS,0.0135,3
20,barra_25,PS,0.0,3
21,barra_25,PS,0.0,3
22,barra_25,PS,0.0,3
23,barra_25,PS,0.0,3
24,barra_25,PS,0.0,3
1,barra_26,PS,0.0,3
2,barra_26,PS,0.0,3
3,barra_26,PS,0.0,3
4,barra_26,PS,0.0,3
5,barra_26,PS,0.0,3
6,barra_26,PS,0.0,3
7,barra_26,PS,0.0,3
8,barra_26,PS,0.0,3
9,barra_26,PS,0.0,3
10,barra_26,PS,0.0,3
11,barra_26,PS,0.0,3
12,barra_26,PS,0.0,3
13,barra_26,PS,0.0,3
14,barra_26,PS,0.0,3
15,barra_26,PS,0.0,3
16,barra_26,PS,0.0,3
17,barra_26,PS,0.0,3
18,barra_26,PS,0.0,3
19,barra_26,PS,0.0,3
20,barra_26,PS,0.0,3
21,barra_26,PS,0.0,3
22,barra_26,PS,0.0,3
23,barra_26,PS,0.0,3
24,barra_26,PS,0.0,3
1,barra_27,PS,0.0,3
2,barra_27,PS,0.0,3
3,barra_27,PS,0.0,3
4,barra_27,PS,0.0,3
5,barra_27,PS,0.0,3
6,barra_27,PS,0.0,3
7,barra_27,PS,0.0,3
8,barra_27,PS,0.0,3
9,barra_27,PS,0.0,3
10,barra_27,PS,0.0,3
11,barra_27,PS,0.0,3
12,barra_27,PS,0.0,3
13,barra_27,PS,0.0,3
14,barra_27,PS,0.0,3
15,barra_27,PS,0.0,3
16,barra_27,PS,0.0,3
17,barra_27,PS,0.0,3
18,barra_27,PS,0.0,3
19,barra_27,PS,0.0,3
20,barra_27,PS,0.0,3
21,barra_27,PS,0.0,3
22,barra_27,PS,0.0,3
23,barra_27,PS,0.0,3
24,barra_27,PS,0.0,3
1,barra_28,PS,0.0,3
2,barra_28,PS,0.0,3
3,barra_28,PS,0.0,3
4,barra_28,PS,0.0,3
5,barra_28,PS,0.0,3
6,barra_28,PS,0.0,3
7,barra_28,PS,0.0,3
8,barra_28,PS,0.0,3
9,barra_28,PS,0.0,3
10,barra_28,PS,0.0,3
11,barra_28,PS,0.0,3
12,barra_28,PS,0.0,3
13,barra_28,PS,0.0,3
14,barra_28,PS,0.0,3
15,barra_28,PS,0.0,3
16,barra_28,PS,0.0,3
17,barra_28,PS,0.0,3
18,barra_28,PS,0.0,3
19,barra_28,PS,0.0,3
20,barra_28,PS,0.0,3
21,barra_28,PS,0.0,3
22,barra_28,PS,0.0,3
23,barra_28,PS,0.0,3
24,barra_28,PS,0.0,3
1,barra_29,PS,0.0,3
2,barra_29,PS,0.0,3
3,barra_29,PS,0.0,3
4,barra_29,PS,0.0,3
5,barra_29,PS,0.0,3
6,barra_29,PS,0.0,3
7,barra_29,PS,0.0,3
8,barra_29,PS,0.0,3
9,barra_29,PS,0.0,3
10,barra_29,PS,0.0,3
11,barra_29,PS,0.0,3
12,barra_29,PS,0.0,3
13,barra_29,PS,0.0,3
14,barra_29,PS,0.0,3
15,barra_29,PS,0.0,3
16,barra_29,PS,0.0,3
17,barra_29,PS,0.0,3
18,barra_29,PS,0.0,3
19,barra_29,PS,0.0,3
20,barra_29,PS,0.0,3
21,barra_29,PS,0.0,3
22,barra_29,PS,0.0,3
23,barra_29,PS,0.0,3
24,barra_29,PS,0.0,3
1,barra_30,PS,0.20369385,3
2,barra_30,PS,0.20566773,3
3,barra_30,PS,0.20407733,3
4,barra_30,PS,0.19739865,3
5,barra_30,PS,0.21355729,3
6,barra_30,PS,0.20141081,3
7,barra_30,PS,0.19188526,3
8,barra_30,PS,0.20960109,3
9,barra_30,PS,0.21935316,3
10,barra_30,PS,0.22999307,3
11,barra_30,PS,0.23901291,3
12,barra_30,PS,0.24931309,3
13,barra_30,PS,0.25135763,3
14,barra_30,PS,0.24465744,3
15,barra_30,PS,0.23358786,3
16,barra_30,PS,0.22552764,3
17,barra_30,PS,0.21767743,3
18,barra_30,PS,0.19566853,3
19,barra_30,PS,0.20355414,3
20,barra_30,PS,0.17664026,3
21,barra_30,PS,0.14971648,3
22,barra_30,PS,0.14939245,3
23,barra_30,PS,0.19816761,3
24,barra_30,PS,0.24066739,3
1,barra_31,PS,0.0,3
2,barra_31,PS,0.0,3
3,barra_31,PS,0.0,3
4,barra_31,PS,0.0,3
5,barra_31,PS,0.0,3
6,barra_31,PS,0.0,3
7,barra_31,PS,0.0,3
8,barra_31,PS,0.0,3
9,barra_31,PS,0.0,3
10,barra_31,PS,0.0,3
11,barra_31,PS,0.0,3
12,barra_31,PS,0.0,3
13,barra_31,PS,0.0,3
14,barra_31,PS,0.0,3
15,barra_31,PS,0.0,3
16,barra_31,PS,0.0,3
17,barra_31,PS,0.0,3
18,barra_31,PS,0.0,3
19,barra_31,PS,0.0,3
20,barra_31,PS,0.0,3
21,barra_31,PS,0.0,3
22,barra_31,PS,0.0,3
23,barra_31,PS,0.0,3
24,barra_31,PS,0.0,3
1,barra_32,PS,0.0,3
2,barra_32,PS,0.0,3
3,barra_32,PS,0.0,3
4,barra_32,PS,0.0,3
5,barra_32,PS,0.0,3
6,barra_32,PS,0.0,3
7,barra_32,PS,0.0,3
8,barra_32,PS,0.0,3
9,barra_32,PS,0.0,3
10,barra_32,PS,0.0,3
11,barra_32,PS,0.0,3
12,barra_32,PS,0.0,3
13,barra_32,PS,0.0,3
14,barra_32,PS,0.0,3
15,barra_32,PS,0.0,3
16,barra_32,PS,0.0,3
17,barra_32,PS,0.0,3
18,barra_32,PS,0.0,3
19,barra_32,PS,0.0,3
20,barra_32,PS,0.0,3
21,barra_32,PS,0.0,3
22,barra_32,PS,0.0,3
23,barra_32,PS,0.0,3
24,barra_32,PS,0.0,3
1,barra_33,PS,0.0,3
2,barra_33,PS,0.0,3
3,barra_33,PS,0.0,3
4,barra_33,PS,0.0,3
5,barra_33,PS,0.0,3
6,barra_33,PS,0.0,3
7,barra_33,PS,0.0,3
8,barra_33,PS,0.0,3
9,barra_33,PS,0.0,3
10,barra_33,PS,0.0,3
11,barra_33,PS,0.0,3
12,barra_33,PS,0.0,3
13,barra_33,PS,0.0,3
14,barra_33,PS,0.0,3
15,barra_33,PS,0.0,3
16,barra_33,PS,0.0,3
17,barra_33,PS,0.0,3
18,barra_33,PS,0.0,3
19,barra_33,PS,0.0,3
20,barra_33,PS,0.0,3
21,barra_33,PS,0.0,3
22,barra_33,PS,0.0,3
23,barra_33,PS,0.0,3
24,barra_33,PS,0.0,3
1,barra_1,PW,0.0,3
2,barra_1,PW,0.0,3
3,barra_1,PW,0.0,3
4,barra_1,PW,0.0,3
5,barra_1,PW,0.0,3
6,barra_1,PW,0.0,3
7,barra_1,PW,0.0,3
8,barra_1,PW,0.0,3
9,barra_1,PW,0.0,3
10,barra_1,PW,0.0,3
11,barra_1,PW,0.0,3
12,barra_1,PW,0.0,3
13,barra_1,PW,0.0,3
14,barra_1,PW,0.0,3
15,barra_1,PW,0.0,3
16,barra_1,PW,0.0,3
17,barra_1,PW,0.0,3
18,barra_1,PW,0.0,3
19,barra_1,PW,0.0,3
20,barra_1,PW,0.0,3
21,barra_1,PW,0.0,3
22,barra_1,PW,0.0,3
23,barra_1,PW,0.0,3
24,barra_1,PW,0.0,3
1,barra_2,PW,0.0,3
2,barra_2,PW,0.0,3
3,barra_2,PW,0.0,3
4,barra_2,PW,0.0,3
5,barra_2,PW,0.0,3
6,barra_2,PW,0.0,3
7,barra_2,PW,0.0,3
8,barra_2,PW,0.0,3
9,barra_2,PW,0.0,3
10,barra_2,PW,0.0,3
11,barra_2,PW,0.0,3
12,barra_2,PW,0.0,3
13,barra_2,PW,0.0,3
14,barra_2,PW,0.0,3
15,barra_2,PW,0.0,3
16,barra_2,PW,0.0,3
17,barra_2,PW,0.0,3
18,barra_2,PW,0.0,3
19,barra_2,PW,0.0,3
20,barra_2,PW,0.0,3
21,barra_2,PW,0.0,3
22,barra_2,PW,0.0,3
23,barra_2,PW,0.0,3
24,barra_2,PW,0.0,3
1,barra_3,PW,0.0,3
2,barra_3,PW,0.0,3
3,barra_3,PW,0.0,3
4,barra_3,PW,0.0,3
5,barra_3,PW,0.0,3
6,barra_3,PW,0.0,3
7,barra_3,PW,0.0,3
8,barra_3,PW,0.0,3
9,barra_3,PW,0.0,3
10,barra_3,PW,0.0,3
11,barra_3,PW,0.0,3
12,barra_3,PW,0.0,3
13,barra_3,PW,0.0,3
14,barra_3,PW,0.0,3
15,barra_3,PW,0.0,3
16,barra_3,PW,0.0,3
17,barra_3,PW,0.0,3
18,barra_3,PW,0.0,3
19,barra_3,PW,0.0,3
20,barra_3,PW,0.0,3
21,barra_3,PW,0.0,3
22,barra_3,PW,0.0,3
23,barra_3,PW,0.0,3
24,barra_3,PW,0.0,3
1,barra_4,PW,0.0,3
2,barra_4,PW,0.0,3
3,barra_4,PW,0.0,3
4,barra_4,PW,0.0,3
5,barra_4,PW,0.0,3
6,barra_4,PW,0.0,3
7,barra_4,PW,0.0,3
8,barra_4,PW,0.0,3
9,barra_4,PW,0.0,3
10,barra_4,PW,0.0,3
11,barra_4,PW,0.0,3
12,barra_4,PW,0.0,3
13,barra_4,PW,0.0,3
14,barra_4,PW,0.0,3
15,barra_4,PW,0.0,3
16,barra_4,PW,0.0,3
17,barra_4,PW,0.0,3
18,barra_4,PW,0.0,3
19,barra_4,PW,0.0,3
20,barra_4,PW,0.0,3
21,barra_4,PW,0.0,3
22,barra_4,PW,0.0,3
23,barra_4,PW,0.0,3
24,barra_4,PW,0.0,3
1,barra_5,PW,0.0,3
2,barra_5,PW,0.0,3
3,barra_5,PW,0.0,3
4,barra_5,PW,0.0,3
5,barra_5,PW,0.0,3
6,barra_5,PW,0.0,3
7,barra_5,PW,0.0,3
8,barra_5,PW,0.0,3
9,barra_5,PW,0.0,3
10,barra_5,PW,0.0,3
11,barra_5,PW,0.0,3
12,barra_5,PW,0.0,3
13,barra_5,PW,0.0,3
14,barra_5,PW,0.0,3
15,barra_5,PW,0.0,3
16,barra_5,PW,0.0,3
17,barra_5,PW,0.0,3
18,barra_5,PW,0.0,3
19,barra_5,PW,0.0,3
20,barra_5,PW,0.0,3
21,barra_5,PW,0.0,3
22,barra_5,PW,0.0,3
23,barra_5,PW,0.0,3
24,barra_5,PW,0.0,3
1,barra_6,PW,0.97220916,3
2,barra_6,PW,0.98498892,3
3,barra_6,PW,0.99425772,3
4,barra_6,PW,0.99995853,3
5,barra_6,PW,0.99276042,3
6,barra_6,PW,0.93226151,3
7,barra_6,PW,0.79532652,3
8,barra_6,PW,0.7201038,3
9,barra_6,PW,0.60841853,3
10,barra_6,PW,0.51495242,3
11,barra_6,PW,0.45260519,3
12,barra_6,PW,0.4037756,3
13,barra_6,PW,0.36115997,3
14,barra_6,PW,0.3561784,3
15,barra_6,PW,0.40409584,3
16,barra_6,PW,0.50313959,3
17,barra_6,PW,0.64895427,3
18,barra_6,PW,0.8184148,3
19,barra_6,PW,0.98174236,3
20,barra_6,PW,1.0240595,3
21,barra_6,PW,1.0360169,3
22,barra_6,PW,1.0786753,3
23,barra_6,PW,1.1097204,3
24,barra_6,PW,1.106768,3
1,barra_7,PW,0.0,3
2,barra_7,PW,0.0,3
3,barra_7,PW,0.0,3
4,barra_7,PW,0.0,3
5,barra_7,PW,0.0,3
6,barra_7,PW,0.0,3
7,barra_7,PW,0.0,3
8,barra_7,PW,0.0,3
9,barra_7,PW,0.0,3
10,barra_7,PW,0.0,3
11,barra_7,PW,0.0,3
12,barra_7,PW,0.0,3
13,barra_7,PW,0.0,3
14,barra_7,PW,0.0,3
15,barra_7,PW,0.0,3
16,barra_7,PW,0.0,3
17,barra_7,PW,0.0,3
18,barra_7,PW,0.0,3
19,barra_7,PW,0.0,3
20,barra_7,PW,0.0,3
21,barra_7,PW,0.0,3
22,barra_7,PW,0.0,3
23,barra_7,PW,0.0,3
24,barra_7,PW,0.0,3
1,barra_8,PW,0.0,3
2,barra_8,PW,0.0,3
3,barra_8,PW,0.0,3
4,barra_8,PW,0.0,3
5,barra_8,PW,0.0,3
6,barra_8,PW,0.0,3
7,barra_8,PW,0.0,3
8,barra_8,PW,0.0,3
9,barra_8,PW,0.0,3
10,barra_8,PW,0.0,3
11,barra_8,PW,0.0,3
12,barra_8,PW,0.0,3
13,barra_8,PW,0.0,3
14,barra_8,PW,0.0,3
15,barra_8,PW,0.0,3
16,barra_8,PW,0.0,3
17,barra_8,PW,0.0,3
18,barra_8,PW,0.0,3
19,barra_8,PW,0.0,3
20,barra_8,PW,0.0,3
21,barra_8,PW,0.0,3
22,barra_8,PW,0.0,3
23,barra_8,PW,0.0,3
24,barra_8,PW,0.0,3
1,barra_9,PW,0.0,3
2,barra_9,PW,0.0,3
3,barra_9,PW,0.0,3
4,barra_9,PW,0.0,3
5,barra_9,PW,0.0,3
6,barra_9,PW,0.0,3
7,barra_9,PW,0.0,3
8,barra_9,PW,0.0,3
9,barra_9,PW,0.0,3
10,barra_9,PW,0.0,3
11,barra_9,PW,0.0,3
12,barra_9,PW,0.0,3
13,barra_9,PW,0.0,3
14,barra_9,PW,0.0,3
15,barra_9,PW,0.0,3
16,barra_9,PW,0.0,3
17,barra_9,PW,0.0,3
18,barra_9,PW,0.0,3
19,barra_9,PW,0.0,3
20,barra_9,PW,0.0,3
21,barra_9,PW,0.0,3
22,barra_9,PW,0.0,3
23,barra_9,PW,0.0,3
24,barra_9,PW,0.0,3
1,barra_10,PW,0.0,3
2,barra_10,PW,0.0,3
3,barra_10,PW,0.0,3
4,barra_10,PW,0.0,3
5,barra_10,PW,0.0,3
6,barra_10,PW,0.0,3
7,barra_10,PW,0.0,3
8,barra_10,PW,0.0,3
9,barra_10,PW,0.0,3
10,barra_10,PW,0.0,3
11,barra_10,PW,0.0,3
12,barra_10,PW,0.0,3
13,barra_10,PW,0.0,3
14,barra_10,PW,0.0,3
15,barra_10,PW,0.0,3
16,barra_10,PW,0.0,3
17,barra_10,PW,0.0,3
18,barra_10,PW,0.0,3
19,barra_10,PW,0.0,3
20,barra_10,PW,0.0,3
21,barra_10,PW,0.0,3
22,barra_10,PW,0.0,3
23,barra_10,PW,0.0,3
24,barra_10,PW,0.0,3
1,barra_11,PW,0.0,3
2,barra_11,PW,0.0,3
3,barra_11,PW,0.0,3
4,barra_11,PW,0.0,3
5,barra_11,PW,0.0,3
6,barra_11,PW,0.0,3
7,barra_11,PW,0.0,3
8,barra_11,PW,0.0,3
9,barra_11,PW,0.0,3
10,barra_11,PW,0.0,3
11,barra_11,PW,0.0,3
12,barra_11,PW,0.0,3
13,barra_11,PW,0.0,3
14,barra_11,PW,0.0,3
15,barra_11,PW,0.0,3
16,barra_11,PW,0.0,3
17,barra_11,PW,0.0,3
18,barra_11,PW,0.0,3
19,barra_11,PW,0.0,3
20,barra_11,PW,0.0,3
21,barra_11,PW,0.0,3
22,barra_11,PW,0.0,3
23,barra_11,PW,0.0,3
24,barra_11,PW,0.0,3
1,barra_12,PW,0.0,3
2,barra_12,PW,0.0,3
3,barra_12,PW,0.0,3
4,barra_12,PW,0.0,3
5,barra_12,PW,0.0,3
6,barra_12,PW,0.0,3
7,barra_12,PW,0.0,3
8,barra_12,PW,0.0,3
9,barra_12,PW,0.0,3
10,barra_12,PW,0.0,3
11,barra_12,PW,0.0,3
12,barra_12,PW,0.0,3
13,barra_12,PW,0.0,3
14,barra_12,PW,0.0,3
15,barra_12,PW,0.0,3
16,barra_12,PW,0.0,3
17,barra_12,PW,0.0,3
18,barra_12,PW,0.0,3
19,barra_12,PW,0.0,3
20,barra_12,PW,0.0,3
21,barra_12,PW,0.0,3
22,barra_12,PW,0.0,3
23,barra_12,PW,0.0,3
24,barra_12,PW,0.0,3
1,barra_13,PW,0.0,3
2,barra_13,PW,0.0,3
3,barra_13,PW,0.0,3
4,barra_13,PW,0.0,3
5,barra_13,PW,0.0,3
6,barra_13,PW,0.0,3
7,barra_13,PW,0.0,3
8,barra_13,PW,0.0,3
9,barra_13,PW,0.0,3
10,barra_13,PW,0.0,3
11,barra_13,PW,0.0,3
12,barra_13,PW,0.0,3
13,barra_13,PW,0.0,3
14,barra_13,PW,0.0,3
15,barra_13,PW,0.0,3
16,barra_13,PW,0.0,3
17,barra_13,PW,0.0,3
18,barra_13,PW,0.0,3
19,barra_13,PW,0.0,3
20,barra_13,PW,0.0,3
21,barra_13,PW,0.0,3
22,barra_13,PW,0.0,3
23,barra_13,PW,0.0,3
24,barra_13,PW,0.0,3
1,barra_14,PW,0.55178147,3
2,barra_14,PW,0.57758983,3
3,barra_14,PW,0.59630849,3
4,barra_14,PW,0.60346055,3
5,barra_14,PW,0.5932846,3
6,barra_14,PW,0.52966227,3
7,barra_14,PW,0.47237843,3
8,barra_14,PW,0.42094611,3
9,barra_14,PW,0.33274854,3
10,barra_14,PW,0.24694811,3
11,barra_14,PW,0.19169401,3
12,barra_14,PW,0.14872059,3
13,barra_14,PW,0.10826483,3
14,barra_14,PW,0.097646154,3
15,barra_14,PW,0.13954921,3
16,barra_14,PW,0.23308761,3
17,barra_14,PW,0.36949443,3
18,barra_14,PW,0.47084173,3
19,barra_14,PW,0.58476758,3
20,barra_14,PW,0.61573151,3
21,barra_14,PW,0.62182229,3
22,barra_14,PW,0.64355025,3
23,barra_14,PW,0.65936324,3
24,barra_14,PW,0.65785942,3
1,barra_15,PW,0.0,3
2,barra_15,PW,0.0,3
3,barra_15,PW,0.0,3
4,barra_15,PW,0.0,3
5,barra_15,PW,0.0,3
6,barra_15,PW,0.0,3
7,barra_15,PW,0.0,3
8,barra_15,PW,0.0,3
9,barra_15,PW,0.0,3
10,barra_15,PW,0.0,3
11,barra_15,PW,0.0,3
12,barra_15,PW,0.0,3
13,barra_15,PW,0.0,3
14,barra_15,PW,0.0,3
15,barra_15,PW,0.0,3
16,barra_15,PW,0.0,3
17,barra_15,PW,0.0,3
18,barra_15,PW,0.0,3
19,barra_15,PW,0.0,3
20,barra_15,PW,0.0,3
21,barra_15,PW,0.0,3
22,barra_15,PW,0.0,3
23,barra_15,PW,0.0,3
24,barra_15,PW,0.0,3
1,barra_16,PW,0.0,3
2,barra_16,PW,0.0,3
3,barra_16,PW,0.0,3
4,barra_16,PW,0.0,3
5,barra_16,PW,0.0,3
6,barra_16,PW,0.0,3
7,barra_16,PW,0.0,3
8,barra_16,PW,0.0,3
9,barra_16,PW,0.0,3
10,barra_16,PW,0.0,3
11,barra_16,PW,0.0,3
12,barra_16,PW,0.0,3
13,barra_16,PW,0.0,3
14,barra_16,PW,0.0,3
15,barra_16,PW,0.0,3
16,barra_16,PW,0.0,3
17,barra_16,PW,0.0,3
18,barra_16,PW,0.0,3
19,barra_16,PW,0.0,3
20,barra_16,PW,0.0,3
21,barra_16,PW,0.0,3
22,barra_16,PW,0.0,3
23,barra_16,PW,0.0,3
24,barra_16,PW,0.0,3
1,barra_17,PW,0.0,3
2,barra_17,PW,0.0,3
3,barra_17,PW,0.0,3
4,barra_17,PW,0.0,3
5,barra_17,PW,0.0,3
6,barra_17,PW,0.0,3
7,barra_17,PW,0.0,3
8,barra_17,PW,0.0,3
9,barra_17,PW,0.0,3
10,barra_17,PW,0.0,3
11,barra_17,PW,0.0,3
12,barra_17,PW,0.0,3
13,barra_17,PW,0.0,3
14,barra_17,PW,0.0,3
15,barra_17,PW,0.0,3
16,barra_17,PW,0.0,3
17,barra_17,PW,0.0,3
18,barra_17,PW,0.0,3
19,barra_17,PW,0.0,3
20,barra_17,PW,0.0,3
21,barra_17,PW,0.0,3
22,barra_17,PW,0.0,3
23,barra_17,PW,0.0,3
24,barra_17,PW,0.0,3
1,barra_18,PW,0.408,3
2,barra_18,PW,0.42,3
3,barra_18,PW,0.432,3
4,barra_18,PW,0.444,3
5,barra_18,PW,0.42,3
6,barra_18,PW,0.396,3
7,barra_18,PW,0.36,3
8,barra_18,PW,0.33,3
9,barra_18,PW,0.3,3
10,barra_18,PW,0.276,3
11,barra_18,PW,0.264,3
12,barra_18,PW,0.252,3
13,barra_18,PW,0.24,3
14,barra_18,PW,0.228,3
15,barra_18,PW,0.24,3
16,barra_18,PW,0.27,3
17,barra_18,PW,0.312,3
18,barra_18,PW,0.372,3
19,barra_18,PW,0.432,3
20,barra_18,PW,0.48,3
21,barra_18,PW,0.516,3
22,barra_18,PW,0.54,3
23,barra_18,PW,0.504,3
24,barra_18,PW,0.456,3
1,barra_19,PW,0.0,3
2,barra_19,PW,0.0,3
3,barra_19,PW,0.0,3
4,barra_19,PW,0.0,3
5,barra_19,PW,0.0,3
6,barra_19,PW,0.0,3
7,barra_19,PW,0.0,3
8,barra_19,PW,0.0,3
9,barra_19,PW,0.0,3
10,barra_19,PW,0.0,3
11,barra_19,PW,0.0,3
12,barra_19,PW,0.0,3
13,barra_19,PW,0.0,3
14,barra_19,PW,0.0,3
15,barra_19,PW,0.0,3
16,barra_19,PW,0.0,3
17,barra_19,PW,0.0,3
18,barra_19,PW,0.0,3
19,barra_19,PW,0.0,3
20,barra_19,PW,0.0,3
21,barra_19,PW,0.0,3
22,barra_19,PW,0.0,3
23,barra_19,PW,0.0,3
24,barra_19,PW,0.0,3
1,barra_20,PW,0.0,3
2,barra_20,PW,0.0,3
3,barra_20,PW,0.0,3
4,barra_20,PW,0.0,3
5,barra_20,PW,0.0,3
6,barra_20,PW,0.0,3
7,barra_20,PW,0.0,3
8,barra_20,PW,0.0,3
9,barra_20,PW,0.0,3
10,barra_20,PW,0.0,3
11,barra_20,PW,0.0,3
12,barra_20,PW,0.0,3
13,barra_20,PW,0.0,3
14,barra_20,PW,0.0,3
15,barra_20,PW,0.0,3
16,barra_20,PW,0.0,3
17,barra_20,PW,0.0,3
18,barra_20,PW,0.0,3
19,barra_20,PW,0.0,3
20,barra_20,PW,0.0,3
21,barra_20,PW,0.0,3
22,barra_20,PW,0.0,3
23,barra_20,PW,0.0,3
24,barra_20,PW,0.0,3
1,barra_21,PW,0.0,3
2,barra_21,PW,0.0,3
3,barra_21,PW,0.0,3
4,barra_21,PW,0.0,3
5,barra_21,PW,0.0,3
6,barra_21,PW,0.0,3
7,barra_21,PW,0.0,3
8,barra_21,PW,0.0,3
9,barra_21,PW,0.0,3
10,barra_21,PW,0.0,3
11,barra_21,PW,0.0,3
12,barra_21,PW,0.0,3
13,barra_21,PW,0.0,3
14,barra_21,PW,0.0,3
15,barra_21,PW,0.0,3
16,barra_21,PW,0.0,3
17,barra_21,PW,0.0,3
18,barra_21,PW,0.0,3
19,barra_21,PW,0.0,3
20,barra_21,PW,0.0,3
21,barra_21,PW,0.0,3
22,barra_21,PW,0.0,3
23,barra_21,PW,0.0,3
24,barra_21,PW,0.0,3
1,barra_22,PW,0.0,3
2,barra_22,PW,0.0,3
3,barra_22,PW,0.0,3
4,barra_22,PW,0.0,3
5,barra_22,PW,0.0,3
6,barra_22,PW,0.0,3
7,barra_22,PW,0.0,3
8,barra_22,PW,0.0,3
9,barra_22,PW,0.0,3
10,barra_22,PW,0.0,3
11,barra_22,PW,0.0,3
12,barra_22,PW,0.0,3
13,barra_22,PW,0.0,3
14,barra_22,PW,0.0,3
15,barra_22,PW,0.0,3
16,barra_22,PW,0.0,3
17,barra_22,PW,0.0,3
18,barra_22,PW,0.0,3
19,barra_22,PW,0.0,3
20,barra_22,PW,0.0,3
21,barra_22,PW,0.0,3
22,barra_22,PW,0.0,3
23,barra_22,PW,0.0,3
24,barra_22,PW,0.0,3
1,barra_23,PW,0.0,3
2,barra_23,PW,0.0,3
3,barra_23,PW,0.0,3
4,barra_23,PW,0.0,3
5,barra_23,PW,0.0,3
6,barra_23,PW,0.0,3
7,barra_23,PW,0.0,3
8,barra_23,PW,0.0,3
9,barra_23,PW,0.0,3
10,barra_23,PW,0.0,3
11,barra_23,PW,0.0,3
12,barra_23,PW,0.0,3
13,barra_23,PW,0.0,3
14,barra_23,PW,0.0,3
15,barra_23,PW,0.0,3
16,barra_23,PW,0.0,3
17,barra_23,PW,0.0,3
18,barra_23,PW,0.0,3
19,barra_23,PW,0.0,3
20,barra_23,PW,0.0,3
21,barra_23,PW,0.0,3
22,barra_23,PW,0.0,3
23,barra_23,PW,0.0,3
24,barra_23,PW,0.0,3
1,barra_24,PW,0.0,3
2,barra_24,PW,0.0,3
3,barra_24,PW,0.0,3
4,barra_24,PW,0.0,3
5,barra_24,PW,0.0,3
6,barra_24,PW,0.0,3
7,barra_24,PW,0.0,3
8,barra_24,PW,0.0,3
9,barra_24,PW,0.0,3
10,barra_24,PW,0.0,3
11,barra_24,PW,0.0,3
12,barra_24,PW,0.0,3
13,barra_24,PW,0.0,3
14,barra_24,PW,0.0,3
15,barra_24,PW,0.0,3
16,barra_24,PW,0.0,3
17,barra_24,PW,0.0,3
18,barra_24,PW,0.0,3
19,barra_24,PW,0.0,3
20,barra_24,PW,0.0,3
21,barra_24,PW,0.0,3
22,barra_24,PW,0.0,3
23,barra_24,PW,0.0,3
24,barra_24,PW,0.0,3
1,barra_25,PW,0.57769385,3
2,barra_25,PW,0.59066773,3
3,barra_25,PW,0.60007733,3
4,barra_25,PW,0.60439865,3
5,barra_25,PW,0.59855729,3
6,barra_25,PW,0.55091081,3
7,barra_25,PW,0.46788526,3
8,barra_25,PW,0.39960109,3
9,barra_25,PW,0.29185316,3
10,barra_25,PW,0.19049307,3
11,barra_25,PW,0.12101291,3
12,barra_25,PW,0.066313092,3
13,barra_25,PW,0.021357626,3
14,barra_25,PW,0.021657438,3
15,barra_25,PW,0.075587856,3
16,barra_25,PW,0.18052764,3
17,barra_25,PW,0.33267743,3
18,barra_25,PW,0.46916853,3
19,barra_25,PW,0.58605414,3
20,barra_25,PW,0.61664026,3
21,barra_25,PW,0.62271648,3
22,barra_25,PW,0.64439245,3
23,barra_25,PW,0.66016761,3
24,barra_25,PW,0.65866739,3
1,barra_26,PW,0.0,3
2,barra_26,PW,0.0,3
3,barra_26,PW,0.0,3
4,barra_26,PW,0.0,3
5,barra_26,PW,0.0,3
6,barra_26,PW,0.0,3
7,barra_26,PW,0.0,3
8,barra_26,PW,0.0,3
9,barra_26,PW,0.0,3
10,barra_26,PW,0.0,3
11,barra_26,PW,0.0,3
12,barra_26,PW,0.0,3
13,barra_26,PW,0.0,3
14,barra_26,PW,0.0,3
15,barra_26,PW,0.0,3
16,barra_26,PW,0.0,3
17,barra_26,PW,0.0,3
18,barra_26,PW,0.0,3
19,barra_26,PW,0.0,3
20,barra_26,PW,0.0,3
21,barra_26,PW,0.0,3
22,barra_26,PW,0.0,3
23,barra_26,PW,0.0,3
24,barra_26,PW,0.0,3
1,barra_27,PW,0.0,3
2,barra_27,PW,0.0,3
3,barra_27,PW,0.0,3
4,barra_27,PW,0.0,3
5,barra_27,PW,0.0,3
6,barra_27,PW,0.0,3
7,barra_27,PW,0.0,3
8,barra_27,PW,0.0,3
9,barra_27,PW,0.0,3
10,barra_27,PW,0.0,3
11,barra_27,PW,0.0,3
12,barra_27,PW,0.0,3
13,barra_27,PW,0.0,3
14,barra_27,PW,0.0,3
15,barra_27,PW,0.0,3
16,barra_27,PW,0.0,3
17,barra_27,PW,0.0,3
18,barra_27,PW,0.0,3
19,barra_27,PW,0.0,3
20,barra_27,PW,0.0,3
21,barra_27,PW,0.0,3
22,barra_27,PW,0.0,3
23,barra_27,PW,0.0,3
24,barra_27,PW,0.0,3
1,barra_28,PW,0.0,3
2,barra_28,PW,0.0,3
3,barra_28,PW,0.0,3
4,barra_28,PW,0.0,3
5,barra_28,PW,0.0,3
6,barra_28,PW,0.0,3
7,barra_28,PW,0.0,3
8,barra_28,PW,0.0,3
9,barra_28,PW,0.0,3
10,barra_28,PW,0.0,3
11,barra_28,PW,0.0,3
12,barra_28,PW,0.0,3
13,barra_28,PW,0.0,3
14,barra_28,PW,0.0,3
15,barra_28,PW,0.0,3
16,barra_28,PW,0.0,3
17,barra_28,PW,0.0,3
18,barra_28,PW,0.0,3
19,barra_28,PW,0.0,3
20,barra_28,PW,0.0,3
21,barra_28,PW,0.0,3
22,barra_28,PW,0.0,3
23,barra_28,PW,0.0,3
24,barra_28,PW,0.0,3
1,barra_29,PW,0.0,3
2,barra_29,PW,0.0,3
3,barra_29,PW,0.0,3
4,barra_29,PW,0.0,3
5,barra_29,PW,0.0,3
6,barra_29,PW,0.0,3
7,barra_29,PW,0.0,3
8,barra_29,PW,0.0,3
9,barra_29,PW,0.0,3
10,barra_29,PW,0.0,3
11,barra_29,PW,0.0,3
12,barra_29,PW,0.0,3
13,barra_29,PW,0.0,3
14,barra_29,PW,0.0,3
15,barra_29,PW,0.0,3
16,barra_29,PW,0.0,3
17,barra_29,PW,0.0,3
18,barra_29,PW,0.0,3
19,barra_29,PW,0.0,3
20,barra_29,PW,0.0,3
21,barra_29,PW,0.0,3
22,barra_29,PW,0.0,3
23,barra_29,PW,0.0,3
24,barra_29,PW,0.0,3
1,barra_30,PW,0.374,3
2,barra_30,PW,0.385,3
3,barra_30,PW,0.396,3
4,barra_30,PW,0.407,3
5,barra_30,PW,0.385,3
6,barra_30,PW,0.363,3
7,barra_30,PW,0.33,3
8,barra_30,PW,0.3025,3
9,barra_30,PW,0.275,3
10,barra_30,PW,0.253,3
11,barra_30,PW,0.242,3
12,barra_30,PW,0.231,3
13,barra_30,PW,0.22,3
14,barra_30,PW,0.209,3
15,barra_30,PW,0.22,3
16,barra_30,PW,0.2475,3
17,barra_30,PW,0.286,3
18,barra_30,PW,0.341,3
19,barra_30,PW,0.396,3
20,barra_30,PW,0.44,3
21,barra_30,PW,0.473,3
22,barra_30,PW,0.495,3
23,barra_30,PW,0.462,3
24,barra_30,PW,0.418,3
1,barra_31,PW,0.0,3
2,barra_31,PW,0.0,3
3,barra_31,PW,0.0,3
4,barra_31,PW,0.0,3
5,barra_31,PW,0.0,3
6,barra_31,PW,0.0,3
7,barra_31,PW,0.0,3
8,barra_31,PW,0.0,3
9,barra_31,PW,0.0,3
10,barra_31,PW,0.0,3
11,barra_31,PW,0.0,3
12,barra_31,PW,0.0,3
13,barra_31,PW,0.0,3
14,barra_31,PW,0.0,3
15,barra_31,PW,0.0,3
16,barra_31,PW,0.0,3
17,barra_31,PW,0.0,3
18,barra_31,PW,0.0,3
19,barra_31,PW,0.0,3
20,barra_31,PW,0.0,3
21,barra_31,PW,0.0,3
22,barra_31,PW,0.0,3
23,barra_31,PW,0.0,3
24,barra_31,PW,0.0,3
1,barra_32,PW,0.0,3
2,barra_32,PW,0.0,3
3,barra_32,PW,0.0,3
4,barra_32,PW,0.0,3
5,barra_32,PW,0.0,3
6,barra_32,PW,0.0,3
7,barra_32,PW,0.0,3
8,barra_32,PW,0.0,3
9,barra_32,PW,0.0,3
10,barra_32,PW,0.0,3
11,barra_32,PW,0.0,3
12,barra_32,PW,0.0,3
13,barra_32,PW,0.0,3
14,barra_32,PW,0.0,3
15,barra_32,PW,0.0,3
16,barra_32,PW,0.0,3
17,barra_32,PW,0.0,3
18,barra_32,PW,0.0,3
19,barra_32,PW,0.0,3
20,barra_32,PW,0.0,3
21,barra_32,PW,0.0,3
22,barra_32,PW,0.0,3
23,barra_32,PW,0.0,3
24,barra_32,PW,0.0,3
1,barra_33,PW,0.0,3
2,barra_33,PW,0.0,3
3,barra_33,PW,0.0,3
4,barra_33,PW,0.0,3
5,barra_33,PW,0.0,3
6,barra_33,PW,0.0,3
7,barra_33,PW,0.0,3
8,barra_33,PW,0.0,3
9,barra_33,PW,0.0,3
10,barra_33,PW,0.0,3
11,barra_33,PW,0.0,3
12,barra_33,PW,0.0,3
13,barra_33,PW,0.0,3
14,barra_33,PW,0.0,3
15,barra_33,PW,0.0,3
16,barra_33,PW,0.0,3
17,barra_33,PW,0.0,3
18,barra_33,PW,0.0,3
19,barra_33,PW,0.0,3
20,barra_33,PW,0.0,3
21,barra_33,PW,0.0,3
22,barra_33,PW,0.0,3
23,barra_33,PW,0.0,3
24,barra_33,PW,0.0,3
1,barra_1,CS,0.0,3
2,barra_1,CS,0.0,3
3,barra_1,CS,0.0,3
4,barra_1,CS,0.0,3
5,barra_1,CS,0.0,3
6,barra_1,CS,0.0,3
7,barra_1,CS,0.0,3
8,barra_1,CS,0.0,3
9,barra_1,CS,0.0,3
10,barra_1,CS,0.0,3
11,barra_1,CS,0.0,3
12,barra_1,CS,0.0,3
13,barra_1,CS,0.0,3
14,barra_1,CS,0.0,3
15,barra_1,CS,0.0,3
16,barra_1,CS,0.0,3
17,barra_1,CS,0.0,3
18,barra_1,CS,0.0,3
19,barra_1,CS,0.0,3
20,barra_1,CS,0.0,3
21,barra_1,CS,0.0,3
22,barra_1,CS,0.0,3
23,barra_1,CS,0.0,3
24,barra_1,CS,0.0,3
1,barra_2,CS,0.0,3
2,barra_2,CS,0.0,3
3,barra_2,CS,0.0,3
4,barra_2,CS,0.0,3
5,barra_2,CS,0.0,3
6,barra_2,CS,0.0,3
7,barra_2,CS,0.0,3
8,barra_2,CS,0.0,3
9,barra_2,CS,0.0,3
10,barra_2,CS,0.0,3
11,barra_2,CS,0.0,3
12,barra_2,CS,0.0,3
13,barra_2,CS,0.0,3
14,barra_2,CS,0.0,3
15,barra_2,CS,0.0,3
16,barra_2,CS,0.0,3
17,barra_2,CS,0.0,3
18,barra_2,CS,0.0,3
19,barra_2,CS,0.0,3
20,barra_2,CS,0.0,3
21,barra_2,CS,0.0,3
22,barra_2,CS,0.0,3
23,barra_2,CS,0.0,3
24,barra_2,CS,0.0,3
1,barra_3,CS,0.0,3
2,barra_3,CS,0.0,3
3,barra_3,CS,0.0,3
4,barra_3,CS,0.0,3
5,barra_3,CS,0.0,3
6,barra_3,CS,0.0,3
7,barra_3,CS,0.0,3
8,barra_3,CS,0.0,3
9,barra_3,CS,0.0,3
10,barra_3,CS,0.0,3
11,barra_3,CS,0.0,3
12,barra_3,CS,0.0,3
13,barra_3,CS,0.0,3
14,barra_3,CS,0.0,3
15,barra_3,CS,0.0,3
16,barra_3,CS,0.0,3
17,barra_3,CS,0.0,3
18,barra_3,CS,0.0,3
19,barra_3,CS,0.0,3
20,barra_3,CS,0.0,3
21,barra_3,CS,0.0,3
22,barra_3,CS,0.0,3
23,barra_3,CS,0.0,3
24,barra_3,CS,0.0,3
1,barra_4,CS,0.0,3
2,barra_4,CS,0.0,3
3,barra_4,CS,0.0,3
4,barra_4,CS,0.0,3
5,barra_4,CS,0.0,3
6,barra_4,CS,0.0,3
7,barra_4,CS,0.0,3
8,barra_4,CS,0.0,3
9,barra_4,CS,0.0,3
10,barra_4,CS,0.0,3
11,barra_4,CS,0.0,3
12,barra_4,CS,0.0,3
13,barra_4,CS,0.0,3
14,barra_4,CS,0.0,3
15,barra_4,CS,0.0,3
16,barra_4,CS,0.0,3
17,barra_4,CS,0.0,3
18,barra_4,CS,0.0,3
19,barra_4,CS,0.0,3
20,barra_4,CS,0.0,3
21,barra_4,CS,0.0,3
22,barra_4,CS,0.0,3
23,barra_4,CS,0.0,3
24,barra_4,CS,0.0,3
1,barra_5,CS,0.0,3
2,barra_5,CS,0.0,3
3,barra_5,CS,0.0,3
4,barra_5,CS,0.0,3
5,barra_5,CS,0.0,3
6,barra_5,CS,0.0,3
7,barra_5,CS,0.0,3
8,barra_5,CS,0.0,3
9,barra_5,CS,0.0,3
10,barra_5,CS,0.0,3
11,barra_5,CS,0.0,3
12,barra_5,CS,0.0,3
13,barra_5,CS,0.0,3
14,barra_5,CS,0.0,3
15,barra_5,CS,0.0,3
16,barra_5,CS,0.0,3
17,barra_5,CS,0.0,3
18,barra_5,CS,0.0,3
19,barra_5,CS,0.0,3
20,barra_5,CS,0.0,3
21,barra_5,CS,0.0,3
22,barra_5,CS,0.0,3
23,barra_5,CS,0.0,3
24,barra_5,CS,0.0,3
1,barra_6,CS,0.0,3
2,barra_6,CS,0.0,3
3,barra_6,CS,0.0,3
4,barra_6,CS,0.0,3
5,barra_6,CS,0.0,3
6,barra_6,CS,-0.0,3
7,barra_6,CS,-0.0,3
8,barra_6,CS,-0.0,3
9,barra_6,CS,-0.0,3
10,barra_6,CS,-0.0,3
11,barra_6,CS,-0.0,3
12,barra_6,CS,-0.0,3
13,barra_6,CS,-0.0,3
14,barra_6,CS,-0.0,3
15,barra_6,CS,-0.0,3
16,barra_6,CS,-0.0,3
17,barra_6,CS,-0.0,3
18,barra_6,CS,-0.0,3
19,barra_6,CS,-0.0,3
20,barra_6,CS,0.0,3
21,barra_6,CS,0.0,3
22,barra_6,CS,0.0,3
23,barra_6,CS,0.0,3
24,barra_6,CS,0.0,3
1,barra_7,CS,0.0,3
2,barra_7,CS,0.0,3
3,barra_7,CS,0.0,3
4,barra_7,CS,0.0,3
5,barra_7,CS,0.0,3
6,barra_7,CS,0.0,3
7,barra_7,CS,0.0,3
8,barra_7,CS,0.0,3
9,barra_7,CS,0.0,3
10,barra_7,CS,0.0,3
11,barra_7,CS,0.0,3
12,barra_7,CS,0.0,3
13,barra_7,CS,0.0,3
14,barra_7,CS,0.0,3
15,barra_7,CS,0.0,3
16,barra_7,CS,0.0,3
17,barra_7,CS,0.0,3
18,barra_7,CS,0.0,3
19,barra_7,CS,0.0,3
20,barra_7,CS,0.0,3
21,barra_7,CS,0.0,3
22,barra_7,CS,0.0,3
23,barra_7,CS,0.0,3
24,barra_7,CS,0.0,3
1,barra_8,CS,0.0,3
2,barra_8,CS,0.0,3
3,barra_8,CS,0.0,3
4,barra_8,CS,0.0,3
5,barra_8,CS,0.0,3
6,barra_8,CS,0.0,3
7,barra_8,CS,0.0,3
8,barra_8,CS,0.0,3
9,barra_8,CS,0.0,3
10,barra_8,CS,0.0,3
11,barra_8,CS,0.0,3
12,barra_8,CS,0.0,3
13,barra_8,CS,0.0,3
14,barra_8,CS,0.0,3
15,barra_8,CS,0.0,3
16,barra_8,CS,0.0,3
17,barra_8,CS,0.0,3
18,barra_8,CS,0.0,3
19,barra_8,CS,0.0,3
20,barra_8,CS,0.0,3
21,barra_8,CS,0.0,3
22,barra_8,CS,0.0,3
23,barra_8,CS,0.0,3
24,barra_8,CS,0.0,3
1,barra_9,CS,0.0,3
2,barra_9,CS,0.0,3
3,barra_9,CS,0.0,3
4,barra_9,CS,0.0,3
5,barra_9,CS,0.0,3
6,barra_9,CS,0.0,3
7,barra_9,CS,0.0,3
8,barra_9,CS,0.0,3
9,barra_9,CS,0.0,3
10,barra_9,CS,0.0,3
11,barra_9,CS,0.0,3
12,barra_9,CS,0.0,3
13,barra_9,CS,0.0,3
14,barra_9,CS,0.0,3
15,barra_9,CS,0.0,3
16,barra_9,CS,0.0,3
17,barra_9,CS,0.0,3
18,barra_9,CS,0.0,3
19,barra_9,CS,0.0,3
20,barra_9,CS,0.0,3
21,barra_9,CS,0.0,3
22,barra_9,CS,0.0,3
23,barra_9,CS,0.0,3
24,barra_9,CS,0.0,3
1,barra_10,CS,0.0,3
2,barra_10,CS,0.0,3
3,barra_10,CS,0.0,3
4,barra_10,CS,0.0,3
5,barra_10,CS,0.0,3
6,barra_10,CS,0.0,3
7,barra_10,CS,0.0,3
8,barra_10,CS,0.0,3
9,barra_10,CS,0.0,3
10,barra_10,CS,0.0,3
11,barra_10,CS,0.0,3
12,barra_10,CS,0.0,3
13,barra_10,CS,0.0,3
14,barra_10,CS,0.0,3
15,barra_10,CS,0.0,3
16,barra_10,CS,0.0,3
17,barra_10,CS,0.0,3
18,barra_10,CS,0.0,3
19,barra_10,CS,0.0,3
20,barra_10,CS,0.0,3
21,barra_10,CS,0.0,3
22,barra_10,CS,0.0,3
23,barra_10,CS,0.0,3
24,barra_10,CS,0.0,3
1,barra_11,CS,0.0,3
2,barra_11,CS,0.0,3
3,barra_11,CS,0.0,3
4,barra_11,CS,0.0,3
5,barra_11,CS,0.0,3
6,barra_11,CS,0.0,3
7,barra_11,CS,0.0,3
8,barra_11,CS,0.0,3
9,barra_11,CS,0.0,3
10,barra_11,CS,0.0,3
11,barra_11,CS,0.0,3
12,barra_11,CS,0.0,3
13,barra_11,CS,0.0,3
14,barra_11,CS,0.0,3
15,barra_11,CS,0.0,3
16,barra_11,CS,0.0,3
17,barra_11,CS,0.0,3
18,barra_11,CS,0.0,3
19,barra_11,CS,0.0,3
20,barra_11,CS,0.0,3
21,barra_11,CS,0.0,3
22,barra_11,CS,0.0,3
23,barra_11,CS,0.0,3
24,barra_11,CS,0.0,3
1,barra_12,CS,0.0,3
2,barra_12,CS,0.0,3
3,barra_12,CS,0.0,3
4,barra_12,CS,0.0,3
5,barra_12,CS,0.0,3
6,barra_12,CS,0.0,3
7,barra_12,CS,0.0,3
8,barra_12,CS,0.0,3
9,barra_12,CS,0.0,3
10,barra_12,CS,0.0,3
11,barra_12,CS,0.0,3
12,barra_12,CS,0.0,3
13,barra_12,CS,0.0,3
14,barra_12,CS,0.0,3
15,barra_12,CS,0.0,3
16,barra_12,CS,0.0,3
17,barra_12,CS,0.0,3
18,barra_12,CS,0.0,3
19,barra_12,CS,0.0,3
20,barra_12,CS,0.0,3
21,barra_12,CS,0.0,3
22,barra_12,CS,0.0,3
23,barra_12,CS,0.0,3
24,barra_12,CS,0.0,3
1,barra_13,CS,0.0,3
2,barra_13,CS,0.0,3
3,barra_13,CS,0.0,3
4,barra_13,CS,0.0,3
5,barra_13,CS,0.0,3
6,barra_13,CS,0.0,3
7,barra_13,CS,0.0,3
8,barra_13,CS,0.0,3
9,barra_13,CS,0.0,3
10,barra_13,CS,0.0,3
11,barra_13,CS,0.0,3
12,barra_13,CS,0.0,3
13,barra_13,CS,0.0,3
14,barra_13,CS,0.0,3
15,barra_13,CS,0.0,3
16,barra_13,CS,0.0,3
17,barra_13,CS,0.0,3
18,barra_13,CS,0.0,3
19,barra_13,CS,0.0,3
20,barra_13,CS,0.0,3
21,barra_13,CS,0.0,3
22,barra_13,CS,0.0,3
23,barra_13,CS,0.0,3
24,barra_13,CS,0.0,3
1,barra_14,CS,0.0,3
2,barra_14,CS,0.0,3
3,barra_14,CS,0.0,3
4,barra_14,CS,0.0,3
5,barra_14,CS,0.0,3
6,barra_14,CS,-0.0,3
7,barra_14,CS,-0.0,3
8,barra_14,CS,-0.0,3
9,barra_14,CS,-0.0,3
10,barra_14,CS,-0.0,3
11,barra_14,CS,-0.0,3
12,barra_14,CS,-0.0,3
13,barra_14,CS,-0.0,3
14,barra_14,CS,-0.0,3
15,barra_14,CS,-0.0,3
16,barra_14,CS,-0.0,3
17,barra_14,CS,-0.0,3
18,barra_14,CS,-0.0,3
19,barra_14,CS,-0.0,3
20,barra_14,CS,0.0,3
21,barra_14,CS,0.0,3
22,barra_14,CS,0.0,3
23,barra_14,CS,0.0,3
24,barra_14,CS,0.0,3
1,barra_15,CS,0.0,3
2,barra_15,CS,0.0,3
3,barra_15,CS,0.0,3
4,barra_15,CS,0.0,3
5,barra_15,CS,0.0,3
6,barra_15,CS,0.0,3
7,barra_15,CS,0.0,3
8,barra_15,CS,0.0,3
9,barra_15,CS,0.0,3
10,barra_15,CS,0.0,3
11,barra_15,CS,0.0,3
12,barra_15,CS,0.0,3
13,barra_15,CS,0.0,3
14,barra_15,CS,0.0,3
15,barra_15,CS,0.0,3
16,barra_15,CS,0.0,3
17,barra_15,CS,0.0,3
18,barra_15,CS,0.0,3
19,barra_15,CS,0.0,3
20,barra_15,CS,0.0,3
21,barra_15,CS,0.0,3
22,barra_15,CS,0.0,3
23,barra_15,CS,0.0,3
24,barra_15,CS,0.0,3
1,barra_16,CS,0.0,3
2,barra_16,CS,0.0,3
3,barra_16,CS,0.0,3
4,barra_16,CS,0.0,3
5,barra_16,CS,0.0,3
6,barra_16,CS,0.0,3
7,barra_16,CS,0.0,3
8,barra_16,CS,0.0,3
9,barra_16,CS,0.0,3
10,barra_16,CS,0.0,3
11,barra_16,CS,0.0,3
12,barra_16,CS,0.0,3
13,barra_16,CS,0.0,3
14,barra_16,CS,0.0,3
15,barra_16,CS,0.0,3
16,barra_16,CS,0.0,3
17,barra_16,CS,0.0,3
18,barra_16,CS,0.0,3
19,barra_16,CS,0.0,3
20,barra_16,CS,0.0,3
21,barra_16,CS,0.0,3
22,barra_16,CS,0.0,3
23,barra_16,CS,0.0,3
24,barra_16,CS,0.0,3
1,barra_17,CS,0.0,3
2,barra_17,CS,0.0,3
3,barra_17,CS,0.0,3
4,barra_17,CS,0.0,3
5,barra_17,CS,0.0,3
6,barra_17,CS,0.0,3
7,barra_17,CS,0.0,3
8,barra_17,CS,0.0,3
9,barra_17,CS,0.0,3
10,barra_17,CS,0.0,3
11,barra_17,CS,0.0,3
12,barra_17,CS,0.0,3
13,barra_17,CS,0.0,3
14,barra_17,CS,0.0,3
15,barra_17,CS,0.0,3
16,barra_17,CS,0.0,3
17,barra_17,CS,0.0,3
18,barra_17,CS,0.0,3
19,barra_17,CS,0.0,3
20,barra_17,CS,0.0,3
21,barra_17,CS,0.0,3
22,barra_17,CS,0.0,3
23,barra_17,CS,0.0,3
24,barra_17,CS,0.0,3
1,barra_18,CS,0.0,3
2,barra_18,CS,0.0,3
3,barra_18,CS,0.0,3
4,barra_18,CS,0.0,3
5,barra_18,CS,0.0,3
6,barra_18,CS,0.0,3
7,barra_18,CS,0.0,3
8,barra_18,CS,0.0,3
9,barra_18,CS,0.0,3
10,barra_18,CS,0.0,3
11,barra_18,CS,0.0,3
12,barra_18,CS,0.0,3
13,barra_18,CS,0.0,3
14,barra_18,CS,0.0,3
15,barra_18,CS,0.0,3
16,barra_18,CS,0.0,3
17,barra_18,CS,0.0,3
18,barra_18,CS,0.0,3
19,barra_18,CS,0.0,3
20,barra_18,CS,0.0,3
21,barra_18,CS,0.0,3
22,barra_18,CS,0.0,3
23,barra_18,CS,0.0,3
24,barra_18,CS,0.0,3
1,barra_19,CS,0.0,3
2,barra_19,CS,0.0,3
3,barra_19,CS,0.0,3
4,barra_19,CS,0.0,3
5,barra_19,CS,0.0,3
6,barra_19,CS,0.0,3
7,barra_19,CS,0.0,3
8,barra_19,CS,0.0,3
9,barra_19,CS,0.0,3
10,barra_19,CS,0.0,3
11,barra_19,CS,0.0,3
12,barra_19,CS,0.0,3
13,barra_19,CS,0.0,3
14,barra_19,CS,0.0,3
15,barra_19,CS,0.0,3
16,barra_19,CS,0.0,3
17,barra_19,CS,0.0,3
18,barra_19,CS,0.0,3
19,barra_19,CS,0.0,3
20,barra_19,CS,0.0,3
21,barra_19,CS,0.0,3
22,barra_19,CS,0.0,3
23,barra_19,CS,0.0,3
24,barra_19,CS,0.0,3
1,barra_20,CS,0.0,3
2,barra_20,CS,0.0,3
3,barra_20,CS,0.0,3
4,barra_20,CS,0.0,3
5,barra_20,CS,0.0,3
6,barra_20,CS,0.0,3
7,barra_20,CS,0.0,3
8,barra_20,CS,0.0,3
9,barra_20,CS,0.0,3
10,barra_20,CS,0.0,3
11,barra_20,CS,0.0,3
12,barra_20,CS,0.0,3
13,barra_20,CS,0.0,3
14,barra_20,CS,0.0,3
15,barra_20,CS,0.0,3
16,barra_20,CS,0.0,3
17,barra_20,CS,0.0,3
18,barra_20,CS,0.0,3
19,barra_20,CS,0.0,3
20,barra_20,CS,0.0,3
21,barra_20,CS,0.0,3
22,barra_20,CS,0.0,3
23,barra_20,CS,0.0,3
24,barra_20,CS,0.0,3
1,barra_21,CS,0.0,3
2,barra_21,CS,0.0,3
3,barra_21,CS,0.0,3
4,barra_21,CS,0.0,3
5,barra_21,CS,0.0,3
6,barra_21,CS,0.0,3
7,barra_21,CS,0.0,3
8,barra_21,CS,0.0,3
9,barra_21,CS,0.0,3
10,barra_21,CS,0.0,3
11,barra_21,CS,0.0,3
12,barra_21,CS,0.0,3
13,barra_21,CS,0.0,3
14,barra_21,CS,0.0,3
15,barra_21,CS,0.0,3
16,barra_21,CS,0.0,3
17,barra_21,CS,0.0,3
18,barra_21,CS,0.0,3
19,barra_21,CS,0.0,3
20,barra_21,CS,0.0,3
21,barra_21,CS,0.0,3
22,barra_21,CS,0.0,3
23,barra_21,CS,0.0,3
24,barra_21,CS,0.0,3
1,barra_22,CS,0.0,3
2,barra_22,CS,0.0,3
3,barra_22,CS,0.0,3
4,barra_22,CS,0.0,3
5,barra_22,CS,0.0,3
6,barra_22,CS,0.0,3
7,barra_22,CS,0.0,3
8,barra_22,CS,0.0,3
9,barra_22,CS,0.0,3
10,barra_22,CS,0.0,3
11,barra_22,CS,0.0,3
12,barra_22,CS,0.0,3
13,barra_22,CS,0.0,3
14,barra_22,CS,0.0,3
15,barra_22,CS,0.0,3
16,barra_22,CS,0.0,3
17,barra_22,CS,0.0,3
18,barra_22,CS,0.0,3
19,barra_22,CS,0.0,3
20,barra_22,CS,0.0,3
21,barra_22,CS,0.0,3
22,barra_22,CS,0.0,3
23,barra_22,CS,0.0,3
24,barra_22,CS,0.0,3
1,barra_23,CS,0.0,3
2,barra_23,CS,0.0,3
3,barra_23,CS,0.0,3
4,barra_23,CS,0.0,3
5,barra_23,CS,0.0,3
6,barra_23,CS,0.0,3
7,barra_23,CS,0.0,3
8,barra_23,CS,0.0,3
9,barra_23,CS,0.0,3
10,barra_23,CS,0.0,3
11,barra_23,CS,0.0,3
12,barra_23,CS,0.0,3
13,barra_23,CS,0.0,3
14,barra_23,CS,0.0,3
15,barra_23,CS,0.0,3
16,barra_23,CS,0.0,3
17,barra_23,CS,0.0,3
18,barra_23,CS,0.0,3
19,barra_23,CS,0.0,3
20,barra_23,CS,0.0,3
21,barra_23,CS,0.0,3
22,barra_23,CS,0.0,3
23,barra_23,CS,0.0,3
24,barra_23,CS,0.0,3
1,barra_24,CS,0.0,3
2,barra_24,CS,0.0,3
3,barra_24,CS,0.0,3
4,barra_24,CS,0.0,3
5,barra_24,CS,0.0,3
6,barra_24,CS,0.0,3
7,barra_24,CS,0.0,3
8,barra_24,CS,0.0,3
9,barra_24,CS,0.0,3
10,barra_24,CS,0.0,3
11,barra_24,CS,0.0,3
12,barra_24,CS,0.0,3
13,barra_24,CS,0.0,3
14,barra_24,CS,0.0,3
15,barra_24,CS,0.0,3
16,barra_24,CS,0.0,3
17,barra_24,CS,0.0,3
18,barra_24,CS,0.0,3
19,barra_24,CS,0.0,3
20,barra_24,CS,0.0,3
21,barra_24,CS,0.0,3
22,barra_24,CS,0.0,3
23,barra_24,CS,0.0,3
24,barra_24,CS,0.0,3
1,barra_25,CS,0.0,3
2,barra_25,CS,0.0,3
3,barra_25,CS,0.0,3
4,barra_25,CS,0.0,3
5,barra_25,CS,0.0,3
6,barra_25,CS,-0.0,3
7,barra_25,CS,-0.0,3
8,barra_25,CS,-0.0,3
9,barra_25,CS,-0.0,3
10,barra_25,CS,-0.0,3
11,barra_25,CS,-0.0,3
12,barra_25,CS,-0.0,3
13,barra_25,CS,-0.0,3
14,barra_25,CS,-0.0,3
15,barra_25,CS,-0.0,3
16,barra_25,CS,-0.0,3
17,barra_25,CS,-0.0,3
18,barra_25,CS,-0.0,3
19,barra_25,CS,-0.0,3
20,barra_25,CS,0.0,3
21,barra_25,CS,0.0,3
22,barra_25,CS,0.0,3
23,barra_25,CS,0.0,3
24,barra_25,CS,0.0,3
1,barra_26,CS,0.0,3
2,barra_26,CS,0.0,3
3,barra_26,CS,0.0,3
4,barra_26,CS,0.0,3
5,barra_26,CS,0.0,3
6,barra_26,CS,0.0,3
7,barra_26,CS,0.0,3
8,barra_26,CS,0.0,3
9,barra_26,CS,0.0,3
10,barra_26,CS,0.0,3
11,barra_26,CS,0.0,3
12,barra_26,CS,0.0,3
13,barra_26,CS,0.0,3
14,barra_26,CS,0.0,3
15,barra_26,CS,0.0,3
16,barra_26,CS,0.0,3
17,barra_26,CS,0.0,3
18,barra_26,CS,0.0,3
19,barra_26,CS,0.0,3
20,barra_26,CS,0.0,3
21,barra_26,CS,0.0,3
22,barra_26,CS,0.0,3
23,barra_26,CS,0.0,3
24,barra_26,CS,0.0,3
1,barra_27,CS,0.0,3
2,barra_27,CS,0.0,3
3,barra_27,CS,0.0,3
4,barra_27,CS,0.0,3
5,barra_27,CS,0.0,3
6,barra_27,CS,0.0,3
7,barra_27,CS,0.0,3
8,barra_27,CS,0.0,3
9,barra_27,CS,0.0,3
10,barra_27,CS,0.0,3
11,barra_27,CS,0.0,3
12,barra_27,CS,0.0,3
13,barra_27,CS,0.0,3
14,barra_27,CS,0.0,3
15,barra_27,CS,0.0,3
16,barra_27,CS,0.0,3
17,barra_27,CS,0.0,3
18,barra_27,CS,0.0,3
19,barra_27,CS,0.0,3
20,barra_27,CS,0.0,3
21,barra_27,CS,0.0,3
22,barra_27,CS,0.0,3
23,barra_27,CS,0.0,3
24,barra_27,CS,0.0,3
1,barra_28,CS,0.0,3
2,barra_28,CS,0.0,3
3,barra_28,CS,0.0,3
4,barra_28,CS,0.0,3
5,barra_28,CS,0.0,3
6,barra_28,CS,0.0,3
7,barra_28,CS,0.0,3
8,barra_28,CS,0.0,3
9,barra_28,CS,0.0,3
10,barra_28,CS,0.0,3
11,barra_28,CS,0.0,3
12,barra_28,CS,0.0,3
13,barra_28,CS,0.0,3
14,barra_28,CS,0.0,3
15,barra_28,CS,0.0,3
16,barra_28,CS,0.0,3
17,barra_28,CS,0.0,3
18,barra_28,CS,0.0,3
19,barra_28,CS,0.0,3
20,barra_28,CS,0.0,3
21,barra_28,CS,0.0,3
22,barra_28,CS,0.0,3
23,barra_28,CS,0.0,3
24,barra_28,CS,0.0,3
1,barra_29,CS,0.0,3
2,barra_29,CS,0.0,3
3,barra_29,CS,0.0,3
4,barra_29,CS,0.0,3
5,barra_29,CS,0.0,3
6,barra_29,CS,0.0,3
7,barra_29,CS,0.0,3
8,barra_29,CS,0.0,3
9,barra_29,CS,0.0,3
10,barra_29,CS,0.0,3
11,barra_29,CS,0.0,3
12,barra_29,CS,0.0,3
13,barra_29,CS,0.0,3
14,barra_29,CS,0.0,3
15,barra_29,CS,0.0,3
16,barra_29,CS,0.0,3
17,barra_29,CS,0.0,3
18,barra_29,CS,0.0,3
19,barra_29,CS,0.0,3
20,barra_29,CS,0.0,3
21,barra_29,CS,0.0,3
22,barra_29,CS,0.0,3
23,barra_29,CS,0.0,3
24,barra_29,CS,0.0,3
1,barra_30,CS,0.0,3
2,barra_30,CS,0.0,3
3,barra_30,CS,0.0,3
4,barra_30,CS,0.0,3
5,barra_30,CS,0.0,3
6,barra_30,CS,0.0,3
7,barra_30,CS,0.0,3
8,barra_30,CS,0.0,3
9,barra_30,CS,0.0,3
10,barra_30,CS,0.0,3
11,barra_30,CS,0.0,3
12,barra_30,CS,0.0,3
13,barra_30,CS,0.0,3
14,barra_30,CS,0.0,3
15,barra_30,CS,0.0,3
16,barra_30,CS,0.0,3
17,barra_30,CS,0.0,3
18,barra_30,CS,0.0,3
19,barra_30,CS,0.0,3
20,barra_30,CS,0.0,3
21,barra_30,CS,0.0,3
22,barra_30,CS,0.0,3
23,barra_30,CS,0.0,3
24,barra_30,CS,0.0,3
1,barra_31,CS,0.0,3
2,barra_31,CS,0.0,3
3,barra_31,CS,0.0,3
4,barra_31,CS,0.0,3
5,barra_31,CS,0.0,3
6,barra_31,CS,0.0,3
7,barra_31,CS,0.0,3
8,barra_31,CS,0.0,3
9,barra_31,CS,0.0,3
10,barra_31,CS,0.0,3
11,barra_31,CS,0.0,3
12,barra_31,CS,0.0,3
13,barra_31,CS,0.0,3
14,barra_31,CS,0.0,3
15,barra_31,CS,0.0,3
16,barra_31,CS,0.0,3
17,barra_31,CS,0.0,3
18,barra_31,CS,0.0,3
19,barra_31,CS,0.0,3
20,barra_31,CS,0.0,3
21,barra_31,CS,0.0,3
22,barra_31,CS,0.0,3
23,barra_31,CS,0.0,3
24,barra_31,CS,0.0,3
1,barra_32,CS,0.0,3
2,barra_32,CS,0.0,3
3,barra_32,CS,0.0,3
4,barra_32,CS,0.0,3
5,barra_32,CS,0.0,3
6,barra_32,CS,0.0,3
7,barra_32,CS,0.0,3
8,barra_32,CS,0.0,3
9,barra_32,CS,0.0,3
10,barra_32,CS,0.0,3
11,barra_32,CS,0.0,3
12,barra_32,CS,0.0,3
13,barra_32,CS,0.0,3
14,barra_32,CS,0.0,3
15,barra_32,CS,0.0,3
16,barra_32,CS,0.0,3
17,barra_32,CS,0.0,3
18,barra_32,CS,0.0,3
19,barra_32,CS,0.0,3
20,barra_32,CS,0.0,3
21,barra_32,CS,0.0,3
22,barra_32,CS,0.0,3
23,barra_32,CS,0.0,3
24,barra_32,CS,0.0,3
1,barra_33,CS,0.0,3
2,barra_33,CS,0.0,3
3,barra_33,CS,0.0,3
4,barra_33,CS,0.0,3
5,barra_33,CS,0.0,3
6,barra_33,CS,0.0,3
7,barra_33,CS,0.0,3
8,barra_33,CS,0.0,3
9,barra_33,CS,0.0,3
10,barra_33,CS,0.0,3
11,barra_33,CS,0.0,3
12,barra_33,CS,0.0,3
13,barra_33,CS,0.0,3
14,barra_33,CS,0.0,3
15,barra_33,CS,0.0,3
16,barra_33,CS,0.0,3
17,barra_33,CS,0.0,3
18,barra_33,CS,0.0,3
19,barra_33,CS,0.0,3
20,barra_33,CS,0.0,3
21,barra_33,CS,0.0,3
22,barra_33,CS,0.0,3
23,barra_33,CS,0.0,3
24,barra_33,CS,0.0,3
1,barra_1,CW,0.0,3
2,barra_1,CW,0.0,3
3,barra_1,CW,0.0,3
4,barra_1,CW,0.0,3
5,barra_1,CW,0.0,3
6,barra_1,CW,0.0,3
7,barra_1,CW,0.0,3
8,barra_1,CW,0.0,3
9,barra_1,CW,0.0,3
10,barra_1,CW,0.0,3
11,barra_1,CW,0.0,3
12,barra_1,CW,0.0,3
13,barra_1,CW,0.0,3
14,barra_1,CW,0.0,3
15,barra_1,CW,0.0,3
16,barra_1,CW,0.0,3
17,barra_1,CW,0.0,3
18,barra_1,CW,0.0,3
19,barra_1,CW,0.0,3
20,barra_1,CW,0.0,3
21,barra_1,CW,0.0,3
22,barra_1,CW,0.0,3
23,barra_1,CW,0.0,3
24,barra_1,CW,0.0,3
1,barra_2,CW,0.0,3
2,barra_2,CW,0.0,3
3,barra_2,CW,0.0,3
4,barra_2,CW,0.0,3
5,barra_2,CW,0.0,3
6,barra_2,CW,0.0,3
7,barra_2,CW,0.0,3
8,barra_2,CW,0.0,3
9,barra_2,CW,0.0,3
10,barra_2,CW,0.0,3
11,barra_2,CW,0.0,3
12,barra_2,CW,0.0,3
13,barra_2,CW,0.0,3
14,barra_2,CW,0.0,3
15,barra_2,CW,0.0,3
16,barra_2,CW,0.0,3
17,barra_2,CW,0.0,3
18,barra_2,CW,0.0,3
19,barra_2,CW,0.0,3
20,barra_2,CW,0.0,3
21,barra_2,CW,0.0,3
22,barra_2,CW,0.0,3
23,barra_2,CW,0.0,3
24,barra_2,CW,0.0,3
1,barra_3,CW,0.0,3
2,barra_3,CW,0.0,3
3,barra_3,CW,0.0,3
4,barra_3,CW,0.0,3
5,barra_3,CW,0.0,3
6,barra_3,CW,0.0,3
7,barra_3,CW,0.0,3
8,barra_3,CW,0.0,3
9,barra_3,CW,0.0,3
10,barra_3,CW,0.0,3
11,barra_3,CW,0.0,3
12,barra_3,CW,0.0,3
13,barra_3,CW,0.0,3
14,barra_3,CW,0.0,3
15,barra_3,CW,0.0,3
16,barra_3,CW,0.0,3
17,barra_3,CW,0.0,3
18,barra_3,CW,0.0,3
19,barra_3,CW,0.0,3
20,barra_3,CW,0.0,3
21,barra_3,CW,0.0,3
22,barra_3,CW,0.0,3
23,barra_3,CW,0.0,3
24,barra_3,CW,0.0,3
1,barra_4,CW,0.0,3
2,barra_4,CW,0.0,3
3,barra_4,CW,0.0,3
4,barra_4,CW,0.0,3
5,barra_4,CW,0.0,3
6,barra_4,CW,0.0,3
7,barra_4,CW,0.0,3
8,barra_4,CW,0.0,3
9,barra_4,CW,0.0,3
10,barra_4,CW,0.0,3
11,barra_4,CW,0.0,3
12,barra_4,CW,0.0,3
13,barra_4,CW,0.0,3
14,barra_4,CW,0.0,3
15,barra_4,CW,0.0,3
16,barra_4,CW,0.0,3
17,barra_4,CW,0.0,3
18,barra_4,CW,0.0,3
19,barra_4,CW,0.0,3
20,barra_4,CW,0.0,3
21,barra_4,CW,0.0,3
22,barra_4,CW,0.0,3
23,barra_4,CW,0.0,3
24,barra_4,CW,0.0,3
1,barra_5,CW,0.0,3
2,barra_5,CW,0.0,3
3,barra_5,CW,0.0,3
4,barra_5,CW,0.0,3
5,barra_5,CW,0.0,3
6,barra_5,CW,0.0,3
7,barra_5,CW,0.0,3
8,barra_5,CW,0.0,3
9,barra_5,CW,0.0,3
10,barra_5,CW,0.0,3
11,barra_5,CW,0.0,3
12,barra_5,CW,0.0,3
13,barra_5,CW,0.0,3
14,barra_5,CW,0.0,3
15,barra_5,CW,0.0,3
16,barra_5,CW,0.0,3
17,barra_5,CW,0.0,3
18,barra_5,CW,0.0,3
19,barra_5,CW,0.0,3
20,barra_5,CW,0.0,3
21,barra_5,CW,0.0,3
22,barra_5,CW,0.0,3
23,barra_5,CW,0.0,3
24,barra_5,CW,0.0,3
1,barra_6,CW,0.0,3
2,barra_6,CW,0.0,3
3,barra_6,CW,0.0,3
4,barra_6,CW,0.0,3
5,barra_6,CW,0.0,3
6,barra_6,CW,0.0,3
7,barra_6,CW,0.0,3
8,barra_6,CW,0.0,3
9,barra_6,CW,0.0,3
10,barra_6,CW,0.0,3
11,barra_6,CW,0.0,3
12,barra_6,CW,0.0,3
13,barra_6,CW,0.0,3
14,barra_6,CW,0.0,3
15,barra_6,CW,0.0,3
16,barra_6,CW,0.0,3
17,barra_6,CW,0.0,3
18,barra_6,CW,0.0,3
19,barra_6,CW,0.0,3
20,barra_6,CW,0.0,3
21,barra_6,CW,0.0,3
22,barra_6,CW,0.0,3
23,barra_6,CW,0.0,3
24,barra_6,CW,0.0,3
1,barra_7,CW,0.0,3
2,barra_7,CW,0.0,3
3,barra_7,CW,0.0,3
4,barra_7,CW,0.0,3
5,barra_7,CW,0.0,3
6,barra_7,CW,0.0,3
7,barra_7,CW,0.0,3
8,barra_7,CW,0.0,3
9,barra_7,CW,0.0,3
10,barra_7,CW,0.0,3
11,barra_7,CW,0.0,3
12,barra_7,CW,0.0,3
13,barra_7,CW,0.0,3
14,barra_7,CW,0.0,3
15,barra_7,CW,0.0,3
16,barra_7,CW,0.0,3
17,barra_7,CW,0.0,3
18,barra_7,CW,0.0,3
19,barra_7,CW,0.0,3
20,barra_7,CW,0.0,3
21,barra_7,CW,0.0,3
22,barra_7,CW,0.0,3
23,barra_7,CW,0.0,3
24,barra_7,CW,0.0,3
1,barra_8,CW,0.0,3
2,barra_8,CW,0.0,3
3,barra_8,CW,0.0,3
4,barra_8,CW,0.0,3
5,barra_8,CW,0.0,3
6,barra_8,CW,0.0,3
7,barra_8,CW,0.0,3
8,barra_8,CW,0.0,3
9,barra_8,CW,0.0,3
10,barra_8,CW,0.0,3
11,barra_8,CW,0.0,3
12,barra_8,CW,0.0,3
13,barra_8,CW,0.0,3
14,barra_8,CW,0.0,3
15,barra_8,CW,0.0,3
16,barra_8,CW,0.0,3
17,barra_8,CW,0.0,3
18,barra_8,CW,0.0,3
19,barra_8,CW,0.0,3
20,barra_8,CW,0.0,3
21,barra_8,CW,0.0,3
22,barra_8,CW,0.0,3
23,barra_8,CW,0.0,3
24,barra_8,CW,0.0,3
1,barra_9,CW,0.0,3
2,barra_9,CW,0.0,3
3,barra_9,CW,0.0,3
4,barra_9,CW,0.0,3
5,barra_9,CW,0.0,3
6,barra_9,CW,0.0,3
7,barra_9,CW,0.0,3
8,barra_9,CW,0.0,3
9,barra_9,CW,0.0,3
10,barra_9,CW,0.0,3
11,barra_9,CW,0.0,3
12,barra_9,CW,0.0,3
13,barra_9,CW,0.0,3
14,barra_9,CW,0.0,3
15,barra_9,CW,0.0,3
16,barra_9,CW,0.0,3
17,barra_9,CW,0.0,3
18,barra_9,CW,0.0,3
19,barra_9,CW,0.0,3
20,barra_9,CW,0.0,3
21,barra_9,CW,0.0,3
22,barra_9,CW,0.0,3
23,barra_9,CW,0.0,3
24,barra_9,CW,0.0,3
1,barra_10,CW,0.0,3
2,barra_10,CW,0.0,3
3,barra_10,CW,0.0,3
4,barra_10,CW,0.0,3
5,barra_10,CW,0.0,3
6,barra_10,CW,0.0,3
7,barra_10,CW,0.0,3
8,barra_10,CW,0.0,3
9,barra_10,CW,0.0,3
10,barra_10,CW,0.0,3
11,barra_10,CW,0.0,3
12,barra_10,CW,0.0,3
13,barra_10,CW,0.0,3
14,barra_10,CW,0.0,3
15,barra_10,CW,0.0,3
16,barra_10,CW,0.0,3
17,barra_10,CW,0.0,3
18,barra_10,CW,0.0,3
19,barra_10,CW,0.0,3
20,barra_10,CW,0.0,3
21,barra_10,CW,0.0,3
22,barra_10,CW,0.0,3
23,barra_10,CW,0.0,3
24,barra_10,CW,0.0,3
1,barra_11,CW,0.0,3
2,barra_11,CW,0.0,3
3,barra_11,CW,0.0,3
4,barra_11,CW,0.0,3
5,barra_11,CW,0.0,3
6,barra_11,CW,0.0,3
7,barra_11,CW,0.0,3
8,barra_11,CW,0.0,3
9,barra_11,CW,0.0,3
10,barra_11,CW,0.0,3
11,barra_11,CW,0.0,3
12,barra_11,CW,0.0,3
13,barra_11,CW,0.0,3
14,barra_11,CW,0.0,3
15,barra_11,CW,0.0,3
16,barra_11,CW,0.0,3
17,barra_11,CW,0.0,3
18,barra_11,CW,0.0,3
19,barra_11,CW,0.0,3
20,barra_11,CW,0.0,3
21,barra_11,CW,0.0,3
22,barra_11,CW,0.0,3
23,barra_11,CW,0.0,3
24,barra_11,CW,0.0,3
1,barra_12,CW,0.0,3
2,barra_12,CW,0.0,3
3,barra_12,CW,0.0,3
4,barra_12,CW,0.0,3
5,barra_12,CW,0.0,3
6,barra_12,CW,0.0,3
7,barra_12,CW,0.0,3
8,barra_12,CW,0.0,3
9,barra_12,CW,0.0,3
10,barra_12,CW,0.0,3
11,barra_12,CW,0.0,3
12,barra_12,CW,0.0,3
13,barra_12,CW,0.0,3
14,barra_12,CW,0.0,3
15,barra_12,CW,0.0,3
16,barra_12,CW,0.0,3
17,barra_12,CW,0.0,3
18,barra_12,CW,0.0,3
19,barra_12,CW,0.0,3
20,barra_12,CW,0.0,3
21,barra_12,CW,0.0,3
22,barra_12,CW,0.0,3
23,barra_12,CW,0.0,3
24,barra_12,CW,0.0,3
1,barra_13,CW,0.0,3
2,barra_13,CW,0.0,3
3,barra_13,CW,0.0,3
4,barra_13,CW,0.0,3
5,barra_13,CW,0.0,3
6,barra_13,CW,0.0,3
7,barra_13,CW,0.0,3
8,barra_13,CW,0.0,3
9,barra_13,CW,0.0,3
10,barra_13,CW,0.0,3
11,barra_13,CW,0.0,3
12,barra_13,CW,0.0,3
13,barra_13,CW,0.0,3
14,barra_13,CW,0.0,3
15,barra_13,CW,0.0,3
16,barra_13,CW,0.0,3
17,barra_13,CW,0.0,3
18,barra_13,CW,0.0,3
19,barra_13,CW,0.0,3
20,barra_13,CW,0.0,3
21,barra_13,CW,0.0,3
22,barra_13,CW,0.0,3
23,barra_13,CW,0.0,3
24,barra_13,CW,0.0,3
1,barra_14,CW,0.0,3
2,barra_14,CW,0.0,3
3,barra_14,CW,0.0,3
4,barra_14,CW,0.0,3
5,barra_14,CW,0.0,3
6,barra_14,CW,0.0,3
7,barra_14,CW,0.0,3
8,barra_14,CW,0.0,3
9,barra_14,CW,0.0,3
10,barra_14,CW,0.0,3
11,barra_14,CW,0.0,3
12,barra_14,CW,0.0,3
13,barra_14,CW,0.0,3
14,barra_14,CW,0.0,3
15,barra_14,CW,0.0,3
16,barra_14,CW,0.0,3
17,barra_14,CW,0.0,3
18,barra_14,CW,0.0,3
19,barra_14,CW,0.0,3
20,barra_14,CW,0.0,3
21,barra_14,CW,0.0,3
22,barra_14,CW,0.0,3
23,barra_14,CW,0.0,3
24,barra_14,CW,0.0,3
1,barra_15,CW,0.0,3
2,barra_15,CW,0.0,3
3,barra_15,CW,0.0,3
4,barra_15,CW,0.0,3
5,barra_15,CW,0.0,3
6,barra_15,CW,0.0,3
7,barra_15,CW,0.0,3
8,barra_15,CW,0.0,3
9,barra_15,CW,0.0,3
10,barra_15,CW,0.0,3
11,barra_15,CW,0.0,3
12,barra_15,CW,0.0,3
13,barra_15,CW,0.0,3
14,barra_15,CW,0.0,3
15,barra_15,CW,0.0,3
16,barra_15,CW,0.0,3
17,barra_15,CW,0.0,3
18,barra_15,CW,0.0,3
19,barra_15,CW,0.0,3
20,barra_15,CW,0.0,3
21,barra_15,CW,0.0,3
22,barra_15,CW,0.0,3
23,barra_15,CW,0.0,3
24,barra_15,CW,0.0,3
1,barra_16,CW,0.0,3
2,barra_16,CW,0.0,3
3,barra_16,CW,0.0,3
4,barra_16,CW,0.0,3
5,barra_16,CW,0.0,3
6,barra_16,CW,0.0,3
7,barra_16,CW,0.0,3
8,barra_16,CW,0.0,3
9,barra_16,CW,0.0,3
10,barra_16,CW,0.0,3
11,barra_16,CW,0.0,3
12,barra_16,CW,0.0,3
13,barra_16,CW,0.0,3
14,barra_16,CW,0.0,3
15,barra_16,CW,0.0,3
16,barra_16,CW,0.0,3
17,barra_16,CW,0.0,3
18,barra_16,CW,0.0,3
19,barra_16,CW,0.0,3
20,barra_16,CW,0.0,3
21,barra_16,CW,0.0,3
22,barra_16,CW,0.0,3
23,barra_16,CW,0.0,3
24,barra_16,CW,0.0,3
1,barra_17,CW,0.0,3
2,barra_17,CW,0.0,3
3,barra_17,CW,0.0,3
4,barra_17,CW,0.0,3
5,barra_17,CW,0.0,3
6,barra_17,CW,0.0,3
7,barra_17,CW,0.0,3
8,barra_17,CW,0.0,3
9,barra_17,CW,0.0,3
10,barra_17,CW,0.0,3
11,barra_17,CW,0.0,3
12,barra_17,CW,0.0,3
13,barra_17,CW,0.0,3
14,barra_17,CW,0.0,3
15,barra_17,CW,0.0,3
16,barra_17,CW,0.0,3
17,barra_17,CW,0.0,3
18,barra_17,CW,0.0,3
19,barra_17,CW,0.0,3
20,barra_17,CW,0.0,3
21,barra_17,CW,0.0,3
22,barra_17,CW,0.0,3
23,barra_17,CW,0.0,3
24,barra_17,CW,0.0,3
1,barra_18,CW,-0.0,3
2,barra_18,CW,-0.0,3
3,barra_18,CW,-0.0,3
4,barra_18,CW,-0.0,3
5,barra_18,CW,-0.0,3
6,barra_18,CW,-0.0,3
7,barra_18,CW,-0.0,3
8,barra_18,CW,-0.0,3
9,barra_18,CW,-0.0,3
10,barra_18,CW,-0.0,3
11,barra_18,CW,-0.0,3
12,barra_18,CW,-0.0,3
13,barra_18,CW,-0.0,3
14,barra_18,CW,-0.0,3
15,barra_18,CW,-0.0,3
16,barra_18,CW,-0.0,3
17,barra_18,CW,-0.0,3
18,barra_18,CW,-0.0,3
19,barra_18,CW,-0.0,3
20,barra_18,CW,-0.0,3
21,barra_18,CW,-0.0,3
22,barra_18,CW,-0.0,3
23,barra_18,CW,-0.0,3
24,barra_18,CW,-0.0,3
1,barra_19,CW,0.0,3
2,barra_19,CW,0.0,3
3,barra_19,CW,0.0,3
4,barra_19,CW,0.0,3
5,barra_19,CW,0.0,3
6,barra_19,CW,0.0,3
7,barra_19,CW,0.0,3
8,barra_19,CW,0.0,3
9,barra_19,CW,0.0,3
10,barra_19,CW,0.0,3
11,barra_19,CW,0.0,3
12,barra_19,CW,0.0,3
13,barra_19,CW,0.0,3
14,barra_19,CW,0.0,3
15,barra_19,CW,0.0,3
16,barra_19,CW,0.0,3
17,barra_19,CW,0.0,3
18,barra_19,CW,0.0,3
19,barra_19,CW,0.0,3
20,barra_19,CW,0.0,3
21,barra_19,CW,0.0,3
22,barra_19,CW,0.0,3
23,barra_19,CW,0.0,3
24,barra_19,CW,0.0,3
1,barra_20,CW,0.0,3
2,barra_20,CW,0.0,3
3,barra_20,CW,0.0,3
4,barra_20,CW,0.0,3
5,barra_20,CW,0.0,3
6,barra_20,CW,0.0,3
7,barra_20,CW,0.0,3
8,barra_20,CW,0.0,3
9,barra_20,CW,0.0,3
10,barra_20,CW,0.0,3
11,barra_20,CW,0.0,3
12,barra_20,CW,0.0,3
13,barra_20,CW,0.0,3
14,barra_20,CW,0.0,3
15,barra_20,CW,0.0,3
16,barra_20,CW,0.0,3
17,barra_20,CW,0.0,3
18,barra_20,CW,0.0,3
19,barra_20,CW,0.0,3
20,barra_20,CW,0.0,3
21,barra_20,CW,0.0,3
22,barra_20,CW,0.0,3
23,barra_20,CW,0.0,3
24,barra_20,CW,0.0,3
1,barra_21,CW,0.0,3
2,barra_21,CW,0.0,3
3,barra_21,CW,0.0,3
4,barra_21,CW,0.0,3
5,barra_21,CW,0.0,3
6,barra_21,CW,0.0,3
7,barra_21,CW,0.0,3
8,barra_21,CW,0.0,3
9,barra_21,CW,0.0,3
10,barra_21,CW,0.0,3
11,barra_21,CW,0.0,3
12,barra_21,CW,0.0,3
13,barra_21,CW,0.0,3
14,barra_21,CW,0.0,3
15,barra_21,CW,0.0,3
16,barra_21,CW,0.0,3
17,barra_21,CW,0.0,3
18,barra_21,CW,0.0,3
19,barra_21,CW,0.0,3
20,barra_21,CW,0.0,3
21,barra_21,CW,0.0,3
22,barra_21,CW,0.0,3
23,barra_21,CW,0.0,3
24,barra_21,CW,0.0,3
1,barra_22,CW,0.0,3
2,barra_22,CW,0.0,3
3,barra_22,CW,0.0,3
4,barra_22,CW,0.0,3
5,barra_22,CW,0.0,3
6,barra_22,CW,0.0,3
7,barra_22,CW,0.0,3
8,barra_22,CW,0.0,3
9,barra_22,CW,0.0,3
10,barra_22,CW,0.0,3
11,barra_22,CW,0.0,3
12,barra_22,CW,0.0,3
13,barra_22,CW,0.0,3
14,barra_22,CW,0.0,3
15,barra_22,CW,0.0,3
16,barra_22,CW,0.0,3
17,barra_22,CW,0.0,3
18,barra_22,CW,0.0,3
19,barra_22,CW,0.0,3
20,barra_22,CW,0.0,3
21,barra_22,CW,0.0,3
22,barra_22,CW,0.0,3
23,barra_22,CW,0.0,3
24,barra_22,CW,0.0,3
1,barra_23,CW,0.0,3
2,barra_23,CW,0.0,3
3,barra_23,CW,0.0,3
4,barra_23,CW,0.0,3
5,barra_23,CW,0.0,3
6,barra_23,CW,0.0,3
7,barra_23,CW,0.0,3
8,barra_23,CW,0.0,3
9,barra_23,CW,0.0,3
10,barra_23,CW,0.0,3
11,barra_23,CW,0.0,3
12,barra_23,CW,0.0,3
13,barra_23,CW,0.0,3
14,barra_23,CW,0.0,3
15,barra_23,CW,0.0,3
16,barra_23,CW,0.0,3
17,barra_23,CW,0.0,3
18,barra_23,CW,0.0,3
19,barra_23,CW,0.0,3
20,barra_23,CW,0.0,3
21,barra_23,CW,0.0,3
22,barra_23,CW,0.0,3
23,barra_23,CW,0.0,3
24,barra_23,CW,0.0,3
1,barra_24,CW,0.0,3
2,barra_24,CW,0.0,3
3,barra_24,CW,0.0,3
4,barra_24,CW,0.0,3
5,barra_24,CW,0.0,3
6,barra_24,CW,0.0,3
7,barra_24,CW,0.0,3
8,barra_24,CW,0.0,3
9,barra_24,CW,0.0,3
10,barra_24,CW,0.0,3
11,barra_24,CW,0.0,3
12,barra_24,CW,0.0,3
13,barra_24,CW,0.0,3
14,barra_24,CW,0.0,3
15,barra_24,CW,0.0,3
16,barra_24,CW,0.0,3
17,barra_24,CW,0.0,3
18,barra_24,CW,0.0,3
19,barra_24,CW,0.0,3
20,barra_24,CW,0.0,3
21,barra_24,CW,0.0,3
22,barra_24,CW,0.0,3
23,barra_24,CW,0.0,3
24,barra_24,CW,0.0,3
1,barra_25,CW,0.0,3
2,barra_25,CW,0.0,3
3,barra_25,CW,0.0,3
4,barra_25,CW,0.0,3
5,barra_25,CW,0.0,3
6,barra_25,CW,0.0,3
7,barra_25,CW,0.0,3
8,barra_25,CW,0.0,3
9,barra_25,CW,0.0,3
10,barra_25,CW,0.0,3
11,barra_25,CW,0.0,3
12,barra_25,CW,0.0,3
13,barra_25,CW,0.0,3
14,barra_25,CW,0.0,3
15,barra_25,CW,0.0,3
16,barra_25,CW,0.0,3
17,barra_25,CW,0.0,3
18,barra_25,CW,0.0,3
19,barra_25,CW,0.0,3
20,barra_25,CW,0.0,3
21,barra_25,CW,0.0,3
22,barra_25,CW,0.0,3
23,barra_25,CW,0.0,3
24,barra_25,CW,0.0,3
1,barra_26,CW,0.0,3
2,barra_26,CW,0.0,3
3,barra_26,CW,0.0,3
4,barra_26,CW,0.0,3
5,barra_26,CW,0.0,3
6,barra_26,CW,0.0,3
7,barra_26,CW,0.0,3
8,barra_26,CW,0.0,3
9,barra_26,CW,0.0,3
10,barra_26,CW,0.0,3
11,barra_26,CW,0.0,3
12,barra_26,CW,0.0,3
13,barra_26,CW,0.0,3
14,barra_26,CW,0.0,3
15,barra_26,CW,0.0,3
16,barra_26,CW,0.0,3
17,barra_26,CW,0.0,3
18,barra_26,CW,0.0,3
19,barra_26,CW,0.0,3
20,barra_26,CW,0.0,3
21,barra_26,CW,0.0,3
22,barra_26,CW,0.0,3
23,barra_26,CW,0.0,3
24,barra_26,CW,0.0,3
1,barra_27,CW,0.0,3
2,barra_27,CW,0.0,3
3,barra_27,CW,0.0,3
4,barra_27,CW,0.0,3
5,barra_27,CW,0.0,3
6,barra_27,CW,0.0,3
7,barra_27,CW,0.0,3
8,barra_27,CW,0.0,3
9,barra_27,CW,0.0,3
10,barra_27,CW,0.0,3
11,barra_27,CW,0.0,3
12,barra_27,CW,0.0,3
13,barra_27,CW,0.0,3
14,barra_27,CW,0.0,3
15,barra_27,CW,0.0,3
16,barra_27,CW,0.0,3
17,barra_27,CW,0.0,3
18,barra_27,CW,0.0,3
19,barra_27,CW,0.0,3
20,barra_27,CW,0.0,3
21,barra_27,CW,0.0,3
22,barra_27,CW,0.0,3
23,barra_27,CW,0.0,3
24,barra_27,CW,0.0,3
1,barra_28,CW,0.0,3
2,barra_28,CW,0.0,3
3,barra_28,CW,0.0,3
4,barra_28,CW,0.0,3
5,barra_28,CW,0.0,3
6,barra_28,CW,0.0,3
7,barra_28,CW,0.0,3
8,barra_28,CW,0.0,3
9,barra_28,CW,0.0,3
10,barra_28,CW,0.0,3
11,barra_28,CW,0.0,3
12,barra_28,CW,0.0,3
13,barra_28,CW,0.0,3
14,barra_28,CW,0.0,3
15,barra_28,CW,0.0,3
16,barra_28,CW,0.0,3
17,barra_28,CW,0.0,3
18,barra_28,CW,0.0,3
19,barra_28,CW,0.0,3
20,barra_28,CW,0.0,3
21,barra_28,CW,0.0,3
22,barra_28,CW,0.0,3
23,barra_28,CW,0.0,3
24,barra_28,CW,0.0,3
1,barra_29,CW,0.0,3
2,barra_29,CW,0.0,3
3,barra_29,CW,0.0,3
4,barra_29,CW,0.0,3
5,barra_29,CW,0.0,3
6,barra_29,CW,0.0,3
7,barra_29,CW,0.0,3
8,barra_29,CW,0.0,3
9,barra_29,CW,0.0,3
10,barra_29,CW,0.0,3
11,barra_29,CW,0.0,3
12,barra_29,CW,0.0,3
13,barra_29,CW,0.0,3
14,barra_29,CW,0.0,3
15,barra_29,CW,0.0,3
16,barra_29,CW,0.0,3
17,barra_29,CW,0.0,3
18,barra_29,CW,0.0,3
19,barra_29,CW,0.0,3
20,barra_29,CW,0.0,3
21,barra_29,CW,0.0,3
22,barra_29,CW,0.0,3
23,barra_29,CW,0.0,3
24,barra_29,CW,0.0,3
1,barra_30,CW,-0.0,3
2,barra_30,CW,-0.0,3
3,barra_30,CW,-0.0,3
4,barra_30,CW,-0.0,3
5,barra_30,CW,-0.0,3
6,barra_30,CW,-0.0,3
7,barra_30,CW,-0.0,3
8,barra_30,CW,-0.0,3
9,barra_30,CW,-0.0,3
10,barra_30,CW,-0.0,3
11,barra_30,CW,-0.0,3
12,barra_30,CW,-0.0,3
13,barra_30,CW,-0.0,3
14,barra_30,CW,-0.0,3
15,barra_30,CW,-0.0,3
16,barra_30,CW,-0.0,3
17,barra_30,CW,-0.0,3
18,barra_30,CW,-0.0,3
19,barra_30,CW,-0.0,3
20,barra_30,CW,-0.0,3
21,barra_30,CW,-0.0,3
22,barra_30,CW,-0.0,3
23,barra_30,CW,-0.0,3
24,barra_30,CW,-0.0,3
1,barra_31,CW,0.0,3
2,barra_31,CW,0.0,3
3,barra_31,CW,0.0,3
4,barra_31,CW,0.0,3
5,barra_31,CW,0.0,3
6,barra_31,CW,0.0,3
7,barra_31,CW,0.0,3
8,barra_31,CW,0.0,3
9,barra_31,CW,0.0,3
10,barra_31,CW,0.0,3
11,barra_31,CW,0.0,3
12,barra_31,CW,0.0,3
13,barra_31,CW,0.0,3
14,barra_31,CW,0.0,3
15,barra_31,CW,0.0,3
16,barra_31,CW,0.0,3
17,barra_31,CW,0.0,3
18,barra_31,CW,0.0,3
19,barra_31,CW,0.0,3
20,barra_31,CW,0.0,3
21,barra_31,CW,0.0,3
22,barra_31,CW,0.0,3
23,barra_31,CW,0.0,3
24,barra_31,CW,0.0,3
1,barra_32,CW,0.0,3
2,barra_32,CW,0.0,3
3,barra_32,CW,0.0,3
4,barra_32,CW,0.0,3
5,barra_32,CW,0.0,3
6,barra_32,CW,0.0,3
7,barra_32,CW,0.0,3
8,barra_32,CW,0.0,3
9,barra_32,CW,0.0,3
10,barra_32,CW,0.0,3
11,barra_32,CW,0.0,3
12,barra_32,CW,0.0,3
13,barra_32,CW,0.0,3
14,barra_32,CW,0.0,3
15,barra_32,CW,0.0,3
16,barra_32,CW,0.0,3
17,barra_32,CW,0.0,3
18,barra_32,CW,0.0,3
19,barra_32,CW,0.0,3
20,barra_32,CW,0.0,3
21,barra_32,CW,0.0,3
22,barra_32,CW,0.0,3
23,barra_32,CW,0.0,3
24,barra_32,CW,0.0,3
1,barra_33,CW,0.0,3
2,barra_33,CW,0.0,3
3,barra_33,CW,0.0,3
4,barra_33,CW,0.0,3
5,barra_33,CW,0.0,3
6,barra_33,CW,0.0,3
7,barra_33,CW,0.0,3
8,barra_33,CW,0.0,3
9,barra_33,CW,0.0,3
10,barra_33,CW,0.0,3
11,barra_33,CW,0.0,3
12,barra_33,CW,0.0,3
13,barra_33,CW,0.0,3
14,barra_33,CW,0.0,3
15,barra_33,CW,0.0,3
16,barra_33,CW,0.0,3
17,barra_33,CW,0.0,3
18,barra_33,CW,0.0,3
19,barra_33,CW,0.0,3
20,barra_33,CW,0.0,3
21,barra_33,CW,0.0,3
22,barra_33,CW,0.0,3
23,barra_33,CW,0.0,3
24,barra_33,CW,0.0,3
1,linha_1-2,F,-0.11530969,3
2,linha_1-2,F,-0.11791009,3
3,linha_1-2,F,-0.1197962,3
4,linha_1-2,F,-0.12066234,3
5,linha_1-2,F,-0.11949151,3
6,linha_1-2,F,-0.11264735,3
7,linha_1-2,F,-0.10412388,3
8,linha_1-2,F,-0.10216284,3
9,linha_1-2,F,-0.09861039,3
10,linha_1-2,F,-0.096340659,3
11,linha_1-2,F,-0.095945055,3
12,linha_1-2,F,-0.095805195,3
13,linha_1-2,F,-0.094015984,3
14,linha_1-2,F,-0.09047952,3
15,linha_1-2,F,-0.090465534,3
16,linha_1-2,F,-0.09434965,3
17,linha_1-2,F,-0.10047453,3
18,linha_1-2,F,-0.10708691,3
19,linha_1-2,F,-0.11969131,3
20,linha_1-2,F,-0.12311588,3
21,linha_1-2,F,-0.12433367,3
22,linha_1-2,F,-0.12867832,3
23,linha_1-2,F,-0.13184016,3
24,linha_1-2,F,-0.13153946,3
1,linha_2-3,F,-0.2303284,3
2,linha_2-3,F,-0.23551364,3
3,linha_2-3,F,-0.23927458,3
4,linha_2-3,F,-0.24100167,3
5,linha_2-3,F,-0.23866702,3
6,linha_2-3,F,-0.22501965,3
7,linha_2-3,F,-0.20802368,3
8,linha_2-3,F,-0.20411333,3
9,linha_2-3,F,-0.19702376,3
10,linha_2-3,F,-0.19248883,3
11,linha_2-3,F,-0.19169841,3
12,linha_2-3,F,-0.19141897,3
13,linha_2-3,F,-0.18784412,3
14,linha_2-3,F,-0.18077826,3
15,linha_2-3,F,-0.18075032,3
16,linha_2-3,F,-0.18851079,3
17,linha_2-3,F,-0.20074681,3
18,linha_2-3,F,-0.21393203,3
19,linha_2-3,F,-0.23906542,3
20,linha_2-3,F,-0.24589409,3
21,linha_2-3,F,-0.24832237,3
22,linha_2-3,F,-0.25698569,3
23,linha_2-3,F,-0.26329045,3
24,linha_2-3,F,-0.26269085,3
1,linha_3-4,F,-0.34482793,3
2,linha_3-4,F,-0.35257737,3
3,linha_3-4,F,-0.35819817,3
4,linha_3-4,F,-0.36077933,3
5,linha_3-4,F,-0.35729014,3
6,linha_3-4,F,-0.33689391,3
7,linha_3-4,F,-0.31149313,3
8,linha_3-4,F,-0.30564905,3
9,linha_3-4,F,-0.29505058,3
10,linha_3-4,F,-0.28826854,3
11,linha_3-4,F,-0.28708645,3
12,linha_3-4,F,-0.28666855,3
13,linha_3-4,F,-0.28132231,3
14,linha_3-4,F,-0.27075522,3
15,linha_3-4,F,-0.27071343,3
16,linha_3-4,F,-0.28231932,3
17,linha_3-4,F,-0.30061772,3
18,linha_3-4,F,-0.32032326,3
19,linha_3-4,F,-0.35788557,3
20,linha_3-4,F,-0.36809113,3
21,linha_3-4,F,-0.37172024,3
22,linha_3-4,F,-0.38466773,3
23,linha_3-4,F,-0.39409031,3
24,linha_3-4,F,-0.39319419,3
1,linha_4-5,F,-0.45852581,3
2,linha_4-5,F,-0.46880362,3
3,linha_4-5,F,-0.47625828,3
4,linha_4-5,F,-0.47968158,3
5,linha_4-5,F,-0.475054,3
6,linha_4-5,F,-0.44800321,3
7,linha_4-5,F,-0.41431508,3
8,linha_4-5,F,-0.40656428,3
9,linha_4-5,F,-0.39249694,3
10,linha_4-5,F,-0.38349026,3
11,linha_4-5,F,-0.38192043,3
12,linha_4-5,F,-0.38136544,3
13,linha_4-5,F,-0.37426555,3
14,linha_4-5,F,-0.36023226,3
15,linha_4-5,F,-0.36017676,3
16,linha_4-5,F,-0.37558959,3
17,linha_4-5,F,-0.39989119,3
18,linha_4-5,F,-0.42602616,3
19,linha_4-5,F,-0.47584369,3
20,linha_4-5,F,-0.48937896,3
21,linha_4-5,F,-0.49419212,3
22,linha_4-5,F,-0.5113639,3
23,linha_4-5,F,-0.52386073,3
24,linha_4-5,F,-0.52267225,3
1,linha_5-6,F,-0.57120217,3
2,linha_5-6,F,-0.58396776,3
3,linha_5-6,F,-0.59322685,3
4,linha_5-6,F,-0.59747878,3
5,linha_5-6,F,-0.59173108,3
6,linha_5-6,F,-0.55813253,3
7,linha_5-6,F,-0.51629005,3
8,linha_5-6,F,-0.50666314,3
9,linha_5-6,F,-0.48918253,3
10,linha_5-6,F,-0.47798685,3
11,linha_5-6,F,-0.47603549,3
12,linha_5-6,F,-0.47534562,3
13,linha_5-6,F,-0.46652015,3
14,linha_5-6,F,-0.44907618,3
15,linha_5-6,F,-0.44900719,3
16,linha_5-6,F,-0.468166,3
17,linha_5-6,F,-0.49837464,3
18,linha_5-6,F,-0.53083585,3
19,linha_5-6,F,-0.59271191,3
20,linha_5-6,F,-0.60950454,3
21,linha_5-6,F,-0.61547086,3
22,linha_5-6,F,-0.63675679,3
23,linha_5-6,F,-0.65224769,3
24,linha_5-6,F,-0.65077447,3
1,linha_6-7,F,0.4,3
2,linha_6-7,F,0.4,3
3,linha_6-7,F,0.4,3
4,linha_6-7,F,0.4014514,3
5,linha_6-7,F,0.4,3
6,linha_6-7,F,0.38509192,3
7,linha_6-7,F,0.32586853,3
8,linha_6-7,F,0.3122427,3
9,linha_6-7,F,0.29801496,3
10,linha_6-7,F,0.29574975,3
11,linha_6-7,F,0.29535494,3
12,linha_6-7,F,0.29521535,3
13,linha_6-7,F,0.29342971,3
14,linha_6-7,F,0.2899003,3
15,linha_6-7,F,0.28988634,3
16,linha_6-7,F,0.29376271,3
17,linha_6-7,F,0.30135858,3
18,linha_6-7,F,0.3464565,3
19,linha_6-7,F,0.4,3
20,linha_6-7,F,0.41359242,3
21,linha_6-7,F,0.41961845,3
22,linha_6-7,F,0.44111736,3
23,linha_6-7,F,0.45676326,3
24,linha_6-7,F,0.45527529,3
1,linha_7-8,F,0.2858325,3
2,linha_7-8,F,0.28322166,3
3,linha_7-8,F,0.28132798,3
4,linha_7-8,F,0.28192142,3
5,linha_7-8,F,0.2816339,3
6,linha_7-8,F,0.27350772,3
7,linha_7-8,F,0.22248559,3
8,linha_7-8,F,0.21074667,3
9,linha_7-8,F,0.2,3
10,linha_7-8,F,0.2,3
11,linha_7-8,F,0.2,3
12,linha_7-8,F,0.2,3
13,linha_7-8,F,0.2,3
14,linha_7-8,F,0.2,3
15,linha_7-8,F,0.2,3
16,linha_7-8,F,0.2,3
17,linha_7-8,F,0.20149213,3
18,linha_7-8,F,0.24022254,3
19,linha_7-8,F,0.2814333,3
20,linha_7-8,F,0.29169648,3
21,linha_7-8,F,0.29654818,3
22,linha_7-8,F,0.31385752,3
23,linha_7-8,F,0.32645444,3
24,linha_7-8,F,0.32525644,3
1,linha_8-9,F,0.17103603,3
2,linha_8-9,F,0.16580914,3
3,linha_8-9,F,0.16201799,3
4,linha_8-9,F,0.16174593,3
5,linha_8-9,F,0.16263043,3
6,linha_8-9,F,0.16132957,3
7,linha_8-9,F,0.11864369,3
8,linha_8-9,F,0.10882274,3
9,linha_8-9,F,0.10159259,3
10,linha_8-9,F,0.10386687,3
11,linha_8-9,F,0.10426326,3
12,linha_8-9,F,0.1044034,3
13,linha_8-9,F,0.1061962,3
14,linha_8-9,F,0.10973974,3
15,linha_8-9,F,0.10975375,3
16,linha_8-9,F,0.10586186,3
17,linha_8-9,F,0.10122283,3
18,linha_8-9,F,0.13348269,3
19,linha_8-9,F,0.16222883,3
20,linha_8-9,F,0.16910167,3
21,linha_8-9,F,0.17275258,3
22,linha_8-9,F,0.18577787,3
23,linha_8-9,F,0.19525706,3
24,linha_8-9,F,0.19435557,3
1,linha_9-10,F,0.055837905,3
2,linha_9-10,F,0.047994943,3
3,linha_9-10,F,0.04230631,3
4,linha_9-10,F,0.041165841,3
5,linha_9-10,F,0.04322529,3
6,linha_9-10,F,0.048779677,3
7,linha_9-10,F,0.014548882,3
8,linha_9-10,F,0.0066732317,3
9,linha_9-10,F,0.0029881734,3
10,linha_9-10,F,0.007541275,3
11,linha_9-10,F,0.0083348614,3
12,linha_9-10,F,0.0086154222,3
13,linha_9-10,F,0.012204597,3
14,linha_9-10,F,0.019298778,3
15,linha_9-10,F,0.019326834,3
16,linha_9-10,F,0.011535259,3
17,linha_9-10,F,0.00074980075,3
18,linha_9-10,F,0.026448617,3
19,linha_9-10,F,0.04262268,3
20,linha_9-10,F,0.046077846,3
21,linha_9-10,F,0.048515849,3
22,linha_9-10,F,0.057213857,3
23,linha_9-10,F,0.063543864,3
24,linha_9-10,F,0.062941863,3
1,linha_10-11,F,-0.059471785,3
2,linha_10-11,F,-0.069915147,3
3,linha_10-11,F,-0.077489894,3
4,linha_10-11,F,-0.079496496,3
5,linha_10-11,F,-0.076266219,3
6,linha_10-11,F,-0.063867676,3
7,linha_10-11,F,-0.089574994,3
8,linha_10-11,F,-0.095489605,3
9,linha_10-11,F,-0.095622216,3
10,linha_10-11,F,-0.088799384,3
11,linha_10-11,F,-0.087610194,3
12,linha_10-11,F,-0.087189773,3
13,linha_10-11,F,-0.081811387,3
14,linha_10-11,F,-0.071180742,3
15,linha_10-11,F,-0.0711387,3
16,linha_10-11,F,-0.082814391,3
17,linha_10-11,F,-0.099724725,3
18,linha_10-11,F,-0.080638296,3
19,linha_10-11,F,-0.077068629,3
20,linha_10-11,F,-0.077038038,3
21,linha_10-11,F,-0.075817818,3
22,linha_10-11,F,-0.071464464,3
23,linha_10-11,F,-0.068296296,3
24,linha_10-11,F,-0.068597598,3
1,linha_11-12,F,-0.17466265,3
2,linha_11-12,F,-0.18768555,3
3,linha_11-12,F,-0.19713127,3
4,linha_11-12,F,-0.2,3
5,linha_11-12,F,-0.19560535,3
6,linha_11-12,F,-0.17638742,3
7,linha_11-12,F,-0.1935199,3
8,linha_11-12,F,-0.19746165,3
9,linha_11-12,F,-0.19404155,3
10,linha_11-12,F,-0.18496262,3
11,linha_11-12,F,-0.1833802,3
12,linha_11-12,F,-0.18282076,3
13,linha_11-12,F,-0.17566391,3
14,linha_11-12,F,-0.16151804,3
15,linha_11-12,F,-0.1614621,3
16,linha_11-12,F,-0.17699858,3
17,linha_11-12,F,-0.2,3
18,linha_11-12,F,-0.18756409,3
19,linha_11-12,F,-0.19660595,3
20,linha_11-12,F,-0.2,3
21,linha_11-12,F,-0.2,3
22,linha_11-12,F,-0.2,3
23,linha_11-12,F,-0.2,3
24,linha_11-12,F,-0.2,3
1,linha_12-13,F,-0.28944465,3
2,linha_12-13,F,-0.30501083,3
3,linha_12-13,F,-0.31630124,3
4,linha_12-13,F,-0.32002293,3
5,linha_12-13,F,-0.31447731,3
6,linha_12-13,F,-0.28850552,3
7,linha_12-13,F,-0.29706319,3
8,linha_12-13,F,-0.2990321,3
9,linha_12-13,F,-0.29208027,3
10,linha_12-13,F,-0.28077234,3
11,linha_12-13,F,-0.27880142,3
12,linha_12-13,F,-0.27810463,3
13,linha_12-13,F,-0.26919068,3
14,linha_12-13,F,-0.25157181,3
15,linha_12-13,F,-0.25150213,3
16,linha_12-13,F,-0.27085302,3
17,linha_12-13,F,-0.29987537,3
18,linha_12-13,F,-0.29408826,3
19,linha_12-13,F,-0.31567333,3
20,linha_12-13,F,-0.32247159,3
21,linha_12-13,F,-0.32368694,3
22,linha_12-13,F,-0.32802293,3
23,linha_12-13,F,-0.33117846,3
24,linha_12-13,F,-0.33087836,3
1,linha_13-14,F,-0.4035834,3
2,linha_13-14,F,-0.42161572,3
3,linha_13-14,F,-0.43469486,3
4,linha_13-14,F,-0.43924961,3
5,linha_13-14,F,-0.43258197,3
6,linha_13-14,F,-0.4,3
7,linha_13-14,F,-0.4,3
8,linha_13-14,F,-0.4,3
9,linha_13-14,F,-0.3895444,3
10,linha_13-14,F,-0.37603891,3
11,linha_13-14,F,-0.37368496,3
12,linha_13-14,F,-0.37285276,3
13,linha_13-14,F,-0.36220648,3
14,linha_13-14,F,-0.3411636,3
15,linha_13-14,F,-0.34108038,3
16,linha_13-14,F,-0.36419189,3
17,linha_13-14,F,-0.39915329,3
18,linha_13-14,F,-0.4,3
19,linha_13-14,F,-0.43396747,3
20,linha_13-14,F,-0.44412256,3
21,linha_13-14,F,-0.44654117,3
22,linha_13-14,F,-0.45517001,3
23,linha_13-14,F,-0.46144968,3
24,linha_13-14,F,-0.46085247,3
1,linha_14-15,F,0.14569868,3
2,linha_14-15,F,0.15349469,3
3,linha_14-15,F,0.15914926,3
4,linha_14-15,F,0.16174593,3
5,linha_14-15,F,0.15823578,3
6,linha_14-15,F,0.13771699,3
7,linha_14-15,F,0.11216359,3
8,linha_14-15,F,0.10628439,3
9,linha_14-15,F,0.09861039,3
10,linha_14-15,F,0.096340659,3
11,linha_14-15,F,0.095945055,3
12,linha_14-15,F,0.095805195,3
13,linha_14-15,F,0.094015984,3
14,linha_14-15,F,0.09047952,3
15,linha_14-15,F,0.090465534,3
16,linha_14-15,F,0.09434965,3
17,linha_14-15,F,0.10122283,3
18,linha_14-15,F,0.12104678,3
19,linha_14-15,F,0.15883478,3
20,linha_14-15,F,0.16910167,3
21,linha_14-15,F,0.17275258,3
22,linha_14-15,F,0.18577787,3
23,linha_14-15,F,0.19525706,3
24,linha_14-15,F,0.19435557,3
1,linha_15-16,F,0.03044983,3
2,linha_15-16,F,0.035655836,3
3,linha_15-16,F,0.039431839,3
4,linha_15-16,F,0.041165841,3
5,linha_15-16,F,0.038821839,3
6,linha_15-16,F,0.025119825,3
7,linha_15-16,F,0.0080558081,3
8,linha_15-16,F,0.0041298041,3
9,linha_15-16,F,0.0,3
10,linha_15-16,F,0.0,3
11,linha_15-16,F,0.0,3
12,linha_15-16,F,0.0,3
13,linha_15-16,F,0.0,3
14,linha_15-16,F,0.0,3
15,linha_15-16,F,0.0,3
16,linha_15-16,F,0.0,3
17,linha_15-16,F,0.00074980075,3
18,linha_15-16,F,0.013987814,3
19,linha_15-16,F,0.039221839,3
20,linha_15-16,F,0.046077846,3
21,linha_15-16,F,0.048515849,3
22,linha_15-16,F,0.057213857,3
23,linha_15-16,F,0.063543864,3
24,linha_15-16,F,0.062941863,3
1,linha_16-17,F,-0.08485986,3
2,linha_16-17,F,-0.082254254,3
3,linha_16-17,F,-0.080364364,3
4,linha_16-17,F,-0.079496496,3
5,linha_16-17,F,-0.08066967,3
6,linha_16-17,F,-0.087527528,3
7,linha_16-17,F,-0.096068068,3
8,linha_16-17,F,-0.098033033,3
9,linha_16-17,F,-0.09861039,3
10,linha_16-17,F,-0.096340659,3
11,linha_16-17,F,-0.095945055,3
12,linha_16-17,F,-0.095805195,3
13,linha_16-17,F,-0.094015984,3
14,linha_16-17,F,-0.09047952,3
15,linha_16-17,F,-0.090465534,3
16,linha_16-17,F,-0.09434965,3
17,linha_16-17,F,-0.099724725,3
18,linha_16-17,F,-0.093099099,3
19,linha_16-17,F,-0.080469469,3
20,linha_16-17,F,-0.077038038,3
21,linha_16-17,F,-0.075817818,3
22,linha_16-17,F,-0.071464464,3
23,linha_16-17,F,-0.068296296,3
24,linha_16-17,F,-0.068597598,3
1,linha_17-18,F,-0.2,3
2,linha_17-18,F,-0.2,3
3,linha_17-18,F,-0.2,3
4,linha_17-18,F,-0.2,3
5,linha_17-18,F,-0.2,3
6,linha_17-18,F,-0.2,3
7,linha_17-18,F,-0.2,3
8,linha_17-18,F,-0.2,3
9,linha_17-18,F,-0.19702376,3
10,linha_17-18,F,-0.19248883,3
11,linha_17-18,F,-0.19169841,3
12,linha_17-18,F,-0.19141897,3
13,linha_17-18,F,-0.18784412,3
14,linha_17-18,F,-0.18077826,3
15,linha_17-18,F,-0.18075032,3
16,linha_17-18,F,-0.18851079,3
17,linha_17-18,F,-0.2,3
18,linha_17-18,F,-0.2,3
19,linha_17-18,F,-0.2,3
20,linha_17-18,F,-0.2,3
21,linha_17-18,F,-0.2,3
22,linha_17-18,F,-0.2,3
23,linha_17-18,F,-0.2,3
24,linha_17-18,F,-0.2,3
1,linha_18-19,F,0.34482793,3
2,linha_18-19,F,0.35257737,3
3,linha_18-19,F,0.35819817,3
4,linha_18-19,F,0.36077933,3
5,linha_18-19,F,0.35729014,3
6,linha_18-19,F,0.33689391,3
7,linha_18-19,F,0.31149313,3
8,linha_18-19,F,0.30564905,3
9,linha_18-19,F,0.29505058,3
10,linha_18-19,F,0.28826854,3
11,linha_18-19,F,0.28708645,3
12,linha_18-19,F,0.28666855,3
13,linha_18-19,F,0.28132231,3
14,linha_18-19,F,0.27075522,3
15,linha_18-19,F,0.27071343,3
16,linha_18-19,F,0.28231932,3
17,linha_18-19,F,0.30061772,3
18,linha_18-19,F,0.32032326,3
19,linha_18-19,F,0.35788557,3
20,linha_18-19,F,0.36809113,3
21,linha_18-19,F,0.37172024,3
22,linha_18-19,F,0.38466773,3
23,linha_18-19,F,0.39409031,3
24,linha_18-19,F,0.39319419,3
1,linha_19-20,F,0.2303284,3
2,linha_19-20,F,0.23551364,3
3,linha_19-20,F,0.23927458,3
4,linha_19-20,F,0.24100167,3
5,linha_19-20,F,0.23866702,3
6,linha_19-20,F,0.22501965,3
7,linha_19-20,F,0.20802368,3
8,linha_19-20,F,0.20411333,3
9,linha_19-20,F,0.19702376,3
10,linha_19-20,F,0.19248883,3
11,linha_19-20,F,0.19169841,3
12,linha_19-20,F,0.19141897,3
13,linha_19-20,F,0.18784412,3
14,linha_19-20,F,0.18077826,3
15,linha_19-20,F,0.18075032,3
16,linha_19-20,F,0.18851079,3
17,linha_19-20,F,0.20074681,3
18,linha_19-20,F,0.21393203,3
19,linha_19-20,F,0.23906542,3
20,linha_19-20,F,0.24589409,3
21,linha_19-20,F,0.24832237,3
22,linha_19-20,F,0.25698569,3
23,linha_19-20,F,0.26329045,3
24,linha_19-20,F,0.26269085,3
1,linha_20-21,F,0.11530969,3
2,linha_20-21,F,0.11791009,3
3,linha_20-21,F,0.1197962,3
4,linha_20-21,F,0.12066234,3
5,linha_20-21,F,0.11949151,3
6,linha_20-21,F,0.11264735,3
7,linha_20-21,F,0.10412388,3
8,linha_20-21,F,0.10216284,3
9,linha_20-21,F,0.09861039,3
10,linha_20-21,F,0.096340659,3
11,linha_20-21,F,0.095945055,3
12,linha_20-21,F,0.095805195,3
13,linha_20-21,F,0.094015984,3
14,linha_20-21,F,0.09047952,3
15,linha_20-21,F,0.090465534,3
16,linha_20-21,F,0.09434965,3
17,linha_20-21,F,0.10047453,3
18,linha_20-21,F,0.10708691,3
19,linha_20-21,F,0.11969131,3
20,linha_20-21,F,0.12311588,3
21,linha_20-21,F,0.12433367,3
22,linha_20-21,F,0.12867832,3
23,linha_20-21,F,0.13184016,3
24,linha_20-21,F,0.13153946,3
1,linha_21-22,F,0.0,3
2,linha_21-22,F,0.0,3
3,linha_21-22,F,0.0,3
4,linha_21-22,F,0.0,3
5,linha_21-22,F,0.0,3
6,linha_21-22,F,0.0,3
7,linha_21-22,F,0.0,3
8,linha_21-22,F,0.0,3
9,linha_21-22,F,0.0,3
10,linha_21-22,F,0.0,3
11,linha_21-22,F,0.0,3
12,linha_21-22,F,0.0,3
13,linha_21-22,F,0.0,3
14,linha_21-22,F,0.0,3
15,linha_21-22,F,0.0,3
16,linha_21-22,F,0.0,3
17,linha_21-22,F,0.0,3
18,linha_21-22,F,0.0,3
19,linha_21-22,F,0.0,3
20,linha_21-22,F,0.0,3
21,linha_21-22,F,0.0,3
22,linha_21-22,F,0.0,3
23,linha_21-22,F,0.0,3
24,linha_21-22,F,0.0,3
1,linha_22-23,F,-0.11530969,3
2,linha_22-23,F,-0.11791009,3
3,linha_22-23,F,-0.1197962,3
4,linha_22-23,F,-0.12066234,3
5,linha_22-23,F,-0.11949151,3
6,linha_22-23,F,-0.11264735,3
7,linha_22-23,F,-0.10412388,3
8,linha_22-23,F,-0.10216284,3
9,linha_22-23,F,-0.09861039,3
10,linha_22-23,F,-0.096340659,3
11,linha_22-23,F,-0.095945055,3
12,linha_22-23,F,-0.095805195,3
13,linha_22-23,F,-0.094015984,3
14,linha_22-23,F,-0.09047952,3
15,linha_22-23,F,-0.090465534,3
16,linha_22-23,F,-0.09434965,3
17,linha_22-23,F,-0.10047453,3
18,linha_22-23,F,-0.10708691,3
19,linha_22-23,F,-0.11969131,3
20,linha_22-23,F,-0.12311588,3
21,linha_22-23,F,-0.12433367,3
22,linha_22-23,F,-0.12867832,3
23,linha_22-23,F,-0.13184016,3
24,linha_22-23,F,-0.13153946,3
1,linha_23-24,F,-0.2303284,3
2,linha_23-24,F,-0.23551364,3
3,linha_23-24,F,-0.23927458,3
4,linha_23-24,F,-0.24100167,3
5,linha_23-24,F,-0.23866702,3
6,linha_23-24,F,-0.22501965,3
7,linha_23-24,F,-0.20802368,3
8,linha_23-24,F,-0.20411333,3
9,linha_23-24,F,-0.19702376,3
10,linha_23-24,F,-0.19248883,3
11,linha_23-24,F,-0.19169841,3
12,linha_23-24,F,-0.19141897,3
13,linha_23-24,F,-0.18784412,3
14,linha_23-24,F,-0.18077826,3
15,linha_23-24,F,-0.18075032,3
16,linha_23-24,F,-0.18851079,3
17,linha_23-24,F,-0.20074681,3
18,linha_23-24,F,-0.21393203,3
19,linha_23-24,F,-0.23906542,3
20,linha_23-24,F,-0.24589409,3
21,linha_23-24,F,-0.24832237,3
22,linha_23-24,F,-0.25698569,3
23,linha_23-24,F,-0.26329045,3
24,linha_23-24,F,-0.26269085,3
1,linha_24-25,F,-0.34482793,3
2,linha_24-25,F,-0.35257737,3
3,linha_24-25,F,-0.35819817,3
4,linha_24-25,F,-0.36077933,3
5,linha_24-25,F,-0.35729014,3
6,linha_24-25,F,-0.33689391,3
7,linha_24-25,F,-0.31149313,3
8,linha_24-25,F,-0.30564905,3
9,linha_24-25,F,-0.29505058,3
10,linha_24-25,F,-0.28826854,3
11,linha_24-25,F,-0.28708645,3
12,linha_24-25,F,-0.28666855,3
13,linha_24-25,F,-0.28132231,3
14,linha_24-25,F,-0.27075522,3
15,linha_24-25,F,-0.27071343,3
16,linha_24-25,F,-0.28231932,3
17,linha_24-25,F,-0.30061772,3
18,linha_24-25,F,-0.32032326,3
19,linha_24-25,F,-0.35788557,3
20,linha_24-25,F,-0.36809113,3
21,linha_24-25,F,-0.37172024,3
22,linha_24-25,F,-0.38466773,3
23,linha_24-25,F,-0.39409031,3
24,linha_24-25,F,-0.39319419,3
1,linha_25-26,F,0.2303284,3
2,linha_25-26,F,0.23551364,3
3,linha_25-26,F,0.23927458,3
4,linha_25-26,F,0.24100167,3
5,linha_25-26,F,0.23866702,3
6,linha_25-26,F,0.22501965,3
7,linha_25-26,F,0.20802368,3
8,linha_25-26,F,0.20411333,3
9,linha_25-26,F,0.19702376,3
10,linha_25-26,F,0.19248883,3
11,linha_25-26,F,0.19169841,3
12,linha_25-26,F,0.19141897,3
13,linha_25-26,F,0.18784412,3
14,linha_25-26,F,0.18077826,3
15,linha_25-26,F,0.18075032,3
16,linha_25-26,F,0.18851079,3
17,linha_25-26,F,0.20074681,3
18,linha_25-26,F,0.21393203,3
19,linha_25-26,F,0.23906542,3
20,linha_25-26,F,0.24589409,3
21,linha_25-26,F,0.24832237,3
22,linha_25-26,F,0.25698569,3
23,linha_25-26,F,0.26329045,3
24,linha_25-26,F,0.26269085,3
1,linha_26-27,F,0.11530969,3
2,linha_26-27,F,0.11791009,3
3,linha_26-27,F,0.1197962,3
4,linha_26-27,F,0.12066234,3
5,linha_26-27,F,0.11949151,3
6,linha_26-27,F,0.11264735,3
7,linha_26-27,F,0.10412388,3
8,linha_26-27,F,0.10216284,3
9,linha_26-27,F,0.09861039,3
10,linha_26-27,F,0.096340659,3
11,linha_26-27,F,0.095945055,3
12,linha_26-27,F,0.095805195,3
13,linha_26-27,F,0.094015984,3
14,linha_26-27,F,0.09047952,3
15,linha_26-27,F,0.090465534,3
16,linha_26-27,F,0.09434965,3
17,linha_26-27,F,0.10047453,3
18,linha_26-27,F,0.10708691,3
19,linha_26-27,F,0.11969131,3
20,linha_26-27,F,0.12311588,3
21,linha_26-27,F,0.12433367,3
22,linha_26-27,F,0.12867832,3
23,linha_26-27,F,0.13184016,3
24,linha_26-27,F,0.13153946,3
1,linha_27-28,F,0.0,3
2,linha_27-28,F,0.0,3
3,linha_27-28,F,0.0,3
4,linha_27-28,F,0.0,3
5,linha_27-28,F,0.0,3
6,linha_27-28,F,0.0,3
7,linha_27-28,F,0.0,3
8,linha_27-28,F,0.0,3
9,linha_27-28,F,0.0,3
10,linha_27-28,F,0.0,3
11,linha_27-28,F,0.0,3
12,linha_27-28,F,0.0,3
13,linha_27-28,F,0.0,3
14,linha_27-28,F,0.0,3
15,linha_27-28,F,0.0,3
16,linha_27-28,F,0.0,3
17,linha_27-28,F,0.0,3
18,linha_27-28,F,0.0,3
19,linha_27-28,F,0.0,3
20,linha_27-28,F,0.0,3
21,linha_27-28,F,0.0,3
22,linha_27-28,F,0.0,3
23,linha_27-28,F,0.0,3
24,linha_27-28,F,0.0,3
1,linha_28-29,F,-0.11530969,3
2,linha_28-29,F,-0.11791009,3
3,linha_28-29,F,-0.1197962,3
4,linha_28-29,F,-0.12066234,3
5,linha_28-29,F,-0.11949151,3
6,linha_28-29,F,-0.11264735,3
7,linha_28-29,F,-0.10412388,3
8,linha_28-29,F,-0.10216284,3
9,linha_28-29,F,-0.09861039,3
10,linha_28-29,F,-0.096340659,3
11,linha_28-29,F,-0.095945055,3
12,linha_28-29,F,-0.095805195,3
13,linha_28-29,F,-0.094015984,3
14,linha_28-29,F,-0.09047952,3
15,linha_28-29,F,-0.090465534,3
16,linha_28-29,F,-0.09434965,3
17,linha_28-29,F,-0.10047453,3
18,linha_28-29,F,-0.10708691,3
19,linha_28-29,F,-0.11969131,3
20,linha_28-29,F,-0.12311588,3
21,linha_28-29,F,-0.12433367,3
22,linha_28-29,F,-0.12867832,3
23,linha_28-29,F,-0.13184016,3
24,linha_28-29,F,-0.13153946,3
1,linha_29-30,F,-0.2303284,3
2,linha_29-30,F,-0.23551364,3
3,linha_29-30,F,-0.23927458,3
4,linha_29-30,F,-0.24100167,3
5,linha_29-30,F,-0.23866702,3
6,linha_29-30,F,-0.22501965,3
7,linha_29-30,F,-0.20802368,3
8,linha_29-30,F,-0.20411333,3
9,linha_29-30,F,-0.19702376,3
10,linha_29-30,F,-0.19248883,3
11,linha_29-30,F,-0.19169841,3
12,linha_29-30,F,-0.19141897,3
13,linha_29-30,F,-0.18784412,3
14,linha_29-30,F,-0.18077826,3
15,linha_29-30,F,-0.18075032,3
16,linha_29-30,F,-0.18851079,3
17,linha_29-30,F,-0.20074681,3
18,linha_29-30,F,-0.21393203,3
19,linha_29-30,F,-0.23906542,3
20,linha_29-30,F,-0.24589409,3
21,linha_29-30,F,-0.24832237,3
22,linha_29-30,F,-0.25698569,3
23,linha_29-30,F,-0.26329045,3
24,linha_29-30,F,-0.26269085,3
1,linha_30-31,F,0.34482793,3
2,linha_30-31,F,0.35257737,3
3,linha_30-31,F,0.35819817,3
4,linha_30-31,F,0.36077933,3
5,linha_30-31,F,0.35729014,3
6,linha_30-31,F,0.33689391,3
7,linha_30-31,F,0.31149313,3
8,linha_30-31,F,0.30564905,3
9,linha_30-31,F,0.29505058,3
10,linha_30-31,F,0.28826854,3
11,linha_30-31,F,0.28708645,3
12,linha_30-31,F,0.28666855,3
13,linha_30-31,F,0.28132231,3
14,linha_30-31,F,0.27075522,3
15,linha_30-31,F,0.27071343,3
16,linha_30-31,F,0.28231932,3
17,linha_30-31,F,0.30061772,3
18,linha_30-31,F,0.32032326,3
19,linha_30-31,F,0.35788557,3
20,linha_30-31,F,0.36809113,3
21,linha_30-31,F,0.37172024,3
22,linha_30-31,F,0.38466773,3
23,linha_30-31,F,0.39409031,3
24,linha_30-31,F,0.39319419,3
1,linha_31-32,F,0.2303284,3
2,linha_31-32,F,0.23551364,3
3,linha_31-32,F,0.23927458,3
4,linha_31-32,F,0.24100167,3
5,linha_31-32,F,0.23866702,3
6,linha_31-32,F,0.22501965,3
7,linha_31-32,F,0.20802368,3
8,linha_31-32,F,0.20411333,3
9,linha_31-32,F,0.19702376,3
10,linha_31-32,F,0.19248883,3
11,linha_31-32,F,0.19169841,3
12,linha_31-32,F,0.19141897,3
13,linha_31-32,F,0.18784412,3
14,linha_31-32,F,0.18077826,3
15,linha_31-32,F,0.18075032,3
16,linha_31-32,F,0.18851079,3
17,linha_31-32,F,0.20074681,3
18,linha_31-32,F,0.21393203,3
19,linha_31-32,F,0.23906542,3
20,linha_31-32,F,0.24589409,3
21,linha_31-32,F,0.24832237,3
22,linha_31-32,F,0.25698569,3
23,linha_31-32,F,0.26329045,3
24,linha_31-32,F,0.26269085,3
1,linha_32-33,F,0.11530969,3
2,linha_32-33,F,0.11791009,3
3,linha_32-33,F,0.1197962,3
4,linha_32-33,F,0.12066234,3
5,linha_32-33,F,0.11949151,3
6,linha_32-33,F,0.11264735,3
7,linha_32-33,F,0.10412388,3
8,linha_32-33,F,0.10216284,3
9,linha_32-33,F,0.09861039,3
10,linha_32-33,F,0.096340659,3
11,linha_32-33,F,0.095945055,3
12,linha_32-33,F,0.095805195,3
13,linha_32-33,F,0.094015984,3
14,linha_32-33,F,0.09047952,3
15,linha_32-33,F,0.090465534,3
16,linha_32-33,F,0.09434965,3
17,linha_32-33,F,0.10047453,3
18,linha_32-33,F,0.10708691,3
19,linha_32-33,F,0.11969131,3
20,linha_32-33,F,0.12311588,3
21,linha_32-33,F,0.12433367,3
22,linha_32-33,F,0.12867832,3
23,linha_32-33,F,0.13184016,3
24,linha_32-33,F,0.13153946,3
1,linha_1-2,Ploss,0.00023061938,3
2,linha_1-2,Ploss,0.00023582018,3
3,linha_1-2,Ploss,0.00023959241,3
4,linha_1-2,Ploss,0.00024132468,3
5,linha_1-2,Ploss,0.00023898302,3
6,linha_1-2,Ploss,0.00022529471,3
7,linha_1-2,Ploss,0.00020824775,3
8,linha_1-2,Ploss,0.00020432567,3
9,linha_1-2,Ploss,0.00019722078,3
10,linha_1-2,Ploss,0.00019268132,3
11,linha_1-2,Ploss,0.00019189011,3
12,linha_1-2,Ploss,0.00019161039,3
13,linha_1-2,Ploss,0.00018803197,3
14,linha_1-2,Ploss,0.00018095904,3
15,linha_1-2,Ploss,0.00018093107,3
16,linha_1-2,Ploss,0.0001886993,3
17,linha_1-2,Ploss,0.00020094905,3
18,linha_1-2,Ploss,0.00021417383,3
19,linha_1-2,Ploss,0.00023938262,3
20,linha_1-2,Ploss,0.00024623177,3
21,linha_1-2,Ploss,0.00024866733,3
22,linha_1-2,Ploss,0.00025735664,3
23,linha_1-2,Ploss,0.00026368032,3
24,linha_1-2,Ploss,0.00026307892,3
1,linha_2-3,Ploss,0.00058197037,3
2,linha_2-3,Ploss,0.00061308183,3
3,linha_2-3,Ploss,0.0006356475,3
4,linha_2-3,Ploss,0.00064601002,3
5,linha_2-3,Ploss,0.0006320021,3
6,linha_2-3,Ploss,0.00055011788,3
7,linha_2-3,Ploss,0.00044814209,3
8,linha_2-3,Ploss,0.00042468001,3
9,linha_2-3,Ploss,0.00039404751,3
10,linha_2-3,Ploss,0.00038497766,3
11,linha_2-3,Ploss,0.00038339682,3
12,linha_2-3,Ploss,0.00038283794,3
13,linha_2-3,Ploss,0.00037568825,3
14,linha_2-3,Ploss,0.00036155653,3
15,linha_2-3,Ploss,0.00036150064,3
16,linha_2-3,Ploss,0.00037702158,3
17,linha_2-3,Ploss,0.00040448086,3
18,linha_2-3,Ploss,0.00048359218,3
19,linha_2-3,Ploss,0.00063439253,3
20,linha_2-3,Ploss,0.00067536452,3
21,linha_2-3,Ploss,0.00068993419,3
22,linha_2-3,Ploss,0.00074191412,3
23,linha_2-3,Ploss,0.00077974269,3
24,linha_2-3,Ploss,0.00077614509,3
1,linha_3-4,Ploss,0.0012689676,3
2,linha_3-4,Ploss,0.0013154642,3
3,linha_3-4,Ploss,0.001349189,3
4,linha_3-4,Ploss,0.001364676,3
5,linha_3-4,Ploss,0.0013437409,3
6,linha_3-4,Ploss,0.0012213634,3
7,linha_3-4,Ploss,0.0010689588,3
8,linha_3-4,Ploss,0.0010338943,3
9,linha_3-4,Ploss,0.00097030348,3
10,linha_3-4,Ploss,0.00092961121,3
11,linha_3-4,Ploss,0.00092251872,3
12,linha_3-4,Ploss,0.00092001128,3
13,linha_3-4,Ploss,0.00088793388,3
14,linha_3-4,Ploss,0.00082453131,3
15,linha_3-4,Ploss,0.00082428057,3
16,linha_3-4,Ploss,0.00089391593,3
17,linha_3-4,Ploss,0.0010037063,3
18,linha_3-4,Ploss,0.0011219396,3
19,linha_3-4,Ploss,0.0013473134,3
20,linha_3-4,Ploss,0.0014085468,3
21,linha_3-4,Ploss,0.0014303214,3
22,linha_3-4,Ploss,0.0015080064,3
23,linha_3-4,Ploss,0.0015645418,3
24,linha_3-4,Ploss,0.0015591652,3
1,linha_4-5,Ploss,0.0021852581,3
2,linha_4-5,Ploss,0.0022880362,3
3,linha_4-5,Ploss,0.0023625828,3
4,linha_4-5,Ploss,0.0023968158,3
5,linha_4-5,Ploss,0.00235054,3
6,linha_4-5,Ploss,0.0020800321,3
7,linha_4-5,Ploss,0.0017431508,3
8,linha_4-5,Ploss,0.0016656428,3
9,linha_4-5,Ploss,0.0015549816,3
10,linha_4-5,Ploss,0.0015009416,3
11,linha_4-5,Ploss,0.0014915226,3
12,linha_4-5,Ploss,0.0014881927,3
13,linha_4-5,Ploss,0.0014455933,3
14,linha_4-5,Ploss,0.0013613935,3
15,linha_4-5,Ploss,0.0013610605,3
16,linha_4-5,Ploss,0.0014535376,3
17,linha_4-5,Ploss,0.0015993471,3
18,linha_4-5,Ploss,0.0018602616,3
19,linha_4-5,Ploss,0.0023584369,3
20,linha_4-5,Ploss,0.0024937896,3
21,linha_4-5,Ploss,0.0025419212,3
22,linha_4-5,Ploss,0.002713639,3
23,linha_4-5,Ploss,0.0028386073,3
24,linha_4-5,Ploss,0.0028267225,3
1,linha_5-6,Ploss,0.0033120217,3
2,linha_5-6,Ploss,0.0034396776,3
3,linha_5-6,Ploss,0.0035322685,3
4,linha_5-6,Ploss,0.0035747878,3
5,linha_5-6,Ploss,0.0035173108,3
6,linha_5-6,Ploss,0.0031813253,3
7,linha_5-6,Ploss,0.0027629005,3
8,linha_5-6,Ploss,0.0026666314,3
9,linha_5-6,Ploss,0.0024918253,3
10,linha_5-6,Ploss,0.0023798685,3
11,linha_5-6,Ploss,0.0023603549,3
12,linha_5-6,Ploss,0.0023534562,3
13,linha_5-6,Ploss,0.0022652015,3
14,linha_5-6,Ploss,0.0020907618,3
15,linha_5-6,Ploss,0.0020900719,3
16,linha_5-6,Ploss,0.00228166,3
17,linha_5-6,Ploss,0.0025837464,3
18,linha_5-6,Ploss,0.0029083585,3
19,linha_5-6,Ploss,0.0035271191,3
20,linha_5-6,Ploss,0.0037330635,3
21,linha_5-6,Ploss,0.003816592,3
22,linha_5-6,Ploss,0.004114595,3
23,linha_5-6,Ploss,0.0043314677,3
24,linha_5-6,Ploss,0.0043108425,3
1,linha_6-7,Ploss,0.0016,3
2,linha_6-7,Ploss,0.0016,3
3,linha_6-7,Ploss,0.0016,3
4,linha_6-7,Ploss,0.001614514,3
5,linha_6-7,Ploss,0.0016,3
6,linha_6-7,Ploss,0.0015105515,3
7,linha_6-7,Ploss,0.0011552112,3
8,linha_6-7,Ploss,0.0010734562,3
9,linha_6-7,Ploss,0.00098808973,3
10,linha_6-7,Ploss,0.0009744985,3
11,linha_6-7,Ploss,0.00097212961,3
12,linha_6-7,Ploss,0.00097129212,3
13,linha_6-7,Ploss,0.00096057827,3
14,linha_6-7,Ploss,0.00093940179,3
15,linha_6-7,Ploss,0.00093931805,3
16,linha_6-7,Ploss,0.00096257627,3
17,linha_6-7,Ploss,0.0010081515,3
18,linha_6-7,Ploss,0.001278739,3
19,linha_6-7,Ploss,0.0016,3
20,linha_6-7,Ploss,0.0017359242,3
21,linha_6-7,Ploss,0.0017961845,3
22,linha_6-7,Ploss,0.0020111736,3
23,linha_6-7,Ploss,0.0021676326,3
24,linha_6-7,Ploss,0.0021527529,3
1,linha_7-8,Ploss,0.00091499498,3
2,linha_7-8,Ploss,0.00089932999,3
3,linha_7-8,Ploss,0.0008879679,3
4,linha_7-8,Ploss,0.00089152852,3
5,linha_7-8,Ploss,0.00088980341,3
6,linha_7-8,Ploss,0.00084104629,3
7,linha_7-8,Ploss,0.00053491353,3
8,linha_7-8,Ploss,0.00046448004,3
9,linha_7-8,Ploss,0.0004,3
10,linha_7-8,Ploss,0.0004,3
11,linha_7-8,Ploss,0.0004,3
12,linha_7-8,Ploss,0.0004,3
13,linha_7-8,Ploss,0.0004,3
14,linha_7-8,Ploss,0.0004,3
15,linha_7-8,Ploss,0.0004,3
16,linha_7-8,Ploss,0.0004,3
17,linha_7-8,Ploss,0.00040895277,3
18,linha_7-8,Ploss,0.00064133521,3
19,linha_7-8,Ploss,0.0008885998,3
20,linha_7-8,Ploss,0.00095017885,3
21,linha_7-8,Ploss,0.0009792891,3
22,linha_7-8,Ploss,0.0010831451,3
23,linha_7-8,Ploss,0.0011587267,3
24,linha_7-8,Ploss,0.0011515386,3
1,linha_8-9,Ploss,0.00034207206,3
2,linha_8-9,Ploss,0.00033161828,3
3,linha_8-9,Ploss,0.00032403597,3
4,linha_8-9,Ploss,0.00032349186,3
5,linha_8-9,Ploss,0.00032526087,3
6,linha_8-9,Ploss,0.00032265914,3
7,linha_8-9,Ploss,0.00023728738,3
8,linha_8-9,Ploss,0.00021764547,3
9,linha_8-9,Ploss,0.00020318519,3
10,linha_8-9,Ploss,0.00020773373,3
11,linha_8-9,Ploss,0.00020852653,3
12,linha_8-9,Ploss,0.00020880681,3
13,linha_8-9,Ploss,0.00021239239,3
14,linha_8-9,Ploss,0.00021947948,3
15,linha_8-9,Ploss,0.00021950751,3
16,linha_8-9,Ploss,0.00021172372,3
17,linha_8-9,Ploss,0.00020244566,3
18,linha_8-9,Ploss,0.00026696537,3
19,linha_8-9,Ploss,0.00032445766,3
20,linha_8-9,Ploss,0.00033820333,3
21,linha_8-9,Ploss,0.00034550516,3
22,linha_8-9,Ploss,0.00037155573,3
23,linha_8-9,Ploss,0.00039051413,3
24,linha_8-9,Ploss,0.00038871113,3
1,linha_9-10,Ploss,0.00011167581,3
2,linha_9-10,Ploss,9.5989886e-05,3
3,linha_9-10,Ploss,8.461262e-05,3
4,linha_9-10,Ploss,8.2331682e-05,3
5,linha_9-10,Ploss,8.6450579e-05,3
6,linha_9-10,Ploss,9.7559354e-05,3
7,linha_9-10,Ploss,2.9097764e-05,3
8,linha_9-10,Ploss,1.3346463e-05,3
9,linha_9-10,Ploss,5.9763467e-06,3
10,linha_9-10,Ploss,1.508255e-05,3
11,linha_9-10,Ploss,1.6669723e-05,3
12,linha_9-10,Ploss,1.7230844e-05,3
13,linha_9-10,Ploss,2.4409194e-05,3
14,linha_9-10,Ploss,3.8597557e-05,3
15,linha_9-10,Ploss,3.8653669e-05,3
16,linha_9-10,Ploss,2.3070518e-05,3
17,linha_9-10,Ploss,1.4996015e-06,3
18,linha_9-10,Ploss,5.2897234e-05,3
19,linha_9-10,Ploss,8.524536e-05,3
20,linha_9-10,Ploss,9.2155692e-05,3
21,linha_9-10,Ploss,9.7031697e-05,3
22,linha_9-10,Ploss,0.00011442771,3
23,linha_9-10,Ploss,0.00012708773,3
24,linha_9-10,Ploss,0.00012588373,3
1,linha_10-11,Ploss,0.00011894357,3
2,linha_10-11,Ploss,0.00013983029,3
3,linha_10-11,Ploss,0.00015497979,3
4,linha_10-11,Ploss,0.00015899299,3
5,linha_10-11,Ploss,0.00015253244,3
6,linha_10-11,Ploss,0.00012773535,3
7,linha_10-11,Ploss,0.00017914999,3
8,linha_10-11,Ploss,0.00019097921,3
9,linha_10-11,Ploss,0.00019124443,3
10,linha_10-11,Ploss,0.00017759877,3
11,linha_10-11,Ploss,0.00017522039,3
12,linha_10-11,Ploss,0.00017437955,3
13,linha_10-11,Ploss,0.00016362277,3
14,linha_10-11,Ploss,0.00014236148,3
15,linha_10-11,Ploss,0.0001422774,3
16,linha_10-11,Ploss,0.00016562878,3
17,linha_10-11,Ploss,0.00019944945,3
18,linha_10-11,Ploss,0.00016127659,3
19,linha_10-11,Ploss,0.00015413726,3
20,linha_10-11,Ploss,0.00015407608,3
21,linha_10-11,Ploss,0.00015163564,3
22,linha_10-11,Ploss,0.00014292893,3
23,linha_10-11,Ploss,0.00013659259,3
24,linha_10-11,Ploss,0.0001371952,3
1,linha_11-12,Ploss,0.0003493253,3
2,linha_11-12,Ploss,0.00037537109,3
3,linha_11-12,Ploss,0.00039426254,3
4,linha_11-12,Ploss,0.0004,3
5,linha_11-12,Ploss,0.00039121069,3
6,linha_11-12,Ploss,0.00035277484,3
7,linha_11-12,Ploss,0.0003870398,3
8,linha_11-12,Ploss,0.00039492331,3
9,linha_11-12,Ploss,0.0003880831,3
10,linha_11-12,Ploss,0.00036992524,3
11,linha_11-12,Ploss,0.00036676041,3
12,linha_11-12,Ploss,0.00036564152,3
13,linha_11-12,Ploss,0.00035132782,3
14,linha_11-12,Ploss,0.00032303609,3
15,linha_11-12,Ploss,0.0003229242,3
16,linha_11-12,Ploss,0.00035399716,3
17,linha_11-12,Ploss,0.0004,3
18,linha_11-12,Ploss,0.00037512819,3
19,linha_11-12,Ploss,0.00039321191,3
20,linha_11-12,Ploss,0.0004,3
21,linha_11-12,Ploss,0.0004,3
22,linha_11-12,Ploss,0.0004,3
23,linha_11-12,Ploss,0.0004,3
24,linha_11-12,Ploss,0.0004,3
1,linha_12-13,Ploss,0.00093666793,3
2,linha_12-13,Ploss,0.001030065,3
3,linha_12-13,Ploss,0.0010978074,3
4,linha_12-13,Ploss,0.0011201376,3
5,linha_12-13,Ploss,0.0010868639,3
6,linha_12-13,Ploss,0.0009310331,3
7,linha_12-13,Ploss,0.00098237914,3
8,linha_12-13,Ploss,0.00099419258,3
9,linha_12-13,Ploss,0.00095248162,3
10,linha_12-13,Ploss,0.00088463406,3
11,linha_12-13,Ploss,0.00087280851,3
12,linha_12-13,Ploss,0.00086862776,3
13,linha_12-13,Ploss,0.00081514405,3
14,linha_12-13,Ploss,0.00070943086,3
15,linha_12-13,Ploss,0.00070901278,3
16,linha_12-13,Ploss,0.00082511812,3
17,linha_12-13,Ploss,0.00099925224,3
18,linha_12-13,Ploss,0.00096452959,3
19,linha_12-13,Ploss,0.00109404,3
20,linha_12-13,Ploss,0.0011348295,3
21,linha_12-13,Ploss,0.0011421216,3
22,linha_12-13,Ploss,0.0011681376,3
23,linha_12-13,Ploss,0.0011870708,3
24,linha_12-13,Ploss,0.0011852702,3
1,linha_13-14,Ploss,0.001635834,3
2,linha_13-14,Ploss,0.0018161572,3
3,linha_13-14,Ploss,0.0019469486,3
4,linha_13-14,Ploss,0.0019924961,3
5,linha_13-14,Ploss,0.0019258197,3
6,linha_13-14,Ploss,0.0016,3
7,linha_13-14,Ploss,0.0016,3
8,linha_13-14,Ploss,0.0016,3
9,linha_13-14,Ploss,0.0015372664,3
10,linha_13-14,Ploss,0.0014562335,3
11,linha_13-14,Ploss,0.0014421098,3
12,linha_13-14,Ploss,0.0014371165,3
13,linha_13-14,Ploss,0.0013732389,3
14,linha_13-14,Ploss,0.0012469816,3
15,linha_13-14,Ploss,0.0012464823,3
16,linha_13-14,Ploss,0.0013851513,3
17,linha_13-14,Ploss,0.0015949197,3
18,linha_13-14,Ploss,0.0016,3
19,linha_13-14,Ploss,0.0019396747,3
20,linha_13-14,Ploss,0.0020412256,3
21,linha_13-14,Ploss,0.0020654117,3
22,linha_13-14,Ploss,0.0021517001,3
23,linha_13-14,Ploss,0.0022144968,3
24,linha_13-14,Ploss,0.0022085247,3
1,linha_14-15,Ploss,0.00029139736,3
2,linha_14-15,Ploss,0.00030698937,3
3,linha_14-15,Ploss,0.00031829852,3
4,linha_14-15,Ploss,0.00032349186,3
5,linha_14-15,Ploss,0.00031647156,3
6,linha_14-15,Ploss,0.00027543398,3
7,linha_14-15,Ploss,0.00022432718,3
8,linha_14-15,Ploss,0.00021256878,3
9,linha_14-15,Ploss,0.00019722078,3
10,linha_14-15,Ploss,0.00019268132,3
11,linha_14-15,Ploss,0.00019189011,3
12,linha_14-15,Ploss,0.00019161039,3
13,linha_14-15,Ploss,0.00018803197,3
14,linha_14-15,Ploss,0.00018095904,3
15,linha_14-15,Ploss,0.00018093107,3
16,linha_14-15,Ploss,0.0001886993,3
17,linha_14-15,Ploss,0.00020244566,3
18,linha_14-15,Ploss,0.00024209356,3
19,linha_14-15,Ploss,0.00031766957,3
20,linha_14-15,Ploss,0.00033820333,3
21,linha_14-15,Ploss,0.00034550516,3
22,linha_14-15,Ploss,0.00037155573,3
23,linha_14-15,Ploss,0.00039051413,3
24,linha_14-15,Ploss,0.00038871113,3
1,linha_15-16,Ploss,6.0899661e-05,3
2,linha_15-16,Ploss,7.1311671e-05,3
3,linha_15-16,Ploss,7.8863679e-05,3
4,linha_15-16,Ploss,8.2331682e-05,3
5,linha_15-16,Ploss,7.7643678e-05,3
6,linha_15-16,Ploss,5.023965e-05,3
7,linha_15-16,Ploss,1.6111616e-05,3
8,linha_15-16,Ploss,8.2596083e-06,3
9,linha_15-16,Ploss,0.0,3
10,linha_15-16,Ploss,0.0,3
11,linha_15-16,Ploss,0.0,3
12,linha_15-16,Ploss,0.0,3
13,linha_15-16,Ploss,0.0,3
14,linha_15-16,Ploss,0.0,3
15,linha_15-16,Ploss,0.0,3
16,linha_15-16,Ploss,0.0,3
17,linha_15-16,Ploss,1.4996015e-06,3
18,linha_15-16,Ploss,2.7975628e-05,3
19,linha_15-16,Ploss,7.8443678e-05,3
20,linha_15-16,Ploss,9.2155692e-05,3
21,linha_15-16,Ploss,9.7031697e-05,3
22,linha_15-16,Ploss,0.00011442771,3
23,linha_15-16,Ploss,0.00012708773,3
24,linha_15-16,Ploss,0.00012588373,3
1,linha_16-17,Ploss,0.00016971972,3
2,linha_16-17,Ploss,0.00016450851,3
3,linha_16-17,Ploss,0.00016072873,3
4,linha_16-17,Ploss,0.00015899299,3
5,linha_16-17,Ploss,0.00016133934,3
6,linha_16-17,Ploss,0.00017505506,3
7,linha_16-17,Ploss,0.00019213614,3
8,linha_16-17,Ploss,0.00019606607,3
9,linha_16-17,Ploss,0.00019722078,3
10,linha_16-17,Ploss,0.00019268132,3
11,linha_16-17,Ploss,0.00019189011,3
12,linha_16-17,Ploss,0.00019161039,3
13,linha_16-17,Ploss,0.00018803197,3
14,linha_16-17,Ploss,0.00018095904,3
15,linha_16-17,Ploss,0.00018093107,3
16,linha_16-17,Ploss,0.0001886993,3
17,linha_16-17,Ploss,0.00019944945,3
18,linha_16-17,Ploss,0.0001861982,3
19,linha_16-17,Ploss,0.00016093894,3
20,linha_16-17,Ploss,0.00015407608,3
21,linha_16-17,Ploss,0.00015163564,3
22,linha_16-17,Ploss,0.00014292893,3
23,linha_16-17,Ploss,0.00013659259,3
24,linha_16-17,Ploss,0.0001371952,3
1,linha_17-18,Ploss,0.0004,3
2,linha_17-18,Ploss,0.0004,3
3,linha_17-18,Ploss,0.0004,3
4,linha_17-18,Ploss,0.0004,3
5,linha_17-18,Ploss,0.0004,3
6,linha_17-18,Ploss,0.0004,3
7,linha_17-18,Ploss,0.0004,3
8,linha_17-18,Ploss,0.0004,3
9,linha_17-18,Ploss,0.00039404751,3
10,linha_17-18,Ploss,0.00038497766,3
11,linha_17-18,Ploss,0.00038339682,3
12,linha_17-18,Ploss,0.00038283794,3
13,linha_17-18,Ploss,0.00037568825,3
14,linha_17-18,Ploss,0.00036155653,3
15,linha_17-18,Ploss,0.00036150064,3
16,linha_17-18,Ploss,0.00037702158,3
17,linha_17-18,Ploss,0.0004,3
18,linha_17-18,Ploss,0.0004,3
19,linha_17-18,Ploss,0.0004,3
20,linha_17-18,Ploss,0.0004,3
21,linha_17-18,Ploss,0.0004,3
22,linha_17-18,Ploss,0.0004,3
23,linha_17-18,Ploss,0.0004,3
24,linha_17-18,Ploss,0.0004,3
1,linha_18-19,Ploss,0.0012689676,3
2,linha_18-19,Ploss,0.0013154642,3
3,linha_18-19,Ploss,0.001349189,3
4,linha_18-19,Ploss,0.001364676,3
5,linha_18-19,Ploss,0.0013437409,3
6,linha_18-19,Ploss,0.0012213634,3
7,linha_18-19,Ploss,0.0010689588,3
8,linha_18-19,Ploss,0.0010338943,3
9,linha_18-19,Ploss,0.00097030348,3
10,linha_18-19,Ploss,0.00092961121,3
11,linha_18-19,Ploss,0.00092251872,3
12,linha_18-19,Ploss,0.00092001128,3
13,linha_18-19,Ploss,0.00088793388,3
14,linha_18-19,Ploss,0.00082453131,3
15,linha_18-19,Ploss,0.00082428057,3
16,linha_18-19,Ploss,0.00089391593,3
17,linha_18-19,Ploss,0.0010037063,3
18,linha_18-19,Ploss,0.0011219396,3
19,linha_18-19,Ploss,0.0013473134,3
20,linha_18-19,Ploss,0.0014085468,3
21,linha_18-19,Ploss,0.0014303214,3
22,linha_18-19,Ploss,0.0015080064,3
23,linha_18-19,Ploss,0.0015645418,3
24,linha_18-19,Ploss,0.0015591652,3
1,linha_19-20,Ploss,0.00058197037,3
2,linha_19-20,Ploss,0.00061308183,3
3,linha_19-20,Ploss,0.0006356475,3
4,linha_19-20,Ploss,0.00064601002,3
5,linha_19-20,Ploss,0.0006320021,3
6,linha_19-20,Ploss,0.00055011788,3
7,linha_19-20,Ploss,0.00044814209,3
8,linha_19-20,Ploss,0.00042468001,3
9,linha_19-20,Ploss,0.00039404751,3
10,linha_19-20,Ploss,0.00038497766,3
11,linha_19-20,Ploss,0.00038339682,3
12,linha_19-20,Ploss,0.00038283794,3
13,linha_19-20,Ploss,0.00037568825,3
14,linha_19-20,Ploss,0.00036155653,3
15,linha_19-20,Ploss,0.00036150064,3
16,linha_19-20,Ploss,0.00037702158,3
17,linha_19-20,Ploss,0.00040448086,3
18,linha_19-20,Ploss,0.00048359218,3
19,linha_19-20,Ploss,0.00063439253,3
20,linha_19-20,Ploss,0.00067536452,3
21,linha_19-20,Ploss,0.00068993419,3
22,linha_19-20,Ploss,0.00074191412,3
23,linha_19-20,Ploss,0.00077974269,3
24,linha_19-20,Ploss,0.00077614509,3
1,linha_20-21,Ploss,0.00023061938,3
2,linha_20-21,Ploss,0.00023582018,3
3,linha_20-21,Ploss,0.00023959241,3
4,linha_20-21,Ploss,0.00024132468,3
5,linha_20-21,Ploss,0.00023898302,3
6,linha_20-21,Ploss,0.00022529471,3
7,linha_20-21,Ploss,0.00020824775,3
8,linha_20-21,Ploss,0.00020432567,3
9,linha_20-21,Ploss,0.00019722078,3
10,linha_20-21,Ploss,0.00019268132,3
11,linha_20-21,Ploss,0.00019189011,3
12,linha_20-21,Ploss,0.00019161039,3
13,linha_20-21,Ploss,0.00018803197,3
14,linha_20-21,Ploss,0.00018095904,3
15,linha_20-21,Ploss,0.00018093107,3
16,linha_20-21,Ploss,0.0001886993,3
17,linha_20-21,Ploss,0.00020094905,3
18,linha_20-21,Ploss,0.00021417383,3
19,linha_20-21,Ploss,0.00023938262,3
20,linha_20-21,Ploss,0.00024623177,3
21,linha_20-21,Ploss,0.00024866733,3
22,linha_20-21,Ploss,0.00025735664,3
23,linha_20-21,Ploss,0.00026368032,3
24,linha_20-21,Ploss,0.00026307892,3
1,linha_21-22,Ploss,0.0,3
2,linha_21-22,Ploss,0.0,3
3,linha_21-22,Ploss,0.0,3
4,linha_21-22,Ploss,0.0,3
5,linha_21-22,Ploss,0.0,3
6,linha_21-22,Ploss,0.0,3
7,linha_21-22,Ploss,0.0,3
8,linha_21-22,Ploss,0.0,3
9,linha_21-22,Ploss,0.0,3
10,linha_21-22,Ploss,0.0,3
11,linha_21-22,Ploss,0.0,3
12,linha_21-22,Ploss,0.0,3
13,linha_21-22,Ploss,0.0,3
14,linha_21-22,Ploss,0.0,3
15,linha_21-22,Ploss,0.0,3
16,linha_21-22,Ploss,0.0,3
17,linha_21-22,Ploss,0.0,3
18,linha_21-22,Ploss,0.0,3
19,linha_21-22,Ploss,0.0,3
20,linha_21-22,Ploss,0.0,3
21,linha_21-22,Ploss,0.0,3
22,linha_21-22,Ploss,0.0,3
23,linha_21-22,Ploss,0.0,3
24,linha_21-22,Ploss,0.0,3
1,linha_22-23,Ploss,0.00023061938,3
2,linha_22-23,Ploss,0.00023582018,3
3,linha_22-23,Ploss,0.00023959241,3
4,linha_22-23,Ploss,0.00024132468,3
5,linha_22-23,Ploss,0.00023898302,3
6,linha_22-23,Ploss,0.00022529471,3
7,linha_22-23,Ploss,0.00020824775,3
8,linha_22-23,Ploss,0.00020432567,3
9,linha_22-23,Ploss,0.00019722078,3
10,linha_22-23,Ploss,0.00019268132,3
11,linha_22-23,Ploss,0.00019189011,3
12,linha_22-23,Ploss,0.00019161039,3
13,linha_22-23,Ploss,0.00018803197,3
14,linha_22-23,Ploss,0.00018095904,3
15,linha_22-23,Ploss,0.00018093107,3
16,linha_22-23,Ploss,0.0001886993,3
17,linha_22-23,Ploss,0.00020094905,3
18,linha_22-23,Ploss,0.00021417383,3
19,linha_22-23,Ploss,0.00023938262,3
20,linha_22-23,Ploss,0.00024623177,3
21,linha_22-23,Ploss,0.00024866733,3
22,linha_22-23,Ploss,0.00025735664,3
23,linha_22-23,Ploss,0.00026368032,3
24,linha_22-23,Ploss,0.00026307892,3
1,linha_23-24,Ploss,0.00058197037,3
2,linha_23-24,Ploss,0.00061308183,3
3,linha_23-24,Ploss,0.0006356475,3
4,linha_23-24,Ploss,0.00064601002,3
5,linha_23-24,Ploss,0.0006320021,3
6,linha_23-24,Ploss,0.00055011788,3
7,linha_23-24,Ploss,0.00044814209,3
8,linha_23-24,Ploss,0.00042468001,3
9,linha_23-24,Ploss,0.00039404751,3
10,linha_23-24,Ploss,0.00038497766,3
11,linha_23-24,Ploss,0.00038339682,3
12,linha_23-24,Ploss,0.00038283794,3
13,linha_23-24,Ploss,0.00037568825,3
14,linha_23-24,Ploss,0.00036155653,3
15,linha_23-24,Ploss,0.00036150064,3
16,linha_23-24,Ploss,0.00037702158,3
17,linha_23-24,Ploss,0.00040448086,3
18,linha_23-24,Ploss,0.00048359218,3
19,linha_23-24,Ploss,0.00063439253,3
20,linha_23-24,Ploss,0.00067536452,3
21,linha_23-24,Ploss,0.00068993419,3
22,linha_23-24,Ploss,0.00074191412,3
23,linha_23-24,Ploss,0.00077974269,3
24,linha_23-24,Ploss,0.00077614509,3
1,linha_24-25,Ploss,0.0012689676,3
2,linha_24-25,Ploss,0.0013154642,3
3,linha_24-25,Ploss,0.001349189,3
4,linha_24-25,Ploss,0.001364676,3
5,linha_24-25,Ploss,0.0013437409,3
6,linha_24-25,Ploss,0.0012213634,3
7,linha_24-25,Ploss,0.0010689588,3
8,linha_24-25,Ploss,0.0010338943,3
9,linha_24-25,Ploss,0.00097030348,3
10,linha_24-25,Ploss,0.00092961121,3
11,linha_24-25,Ploss,0.00092251872,3
12,linha_24-25,Ploss,0.00092001128,3
13,linha_24-25,Ploss,0.00088793388,3
14,linha_24-25,Ploss,0.00082453131,3
15,linha_24-25,Ploss,0.00082428057,3
16,linha_24-25,Ploss,0.00089391593,3
17,linha_24-25,Ploss,0.0010037063,3
18,linha_24-25,Ploss,0.0011219396,3
19,linha_24-25,Ploss,0.0013473134,3
20,linha_24-25,Ploss,0.0014085468,3
21,linha_24-25,Ploss,0.0014303214,3
22,linha_24-25,Ploss,0.0015080064,3
23,linha_24-25,Ploss,0.0015645418,3
24,linha_24-25,Ploss,0.0015591652,3
1,linha_25-26,Ploss,0.00058197037,3
2,linha_25-26,Ploss,0.00061308183,3
3,linha_25-26,Ploss,0.0006356475,3
4,linha_25-26,Ploss,0.00064601002,3
5,linha_25-26,Ploss,0.0006320021,3
6,linha_25-26,Ploss,0.00055011788,3
7,linha_25-26,Ploss,0.00044814209,3
8,linha_25-26,Ploss,0.00042468001,3
9,linha_25-26,Ploss,0.00039404751,3
10,linha_25-26,Ploss,0.00038497766,3
11,linha_25-26,Ploss,0.00038339682,3
12,linha_25-26,Ploss,0.00038283794,3
13,linha_25-26,Ploss,0.00037568825,3
14,linha_25-26,Ploss,0.00036155653,3
15,linha_25-26,Ploss,0.00036150064,3
16,linha_25-26,Ploss,0.00037702158,3
17,linha_25-26,Ploss,0.00040448086,3
18,linha_25-26,Ploss,0.00048359218,3
19,linha_25-26,Ploss,0.00063439253,3
20,linha_25-26,Ploss,0.00067536452,3
21,linha_25-26,Ploss,0.00068993419,3
22,linha_25-26,Ploss,0.00074191412,3
23,linha_25-26,Ploss,0.00077974269,3
24,linha_25-26,Ploss,0.00077614509,3
1,linha_26-27,Ploss,0.00023061938,3
2,linha_26-27,Ploss,0.00023582018,3
3,linha_26-27,Ploss,0.00023959241,3
4,linha_26-27,Ploss,0.00024132468,3
5,linha_26-27,Ploss,0.00023898302,3
6,linha_26-27,Ploss,0.00022529471,3
7,linha_26-27,Ploss,0.00020824775,3
8,linha_26-27,Ploss,0.00020432567,3
9,linha_26-27,Ploss,0.00019722078,3
10,linha_26-27,Ploss,0.00019268132,3
11,linha_26-27,Ploss,0.00019189011,3
12,linha_26-27,Ploss,0.00019161039,3
13,linha_26-27,Ploss,0.00018803197,3
14,linha_26-27,Ploss,0.00018095904,3
15,linha_26-27,Ploss,0.00018093107,3
16,linha_26-27,Ploss,0.0001886993,3
17,linha_26-27,Ploss,0.00020094905,3
18,linha_26-27,Ploss,0.00021417383,3
19,linha_26-27,Ploss,0.00023938262,3
20,linha_26-27,Ploss,0.00024623177,3
21,linha_26-27,Ploss,0.00024866733,3
22,linha_26-27,Ploss,0.00025735664,3
23,linha_26-27,Ploss,0.00026368032,3
24,linha_26-27,Ploss,0.00026307892,3
1,linha_27-28,Ploss,0.0,3
2,linha_27-28,Ploss,0.0,3
3,linha_27-28,Ploss,0.0,3
4,linha_27-28,Ploss,0.0,3
5,linha_27-28,Ploss,0.0,3
6,linha_27-28,Ploss,0.0,3
7,linha_27-28,Ploss,0.0,3
8,linha_27-28,Ploss,0.0,3
9,linha_27-28,Ploss,0.0,3
10,linha_27-28,Ploss,0.0,3
11,linha_27-28,Ploss,0.0,3
12,linha_27-28,Ploss,0.0,3
13,linha_27-28,Ploss,0.0,3
14,linha_27-28,Ploss,0.0,3
15,linha_27-28,Ploss,0.0,3
16,linha_27-28,Ploss,0.0,3
17,linha_27-28,Ploss,0.0,3
18,linha_27-28,Ploss,0.0,3
19,linha_27-28,Ploss,0.0,3
20,linha_27-28,Ploss,0.0,3
21,linha_27-28,Ploss,0.0,3
22,linha_27-28,Ploss,0.0,3
23,linha_27-28,Ploss,0.0,3
24,linha_27-28,Ploss,0.0,3
1,linha_28-29,Ploss,0.00023061938,3
2,linha_28-29,Ploss,0.00023582018,3
3,linha_28-29,Ploss,0.00023959241,3
4,linha_28-29,Ploss,0.00024132468,3
5,linha_28-29,Ploss,0.00023898302,3
6,linha_28-29,Ploss,0.00022529471,3
7,linha_28-29,Ploss,0.00020824775,3
8,linha_28-29,Ploss,0.00020432567,3
9,linha_28-29,Ploss,0.00019722078,3
10,linha_28-29,Ploss,0.00019268132,3
11,linha_28-29,Ploss,0.00019189011,3
12,linha_28-29,Ploss,0.00019161039,3
13,linha_28-29,Ploss,0.00018803197,3
14,linha_28-29,Ploss,0.00018095904,3
15,linha_28-29,Ploss,0.00018093107,3
16,linha_28-29,Ploss,0.0001886993,3
17,linha_28-29,Ploss,0.00020094905,3
18,linha_28-29,Ploss,0.00021417383,3
19,linha_28-29,Ploss,0.00023938262,3
20,linha_28-29,Ploss,0.00024623177,3
21,linha_28-29,Ploss,0.00024866733,3
22,linha_28-29,Ploss,0.00025735664,3
23,linha_28-29,Ploss,0.00026368032,3
24,linha_28-29,Ploss,0.00026307892,3
1,linha_29-30,Ploss,0.00058197037,3
2,linha_29-30,Ploss,0.00061308183,3
3,linha_29-30,Ploss,0.0006356475,3
4,linha_29-30,Ploss,0.00064601002,3
5,linha_29-30,Ploss,0.0006320021,3
6,linha_29-30,Ploss,0.00055011788,3
7,linha_29-30,Ploss,0.00044814209,3
8,linha_29-30,Ploss,0.00042468001,3
9,linha_29-30,Ploss,0.00039404751,3
10,linha_29-30,Ploss,0.00038497766,3
11,linha_29-30,Ploss,0.00038339682,3
12,linha_29-30,Ploss,0.00038283794,3
13,linha_29-30,Ploss,0.00037568825,3
14,linha_29-30,Ploss,0.00036155653,3
15,linha_29-30,Ploss,0.00036150064,3
16,linha_29-30,Ploss,0.00037702158,3
17,linha_29-30,Ploss,0.00040448086,3
18,linha_29-30,Ploss,0.00048359218,3
19,linha_29-30,Ploss,0.00063439253,3
20,linha_29-30,Ploss,0.00067536452,3
21,linha_29-30,Ploss,0.00068993419,3
22,linha_29-30,Ploss,0.00074191412,3
23,linha_29-30,Ploss,0.00077974269,3
24,linha_29-30,Ploss,0.00077614509,3
1,linha_30-31,Ploss,0.0012689676,3
2,linha_30-31,Ploss,0.0013154642,3
3,linha_30-31,Ploss,0.001349189,3
4,linha_30-31,Ploss,0.001364676,3
5,linha_30-31,Ploss,0.0013437409,3
6,linha_30-31,Ploss,0.0012213634,3
7,linha_30-31,Ploss,0.0010689588,3
8,linha_30-31,Ploss,0.0010338943,3
9,linha_30-31,Ploss,0.00097030348,3
10,linha_30-31,Ploss,0.00092961121,3
11,linha_30-31,Ploss,0.00092251872,3
12,linha_30-31,Ploss,0.00092001128,3
13,linha_30-31,Ploss,0.00088793388,3
14,linha_30-31,Ploss,0.00082453131,3
15,linha_30-31,Ploss,0.00082428057,3
16,linha_30-31,Ploss,0.00089391593,3
17,linha_30-31,Ploss,0.0010037063,3
18,linha_30-31,Ploss,0.0011219396,3
19,linha_30-31,Ploss,0.0013473134,3
20,linha_30-31,Ploss,0.0014085468,3
21,linha_30-31,Ploss,0.0014303214,3
22,linha_30-31,Ploss,0.0015080064,3
23,linha_30-31,Ploss,0.0015645418,3
24,linha_30-31,Ploss,0.0015591652,3
1,linha_31-32,Ploss,0.00058197037,3
2,linha_31-32,Ploss,0.00061308183,3
3,linha_31-32,Ploss,0.0006356475,3
4,linha_31-32,Ploss,0.00064601002,3
5,linha_31-32,Ploss,0.0006320021,3
6,linha_31-32,Ploss,0.00055011788,3
7,linha_31-32,Ploss,0.00044814209,3
8,linha_31-32,Ploss,0.00042468001,3
9,linha_31-32,Ploss,0.00039404751,3
10,linha_31-32,Ploss,0.00038497766,3
11,linha_31-32,Ploss,0.00038339682,3
12,linha_31-32,Ploss,0.00038283794,3
13,linha_31-32,Ploss,0.00037568825,3
14,linha_31-32,Ploss,0.00036155653,3
15,linha_31-32,Ploss,0.00036150064,3
16,linha_31-32,Ploss,0.00037702158,3
17,linha_31-32,Ploss,0.00040448086,3
18,linha_31-32,Ploss,0.00048359218,3
19,linha_31-32,Ploss,0.00063439253,3
20,linha_31-32,Ploss,0.00067536452,3
21,linha_31-32,Ploss,0.00068993419,3
22,linha_31-32,Ploss,0.00074191412,3
23,linha_31-32,Ploss,0.00077974269,3
24,linha_31-32,Ploss,0.00077614509,3
1,linha_32-33,Ploss,0.00023061938,3
2,linha_32-33,Ploss,0.00023582018,3
3,linha_32-33,Ploss,0.00023959241,3
4,linha_32-33,Ploss,0.00024132468,3
5,linha_32-33,Ploss,0.00023898302,3
6,linha_32-33,Ploss,0.00022529471,3
7,linha_32-33,Ploss,0.00020824775,3
8,linha_32-33,Ploss,0.00020432567,3
9,linha_32-33,Ploss,0.00019722078,3
10,linha_32-33,Ploss,0.00019268132,3
11,linha_32-33,Ploss,0.00019189011,3
12,linha_32-33,Ploss,0.00019161039,3
13,linha_32-33,Ploss,0.00018803197,3
14,linha_32-33,Ploss,0.00018095904,3
15,linha_32-33,Ploss,0.00018093107,3
16,linha_32-33,Ploss,0.0001886993,3
17,linha_32-33,Ploss,0.00020094905,3
18,linha_32-33,Ploss,0.00021417383,3
19,linha_32-33,Ploss,0.00023938262,3
20,linha_32-33,Ploss,0.00024623177,3
21,linha_32-33,Ploss,0.00024866733,3
22,linha_32-33,Ploss,0.00025735664,3
23,linha_32-33,Ploss,0.00026368032,3
24,linha_32-33,Ploss,0.00026307892,3
1,barra_1,theta,0.0,3
2,barra_1,theta,0.0,3
3,barra_1,theta,0.0,3
4,barra_1,theta,0.0,3
5,barra_1,theta,0.0,3
6,barra_1,theta,0.0,3
7,barra_1,theta,0.0,3
8,barra_1,theta,0.0,3
9,barra_1,theta,0.0,3
10,barra_1,theta,0.0,3
11,barra_1,theta,0.0,3
12,barra_1,theta,0.0,3
13,barra_1,theta,0.0,3
14,barra_1,theta,0.0,3
15,barra_1,theta,0.0,3
16,barra_1,theta,0.0,3
17,barra_1,theta,0.0,3
18,barra_1,theta,0.0,3
19,barra_1,theta,0.0,3
20,barra_1,theta,0.0,3
21,barra_1,theta,0.0,3
22,barra_1,theta,0.0,3
23,barra_1,theta,0.0,3
24,barra_1,theta,0.0,3
1,barra_2,theta,0.0096091409,3
2,barra_2,theta,0.0098258408,3
3,barra_2,theta,0.009983017,3
4,barra_2,theta,0.010055195,3
5,barra_2,theta,0.0099576257,3
6,barra_2,theta,0.0093872794,3
7,barra_2,theta,0.0086769897,3
8,barra_2,theta,0.0085135698,3
9,barra_2,theta,0.0082175325,3
10,barra_2,theta,0.0080283883,3
11,barra_2,theta,0.0079954212,3
12,barra_2,theta,0.0079837662,3
13,barra_2,theta,0.0078346653,3
14,barra_2,theta,0.00753996,3
15,barra_2,theta,0.0075387945,3
16,barra_2,theta,0.0078624709,3
17,barra_2,theta,0.0083728771,3
18,barra_2,theta,0.0089239094,3
19,barra_2,theta,0.0099742757,3
20,barra_2,theta,0.010259657,3
21,barra_2,theta,0.010361139,3
22,barra_2,theta,0.010723193,3
23,barra_2,theta,0.01098668,3
24,barra_2,theta,0.010961622,3
1,barra_3,theta,0.028803174,3
2,barra_3,theta,0.029451977,3
3,barra_3,theta,0.029922566,3
4,barra_3,theta,0.030138667,3
5,barra_3,theta,0.029846544,3
6,barra_3,theta,0.028138917,3
7,barra_3,theta,0.026012296,3
8,barra_3,theta,0.025523014,3
9,barra_3,theta,0.024636179,3
10,barra_3,theta,0.024069124,3
11,barra_3,theta,0.023970289,3
12,barra_3,theta,0.023935347,3
13,barra_3,theta,0.023488342,3
14,barra_3,theta,0.022604815,3
15,barra_3,theta,0.022601321,3
16,barra_3,theta,0.023571703,3
17,barra_3,theta,0.025101778,3
18,barra_3,theta,0.026751579,3
19,barra_3,theta,0.029896394,3
20,barra_3,theta,0.030750831,3
21,barra_3,theta,0.031054669,3
22,barra_3,theta,0.032138667,3
23,barra_3,theta,0.032927551,3
24,barra_3,theta,0.032852526,3
1,barra_4,theta,0.057538834,3
2,barra_4,theta,0.058833425,3
3,barra_4,theta,0.059772413,3
4,barra_4,theta,0.060203611,3
5,barra_4,theta,0.059620722,3
6,barra_4,theta,0.056213409,3
7,barra_4,theta,0.051970057,3
8,barra_4,theta,0.050993768,3
9,barra_4,theta,0.049223727,3
10,barra_4,theta,0.048091502,3
11,barra_4,theta,0.04789416,3
12,barra_4,theta,0.047824393,3
13,barra_4,theta,0.046931868,3
14,barra_4,theta,0.04516775,3
15,barra_4,theta,0.045160773,3
16,barra_4,theta,0.047098313,3
17,barra_4,theta,0.050153254,3
18,barra_4,theta,0.053445184,3
19,barra_4,theta,0.059720191,3
20,barra_4,theta,0.061425092,3
21,barra_4,theta,0.062031356,3
22,barra_4,theta,0.064194311,3
23,barra_4,theta,0.06576841,3
24,barra_4,theta,0.065618709,3
1,barra_5,theta,0.095749319,3
2,barra_5,theta,0.097900393,3
3,barra_5,theta,0.099460603,3
4,barra_5,theta,0.10017708,3
5,barra_5,theta,0.099208556,3
6,barra_5,theta,0.093547009,3
7,barra_5,theta,0.086496314,3
8,barra_5,theta,0.084874125,3
9,barra_5,theta,0.081931805,3
10,barra_5,theta,0.080049024,3
11,barra_5,theta,0.079720863,3
12,barra_5,theta,0.079604846,3
13,barra_5,theta,0.078120664,3
14,barra_5,theta,0.075187105,3
15,barra_5,theta,0.075175503,3
16,barra_5,theta,0.078397446,3
17,barra_5,theta,0.08347752,3
18,barra_5,theta,0.088947364,3
19,barra_5,theta,0.099373833,3
20,barra_5,theta,0.10220667,3
21,barra_5,theta,0.10321403,3
22,barra_5,theta,0.10680797,3
23,barra_5,theta,0.10942347,3
24,barra_5,theta,0.10917473,3
1,barra_6,theta,0.1433495,3
2,barra_6,theta,0.14656437,3
3,barra_6,theta,0.14889617,3
4,barra_6,theta,0.14996697,3
5,barra_6,theta,0.14851948,3
6,barra_6,theta,0.14005805,3
7,barra_6,theta,0.12952048,3
8,barra_6,theta,0.12709605,3
9,barra_6,theta,0.12269702,3
10,barra_6,theta,0.11988126,3
11,barra_6,theta,0.11939049,3
12,barra_6,theta,0.11921698,3
13,barra_6,theta,0.11699734,3
14,barra_6,theta,0.11261012,3
15,barra_6,theta,0.11259277,3
16,barra_6,theta,0.11741128,3
17,barra_6,theta,0.12500874,3
18,barra_6,theta,0.13318369,3
19,barra_6,theta,0.14876649,3
20,barra_6,theta,0.15299872,3
21,barra_6,theta,0.15450327,3
22,barra_6,theta,0.15987104,3
23,barra_6,theta,0.16377744,3
24,barra_6,theta,0.16340593,3
1,barra_7,theta,0.11001617,3
2,barra_7,theta,0.11323104,3
3,barra_7,theta,0.11556284,3
4,barra_7,theta,0.11651269,3
5,barra_7,theta,0.11518615,3
6,barra_7,theta,0.10796706,3
7,barra_7,theta,0.10236477,3
8,barra_7,theta,0.10107583,3
9,barra_7,theta,0.097862437,3
10,barra_7,theta,0.095235449,3
11,barra_7,theta,0.094777576,3
12,barra_7,theta,0.094615702,3
13,barra_7,theta,0.092544868,3
14,barra_7,theta,0.088451761,3
15,barra_7,theta,0.088435574,3
16,barra_7,theta,0.092931053,3
17,barra_7,theta,0.099895526,3
18,barra_7,theta,0.10431231,3
19,barra_7,theta,0.11543316,3
20,barra_7,theta,0.11853268,3
21,barra_7,theta,0.11953507,3
22,barra_7,theta,0.12311126,3
23,barra_7,theta,0.12571384,3
24,barra_7,theta,0.12546633,3
1,barra_8,theta,0.086196792,3
2,barra_8,theta,0.089629234,3
3,barra_8,theta,0.092118842,3
4,barra_8,theta,0.09301924,3
5,barra_8,theta,0.091716654,3
6,barra_8,theta,0.085174751,3
7,barra_8,theta,0.083824308,3
8,barra_8,theta,0.083513605,3
9,barra_8,theta,0.08119577,3
10,barra_8,theta,0.078568782,3
11,barra_8,theta,0.078110909,3
12,barra_8,theta,0.077949035,3
13,barra_8,theta,0.075878201,3
14,barra_8,theta,0.071785095,3
15,barra_8,theta,0.071768907,3
16,barra_8,theta,0.076264387,3
17,barra_8,theta,0.083104515,3
18,barra_8,theta,0.084293766,3
19,barra_8,theta,0.091980384,3
20,barra_8,theta,0.094224642,3
21,barra_8,theta,0.094822718,3
22,barra_8,theta,0.096956463,3
23,barra_8,theta,0.098509303,3
24,barra_8,theta,0.098361624,3
1,barra_9,theta,0.071943789,3
2,barra_9,theta,0.075811805,3
3,barra_9,theta,0.078617343,3
4,barra_9,theta,0.079540412,3
5,barra_9,theta,0.078164118,3
6,barra_9,theta,0.07173062,3
7,barra_9,theta,0.073937334,3
8,barra_9,theta,0.074445044,3
9,barra_9,theta,0.072729721,3
10,barra_9,theta,0.06991321,3
11,barra_9,theta,0.069422304,3
12,barra_9,theta,0.069248751,3
13,barra_9,theta,0.067028518,3
14,barra_9,theta,0.062640117,3
15,barra_9,theta,0.062622761,3
16,barra_9,theta,0.067442565,3
17,barra_9,theta,0.074669279,3
18,barra_9,theta,0.073170209,3
19,barra_9,theta,0.078461315,3
20,barra_9,theta,0.080132836,3
21,barra_9,theta,0.08042667,3
22,barra_9,theta,0.081474974,3
23,barra_9,theta,0.082237881,3
24,barra_9,theta,0.082165327,3
1,barra_10,theta,0.067290631,3
2,barra_10,theta,0.071812227,3
3,barra_10,theta,0.075091817,3
4,barra_10,theta,0.076109926,3
5,barra_10,theta,0.074562011,3
6,barra_10,theta,0.067665647,3
7,barra_10,theta,0.072724927,3
8,barra_10,theta,0.073888941,3
9,barra_10,theta,0.072480706,3
10,barra_10,theta,0.06928477,3
11,barra_10,theta,0.068727732,3
12,barra_10,theta,0.0685308,3
13,barra_10,theta,0.066011468,3
14,barra_10,theta,0.061031885,3
15,barra_10,theta,0.061012192,3
16,barra_10,theta,0.066481293,3
17,barra_10,theta,0.074606796,3
18,barra_10,theta,0.070966157,3
19,barra_10,theta,0.074909425,3
20,barra_10,theta,0.076293016,3
21,barra_10,theta,0.076383682,3
22,barra_10,theta,0.076707153,3
23,barra_10,theta,0.076942559,3
24,barra_10,theta,0.076920171,3
1,barra_11,theta,0.072246613,3
2,barra_11,theta,0.077638489,3
3,barra_11,theta,0.081549308,3
4,barra_11,theta,0.082734634,3
5,barra_11,theta,0.080917529,3
6,barra_11,theta,0.072987953,3
7,barra_11,theta,0.08018951,3
8,barra_11,theta,0.081846408,3
9,barra_11,theta,0.080449224,3
10,barra_11,theta,0.076684719,3
11,barra_11,theta,0.076028582,3
12,barra_11,theta,0.075796614,3
13,barra_11,theta,0.072829084,3
14,barra_11,theta,0.066963614,3
15,barra_11,theta,0.066940417,3
16,barra_11,theta,0.073382493,3
17,barra_11,theta,0.08291719,3
18,barra_11,theta,0.077686015,3
19,barra_11,theta,0.08133181,3
20,barra_11,theta,0.082712852,3
21,barra_11,theta,0.082701834,3
22,barra_11,theta,0.082662525,3
23,barra_11,theta,0.082633917,3
24,barra_11,theta,0.082636638,3
1,barra_12,theta,0.086801834,3
2,barra_12,theta,0.093278951,3
3,barra_12,theta,0.097976914,3
4,barra_12,theta,0.0994013,3
5,barra_12,theta,0.097217974,3
6,barra_12,theta,0.087686905,3
7,barra_12,theta,0.096316168,3
8,barra_12,theta,0.098301546,3
9,barra_12,theta,0.096619354,3
10,barra_12,theta,0.092098271,3
11,barra_12,theta,0.091310265,3
12,barra_12,theta,0.091031678,3
13,barra_12,theta,0.087467743,3
14,barra_12,theta,0.08042345,3
15,barra_12,theta,0.080395592,3
16,barra_12,theta,0.088132374,3
17,barra_12,theta,0.099583856,3
18,barra_12,theta,0.093316356,3
19,barra_12,theta,0.09771564,3
20,barra_12,theta,0.099379519,3
21,barra_12,theta,0.099368501,3
22,barra_12,theta,0.099329191,3
23,barra_12,theta,0.099300584,3
24,barra_12,theta,0.099303304,3
1,barra_13,theta,0.11092222,3
2,barra_13,theta,0.11869652,3
3,barra_13,theta,0.12433535,3
4,barra_13,theta,0.12606988,3
5,barra_13,theta,0.12342442,3
6,barra_13,theta,0.11172903,3
7,barra_13,theta,0.12107143,3
8,barra_13,theta,0.12322089,3
9,barra_13,theta,0.12095938,3
10,barra_13,theta,0.11549597,3
11,barra_13,theta,0.11454372,3
12,barra_13,theta,0.11420706,3
13,barra_13,theta,0.1099003,3
14,barra_13,theta,0.10138777,3
15,barra_13,theta,0.1013541,3
16,barra_13,theta,0.11070346,3
17,barra_13,theta,0.12457347,3
18,barra_13,theta,0.11782371,3
19,barra_13,theta,0.12402175,3
20,barra_13,theta,0.12625215,3
21,barra_13,theta,0.12634241,3
22,barra_13,theta,0.12666444,3
23,barra_13,theta,0.12689879,3
24,barra_13,theta,0.1268765,3
1,barra_14,theta,0.14455417,3
2,barra_14,theta,0.15383116,3
3,barra_14,theta,0.16055992,3
4,barra_14,theta,0.16267401,3
5,barra_14,theta,0.15947291,3
6,barra_14,theta,0.14506236,3
7,barra_14,theta,0.15440477,3
8,barra_14,theta,0.15655422,3
9,barra_14,theta,0.15342141,3
10,barra_14,theta,0.14683254,3
11,barra_14,theta,0.14568413,3
12,barra_14,theta,0.14527813,3
13,barra_14,theta,0.14008417,3
14,barra_14,theta,0.12981807,3
15,barra_14,theta,0.12977747,3
16,barra_14,theta,0.14105278,3
17,barra_14,theta,0.15783624,3
18,barra_14,theta,0.15115705,3
19,barra_14,theta,0.16018571,3
20,barra_14,theta,0.16326236,3
21,barra_14,theta,0.16355418,3
22,barra_14,theta,0.16459527,3
23,barra_14,theta,0.16535293,3
24,barra_14,theta,0.16528087,3
1,barra_15,theta,0.13241261,3
2,barra_15,theta,0.14103994,3
3,barra_15,theta,0.14729748,3
4,barra_15,theta,0.14919519,3
5,barra_15,theta,0.1462866,3
6,barra_15,theta,0.13358595,3
7,barra_15,theta,0.1450578,3
8,barra_15,theta,0.14769719,3
9,barra_15,theta,0.14520388,3
10,barra_15,theta,0.13880415,3
11,barra_15,theta,0.13768871,3
12,barra_15,theta,0.13729436,3
13,barra_15,theta,0.13224951,3
14,barra_15,theta,0.12227811,3
15,barra_15,theta,0.12223867,3
16,barra_15,theta,0.13319031,3
17,barra_15,theta,0.14940101,3
18,barra_15,theta,0.14106981,3
19,barra_15,theta,0.14694947,3
20,barra_15,theta,0.14917056,3
21,barra_15,theta,0.14915813,3
22,barra_15,theta,0.14911378,3
23,barra_15,theta,0.14908151,3
24,barra_15,theta,0.14908458,3
1,barra_16,theta,0.12987513,3
2,barra_16,theta,0.13806862,3
3,barra_16,theta,0.1440115,3
4,barra_16,theta,0.1457647,3
5,barra_16,theta,0.14305145,3
6,barra_16,theta,0.13149263,3
7,barra_16,theta,0.14438648,3
8,barra_16,theta,0.14735304,3
9,barra_16,theta,0.14520388,3
10,barra_16,theta,0.13880415,3
11,barra_16,theta,0.13768871,3
12,barra_16,theta,0.13729436,3
13,barra_16,theta,0.13224951,3
14,barra_16,theta,0.12227811,3
15,barra_16,theta,0.12223867,3
16,barra_16,theta,0.13319031,3
17,barra_16,theta,0.14933853,3
18,barra_16,theta,0.13990416,3
19,barra_16,theta,0.14368099,3
20,barra_16,theta,0.14533074,3
21,barra_16,theta,0.14511514,3
22,barra_16,theta,0.14434596,3
23,barra_16,theta,0.14378619,3
24,barra_16,theta,0.14383942,3
1,barra_17,theta,0.13694678,3
2,barra_17,theta,0.14492314,3
3,barra_17,theta,0.15070853,3
4,barra_17,theta,0.15238941,3
5,barra_17,theta,0.14977392,3
6,barra_17,theta,0.13878659,3
7,barra_17,theta,0.15239216,3
8,barra_17,theta,0.15552246,3
9,barra_17,theta,0.15342141,3
10,barra_17,theta,0.14683254,3
11,barra_17,theta,0.14568413,3
12,barra_17,theta,0.14527813,3
13,barra_17,theta,0.14008417,3
14,barra_17,theta,0.12981807,3
15,barra_17,theta,0.12977747,3
16,barra_17,theta,0.14105278,3
17,barra_17,theta,0.15764892,3
18,barra_17,theta,0.14766242,3
19,barra_17,theta,0.15038678,3
20,barra_17,theta,0.15175057,3
21,barra_17,theta,0.15143329,3
22,barra_17,theta,0.15030133,3
23,barra_17,theta,0.14947754,3
24,barra_17,theta,0.14955589,3
1,barra_18,theta,0.15361345,3
2,barra_18,theta,0.16158981,3
3,barra_18,theta,0.16737519,3
4,barra_18,theta,0.16905607,3
5,barra_18,theta,0.16644059,3
6,barra_18,theta,0.15545326,3
7,barra_18,theta,0.16905882,3
8,barra_18,theta,0.17218912,3
9,barra_18,theta,0.16984006,3
10,barra_18,theta,0.16287328,3
11,barra_18,theta,0.161659,3
12,barra_18,theta,0.16122971,3
13,barra_18,theta,0.15573785,3
14,barra_18,theta,0.14488292,3
15,barra_18,theta,0.14483999,3
16,barra_18,theta,0.15676202,3
17,barra_18,theta,0.17431559,3
18,barra_18,theta,0.16432909,3
19,barra_18,theta,0.16705344,3
20,barra_18,theta,0.16841724,3
21,barra_18,theta,0.16809996,3
22,barra_18,theta,0.166968,3
23,barra_18,theta,0.16614421,3
24,barra_18,theta,0.16622255,3
1,barra_19,theta,0.12487779,3
2,barra_19,theta,0.13220836,3
3,barra_19,theta,0.13752535,3
4,barra_19,theta,0.13899113,3
5,barra_19,theta,0.13666641,3
6,barra_19,theta,0.12737877,3
7,barra_19,theta,0.14310106,3
8,barra_19,theta,0.14671837,3
9,barra_19,theta,0.14525251,3
10,barra_19,theta,0.1388509,3
11,barra_19,theta,0.13773513,3
12,barra_19,theta,0.13734066,3
13,barra_19,theta,0.13229432,3
14,barra_19,theta,0.12231999,3
15,barra_19,theta,0.12228054,3
16,barra_19,theta,0.13323541,3
17,barra_19,theta,0.14926411,3
18,barra_19,theta,0.13763548,3
19,barra_19,theta,0.13722965,3
20,barra_19,theta,0.13774298,3
21,barra_19,theta,0.13712327,3
22,barra_19,theta,0.13491235,3
23,barra_19,theta,0.13330335,3
24,barra_19,theta,0.13345637,3
1,barra_20,theta,0.10568376,3
2,barra_20,theta,0.11258222,3
3,barra_20,theta,0.1175858,3
4,barra_20,theta,0.11890766,3
5,barra_20,theta,0.11677749,3
6,barra_20,theta,0.10862713,3
7,barra_20,theta,0.12576576,3
8,barra_20,theta,0.12970893,3
9,barra_20,theta,0.12883386,3
10,barra_20,theta,0.12281016,3
11,barra_20,theta,0.12176026,3
12,barra_20,theta,0.12138908,3
13,barra_20,theta,0.11664065,3
14,barra_20,theta,0.10725513,3
15,barra_20,theta,0.10721802,3
16,barra_20,theta,0.11752617,3
17,barra_20,theta,0.13253521,3
18,barra_20,theta,0.11980781,3
19,barra_20,theta,0.11730753,3
20,barra_20,theta,0.11725181,3
21,barra_20,theta,0.11642974,3
22,barra_20,theta,0.11349688,3
23,barra_20,theta,0.11136248,3
24,barra_20,theta,0.11156547,3
1,barra_21,theta,0.096074616,3
2,barra_21,theta,0.10275638,3
3,barra_21,theta,0.10760278,3
4,barra_21,theta,0.10885246,3
5,barra_21,theta,0.10681986,3
6,barra_21,theta,0.099239849,3
7,barra_21,theta,0.11708877,3
8,barra_21,theta,0.12119536,3
9,barra_21,theta,0.12061633,3
10,barra_21,theta,0.11478178,3
11,barra_21,theta,0.11376484,3
12,barra_21,theta,0.11340531,3
13,barra_21,theta,0.10880598,3
14,barra_21,theta,0.099715173,3
15,barra_21,theta,0.099679221,3
16,barra_21,theta,0.1096637,3
17,barra_21,theta,0.12416233,3
18,barra_21,theta,0.1108839,3
19,barra_21,theta,0.10733325,3
20,barra_21,theta,0.10699215,3
21,barra_21,theta,0.1060686,3
22,barra_21,theta,0.10277369,3
23,barra_21,theta,0.1003758,3
24,barra_21,theta,0.10060385,3
1,barra_22,theta,0.096074616,3
2,barra_22,theta,0.10275638,3
3,barra_22,theta,0.10760278,3
4,barra_22,theta,0.10885246,3
5,barra_22,theta,0.10681986,3
6,barra_22,theta,0.099239849,3
7,barra_22,theta,0.11708877,3
8,barra_22,theta,0.12119536,3
9,barra_22,theta,0.12061633,3
10,barra_22,theta,0.11478178,3
11,barra_22,theta,0.11376484,3
12,barra_22,theta,0.11340531,3
13,barra_22,theta,0.10880598,3
14,barra_22,theta,0.099715173,3
15,barra_22,theta,0.099679221,3
16,barra_22,theta,0.1096637,3
17,barra_22,theta,0.12416233,3
18,barra_22,theta,0.1108839,3
19,barra_22,theta,0.10733325,3
20,barra_22,theta,0.10699215,3
21,barra_22,theta,0.1060686,3
22,barra_22,theta,0.10277369,3
23,barra_22,theta,0.1003758,3
24,barra_22,theta,0.10060385,3
1,barra_23,theta,0.10568376,3
2,barra_23,theta,0.11258222,3
3,barra_23,theta,0.1175858,3
4,barra_23,theta,0.11890766,3
5,barra_23,theta,0.11677749,3
6,barra_23,theta,0.10862713,3
7,barra_23,theta,0.12576576,3
8,barra_23,theta,0.12970893,3
9,barra_23,theta,0.12883386,3
10,barra_23,theta,0.12281016,3
11,barra_23,theta,0.12176026,3
12,barra_23,theta,0.12138908,3
13,barra_23,theta,0.11664065,3
14,barra_23,theta,0.10725513,3
15,barra_23,theta,0.10721802,3
16,barra_23,theta,0.11752617,3
17,barra_23,theta,0.13253521,3
18,barra_23,theta,0.11980781,3
19,barra_23,theta,0.11730753,3
20,barra_23,theta,0.11725181,3
21,barra_23,theta,0.11642974,3
22,barra_23,theta,0.11349688,3
23,barra_23,theta,0.11136248,3
24,barra_23,theta,0.11156547,3
1,barra_24,theta,0.12487779,3
2,barra_24,theta,0.13220836,3
3,barra_24,theta,0.13752535,3
4,barra_24,theta,0.13899113,3
5,barra_24,theta,0.13666641,3
6,barra_24,theta,0.12737877,3
7,barra_24,theta,0.14310106,3
8,barra_24,theta,0.14671837,3
9,barra_24,theta,0.14525251,3
10,barra_24,theta,0.1388509,3
11,barra_24,theta,0.13773513,3
12,barra_24,theta,0.13734066,3
13,barra_24,theta,0.13229432,3
14,barra_24,theta,0.12231999,3
15,barra_24,theta,0.12228054,3
16,barra_24,theta,0.13323541,3
17,barra_24,theta,0.14926411,3
18,barra_24,theta,0.13763548,3
19,barra_24,theta,0.13722965,3
20,barra_24,theta,0.13774298,3
21,barra_24,theta,0.13712327,3
22,barra_24,theta,0.13491235,3
23,barra_24,theta,0.13330335,3
24,barra_24,theta,0.13345637,3
1,barra_25,theta,0.15361345,3
2,barra_25,theta,0.16158981,3
3,barra_25,theta,0.16737519,3
4,barra_25,theta,0.16905607,3
5,barra_25,theta,0.16644059,3
6,barra_25,theta,0.15545326,3
7,barra_25,theta,0.16905882,3
8,barra_25,theta,0.17218912,3
9,barra_25,theta,0.16984006,3
10,barra_25,theta,0.16287328,3
11,barra_25,theta,0.161659,3
12,barra_25,theta,0.16122971,3
13,barra_25,theta,0.15573785,3
14,barra_25,theta,0.14488292,3
15,barra_25,theta,0.14483999,3
16,barra_25,theta,0.15676202,3
17,barra_25,theta,0.17431559,3
18,barra_25,theta,0.16432909,3
19,barra_25,theta,0.16705344,3
20,barra_25,theta,0.16841724,3
21,barra_25,theta,0.16809996,3
22,barra_25,theta,0.166968,3
23,barra_25,theta,0.16614421,3
24,barra_25,theta,0.16622255,3
1,barra_26,theta,0.13441942,3
2,barra_26,theta,0.14196367,3
3,barra_26,theta,0.14743565,3
4,barra_26,theta,0.1489726,3
5,barra_26,theta,0.14655167,3
6,barra_26,theta,0.13670162,3
7,barra_26,theta,0.15172352,3
8,barra_26,theta,0.15517968,3
9,barra_26,theta,0.15342141,3
10,barra_26,theta,0.14683254,3
11,barra_26,theta,0.14568413,3
12,barra_26,theta,0.14527813,3
13,barra_26,theta,0.14008417,3
14,barra_26,theta,0.12981807,3
15,barra_26,theta,0.12977747,3
16,barra_26,theta,0.14105278,3
17,barra_26,theta,0.15758669,3
18,barra_26,theta,0.14650142,3
19,barra_26,theta,0.14713133,3
20,barra_26,theta,0.14792607,3
21,barra_26,theta,0.14740643,3
22,barra_26,theta,0.14555252,3
23,barra_26,theta,0.14420334,3
24,barra_26,theta,0.14433165,3
1,barra_27,theta,0.12481028,3
2,barra_27,theta,0.13213783,3
3,barra_27,theta,0.13745263,3
4,barra_27,theta,0.13891741,3
5,barra_27,theta,0.13659404,3
6,barra_27,theta,0.12731434,3
7,barra_27,theta,0.14304653,3
8,barra_27,theta,0.14666611,3
9,barra_27,theta,0.14520388,3
10,barra_27,theta,0.13880415,3
11,barra_27,theta,0.13768871,3
12,barra_27,theta,0.13729436,3
13,barra_27,theta,0.13224951,3
14,barra_27,theta,0.12227811,3
15,barra_27,theta,0.12223867,3
16,barra_27,theta,0.13319031,3
17,barra_27,theta,0.14921381,3
18,barra_27,theta,0.13757751,3
19,barra_27,theta,0.13715705,3
20,barra_27,theta,0.13766641,3
21,barra_27,theta,0.13704529,3
22,barra_27,theta,0.13482933,3
23,barra_27,theta,0.13321666,3
24,barra_27,theta,0.13337003,3
1,barra_28,theta,0.12481028,3
2,barra_28,theta,0.13213783,3
3,barra_28,theta,0.13745263,3
4,barra_28,theta,0.13891741,3
5,barra_28,theta,0.13659404,3
6,barra_28,theta,0.12731434,3
7,barra_28,theta,0.14304653,3
8,barra_28,theta,0.14666611,3
9,barra_28,theta,0.14520388,3
10,barra_28,theta,0.13880415,3
11,barra_28,theta,0.13768871,3
12,barra_28,theta,0.13729436,3
13,barra_28,theta,0.13224951,3
14,barra_28,theta,0.12227811,3
15,barra_28,theta,0.12223867,3
16,barra_28,theta,0.13319031,3
17,barra_28,theta,0.14921381,3
18,barra_28,theta,0.13757751,3
19,barra_28,theta,0.13715705,3
20,barra_28,theta,0.13766641,3
21,barra_28,theta,0.13704529,3
22,barra_28,theta,0.13482933,3
23,barra_28,theta,0.13321666,3
24,barra_28,theta,0.13337003,3
1,barra_29,theta,0.13441942,3
2,barra_29,theta,0.14196367,3
3,barra_29,theta,0.14743565,3
4,barra_29,theta,0.1489726,3
5,barra_29,theta,0.14655167,3
6,barra_29,theta,0.13670162,3
7,barra_29,theta,0.15172352,3
8,barra_29,theta,0.15517968,3
9,barra_29,theta,0.15342141,3
10,barra_29,theta,0.14683254,3
11,barra_29,theta,0.14568413,3
12,barra_29,theta,0.14527813,3
13,barra_29,theta,0.14008417,3
14,barra_29,theta,0.12981807,3
15,barra_29,theta,0.12977747,3
16,barra_29,theta,0.14105278,3
17,barra_29,theta,0.15758669,3
18,barra_29,theta,0.14650142,3
19,barra_29,theta,0.14713133,3
20,barra_29,theta,0.14792607,3
21,barra_29,theta,0.14740643,3
22,barra_29,theta,0.14555252,3
23,barra_29,theta,0.14420334,3
24,barra_29,theta,0.14433165,3
1,barra_30,theta,0.15361345,3
2,barra_30,theta,0.16158981,3
3,barra_30,theta,0.16737519,3
4,barra_30,theta,0.16905607,3
5,barra_30,theta,0.16644059,3
6,barra_30,theta,0.15545326,3
7,barra_30,theta,0.16905882,3
8,barra_30,theta,0.17218912,3
9,barra_30,theta,0.16984006,3
10,barra_30,theta,0.16287328,3
11,barra_30,theta,0.161659,3
12,barra_30,theta,0.16122971,3
13,barra_30,theta,0.15573785,3
14,barra_30,theta,0.14488292,3
15,barra_30,theta,0.14483999,3
16,barra_30,theta,0.15676202,3
17,barra_30,theta,0.17431559,3
18,barra_30,theta,0.16432909,3
19,barra_30,theta,0.16705344,3
20,barra_30,theta,0.16841724,3
21,barra_30,theta,0.16809996,3
22,barra_30,theta,0.166968,3
23,barra_30,theta,0.16614421,3
24,barra_30,theta,0.16622255,3
1,barra_31,theta,0.12487779,3
2,barra_31,theta,0.13220836,3
3,barra_31,theta,0.13752535,3
4,barra_31,theta,0.13899113,3
5,barra_31,theta,0.13666641,3
6,barra_31,theta,0.12737877,3
7,barra_31,theta,0.14310106,3
8,barra_31,theta,0.14671837,3
9,barra_31,theta,0.14525251,3
10,barra_31,theta,0.1388509,3
11,barra_31,theta,0.13773513,3
12,barra_31,theta,0.13734066,3
13,barra_31,theta,0.13229432,3
14,barra_31,theta,0.12231999,3
15,barra_31,theta,0.12228054,3
16,barra_31,theta,0.13323541,3
17,barra_31,theta,0.14926411,3
18,barra_31,theta,0.13763548,3
19,barra_31,theta,0.13722965,3
20,barra_31,theta,0.13774298,3
21,barra_31,theta,0.13712327,3
22,barra_31,theta,0.13491235,3
23,barra_31,theta,0.13330335,3
24,barra_31,theta,0.13345637,3
1,barra_32,theta,0.10568376,3
2,barra_32,theta,0.11258222,3
3,barra_32,theta,0.1175858,3
4,barra_32,theta,0.11890766,3
5,barra_32,theta,0.11677749,3
6,barra_32,theta,0.10862713,3
7,barra_32,theta,0.12576576,3
8,barra_32,theta,0.12970893,3
9,barra_32,theta,0.12883386,3
10,barra_32,theta,0.12281016,3
11,barra_32,theta,0.12176026,3
12,barra_32,theta,0.12138908,3
13,barra_32,theta,0.11664065,3
14,barra_32,theta,0.10725513,3
15,barra_32,theta,0.10721802,3
16,barra_32,theta,0.11752617,3
17,barra_32,theta,0.13253521,3
18,barra_32,theta,0.11980781,3
19,barra_32,theta,0.11730753,3
20,barra_32,theta,0.11725181,3
21,barra_32,theta,0.11642974,3
22,barra_32,theta,0.11349688,3
23,barra_32,theta,0.11136248,3
24,barra_32,theta,0.11156547,3
1,barra_33,theta,0.096074616,3
2,barra_33,theta,0.10275638,3
3,barra_33,theta,0.10760278,3
4,barra_33,theta,0.10885246,3
5,barra_33,theta,0.10681986,3
6,barra_33,theta,0.099239849,3
7,barra_33,theta,0.11708877,3
8,barra_33,theta,0.12119536,3
9,barra_33,theta,0.12061633,3
10,barra_33,theta,0.11478178,3
11,barra_33,theta,0.11376484,3
12,barra_33,theta,0.11340531,3
13,barra_33,theta,0.10880598,3
14,barra_33,theta,0.099715173,3
15,barra_33,theta,0.099679221,3
16,barra_33,theta,0.1096637,3
17,barra_33,theta,0.12416233,3
18,barra_33,theta,0.1108839,3
19,barra_33,theta,0.10733325,3
20,barra_33,theta,0.10699215,3
21,barra_33,theta,0.1060686,3
22,barra_33,theta,0.10277369,3
23,barra_33,theta,0.1003758,3
24,barra_33,theta,0.10060385,3
INFO,GERAL,custo_total,74.82778741590015,4
INFO,GERAL,num_barras,33.0,4
INFO,GERAL,num_baterias,2.0,4
INFO,GERAL,periodos_tempo,24.0,4
1,barra_1,PS,0.0,4
2,barra_1,PS,0.0,4
3,barra_1,PS,0.0,4
4,barra_1,PS,0.0,4
5,barra_1,PS,0.0,4
6,barra_1,PS,0.0,4
7,barra_1,PS,0.0,4
8,barra_1,PS,0.0,4
9,barra_1,PS,0.0,4
10,barra_1,PS,0.0,4
11,barra_1,PS,0.0,4
12,barra_1,PS,0.0,4
13,barra_1,PS,0.0,4
14,barra_1,PS,0.0,4
15,barra_1,PS,0.0,4
16,barra_1,PS,0.0,4
17,barra_1,PS,0.0,4
18,barra_1,PS,0.0,4
19,barra_1,PS,0.0,4
20,barra_1,PS,0.0,4
21,barra_1,PS,0.0,4
22,barra_1,PS,0.0,4
23,barra_1,PS,0.0,4
24,barra_1,PS,0.0,4
1,barra_2,PS,0.0,4
2,barra_2,PS,0.0,4
3,barra_2,PS,0.0,4
4,barra_2,PS,0.0,4
5,barra_2,PS,0.0,4
6,barra_2,PS,0.0,4
7,barra_2,PS,0.0,4
8,barra_2,PS,0.0,4
9,barra_2,PS,0.0,4
10,barra_2,PS,0.0,4
11,barra_2,PS,0.0,4
12,barra_2,PS,0.0,4
13,barra_2,PS,0.0,4
14,barra_2,PS,0.0,4
15,barra_2,PS,0.0,4
16,barra_2,PS,0.0,4
17,barra_2,PS,0.0,4
18,barra_2,PS,0.0,4
19,barra_2,PS,0.0,4
20,barra_2,PS,0.0,4
21,barra_2,PS,0.0,4
22,barra_2,PS,0.0,4
23,barra_2,PS,0.0,4
24,barra_2,PS,0.0,4
1,barra_3,PS,0.0,4
2,barra_3,PS,0.0,4
3,barra_3,PS,0.0,4
4,barra_3,PS,0.0,4
5,barra_3,PS,0.0,4
6,barra_3,PS,0.0,4
7,barra_3,PS,0.0,4
8,barra_3,PS,0.0,4
9,barra_3,PS,0.0,4
10,barra_3,PS,0.0,4
11,barra_3,PS,0.0,4
12,barra_3,PS,0.0,4
13,barra_3,PS,0.0,4
14,barra_3,PS,0.0,4
15,barra_3,PS,0.0,4
16,barra_3,PS,0.0,4
17,barra_3,PS,0.0,4
18,barra_3,PS,0.0,4
19,barra_3,PS,0.0,4
20,barra_3,PS,0.0,4
21,barra_3,PS,0.0,4
22,barra_3,PS,0.0,4
23,barra_3,PS,0.0,4
24,barra_3,PS,0.0,4
1,barra_4,PS,0.0,4
2,barra_4,PS,0.0,4
3,barra_4,PS,0.0,4
4,barra_4,PS,0.0,4
5,barra_4,PS,0.0,4
6,barra_4,PS,0.0,4
7,barra_4,PS,0.0,4
8,barra_4,PS,0.0,4
9,barra_4,PS,0.0,4
10,barra_4,PS,0.0,4
11,barra_4,PS,0.0,4
12,barra_4,PS,0.0,4
13,barra_4,PS,0.0,4
14,barra_4,PS,0.0,4
15,barra_4,PS,0.0,4
16,barra_4,PS,0.0,4
17,barra_4,PS,0.0,4
18,barra_4,PS,0.0,4
19,barra_4,PS,0.0,4
20,barra_4,PS,0.0,4
21,barra_4,PS,0.0,4
22,barra_4,PS,0.0,4
23,barra_4,PS,0.0,4
24,barra_4,PS,0.0,4
1,barra_5,PS,0.0,4
2,barra_5,PS,0.0,4
3,barra_5,PS,0.0,4
4,barra_5,PS,0.0,4
5,barra_5,PS,0.0,4
6,barra_5,PS,0.0,4
7,barra_5,PS,0.0,4
8,barra_5,PS,0.0,4
9,barra_5,PS,0.0,4
10,barra_5,PS,0.0,4
11,barra_5,PS,0.0,4
12,barra_5,PS,0.0,4
13,barra_5,PS,0.0,4
14,barra_5,PS,0.0,4
15,barra_5,PS,0.0,4
16,barra_5,PS,0.0,4
17,barra_5,PS,0.0,4
18,barra_5,PS,0.0,4
19,barra_5,PS,0.0,4
20,barra_5,PS,0.0,4
21,barra_5,PS,0.0,4
22,barra_5,PS,0.0,4
23,barra_5,PS,0.0,4
24,barra_5,PS,0.0,4
1,barra_6,PS,0.0,4
2,barra_6,PS,0.0,4
3,barra_6,PS,0.0,4
4,barra_6,PS,0.0,4
5,barra_6,PS,0.0,4
6,barra_6,PS,0.012,4
7,barra_6,PS,0.048,4
8,barra_6,PS,0.1,4
9,barra_6,PS,0.18,4
10,barra_6,PS,0.26,4
11,barra_6,PS,0.32,4
12,barra_6,PS,0.368,4
13,barra_6,PS,0.4,4
14,barra_6,PS,0.384,4
15,barra_6,PS,0.336,4
16,barra_6,PS,0.26,4
17,barra_6,PS,0.152,4
18,barra_6,PS,0.06,4
19,barra_6,PS,0.012,4
20,barra_6,PS,0.0,4
21,barra_6,PS,0.0,4
22,barra_6,PS,0.0,4
23,barra_6,PS,0.0,4
24,barra_6,PS,0.0,4
1,barra_7,PS,0.0,4
2,barra_7,PS,0.0,4
3,barra_7,PS,0.0,4
4,barra_7,PS,0.0,4
5,barra_7,PS,0.0,4
6,barra_7,PS,0.0,4
7,barra_7,PS,0.0,4
8,barra_7,PS,0.0,4
9,barra_7,PS,0.0,4
10,barra_7,PS,0.0,4
11,barra_7,PS,0.0,4
12,barra_7,PS,0.0,4
13,barra_7,PS,0.0,4
14,barra_7,PS,0.0,4
15,barra_7,PS,0.0,4
16,barra_7,PS,0.0,4
17,barra_7,PS,0.0,4
18,barra_7,PS,0.0,4
19,barra_7,PS,0.0,4
20,barra_7,PS,0.0,4
21,barra_7,PS,0.0,4
22,barra_7,PS,0.0,4
23,barra_7,PS,0.0,4
24,barra_7,PS,0.0,4
1,barra_8,PS,0.0,4
2,barra_8,PS,0.0,4
3,barra_8,PS,0.0,4
4,barra_8,PS,0.0,4
5,barra_8,PS,0.0,4
6,barra_8,PS,0.0,4
7,barra_8,PS,0.0,4
8,barra_8,PS,0.0,4
9,barra_8,PS,0.0,4
10,barra_8,PS,0.0,4
11,barra_8,PS,0.0,4
12,barra_8,PS,0.0,4
13,barra_8,PS,0.0,4
14,barra_8,PS,0.0,4
15,barra_8,PS,0.0,4
16,barra_8,PS,0.0,4
17,barra_8,PS,0.0,4
18,barra_8,PS,0.0,4
19,barra_8,PS,0.0,4
20,barra_8,PS,0.0,4
21,barra_8,PS,0.0,4
22,barra_8,PS,0.0,4
23,barra_8,PS,0.0,4
24,barra_8,PS,0.0,4
1,barra_9,PS,0.0,4
2,barra_9,PS,0.0,4
3,barra_9,PS,0.0,4
4,barra_9,PS,0.0,4
5,barra_9,PS,0.0,4
6,barra_9,PS,0.0,4
7,barra_9,PS,0.0,4
8,barra_9,PS,0.0,4
9,barra_9,PS,0.0,4
10,barra_9,PS,0.0,4
11,barra_9,PS,0.0,4
12,barra_9,PS,0.0,4
13,barra_9,PS,0.0,4
14,barra_9,PS,0.0,4
15,barra_9,PS,0.0,4
16,barra_9,PS,0.0,4
17,barra_9,PS,0.0,4
18,barra_9,PS,0.0,4
19,barra_9,PS,0.0,4
20,barra_9,PS,0.0,4
21,barra_9,PS,0.0,4
22,barra_9,PS,0.0,4
23,barra_9,PS,0.0,4
24,barra_9,PS,0.0,4
1,barra_10,PS,0.0,4
2,barra_10,PS,0.0,4
3,barra_10,PS,0.0,4
4,barra_10,PS,0.0,4
5,barra_10,PS,0.0,4
6,barra_10,PS,0.0,4
7,barra_10,PS,0.0,4
8,barra_10,PS,0.0,4
9,barra_10,PS,0.0,4
10,barra_10,PS,0.0,4
11,barra_10,PS,0.0,4
12,barra_10,PS,0.0,4
13,barra_10,PS,0.0,4
14,barra_10,PS,0.0,4
15,barra_10,PS,0.0,4
16,barra_10,PS,0.0,4
17,barra_10,PS,0.0,4
18,barra_10,PS,0.0,4
19,barra_10,PS,0.0,4
20,barra_10,PS,0.0,4
21,barra_10,PS,0.0,4
22,barra_10,PS,0.0,4
23,barra_10,PS,0.0,4
24,barra_10,PS,0.0,4
1,barra_11,PS,0.0,4
2,barra_11,PS,0.0,4
3,barra_11,PS,0.0,4
4,barra_11,PS,0.0,4
5,barra_11,PS,0.0,4
6,barra_11,PS,0.0,4
7,barra_11,PS,0.0,4
8,barra_11,PS,0.0,4
9,barra_11,PS,0.0,4
10,barra_11,PS,0.0,4
11,barra_11,PS,0.0,4
12,barra_11,PS,0.0,4
13,barra_11,PS,0.0,4
14,barra_11,PS,0.0,4
15,barra_11,PS,0.0,4
16,barra_11,PS,0.0,4
17,barra_11,PS,0.0,4
18,barra_11,PS,0.0,4
19,barra_11,PS,0.0,4
20,barra_11,PS,0.0,4
21,barra_11,PS,0.0,4
22,barra_11,PS,0.0,4
23,barra_11,PS,0.0,4
24,barra_11,PS,0.0,4
1,barra_12,PS,0.0,4
2,barra_12,PS,0.0,4
3,barra_12,PS,0.0,4
4,barra_12,PS,0.0,4
5,barra_12,PS,0.0,4
6,barra_12,PS,0.0,4
7,barra_12,PS,0.0,4
8,barra_12,PS,0.0,4
9,barra_12,PS,0.0,4
10,barra_12,PS,0.0,4
11,barra_12,PS,0.0,4
12,barra_12,PS,0.0,4
13,barra_12,PS,0.0,4
14,barra_12,PS,0.0,4
15,barra_12,PS,0.0,4
16,barra_12,PS,0.0,4
17,barra_12,PS,0.0,4
18,barra_12,PS,0.0,4
19,barra_12,PS,0.0,4
20,barra_12,PS,0.0,4
21,barra_12,PS,0.0,4
22,barra_12,PS,0.0,4
23,barra_12,PS,0.0,4
24,barra_12,PS,0.0,4
1,barra_13,PS,0.0,4
2,barra_13,PS,0.0,4
3,barra_13,PS,0.0,4
4,barra_13,PS,0.0,4
5,barra_13,PS,0.0,4
6,barra_13,PS,0.0,4
7,barra_13,PS,0.0,4
8,barra_13,PS,0.0,4
9,barra_13,PS,0.0,4
10,barra_13,PS,0.0,4
11,barra_13,PS,0.0,4
12,barra_13,PS,0.0,4
13,barra_13,PS,0.0,4
14,barra_13,PS,0.0,4
15,barra_13,PS,0.0,4
16,barra_13,PS,0.0,4
17,barra_13,PS,0.0,4
18,barra_13,PS,0.0,4
19,barra_13,PS,0.0,4
20,barra_13,PS,0.0,4
21,barra_13,PS,0.0,4
22,barra_13,PS,0.0,4
23,barra_13,PS,0.0,4
24,barra_13,PS,0.0,4
1,barra_14,PS,0.0,4
2,barra_14,PS,0.0,4
3,barra_14,PS,0.0,4
4,barra_14,PS,0.0,4
5,barra_14,PS,0.0,4
6,barra_14,PS,0.0105,4
7,barra_14,PS,0.042,4
8,barra_14,PS,0.0875,4
9,barra_14,PS,0.1575,4
10,barra_14,PS,0.2275,4
11,barra_14,PS,0.28,4
12,barra_14,PS,0.322,4
13,barra_14,PS,0.35,4
14,barra_14,PS,0.336,4
15,barra_14,PS,0.294,4
16,barra_14,PS,0.2275,4
17,barra_14,PS,0.133,4
18,barra_14,PS,0.0525,4
19,barra_14,PS,0.0105,4
20,barra_14,PS,0.0,4
21,barra_14,PS,0.0,4
22,barra_14,PS,0.0,4
23,barra_14,PS,0.0,4
24,barra_14,PS,0.0,4
1,barra_15,PS,0.0,4
2,barra_15,PS,0.0,4
3,barra_15,PS,0.0,4
4,barra_15,PS,0.0,4
5,barra_15,PS,0.0,4
6,barra_15,PS,0.0,4
7,barra_15,PS,0.0,4
8,barra_15,PS,0.0,4
9,barra_15,PS,0.0,4
10,barra_15,PS,0.0,4
11,barra_15,PS,0.0,4
12,barra_15,PS,0.0,4
13,barra_15,PS,0.0,4
14,barra_15,PS,0.0,4
15,barra_15,PS,0.0,4
16,barra_15,PS,0.0,4
17,barra_15,PS,0.0,4
18,barra_15,PS,0.0,4
19,barra_15,PS,0.0,4
20,barra_15,PS,0.0,4
21,barra_15,PS,0.0,4
22,barra_15,PS,0.0,4
23,barra_15,PS,0.0,4
24,barra_15,PS,0.0,4
1,barra_16,PS,0.0,4
2,barra_16,PS,0.0,4
3,barra_16,PS,0.0,4
4,barra_16,PS,0.0,4
5,barra_16,PS,0.0,4
6,barra_16,PS,0.0,4
7,barra_16,PS,0.0,4
8,barra_16,PS,0.0,4
9,barra_16,PS,0.0,4
10,barra_16,PS,0.0,4
11,barra_16,PS,0.0,4
12,barra_16,PS,0.0,4
13,barra_16,PS,0.0,4
14,barra_16,PS,0.0,4
15,barra_16,PS,0.0,4
16,barra_16,PS,0.0,4
17,barra_16,PS,0.0,4
18,barra_16,PS,0.0,4
19,barra_16,PS,0.0,4
20,barra_16,PS,0.0,4
21,barra_16,PS,0.0,4
22,barra_16,PS,0.0,4
23,barra_16,PS,0.0,4
24,barra_16,PS,0.0,4
1,barra_17,PS,0.0,4
2,barra_17,PS,0.0,4
3,barra_17,PS,0.0,4
4,barra_17,PS,0.0,4
5,barra_17,PS,0.0,4
6,barra_17,PS,0.0,4
7,barra_17,PS,0.0,4
8,barra_17,PS,0.0,4
9,barra_17,PS,0.0,4
10,barra_17,PS,0.0,4
11,barra_17,PS,0.0,4
12,barra_17,PS,0.0,4
13,barra_17,PS,0.0,4
14,barra_17,PS,0.0,4
15,barra_17,PS,0.0,4
16,barra_17,PS,0.0,4
17,barra_17,PS,0.0,4
18,barra_17,PS,0.0,4
19,barra_17,PS,0.0,4
20,barra_17,PS,0.0,4
21,barra_17,PS,0.0,4
22,barra_17,PS,0.0,4
23,barra_17,PS,0.0,4
24,barra_17,PS,0.0,4
1,barra_18,PS,0.13945644,4
2,barra_18,PS,0.13526063,4
3,barra_18,PS,0.12892057,4
4,barra_18,PS,0.11951999,4
5,barra_18,PS,0.14000627,4
6,barra_18,PS,0.14346622,4
7,barra_18,PS,0.15388565,4
8,barra_18,PS,0.1780001,4
9,barra_18,PS,0.19435316,4
10,barra_18,PS,0.20699307,4
11,barra_18,PS,0.21701291,4
12,barra_18,PS,0.22831309,4
13,barra_18,PS,0.23135763,4
14,barra_18,PS,0.22565744,4
15,barra_18,PS,0.21358786,4
16,barra_18,PS,0.20302764,4
17,barra_18,PS,0.19093286,4
18,barra_18,PS,0.15077829,4
19,barra_18,PS,0.12860591,4
20,barra_18,PS,0.090883857,4
21,barra_18,PS,0.058539077,4
22,barra_18,PS,0.047577723,4
23,barra_18,PS,0.093067035,4
24,barra_18,PS,0.14016461,4
1,barra_19,PS,0.0,4
2,barra_19,PS,0.0,4
3,barra_19,PS,0.0,4
4,barra_19,PS,0.0,4
5,barra_19,PS,0.0,4
6,barra_19,PS,0.0,4
7,barra_19,PS,0.0,4
8,barra_19,PS,0.0,4
9,barra_19,PS,0.0,4
10,barra_19,PS,0.0,4
11,barra_19,PS,0.0,4
12,barra_19,PS,0.0,4
13,barra_19,PS,0.0,4
14,barra_19,PS,0.0,4
15,barra_19,PS,0.0,4
16,barra_19,PS,0.0,4
17,barra_19,PS,0.0,4
18,barra_19,PS,0.0,4
19,barra_19,PS,0.0,4
20,barra_19,PS,0.0,4
21,barra_19,PS,0.0,4
22,barra_19,PS,0.0,4
23,barra_19,PS,0.0,4
24,barra_19,PS,0.0,4
1,barra_20,PS,0.0,4
2,barra_20,PS,0.0,4
3,barra_20,PS,0.0,4
4,barra_20,PS,0.0,4
5,barra_20,PS,0.0,4
6,barra_20,PS,0.0,4
7,barra_20,PS,0.0,4
8,barra_20,PS,0.0,4
9,barra_20,PS,0.0,4
10,barra_20,PS,0.0,4
11,barra_20,PS,0.0,4
12,barra_20,PS,0.0,4
13,barra_20,PS,0.0,4
14,barra_20,PS,0.0,4
15,barra_20,PS,0.0,4
16,barra_20,PS,0.0,4
17,barra_20,PS,0.0,4
18,barra_20,PS,0.0,4
19,barra_20,PS,0.0,4
20,barra_20,PS,0.0,4
21,barra_20,PS,0.0,4
22,barra_20,PS,0.0,4
23,barra_20,PS,0.0,4
24,barra_20,PS,0.0,4
1,barra_21,PS,0.0,4
2,barra_21,PS,0.0,4
3,barra_21,PS,0.0,4
4,barra_21,PS,0.0,4
5,barra_21,PS,0.0,4
6,barra_21,PS,0.0,4
7,barra_21,PS,0.0,4
8,barra_21,PS,0.0,4
9,barra_21,PS,0.0,4
10,barra_21,PS,0.0,4
11,barra_21,PS,0.0,4
12,barra_21,PS,0.0,4
13,barra_21,PS,0.0,4
14,barra_21,PS,0.0,4
15,barra_21,PS,0.0,4
16,barra_21,PS,0.0,4
17,barra_21,PS,0.0,4
18,barra_21,PS,0.0,4
19,barra_21,PS,0.0,4
20,barra_21,PS,0.0,4
21,barra_21,PS,0.0,4
22,barra_21,PS,0.0,4
23,barra_21,PS,0.0,4
24,barra_21,PS,0.0,4
1,barra_22,PS,0.0,4
2,barra_22,PS,0.0,4
3,barra_22,PS,0.0,4
4,barra_22,PS,0.0,4
5,barra_22,PS,0.0,4
6,barra_22,PS,0.0,4
7,barra_22,PS,0.0,4
8,barra_22,PS,0.0,4
9,barra_22,PS,0.0,4
10,barra_22,PS,0.0,4
11,barra_22,PS,0.0,4
12,barra_22,PS,0.0,4
13,barra_22,PS,0.0,4
14,barra_22,PS,0.0,4
15,barra_22,PS,0.0,4
16,barra_22,PS,0.0,4
17,barra_22,PS,0.0,4
18,barra_22,PS,0.0,4
19,barra_22,PS,0.0,4
20,barra_22,PS,0.0,4
21,barra_22,PS,0.0,4
22,barra_22,PS,0.0,4
23,barra_22,PS,0.0,4
24,barra_22,PS,0.0,4
1,barra_23,PS,0.0,4
2,barra_23,PS,0.0,4
3,barra_23,PS,0.0,4
4,barra_23,PS,0.0,4
5,barra_23,PS,0.0,4
6,barra_23,PS,0.0,4
7,barra_23,PS,0.0,4
8,barra_23,PS,0.0,4
9,barra_23,PS,0.0,4
10,barra_23,PS,0.0,4
11,barra_23,PS,0.0,4
12,barra_23,PS,0.0,4
13,barra_23,PS,0.0,4
14,barra_23,PS,0.0,4
15,barra_23,PS,0.0,4
16,barra_23,PS,0.0,4
17,barra_23,PS,0.0,4
18,barra_23,PS,0.0,4
19,barra_23,PS,0.0,4
20,barra_23,PS,0.0,4
21,barra_23,PS,0.0,4
22,barra_23,PS,0.0,4
23,barra_23,PS,0.0,4
24,barra_23,PS,0.0,4
1,barra_24,PS,0.0,4
2,barra_24,PS,0.0,4
3,barra_24,PS,0.0,4
4,barra_24,PS,0.0,4
5,barra_24,PS,0.0,4
6,barra_24,PS,0.0,4
7,barra_24,PS,0.0,4
8,barra_24,PS,0.0,4
9,barra_24,PS,0.0,4
10,barra_24,PS,0.0,4
11,barra_24,PS,0.0,4
12,barra_24,PS,0.0,4
13,barra_24,PS,0.0,4
14,barra_24,PS,0.0,4
15,barra_24,PS,0.0,4
16,barra_24,PS,0.0,4
17,barra_24,PS,0.0,4
18,barra_24,PS,0.0,4
19,barra_24,PS,0.0,4
20,barra_24,PS,0.0,4
21,barra_24,PS,0.0,4
22,barra_24,PS,0.0,4
23,barra_24,PS,0.0,4
24,barra_24,PS,0.0,4
1,barra_25,PS,0.0,4
2,barra_25,PS,0.0,4
3,barra_25,PS,0.0,4
4,barra_25,PS,0.0,4
5,barra_25,PS,0.0,4
6,barra_25,PS,0.0135,4
7,barra_25,PS,0.054,4
8,barra_25,PS,0.1125,4
9,barra_25,PS,0.2025,4
10,barra_25,PS,0.2925,4
11,barra_25,PS,0.36,4
12,barra_25,PS,0.414,4
13,barra_25,PS,0.45,4
14,barra_25,PS,0.432,4
15,barra_25,PS,0.378,4
16,barra_25,PS,0.2925,4
17,barra_25,PS,0.171,4
18,barra_25,PS,0.0675,4
19,barra_25,PS,0.0135,4
20,barra_25,PS,0.0,4
21,barra_25,PS,0.0,4
22,barra_25,PS,0.0,4
23,barra_25,PS,0.0,4
24,barra_25,PS,0.0,4
1,barra_26,PS,0.0,4
2,barra_26,PS,0.0,4
3,barra_26,PS,0.0,4
4,barra_26,PS,0.0,4
5,barra_26,PS,0.0,4
6,barra_26,PS,0.0,4
7,barra_26,PS,0.0,4
8,barra_26,PS,0.0,4
9,barra_26,PS,0.0,4
10,barra_26,PS,0.0,4
11,barra_26,PS,0.0,4
12,barra_26,PS,0.0,4
13,barra_26,PS,0.0,4
14,barra_26,PS,0.0,4
15,barra_26,PS,0.0,4
16,barra_26,PS,0.0,4
17,barra_26,PS,0.0,4
18,barra_26,PS,0.0,4
19,barra_26,PS,0.0,4
20,barra_26,PS,0.0,4
21,barra_26,PS,0.0,4
22,barra_26,PS,0.0,4
23,barra_26,PS,0.0,4
24,barra_26,PS,0.0,4
1,barra_27,PS,0.0,4
2,barra_27,PS,0.0,4
3,barra_27,PS,0.0,4
4,barra_27,PS,0.0,4
5,barra_27,PS,0.0,4
6,barra_27,PS,0.0,4
7,barra_27,PS,0.0,4
8,barra_27,PS,0.0,4
9,barra_27,PS,0.0,4
10,barra_27,PS,0.0,4
11,barra_27,PS,0.0,4
12,barra_27,PS,0.0,4
13,barra_27,PS,0.0,4
14,barra_27,PS,0.0,4
15,barra_27,PS,0.0,4
16,barra_27,PS,0.0,4
17,barra_27,PS,0.0,4
18,barra_27,PS,0.0,4
19,barra_27,PS,0.0,4
20,barra_27,PS,0.0,4
21,barra_27,PS,0.0,4
22,barra_27,PS,0.0,4
23,barra_27,PS,0.0,4
24,barra_27,PS,0.0,4
1,barra_28,PS,0.0,4
2,barra_28,PS,0.0,4
3,barra_28,PS,0.0,4
4,barra_28,PS,0.0,4
5,barra_28,PS,0.0,4
6,barra_28,PS,0.0,4
7,barra_28,PS,0.0,4
8,barra_28,PS,0.0,4
9,barra_28,PS,0.0,4
10,barra_28,PS,0.0,4
11,barra_28,PS,0.0,4
12,barra_28,PS,0.0,4
13,barra_28,PS,0.0,4
14,barra_28,PS,0.0,4
15,barra_28,PS,0.0,4
16,barra_28,PS,0.0,4
17,barra_28,PS,0.0,4
18,barra_28,PS,0.0,4
19,barra_28,PS,0.0,4
20,barra_28,PS,0.0,4
21,barra_28,PS,0.0,4
22,barra_28,PS,0.0,4
23,barra_28,PS,0.0,4
24,barra_28,PS,0.0,4
1,barra_29,PS,0.0,4
2,barra_29,PS,0.0,4
3,barra_29,PS,0.0,4
4,barra_29,PS,0.0,4
5,barra_29,PS,0.0,4
6,barra_29,PS,0.0,4
7,barra_29,PS,0.0,4
8,barra_29,PS,0.0,4
9,barra_29,PS,0.0,4
10,barra_29,PS,0.0,4
11,barra_29,PS,0.0,4
12,barra_29,PS,0.0,4
13,barra_29,PS,0.0,4
14,barra_29,PS,0.0,4
15,barra_29,PS,0.0,4
16,barra_29,PS,0.0,4
17,barra_29,PS,0.0,4
18,barra_29,PS,0.0,4
19,barra_29,PS,0.0,4
20,barra_29,PS,0.0,4
21,barra_29,PS,0.0,4
22,barra_29,PS,0.0,4
23,barra_29,PS,0.0,4
24,barra_29,PS,0.0,4
1,barra_30,PS,0.20369385,4
2,barra_30,PS,0.20566773,4
3,barra_30,PS,0.20407733,4
4,barra_30,PS,0.19739865,4
5,barra_30,PS,0.21355729,4
6,barra_30,PS,0.20141081,4
7,barra_30,PS,0.19188526,4
8,barra_30,PS,0.20960109,4
9,barra_30,PS,0.21935316,4
10,barra_30,PS,0.22999307,4
11,barra_30,PS,0.23901291,4
12,barra_30,PS,0.24931309,4
13,barra_30,PS,0.25135763,4
14,barra_30,PS,0.24465744,4
15,barra_30,PS,0.23358786,4
16,barra_30,PS,0.22552764,4
17,barra_30,PS,0.21767743,4
18,barra_30,PS,0.19566853,4
19,barra_30,PS,0.20355414,4
20,barra_30,PS,0.17664026,4
21,barra_30,PS,0.14971648,4
22,barra_30,PS,0.14939245,4
23,barra_30,PS,0.19816761,4
24,barra_30,PS,0.24066739,4
1,barra_31,PS,0.0,4
2,barra_31,PS,0.0,4
3,barra_31,PS,0.0,4
4,barra_31,PS,0.0,4
5,barra_31,PS,0.0,4
6,barra_31,PS,0.0,4
7,barra_31,PS,0.0,4
8,barra_31,PS,0.0,4
9,barra_31,PS,0.0,4
10,barra_31,PS,0.0,4
11,barra_31,PS,0.0,4
12,barra_31,PS,0.0,4
13,barra_31,PS,0.0,4
14,barra_31,PS,0.0,4
15,barra_31,PS,0.0,4
16,barra_31,PS,0.0,4
17,barra_31,PS,0.0,4
18,barra_31,PS,0.0,4
19,barra_31,PS,0.0,4
20,barra_31,PS,0.0,4
21,barra_31,PS,0.0,4
22,barra_31,PS,0.0,4
23,barra_31,PS,0.0,4
24,barra_31,PS,0.0,4
1,barra_32,PS,0.0,4
2,barra_32,PS,0.0,4
3,barra_32,PS,0.0,4
4,barra_32,PS,0.0,4
5,barra_32,PS,0.0,4
6,barra_32,PS,0.0,4
7,barra_32,PS,0.0,4
8,barra_32,PS,0.0,4
9,barra_32,PS,0.0,4
10,barra_32,PS,0.0,4
11,barra_32,PS,0.0,4
12,barra_32,PS,0.0,4
13,barra_32,PS,0.0,4
14,barra_32,PS,0.0,4
15,barra_32,PS,0.0,4
16,barra_32,PS,0.0,4
17,barra_32,PS,0.0,4
18,barra_32,PS,0.0,4
19,barra_32,PS,0.0,4
20,barra_32,PS,0.0,4
21,barra_32,PS,0.0,4
22,barra_32,PS,0.0,4
23,barra_32,PS,0.0,4
24,barra_32,PS,0.0,4
1,barra_33,PS,0.0,4
2,barra_33,PS,0.0,4
3,barra_33,PS,0.0,4
4,barra_33,PS,0.0,4
5,barra_33,PS,0.0,4
6,barra_33,PS,0.0,4
7,barra_33,PS,0.0,4
8,barra_33,PS,0.0,4
9,barra_33,PS,0.0,4
10,barra_33,PS,0.0,4
11,barra_33,PS,0.0,4
12,barra_33,PS,0.0,4
13,barra_33,PS,0.0,4
14,barra_33,PS,0.0,4
15,barra_33,PS,0.0,4
16,barra_33,PS,0.0,4
17,barra_33,PS,0.0,4
18,barra_33,PS,0.0,4
19,barra_33,PS,0.0,4
20,barra_33,PS,0.0,4
21,barra_33,PS,0.0,4
22,barra_33,PS,0.0,4
23,barra_33,PS,0.0,4
24,barra_33,PS,0.0,4
1,barra_1,PW,0.0,4
2,barra_1,PW,0.0,4
3,barra_1,PW,0.0,4
4,barra_1,PW,0.0,4
5,barra_1,PW,0.0,4
6,barra_1,PW,0.0,4
7,barra_1,PW,0.0,4
8,barra_1,PW,0.0,4
9,barra_1,PW,0.0,4
10,barra_1,PW,0.0,4
11,barra_1,PW,0.0,4
12,barra_1,PW,0.0,4
13,barra_1,PW,0.0,4
14,barra_1,PW,0.0,4
15,barra_1,PW,0.0,4
16,barra_1,PW,0.0,4
17,barra_1,PW,0.0,4
18,barra_1,PW,0.0,4
19,barra_1,PW,0.0,4
20,barra_1,PW,0.0,4
21,barra_1,PW,0.0,4
22,barra_1,PW,0.0,4
23,barra_1,PW,0.0,4
24,barra_1,PW,0.0,4
1,barra_2,PW,0.0,4
2,barra_2,PW,0.0,4
3,barra_2,PW,0.0,4
4,barra_2,PW,0.0,4
5,barra_2,PW,0.0,4
6,barra_2,PW,0.0,4
7,barra_2,PW,0.0,4
8,barra_2,PW,0.0,4
9,barra_2,PW,0.0,4
10,barra_2,PW,0.0,4
11,barra_2,PW,0.0,4
12,barra_2,PW,0.0,4
13,barra_2,PW,0.0,4
14,barra_2,PW,0.0,4
15,barra_2,PW,0.0,4
16,barra_2,PW,0.0,4
17,barra_2,PW,0.0,4
18,barra_2,PW,0.0,4
19,barra_2,PW,0.0,4
20,barra_2,PW,0.0,4
21,barra_2,PW,0.0,4
22,barra_2,PW,0.0,4
23,barra_2,PW,0.0,4
24,barra_2,PW,0.0,4
1,barra_3,PW,0.0,4
2,barra_3,PW,0.0,4
3,barra_3,PW,0.0,4
4,barra_3,PW,0.0,4
5,barra_3,PW,0.0,4
6,barra_3,PW,0.0,4
7,barra_3,PW,0.0,4
8,barra_3,PW,0.0,4
9,barra_3,PW,0.0,4
10,barra_3,PW,0.0,4
11,barra_3,PW,0.0,4
12,barra_3,PW,0.0,4
13,barra_3,PW,0.0,4
14,barra_3,PW,0.0,4
15,barra_3,PW,0.0,4
16,barra_3,PW,0.0,4
17,barra_3,PW,0.0,4
18,barra_3,PW,0.0,4
19,barra_3,PW,0.0,4
20,barra_3,PW,0.0,4
21,barra_3,PW,0.0,4
22,barra_3,PW,0.0,4
23,barra_3,PW,0.0,4
24,barra_3,PW,0.0,4
1,barra_4,PW,0.0,4
2,barra_4,PW,0.0,4
3,barra_4,PW,0.0,4
4,barra_4,PW,0.0,4
5,barra_4,PW,0.0,4
6,barra_4,PW,0.0,4
7,barra_4,PW,0.0,4
8,barra_4,PW,0.0,4
9,barra_4,PW,0.0,4
10,barra_4,PW,0.0,4
11,barra_4,PW,0.0,4
12,barra_4,PW,0.0,4
13,barra_4,PW,0.0,4
14,barra_4,PW,0.0,4
15,barra_4,PW,0.0,4
16,barra_4,PW,0.0,4
17,barra_4,PW,0.0,4
18,barra_4,PW,0.0,4
19,barra_4,PW,0.0,4
20,barra_4,PW,0.0,4
21,barra_4,PW,0.0,4
22,barra_4,PW,0.0,4
23,barra_4,PW,0.0,4
24,barra_4,PW,0.0,4
1,barra_5,PW,0.0,4
2,barra_5,PW,0.0,4
3,barra_5,PW,0.0,4
4,barra_5,PW,0.0,4
5,barra_5,PW,0.0,4
6,barra_5,PW,0.0,4
7,barra_5,PW,0.0,4
8,barra_5,PW,0.0,4
9,barra_5,PW,0.0,4
10,barra_5,PW,0.0,4
11,barra_5,PW,0.0,4
12,barra_5,PW,0.0,4
13,barra_5,PW,0.0,4
14,barra_5,PW,0.0,4
15,barra_5,PW,0.0,4
16,barra_5,PW,0.0,4
17,barra_5,PW,0.0,4
18,barra_5,PW,0.0,4
19,barra_5,PW,0.0,4
20,barra_5,PW,0.0,4
21,barra_5,PW,0.0,4
22,barra_5,PW,0.0,4
23,barra_5,PW,0.0,4
24,barra_5,PW,0.0,4
1,barra_6,PW,0.97220916,4
2,barra_6,PW,0.98498892,4
3,barra_6,PW,0.99425772,4
4,barra_6,PW,0.99995853,4
5,barra_6,PW,0.99276042,4
6,barra_6,PW,0.93226151,4
7,barra_6,PW,0.79532652,4
8,barra_6,PW,0.7201038,4
9,barra_6,PW,0.60841853,4
10,barra_6,PW,0.51495242,4
11,barra_6,PW,0.45260519,4
12,barra_6,PW,0.4037756,4
13,barra_6,PW,0.36115997,4
14,barra_6,PW,0.3561784,4
15,barra_6,PW,0.40409584,4
16,barra_6,PW,0.50313959,4
17,barra_6,PW,0.64895427,4
18,barra_6,PW,0.8184148,4
19,barra_6,PW,0.98174236,4
20,barra_6,PW,1.0240595,4
21,barra_6,PW,1.0360169,4
22,barra_6,PW,1.0786753,4
23,barra_6,PW,1.1097204,4
24,barra_6,PW,1.106768,4
1,barra_7,PW,0.0,4
2,barra_7,PW,0.0,4
3,barra_7,PW,0.0,4
4,barra_7,PW,0.0,4
5,barra_7,PW,0.0,4
6,barra_7,PW,0.0,4
7,barra_7,PW,0.0,4
8,barra_7,PW,0.0,4
9,barra_7,PW,0.0,4
10,barra_7,PW,0.0,4
11,barra_7,PW,0.0,4
12,barra_7,PW,0.0,4
13,barra_7,PW,0.0,4
14,barra_7,PW,0.0,4
15,barra_7,PW,0.0,4
16,barra_7,PW,0.0,4
17,barra_7,PW,0.0,4
18,barra_7,PW,0.0,4
19,barra_7,PW,0.0,4
20,barra_7,PW,0.0,4
21,barra_7,PW,0.0,4
22,barra_7,PW,0.0,4
23,barra_7,PW,0.0,4
24,barra_7,PW,0.0,4
1,barra_8,PW,0.0,4
2,barra_8,PW,0.0,4
3,barra_8,PW,0.0,4
4,barra_8,PW,0.0,4
5,barra_8,PW,0.0,4
6,barra_8,PW,0.0,4
7,barra_8,PW,0.0,4
8,barra_8,PW,0.0,4
9,barra_8,PW,0.0,4
10,barra_8,PW,0.0,4
11,barra_8,PW,0.0,4
12,barra_8,PW,0.0,4
13,barra_8,PW,0.0,4
14,barra_8,PW,0.0,4
15,barra_8,PW,0.0,4
16,barra_8,PW,0.0,4
17,barra_8,PW,0.0,4
18,barra_8,PW,0.0,4
19,barra_8,PW,0.0,4
20,barra_8,PW,0.0,4
21,barra_8,PW,0.0,4
22,barra_8,PW,0.0,4
23,barra_8,PW,0.0,4
24,barra_8,PW,0.0,4
1,barra_9,PW,0.0,4
2,barra_9,PW,0.0,4
3,barra_9,PW,0.0,4
4,barra_9,PW,0.0,4
5,barra_9,PW,0.0,4
6,barra_9,PW,0.0,4
7,barra_9,PW,0.0,4
8,barra_9,PW,0.0,4
9,barra_9,PW,0.0,4
10,barra_9,PW,0.0,4
11,barra_9,PW,0.0,4
12,barra_9,PW,0.0,4
13,barra_9,PW,0.0,4
14,barra_9,PW,0.0,4
15,barra_9,PW,0.0,4
16,barra_9,PW,0.0,4
17,barra_9,PW,0.0,4
18,barra_9,PW,0.0,4
19,barra_9,PW,0.0,4
20,barra_9,PW,0.0,4
21,barra_9,PW,0.0,4
22,barra_9,PW,0.0,4
23,barra_9,PW,0.0,4
24,barra_9,PW,0.0,4
1,barra_10,PW,0.0,4
2,barra_10,PW,0.0,4
3,barra_10,PW,0.0,4
4,barra_10,PW,0.0,4
5,barra_10,PW,0.0,4
6,barra_10,PW,0.0,4
7,barra_10,PW,0.0,4
8,barra_10,PW,0.0,4
9,barra_10,PW,0.0,4
10,barra_10,PW,0.0,4
11,barra_10,PW,0.0,4
12,barra_10,PW,0.0,4
13,barra_10,PW,0.0,4
14,barra_10,PW,0.0,4
15,barra_10,PW,0.0,4
16,barra_10,PW,0.0,4
17,barra_10,PW,0.0,4
18,barra_10,PW,0.0,4
19,barra_10,PW,0.0,4
20,barra_10,PW,0.0,4
21,barra_10,PW,0.0,4
22,barra_10,PW,0.0,4
23,barra_10,PW,0.0,4
24,barra_10,PW,0.0,4
1,barra_11,PW,0.0,4
2,barra_11,PW,0.0,4
3,barra_11,PW,0.0,4
4,barra_11,PW,0.0,4
5,barra_11,PW,0.0,4
6,barra_11,PW,0.0,4
7,barra_11,PW,0.0,4
8,barra_11,PW,0.0,4
9,barra_11,PW,0.0,4
10,barra_11,PW,0.0,4
11,barra_11,PW,0.0,4
12,barra_11,PW,0.0,4
13,barra_11,PW,0.0,4
14,barra_11,PW,0.0,4
15,barra_11,PW,0.0,4
16,barra_11,PW,0.0,4
17,barra_11,PW,0.0,4
18,barra_11,PW,0.0,4
19,barra_11,PW,0.0,4
20,barra_11,PW,0.0,4
21,barra_11,PW,0.0,4
22,barra_11,PW,0.0,4
23,barra_11,PW,0.0,4
24,barra_11,PW,0.0,4
1,barra_12,PW,0.0,4
2,barra_12,PW,0.0,4
3,barra_12,PW,0.0,4
4,barra_12,PW,0.0,4
5,barra_12,PW,0.0,4
6,barra_12,PW,0.0,4
7,barra_12,PW,0.0,4
8,barra_12,PW,0.0,4
9,barra_12,PW,0.0,4
10,barra_12,PW,0.0,4
11,barra_12,PW,0.0,4
12,barra_12,PW,0.0,4
13,barra_12,PW,0.0,4
14,barra_12,PW,0.0,4
15,barra_12,PW,0.0,4
16,barra_12,PW,0.0,4
17,barra_12,PW,0.0,4
18,barra_12,PW,0.0,4
19,barra_12,PW,0.0,4
20,barra_12,PW,0.0,4
21,barra_12,PW,0.0,4
22,barra_12,PW,0.0,4
23,barra_12,PW,0.0,4
24,barra_12,PW,0.0,4
1,barra_13,PW,0.0,4
2,barra_13,PW,0.0,4
3,barra_13,PW,0.0,4
4,barra_13,PW,0.0,4
5,barra_13,PW,0.0,4
6,barra_13,PW,0.0,4
7,barra_13,PW,0.0,4
8,barra_13,PW,0.0,4
9,barra_13,PW,0.0,4
10,barra_13,PW,0.0,4
11,barra_13,PW,0.0,4
12,barra_13,PW,0.0,4
13,barra_13,PW,0.0,4
14,barra_13,PW,0.0,4
15,barra_13,PW,0.0,4
16,barra_13,PW,0.0,4
17,barra_13,PW,0.0,4
18,barra_13,PW,0.0,4
19,barra_13,PW,0.0,4
20,barra_13,PW,0.0,4
21,barra_13,PW,0.0,4
22,barra_13,PW,0.0,4
23,barra_13,PW,0.0,4
24,barra_13,PW,0.0,4
1,barra_14,PW,0.55178147,4
2,barra_14,PW,0.57758983,4
3,barra_14,PW,0.59630849,4
4,barra_14,PW,0.60346055,4
5,barra_14,PW,0.5932846,4
6,barra_14,PW,0.52966227,4
7,barra_14,PW,0.47237843,4
8,barra_14,PW,0.42094611,4
9,barra_14,PW,0.33274854,4
10,barra_14,PW,0.24694811,4
11,barra_14,PW,0.19169401,4
12,barra_14,PW,0.14872059,4
13,barra_14,PW,0.10826483,4
14,barra_14,PW,0.097646154,4
15,barra_14,PW,0.13954921,4
16,barra_14,PW,0.23308761,4
17,barra_14,PW,0.36949443,4
18,barra_14,PW,0.47084173,4
19,barra_14,PW,0.58476758,4
20,barra_14,PW,0.61573151,4
21,barra_14,PW,0.62182229,4
22,barra_14,PW,0.64355025,4
23,barra_14,PW,0.65936324,4
24,barra_14,PW,0.65785942,4
1,barra_15,PW,0.0,4
2,barra_15,PW,0.0,4
3,barra_15,PW,0.0,4
4,barra_15,PW,0.0,4
5,barra_15,PW,0.0,4
6,barra_15,PW,0.0,4
7,barra_15,PW,0.0,4
8,barra_15,PW,0.0,4
9,barra_15,PW,0.0,4
10,barra_15,PW,0.0,4
11,barra_15,PW,0.0,4
12,barra_15,PW,0.0,4
13,barra_15,PW,0.0,4
14,barra_15,PW,0.0,4
15,barra_15,PW,0.0,4
16,barra_15,PW,0.0,4
17,barra_15,PW,0.0,4
18,barra_15,PW,0.0,4
19,barra_15,PW,0.0,4
20,barra_15,PW,0.0,4
21,barra_15,PW,0.0,4
22,barra_15,PW,0.0,4
23,barra_15,PW,0.0,4
24,barra_15,PW,0.0,4
1,barra_16,PW,0.0,4
2,barra_16,PW,0.0,4
3,barra_16,PW,0.0,4
4,barra_16,PW,0.0,4
5,barra_16,PW,0.0,4
6,barra_16,PW,0.0,4
7,barra_16,PW,0.0,4
8,barra_16,PW,0.0,4
9,barra_16,PW,0.0,4
10,barra_16,PW,0.0,4
11,barra_16,PW,0.0,4
12,barra_16,PW,0.0,4
13,barra_16,PW,0.0,4
14,barra_16,PW,0.0,4
15,barra_16,PW,0.0,4
16,barra_16,PW,0.0,4
17,barra_16,PW,0.0,4
18,barra_16,PW,0.0,4
19,barra_16,PW,0.0,4
20,barra_16,PW,0.0,4
21,barra_16,PW,0.0,4
22,barra_16,PW,0.0,4
23,barra_16,PW,0.0,4
24,barra_16,PW,0.0,4
1,barra_17,PW,0.0,4
2,barra_17,PW,0.0,4
3,barra_17,PW,0.0,4
4,barra_17,PW,0.0,4
5,barra_17,PW,0.0,4
6,barra_17,PW,0.0,4
7,barra_17,PW,0.0,4
8,barra_17,PW,0.0,4
9,barra_17,PW,0.0,4
10,barra_17,PW,0.0,4
11,barra_17,PW,0.0,4
12,barra_17,PW,0.0,4
13,barra_17,PW,0.0,4
14,barra_17,PW,0.0,4
15,barra_17,PW,0.0,4
16,barra_17,PW,0.0,4
17,barra_17,PW,0.0,4
18,barra_17,PW,0.0,4
19,barra_17,PW,0.0,4
20,barra_17,PW,0.0,4
21,barra_17,PW,0.0,4
22,barra_17,PW,0.0,4
23,barra_17,PW,0.0,4
24,barra_17,PW,0.0,4
1,barra_18,PW,0.408,4
2,barra_18,PW,0.42,4
3,barra_18,PW,0.432,4
4,barra_18,PW,0.444,4
5,barra_18,PW,0.42,4
6,barra_18,PW,0.396,4
7,barra_18,PW,0.36,4
8,barra_18,PW,0.33,4
9,barra_18,PW,0.3,4
10,barra_18,PW,0.276,4
11,barra_18,PW,0.264,4
12,barra_18,PW,0.252,4
13,barra_18,PW,0.24,4
14,barra_18,PW,0.228,4
15,barra_18,PW,0.24,4
16,barra_18,PW,0.27,4
17,barra_18,PW,0.312,4
18,barra_18,PW,0.372,4
19,barra_18,PW,0.432,4
20,barra_18,PW,0.48,4
21,barra_18,PW,0.516,4
22,barra_18,PW,0.54,4
23,barra_18,PW,0.504,4
24,barra_18,PW,0.456,4
1,barra_19,PW,0.0,4
2,barra_19,PW,0.0,4
3,barra_19,PW,0.0,4
4,barra_19,PW,0.0,4
5,barra_19,PW,0.0,4
6,barra_19,PW,0.0,4
7,barra_19,PW,0.0,4
8,barra_19,PW,0.0,4
9,barra_19,PW,0.0,4
10,barra_19,PW,0.0,4
11,barra_19,PW,0.0,4
12,barra_19,PW,0.0,4
13,barra_19,PW,0.0,4
14,barra_19,PW,0.0,4
15,barra_19,PW,0.0,4
16,barra_19,PW,0.0,4
17,barra_19,PW,0.0,4
18,barra_19,PW,0.0,4
19,barra_19,PW,0.0,4
20,barra_19,PW,0.0,4
21,barra_19,PW,0.0,4
22,barra_19,PW,0.0,4
23,barra_19,PW,0.0,4
24,barra_19,PW,0.0,4
1,barra_20,PW,0.0,4
2,barra_20,PW,0.0,4
3,barra_20,PW,0.0,4
4,barra_20,PW,0.0,4
5,barra_20,PW,0.0,4
6,barra_20,PW,0.0,4
7,barra_20,PW,0.0,4
8,barra_20,PW,0.0,4
9,barra_20,PW,0.0,4
10,barra_20,PW,0.0,4
11,barra_20,PW,0.0,4
12,barra_20,PW,0.0,4
13,barra_20,PW,0.0,4
14,barra_20,PW,0.0,4
15,barra_20,PW,0.0,4
16,barra_20,PW,0.0,4
17,barra_20,PW,0.0,4
18,barra_20,PW,0.0,4
19,barra_20,PW,0.0,4
20,barra_20,PW,0.0,4
21,barra_20,PW,0.0,4
22,barra_20,PW,0.0,4
23,barra_20,PW,0.0,4
24,barra_20,PW,0.0,4
1,barra_21,PW,0.0,4
2,barra_21,PW,0.0,4
3,barra_21,PW,0.0,4
4,barra_21,PW,0.0,4
5,barra_21,PW,0.0,4
6,barra_21,PW,0.0,4
7,barra_21,PW,0.0,4
8,barra_21,PW,0.0,4
9,barra_21,PW,0.0,4
10,barra_21,PW,0.0,4
11,barra_21,PW,0.0,4
12,barra_21,PW,0.0,4
13,barra_21,PW,0.0,4
14,barra_21,PW,0.0,4
15,barra_21,PW,0.0,4
16,barra_21,PW,0.0,4
17,barra_21,PW,0.0,4
18,barra_21,PW,0.0,4
19,barra_21,PW,0.0,4
20,barra_21,PW,0.0,4
21,barra_21,PW,0.0,4
22,barra_21,PW,0.0,4
23,barra_21,PW,0.0,4
24,barra_21,PW,0.0,4
1,barra_22,PW,0.0,4
2,barra_22,PW,0.0,4
3,barra_22,PW,0.0,4
4,barra_22,PW,0.0,4
5,barra_22,PW,0.0,4
6,barra_22,PW,0.0,4
7,barra_22,PW,0.0,4
8,barra_22,PW,0.0,4
9,barra_22,PW,0.0,4
10,barra_22,PW,0.0,4
11,barra_22,PW,0.0,4
12,barra_22,PW,0.0,4
13,barra_22,PW,0.0,4
14,barra_22,PW,0.0,4
15,barra_22,PW,0.0,4
16,barra_22,PW,0.0,4
17,barra_22,PW,0.0,4
18,barra_22,PW,0.0,4
19,barra_22,PW,0.0,4
20,barra_22,PW,0.0,4
21,barra_22,PW,0.0,4
22,barra_22,PW,0.0,4
23,barra_22,PW,0.0,4
24,barra_22,PW,0.0,4
1,barra_23,PW,0.0,4
2,barra_23,PW,0.0,4
3,barra_23,PW,0.0,4
4,barra_23,PW,0.0,4
5,barra_23,PW,0.0,4
6,barra_23,PW,0.0,4
7,barra_23,PW,0.0,4
8,barra_23,PW,0.0,4
9,barra_23,PW,0.0,4
10,barra_23,PW,0.0,4
11,barra_23,PW,0.0,4
12,barra_23,PW,0.0,4
13,barra_23,PW,0.0,4
14,barra_23,PW,0.0,4
15,barra_23,PW,0.0,4
16,barra_23,PW,0.0,4
17,barra_23,PW,0.0,4
18,barra_23,PW,0.0,4
19,barra_23,PW,0.0,4
20,barra_23,PW,0.0,4
21,barra_23,PW,0.0,4
22,barra_23,PW,0.0,4
23,barra_23,PW,0.0,4
24,barra_23,PW,0.0,4
1,barra_24,PW,0.0,4
2,barra_24,PW,0.0,4
3,barra_24,PW,0.0,4
4,barra_24,PW,0.0,4
5,barra_24,PW,0.0,4
6,barra_24,PW,0.0,4
7,barra_24,PW,0.0,4
8,barra_24,PW,0.0,4
9,barra_24,PW,0.0,4
10,barra_24,PW,0.0,4
11,barra_24,PW,0.0,4
12,barra_24,PW,0.0,4
13,barra_24,PW,0.0,4
14,barra_24,PW,0.0,4
15,barra_24,PW,0.0,4
16,barra_24,PW,0.0,4
17,barra_24,PW,0.0,4
18,barra_24,PW,0.0,4
19,barra_24,PW,0.0,4
20,barra_24,PW,0.0,4
21,barra_24,PW,0.0,4
22,barra_24,PW,0.0,4
23,barra_24,PW,0.0,4
24,barra_24,PW,0.0,4
1,barra_25,PW,0.57769385,4
2,barra_25,PW,0.59066773,4
3,barra_25,PW,0.60007733,4
4,barra_25,PW,0.60439865,4
5,barra_25,PW,0.59855729,4
6,barra_25,PW,0.55091081,4
7,barra_25,PW,0.46788526,4
8,barra_25,PW,0.39960109,4
9,barra_25,PW,0.29185316,4
10,barra_25,PW,0.19049307,4
11,barra_25,PW,0.12101291,4
12,barra_25,PW,0.066313092,4
13,barra_25,PW,0.021357626,4
14,barra_25,PW,0.021657438,4
15,barra_25,PW,0.075587856,4
16,barra_25,PW,0.18052764,4
17,barra_25,PW,0.33267743,4
18,barra_25,PW,0.46916853,4
19,barra_25,PW,0.58605414,4
20,barra_25,PW,0.61664026,4
21,barra_25,PW,0.62271648,4
22,barra_25,PW,0.64439245,4
23,barra_25,PW,0.66016761,4
24,barra_25,PW,0.65866739,4
1,barra_26,PW,0.0,4
2,barra_26,PW,0.0,4
3,barra_26,PW,0.0,4
4,barra_26,PW,0.0,4
5,barra_26,PW,0.0,4
6,barra_26,PW,0.0,4
7,barra_26,PW,0.0,4
8,barra_26,PW,0.0,4
9,barra_26,PW,0.0,4
10,barra_26,PW,0.0,4
11,barra_26,PW,0.0,4
12,barra_26,PW,0.0,4
13,barra_26,PW,0.0,4
14,barra_26,PW,0.0,4
15,barra_26,PW,0.0,4
16,barra_26,PW,0.0,4
17,barra_26,PW,0.0,4
18,barra_26,PW,0.0,4
19,barra_26,PW,0.0,4
20,barra_26,PW,0.0,4
21,barra_26,PW,0.0,4
22,barra_26,PW,0.0,4
23,barra_26,PW,0.0,4
24,barra_26,PW,0.0,4
1,barra_27,PW,0.0,4
2,barra_27,PW,0.0,4
3,barra_27,PW,0.0,4
4,barra_27,PW,0.0,4
5,barra_27,PW,0.0,4
6,barra_27,PW,0.0,4
7,barra_27,PW,0.0,4
8,barra_27,PW,0.0,4
9,barra_27,PW,0.0,4
10,barra_27,PW,0.0,4
11,barra_27,PW,0.0,4
12,barra_27,PW,0.0,4
13,barra_27,PW,0.0,4
14,barra_27,PW,0.0,4
15,barra_27,PW,0.0,4
16,barra_27,PW,0.0,4
17,barra_27,PW,0.0,4
18,barra_27,PW,0.0,4
19,barra_27,PW,0.0,4
20,barra_27,PW,0.0,4
21,barra_27,PW,0.0,4
22,barra_27,PW,0.0,4
23,barra_27,PW,0.0,4
24,barra_27,PW,0.0,4
1,barra_28,PW,0.0,4
2,barra_28,PW,0.0,4
3,barra_28,PW,0.0,4
4,barra_28,PW,0.0,4
5,barra_28,PW,0.0,4
6,barra_28,PW,0.0,4
7,barra_28,PW,0.0,4
8,barra_28,PW,0.0,4
9,barra_28,PW,0.0,4
10,barra_28,PW,0.0,4
11,barra_28,PW,0.0,4
12,barra_28,PW,0.0,4
13,barra_28,PW,0.0,4
14,barra_28,PW,0.0,4
15,barra_28,PW,0.0,4
16,barra_28,PW,0.0,4
17,barra_28,PW,0.0,4
18,barra_28,PW,0.0,4
19,barra_28,PW,0.0,4
20,barra_28,PW,0.0,4
21,barra_28,PW,0.0,4
22,barra_28,PW,0.0,4
23,barra_28,PW,0.0,4
24,barra_28,PW,0.0,4
1,barra_29,PW,0.0,4
2,barra_29,PW,0.0,4
3,barra_29,PW,0.0,4
4,barra_29,PW,0.0,4
5,barra_29,PW,0.0,4
6,barra_29,PW,0.0,4
7,barra_29,PW,0.0,4
8,barra_29,PW,0.0,4
9,barra_29,PW,0.0,4
10,barra_29,PW,0.0,4
11,barra_29,PW,0.0,4
12,barra_29,PW,0.0,4
13,barra_29,PW,0.0,4
14,barra_29,PW,0.0,4
15,barra_29,PW,0.0,4
16,barra_29,PW,0.0,4
17,barra_29,PW,0.0,4
18,barra_29,PW,0.0,4
19,barra_29,PW,0.0,4
20,barra_29,PW,0.0,4
21,barra_29,PW,0.0,4
22,barra_29,PW,0.0,4
23,barra_29,PW,0.0,4
24,barra_29,PW,0.0,4
1,barra_30,PW,0.374,4
2,barra_30,PW,0.385,4
3,barra_30,PW,0.396,4
4,barra_30,PW,0.407,4
5,barra_30,PW,0.385,4
6,barra_30,PW,0.363,4
7,barra_30,PW,0.33,4
8,barra_30,PW,0.3025,4
9,barra_30,PW,0.275,4
10,barra_30,PW,0.253,4
11,barra_30,PW,0.242,4
12,barra_30,PW,0.231,4
13,barra_30,PW,0.22,4
14,barra_30,PW,0.209,4
15,barra_30,PW,0.22,4
16,barra_30,PW,0.2475,4
17,barra_30,PW,0.286,4
18,barra_30,PW,0.341,4
19,barra_30,PW,0.396,4
20,barra_30,PW,0.44,4
21,barra_30,PW,0.473,4
22,barra_30,PW,0.495,4
23,barra_30,PW,0.462,4
24,barra_30,PW,0.418,4
1,barra_31,PW,0.0,4
2,barra_31,PW,0.0,4
3,barra_31,PW,0.0,4
4,barra_31,PW,0.0,4
5,barra_31,PW,0.0,4
6,barra_31,PW,0.0,4
7,barra_31,PW,0.0,4
8,barra_31,PW,0.0,4
9,barra_31,PW,0.0,4
10,barra_31,PW,0.0,4
11,barra_31,PW,0.0,4
12,barra_31,PW,0.0,4
13,barra_31,PW,0.0,4
14,barra_31,PW,0.0,4
15,barra_31,PW,0.0,4
16,barra_31,PW,0.0,4
17,barra_31,PW,0.0,4
18,barra_31,PW,0.0,4
19,barra_31,PW,0.0,4
20,barra_31,PW,0.0,4
21,barra_31,PW,0.0,4
22,barra_31,PW,0.0,4
23,barra_31,PW,0.0,4
24,barra_31,PW,0.0,4
1,barra_32,PW,0.0,4
2,barra_32,PW,0.0,4
3,barra_32,PW,0.0,4
4,barra_32,PW,0.0,4
5,barra_32,PW,0.0,4
6,barra_32,PW,0.0,4
7,barra_32,PW,0.0,4
8,barra_32,PW,0.0,4
9,barra_32,PW,0.0,4
10,barra_32,PW,0.0,4
11,barra_32,PW,0.0,4
12,barra_32,PW,0.0,4
13,barra_32,PW,0.0,4
14,barra_32,PW,0.0,4
15,barra_32,PW,0.0,4
16,barra_32,PW,0.0,4
17,barra_32,PW,0.0,4
18,barra_32,PW,0.0,4
19,barra_32,PW,0.0,4
20,barra_32,PW,0.0,4
21,barra_32,PW,0.0,4
22,barra_32,PW,0.0,4
23,barra_32,PW,0.0,4
24,barra_32,PW,0.0,4
1,barra_33,PW,0.0,4
2,barra_33,PW,0.0,4
3,barra_33,PW,0.0,4
4,barra_33,PW,0.0,4
5,barra_33,PW,0.0,4
6,barra_33,PW,0.0,4
7,barra_33,PW,0.0,4
8,barra_33,PW,0.0,4
9,barra_33,PW,0.0,4
10,barra_33,PW,0.0,4
11,barra_33,PW,0.0,4
12,barra_33,PW,0.0,4
13,barra_33,PW,0.0,4
14,barra_33,PW,0.0,4
15,barra_33,PW,0.0,4
16,barra_33,PW,0.0,4
17,barra_33,PW,0.0,4
18,barra_33,PW,0.0,4
19,barra_33,PW,0.0,4
20,barra_33,PW,0.0,4
21,barra_33,PW,0.0,4
22,barra_33,PW,0.0,4
23,barra_33,PW,0.0,4
24,barra_33,PW,0.0,4
1,barra_1,CS,0.0,4
2,barra_1,CS,0.0,4
3,barra_1,CS,0.0,4
4,barra_1,CS,0.0,4
5,barra_1,CS,0.0,4
6,barra_1,CS,0.0,4
7,barra_1,CS,0.0,4
8,barra_1,CS,0.0,4
9,barra_1,CS,0.0,4
10,barra_1,CS,0.0,4
11,barra_1,CS,0.0,4
12,barra_1,CS,0.0,4
13,barra_1,CS,0.0,4
14,barra_1,CS,0.0,4
15,barra_1,CS,0.0,4
16,barra_1,CS,0.0,4
17,barra_1,CS,0.0,4
18,barra_1,CS,0.0,4
19,barra_1,CS,0.0,4
20,barra_1,CS,0.0,4
21,barra_1,CS,0.0,4
22,barra_1,CS,0.0,4
23,barra_1,CS,0.0,4
24,barra_1,CS,0.0,4
1,barra_2,CS,0.0,4
2,barra_2,CS,0.0,4
3,barra_2,CS,0.0,4
4,barra_2,CS,0.0,4
5,barra_2,CS,0.0,4
6,barra_2,CS,0.0,4
7,barra_2,CS,0.0,4
8,barra_2,CS,0.0,4
9,barra_2,CS,0.0,4
10,barra_2,CS,0.0,4
11,barra_2,CS,0.0,4
12,barra_2,CS,0.0,4
13,barra_2,CS,0.0,4
14,barra_2,CS,0.0,4
15,barra_2,CS,0.0,4
16,barra_2,CS,0.0,4
17,barra_2,CS,0.0,4
18,barra_2,CS,0.0,4
19,barra_2,CS,0.0,4
20,barra_2,CS,0.0,4
21,barra_2,CS,0.0,4
22,barra_2,CS,0.0,4
23,barra_2,CS,0.0,4
24,barra_2,CS,0.0,4
1,barra_3,CS,0.0,4
2,barra_3,CS,0.0,4
3,barra_3,CS,0.0,4
4,barra_3,CS,0.0,4
5,barra_3,CS,0.0,4
6,barra_3,CS,0.0,4
7,barra_3,CS,0.0,4
8,barra_3,CS,0.0,4
9,barra_3,CS,0.0,4
10,barra_3,CS,0.0,4
11,barra_3,CS,0.0,4
12,barra_3,CS,0.0,4
13,barra_3,CS,0.0,4
14,barra_3,CS,0.0,4
15,barra_3,CS,0.0,4
16,barra_3,CS,0.0,4
17,barra_3,CS,0.0,4
18,barra_3,CS,0.0,4
19,barra_3,CS,0.0,4
20,barra_3,CS,0.0,4
21,barra_3,CS,0.0,4
22,barra_3,CS,0.0,4
23,barra_3,CS,0.0,4
24,barra_3,CS,0.0,4
1,barra_4,CS,0.0,4
2,barra_4,CS,0.0,4
3,barra_4,CS,0.0,4
4,barra_4,CS,0.0,4
5,barra_4,CS,0.0,4
6,barra_4,CS,0.0,4
7,barra_4,CS,0.0,4
8,barra_4,CS,0.0,4
9,barra_4,CS,0.0,4
10,barra_4,CS,0.0,4
11,barra_4,CS,0.0,4
12,barra_4,CS,0.0,4
13,barra_4,CS,0.0,4
14,barra_4,CS,0.0,4
15,barra_4,CS,0.0,4
16,barra_4,CS,0.0,4
17,barra_4,CS,0.0,4
18,barra_4,CS,0.0,4
19,barra_4,CS,0.0,4
20,barra_4,CS,0.0,4
21,barra_4,CS,0.0,4
22,barra_4,CS,0.0,4
23,barra_4,CS,0.0,4
24,barra_4,CS,0.0,4
1,barra_5,CS,0.0,4
2,barra_5,CS,0.0,4
3,barra_5,CS,0.0,4
4,barra_5,CS,0.0,4
5,barra_5,CS,0.0,4
6,barra_5,CS,0.0,4
7,barra_5,CS,0.0,4
8,barra_5,CS,0.0,4
9,barra_5,CS,0.0,4
10,barra_5,CS,0.0,4
11,barra_5,CS,0.0,4
12,barra_5,CS,0.0,4
13,barra_5,CS,0.0,4
14,barra_5,CS,0.0,4
15,barra_5,CS,0.0,4
16,barra_5,CS,0.0,4
17,barra_5,CS,0.0,4
18,barra_5,CS,0.0,4
19,barra_5,CS,0.0,4
20,barra_5,CS,0.0,4
21,barra_5,CS,0.0,4
22,barra_5,CS,0.0,4
23,barra_5,CS,0.0,4
24,barra_5,CS,0.0,4
1,barra_6,CS,0.0,4
2,barra_6,CS,0.0,4
3,barra_6,CS,0.0,4
4,barra_6,CS,0.0,4
5,barra_6,CS,0.0,4
6,barra_6,CS,-0.0,4
7,barra_6,CS,-0.0,4
8,barra_6,CS,-0.0,4
9,barra_6,CS,-0.0,4
10,barra_6,CS,-0.0,4
11,barra_6,CS,-0.0,4
12,barra_6,CS,-0.0,4
13,barra_6,CS,-0.0,4
14,barra_6,CS,-0.0,4
15,barra_6,CS,-0.0,4
16,barra_6,CS,-0.0,4
17,barra_6,CS,-0.0,4
18,barra_6,CS,-0.0,4
19,barra_6,CS,-0.0,4
20,barra_6,CS,0.0,4
21,barra_6,CS,0.0,4
22,barra_6,CS,0.0,4
23,barra_6,CS,0.0,4
24,barra_6,CS,0.0,4
1,barra_7,CS,0.0,4
2,barra_7,CS,0.0,4
3,barra_7,CS,0.0,4
4,barra_7,CS,0.0,4
5,barra_7,CS,0.0,4
6,barra_7,CS,0.0,4
7,barra_7,CS,0.0,4
8,barra_7,CS,0.0,4
9,barra_7,CS,0.0,4
10,barra_7,CS,0.0,4
11,barra_7,CS,0.0,4
12,barra_7,CS,0.0,4
13,barra_7,CS,0.0,4
14,barra_7,CS,0.0,4
15,barra_7,CS,0.0,4
16,barra_7,CS,0.0,4
17,barra_7,CS,0.0,4
18,barra_7,CS,0.0,4
19,barra_7,CS,0.0,4
20,barra_7,CS,0.0,4
21,barra_7,CS,0.0,4
22,barra_7,CS,0.0,4
23,barra_7,CS,0.0,4
24,barra_7,CS,0.0,4
1,barra_8,CS,0.0,4
2,barra_8,CS,0.0,4
3,barra_8,CS,0.0,4
4,barra_8,CS,0.0,4
5,barra_8,CS,0.0,4
6,barra_8,CS,0.0,4
7,barra_8,CS,0.0,4
8,barra_8,CS,0.0,4
9,barra_8,CS,0.0,4
10,barra_8,CS,0.0,4
11,barra_8,CS,0.0,4
12,barra_8,CS,0.0,4
13,barra_8,CS,0.0,4
14,barra_8,CS,0.0,4
15,barra_8,CS,0.0,4
16,barra_8,CS,0.0,4
17,barra_8,CS,0.0,4
18,barra_8,CS,0.0,4
19,barra_8,CS,0.0,4
20,barra_8,CS,0.0,4
21,barra_8,CS,0.0,4
22,barra_8,CS,0.0,4
23,barra_8,CS,0.0,4
24,barra_8,CS,0.0,4
1,barra_9,CS,0.0,4
2,barra_9,CS,0.0,4
3,barra_9,CS,0.0,4
4,barra_9,CS,0.0,4
5,barra_9,CS,0.0,4
6,barra_9,CS,0.0,4
7,barra_9,CS,0.0,4
8,barra_9,CS,0.0,4
9,barra_9,CS,0.0,4
10,barra_9,CS,0.0,4
11,barra_9,CS,0.0,4
12,barra_9,CS,0.0,4
13,barra_9,CS,0.0,4
14,barra_9,CS,0.0,4
15,barra_9,CS,0.0,4
16,barra_9,CS,0.0,4
17,barra_9,CS,0.0,4
18,barra_9,CS,0.0,4
19,barra_9,CS,0.0,4
20,barra_9,CS,0.0,4
21,barra_9,CS,0.0,4
22,barra_9,CS,0.0,4
23,barra_9,CS,0.0,4
24,barra_9,CS,0.0,4
1,barra_10,CS,0.0,4
2,barra_10,CS,0.0,4
3,barra_10,CS,0.0,4
4,barra_10,CS,0.0,4
5,barra_10,CS,0.0,4
6,barra_10,CS,0.0,4
7,barra_10,CS,0.0,4
8,barra_10,CS,0.0,4
9,barra_10,CS,0.0,4
10,barra_10,CS,0.0,4
11,barra_10,CS,0.0,4
12,barra_10,CS,0.0,4
13,barra_10,CS,0.0,4
14,barra_10,CS,0.0,4
15,barra_10,CS,0.0,4
16,barra_10,CS,0.0,4
17,barra_10,CS,0.0,4
18,barra_10,CS,0.0,4
19,barra_10,CS,0.0,4
20,barra_10,CS,0.0,4
21,barra_10,CS,0.0,4
22,barra_10,CS,0.0,4
23,barra_10,CS,0.0,4
24,barra_10,CS,0.0,4
1,barra_11,CS,0.0,4
2,barra_11,CS,0.0,4
3,barra_11,CS,0.0,4
4,barra_11,CS,0.0,4
5,barra_11,CS,0.0,4
6,barra_11,CS,0.0,4
7,barra_11,CS,0.0,4
8,barra_11,CS,0.0,4
9,barra_11,CS,0.0,4
10,barra_11,CS,0.0,4
11,barra_11,CS,0.0,4
12,barra_11,CS,0.0,4
13,barra_11,CS,0.0,4
14,barra_11,CS,0.0,4
15,barra_11,CS,0.0,4
16,barra_11,CS,0.0,4
17,barra_11,CS,0.0,4
18,barra_11,CS,0.0,4
19,barra_11,CS,0.0,4
20,barra_11,CS,0.0,4
21,barra_11,CS,0.0,4
22,barra_11,CS,0.0,4
23,barra_11,CS,0.0,4
24,barra_11,CS,0.0,4
1,barra_12,CS,0.0,4
2,barra_12,CS,0.0,4
3,barra_12,CS,0.0,4
4,barra_12,CS,0.0,4
5,barra_12,CS,0.0,4
6,barra_12,CS,0.0,4
7,barra_12,CS,0.0,4
8,barra_12,CS,0.0,4
9,barra_12,CS,0.0,4
10,barra_12,CS,0.0,4
11,barra_12,CS,0.0,4
12,barra_12,CS,0.0,4
13,barra_12,CS,0.0,4
14,barra_12,CS,0.0,4
15,barra_12,CS,0.0,4
16,barra_12,CS,0.0,4
17,barra_12,CS,0.0,4
18,barra_12,CS,0.0,4
19,barra_12,CS,0.0,4
20,barra_12,CS,0.0,4
21,barra_12,CS,0.0,4
22,barra_12,CS,0.0,4
23,barra_12,CS,0.0,4
24,barra_12,CS,0.0,4
1,barra_13,CS,0.0,4
2,barra_13,CS,0.0,4
3,barra_13,CS,0.0,4
4,barra_13,CS,0.0,4
5,barra_13,CS,0.0,4
6,barra_13,CS,0.0,4
7,barra_13,CS,0.0,4
8,barra_13,CS,0.0,4
9,barra_13,CS,0.0,4
10,barra_13,CS,0.0,4
11,barra_13,CS,0.0,4
12,barra_13,CS,0.0,4
13,barra_13,CS,0.0,4
14,barra_13,CS,0.0,4
15,barra_13,CS,0.0,4
16,barra_13,CS,0.0,4
17,barra_13,CS,0.0,4
18,barra_13,CS,0.0,4
19,barra_13,CS,0.0,4
20,barra_13,CS,0.0,4
21,barra_13,CS,0.0,4
22,barra_13,CS,0.0,4
23,barra_13,CS,0.0,4
24,barra_13,CS,0.0,4
1,barra_14,CS,0.0,4
2,barra_14,CS,0.0,4
3,barra_14,CS,0.0,4
4,barra_14,CS,0.0,4
5,barra_14,CS,0.0,4
6,barra_14,CS,-0.0,4
7,barra_14,CS,-0.0,4
8,barra_14,CS,-0.0,4
9,barra_14,CS,-0.0,4
10,barra_14,CS,-0.0,4
11,barra_14,CS,-0.0,4
12,barra_14,CS,-0.0,4
13,barra_14,CS,-0.0,4
14,barra_14,CS,-0.0,4
15,barra_14,CS,-0.0,4
16,barra_14,CS,-0.0,4
17,barra_14,CS,-0.0,4
18,barra_14,CS,-0.0,4
19,barra_14,CS,-0.0,4
20,barra_14,CS,0.0,4
21,barra_14,CS,0.0,4
22,barra_14,CS,0.0,4
23,barra_14,CS,0.0,4
24,barra_14,CS,0.0,4
1,barra_15,CS,0.0,4
2,barra_15,CS,0.0,4
3,barra_15,CS,0.0,4
4,barra_15,CS,0.0,4
5,barra_15,CS,0.0,4
6,barra_15,CS,0.0,4
7,barra_15,CS,0.0,4
8,barra_15,CS,0.0,4
9,barra_15,CS,0.0,4
10,barra_15,CS,0.0,4
11,barra_15,CS,0.0,4
12,barra_15,CS,0.0,4
13,barra_15,CS,0.0,4
14,barra_15,CS,0.0,4
15,barra_15,CS,0.0,4
16,barra_15,CS,0.0,4
17,barra_15,CS,0.0,4
18,barra_15,CS,0.0,4
19,barra_15,CS,0.0,4
20,barra_15,CS,0.0,4
21,barra_15,CS,0.0,4
22,barra_15,CS,0.0,4
23,barra_15,CS,0.0,4
24,barra_15,CS,0.0,4
1,barra_16,CS,0.0,4
2,barra_16,CS,0.0,4
3,barra_16,CS,0.0,4
4,barra_16,CS,0.0,4
5,barra_16,CS,0.0,4
6,barra_16,CS,0.0,4
7,barra_16,CS,0.0,4
8,barra_16,CS,0.0,4
9,barra_16,CS,0.0,4
10,barra_16,CS,0.0,4
11,barra_16,CS,0.0,4
12,barra_16,CS,0.0,4
13,barra_16,CS,0.0,4
14,barra_16,CS,0.0,4
15,barra_16,CS,0.0,4
16,barra_16,CS,0.0,4
17,barra_16,CS,0.0,4
18,barra_16,CS,0.0,4
19,barra_16,CS,0.0,4
20,barra_16,CS,0.0,4
21,barra_16,CS,0.0,4
22,barra_16,CS,0.0,4
23,barra_16,CS,0.0,4
24,barra_16,CS,0.0,4
1,barra_17,CS,0.0,4
2,barra_17,CS,0.0,4
3,barra_17,CS,0.0,4
4,barra_17,CS,0.0,4
5,barra_17,CS,0.0,4
6,barra_17,CS,0.0,4
7,barra_17,CS,0.0,4
8,barra_17,CS,0.0,4
9,barra_17,CS,0.0,4
10,barra_17,CS,0.0,4
11,barra_17,CS,0.0,4
12,barra_17,CS,0.0,4
13,barra_17,CS,0.0,4
14,barra_17,CS,0.0,4
15,barra_17,CS,0.0,4
16,barra_17,CS,0.0,4
17,barra_17,CS,0.0,4
18,barra_17,CS,0.0,4
19,barra_17,CS,0.0,4
20,barra_17,CS,0.0,4
21,barra_17,CS,0.0,4
22,barra_17,CS,0.0,4
23,barra_17,CS,0.0,4
24,barra_17,CS,0.0,4
1,barra_18,CS,0.0,4
2,barra_18,CS,0.0,4
3,barra_18,CS,0.0,4
4,barra_18,CS,0.0,4
5,barra_18,CS,0.0,4
6,barra_18,CS,0.0,4
7,barra_18,CS,0.0,4
8,barra_18,CS,0.0,4
9,barra_18,CS,0.0,4
10,barra_18,CS,0.0,4
11,barra_18,CS,0.0,4
12,barra_18,CS,0.0,4
13,barra_18,CS,0.0,4
14,barra_18,CS,0.0,4
15,barra_18,CS,0.0,4
16,barra_18,CS,0.0,4
17,barra_18,CS,0.0,4
18,barra_18,CS,0.0,4
19,barra_18,CS,0.0,4
20,barra_18,CS,0.0,4
21,barra_18,CS,0.0,4
22,barra_18,CS,0.0,4
23,barra_18,CS,0.0,4
24,barra_18,CS,0.0,4
1,barra_19,CS,0.0,4
2,barra_19,CS,0.0,4
3,barra_19,CS,0.0,4
4,barra_19,CS,0.0,4
5,barra_19,CS,0.0,4
6,barra_19,CS,0.0,4
7,barra_19,CS,0.0,4
8,barra_19,CS,0.0,4
9,barra_19,CS,0.0,4
10,barra_19,CS,0.0,4
11,barra_19,CS,0.0,4
12,barra_19,CS,0.0,4
13,barra_19,CS,0.0,4
14,barra_19,CS,0.0,4
15,barra_19,CS,0.0,4
16,barra_19,CS,0.0,4
17,barra_19,CS,0.0,4
18,barra_19,CS,0.0,4
19,barra_19,CS,0.0,4
20,barra_19,CS,0.0,4
21,barra_19,CS,0.0,4
22,barra_19,CS,0.0,4
23,barra_19,CS,0.0,4
24,barra_19,CS,0.0,4
1,barra_20,CS,0.0,4
2,barra_20,CS,0.0,4
3,barra_20,CS,0.0,4
4,barra_20,CS,0.0,4
5,barra_20,CS,0.0,4
6,barra_20,CS,0.0,4
7,barra_20,CS,0.0,4
8,barra_20,CS,0.0,4
9,barra_20,CS,0.0,4
10,barra_20,CS,0.0,4
11,barra_20,CS,0.0,4
12,barra_20,CS,0.0,4
13,barra_20,CS,0.0,4
14,barra_20,CS,0.0,4
15,barra_20,CS,0.0,4
16,barra_20,CS,0.0,4
17,barra_20,CS,0.0,4
18,barra_20,CS,0.0,4
19,barra_20,CS,0.0,4
20,barra_20,CS,0.0,4
21,barra_20,CS,0.0,4
22,barra_20,CS,0.0,4
23,barra_20,CS,0.0,4
24,barra_20,CS,0.0,4
1,barra_21,CS,0.0,4
2,barra_21,CS,0.0,4
3,barra_21,CS,0.0,4
4,barra_21,CS,0.0,4
5,barra_21,CS,0.0,4
6,barra_21,CS,0.0,4
7,barra_21,CS,0.0,4
8,barra_21,CS,0.0,4
9,barra_21,CS,0.0,4
10,barra_21,CS,0.0,4
11,barra_21,CS,0.0,4
12,barra_21,CS,0.0,4
13,barra_21,CS,0.0,4
14,barra_21,CS,0.0,4
15,barra_21,CS,0.0,4
16,barra_21,CS,0.0,4
17,barra_21,CS,0.0,4
18,barra_21,CS,0.0,4
19,barra_21,CS,0.0,4
20,barra_21,CS,0.0,4
21,barra_21,CS,0.0,4
22,barra_21,CS,0.0,4
23,barra_21,CS,0.0,4
24,barra_21,CS,0.0,4
1,barra_22,CS,0.0,4
2,barra_22,CS,0.0,4
3,barra_22,CS,0.0,4
4,barra_22,CS,0.0,4
5,barra_22,CS,0.0,4
6,barra_22,CS,0.0,4
7,barra_22,CS,0.0,4
8,barra_22,CS,0.0,4
9,barra_22,CS,0.0,4
10,barra_22,CS,0.0,4
11,barra_22,CS,0.0,4
12,barra_22,CS,0.0,4
13,barra_22,CS,0.0,4
14,barra_22,CS,0.0,4
15,barra_22,CS,0.0,4
16,barra_22,CS,0.0,4
17,barra_22,CS,0.0,4
18,barra_22,CS,0.0,4
19,barra_22,CS,0.0,4
20,barra_22,CS,0.0,4
21,barra_22,CS,0.0,4
22,barra_22,CS,0.0,4
23,barra_22,CS,0.0,4
24,barra_22,CS,0.0,4
1,barra_23,CS,0.0,4
2,barra_23,CS,0.0,4
3,barra_23,CS,0.0,4
4,barra_23,CS,0.0,4
5,barra_23,CS,0.0,4
6,barra_23,CS,0.0,4
7,barra_23,CS,0.0,4
8,barra_23,CS,0.0,4
9,barra_23,CS,0.0,4
10,barra_23,CS,0.0,4
11,barra_23,CS,0.0,4
12,barra_23,CS,0.0,4
13,barra_23,CS,0.0,4
14,barra_23,CS,0.0,4
15,barra_23,CS,0.0,4
16,barra_23,CS,0.0,4
17,barra_23,CS,0.0,4
18,barra_23,CS,0.0,4
19,barra_23,CS,0.0,4
20,barra_23,CS,0.0,4
21,barra_23,CS,0.0,4
22,barra_23,CS,0.0,4
23,barra_23,CS,0.0,4
24,barra_23,CS,0.0,4
1,barra_24,CS,0.0,4
2,barra_24,CS,0.0,4
3,barra_24,CS,0.0,4
4,barra_24,CS,0.0,4
5,barra_24,CS,0.0,4
6,barra_24,CS,0.0,4
7,barra_24,CS,0.0,4
8,barra_24,CS,0.0,4
9,barra_24,CS,0.0,4
10,barra_24,CS,0.0,4
11,barra_24,CS,0.0,4
12,barra_24,CS,0.0,4
13,barra_24,CS,0.0,4
14,barra_24,CS,0.0,4
15,barra_24,CS,0.0,4
16,barra_24,CS,0.0,4
17,barra_24,CS,0.0,4
18,barra_24,CS,0.0,4
19,barra_24,CS,0.0,4
20,barra_24,CS,0.0,4
21,barra_24,CS,0.0,4
22,barra_24,CS,0.0,4
23,barra_24,CS,0.0,4
24,barra_24,CS,0.0,4
1,barra_25,CS,0.0,4
2,barra_25,CS,0.0,4
3,barra_25,CS,0.0,4
4,barra_25,CS,0.0,4
5,barra_25,CS,0.0,4
6,barra_25,CS,-0.0,4
7,barra_25,CS,-0.0,4
8,barra_25,CS,-0.0,4
9,barra_25,CS,-0.0,4
10,barra_25,CS,-0.0,4
11,barra_25,CS,-0.0,4
12,barra_25,CS,-0.0,4
13,barra_25,CS,-0.0,4
14,barra_25,CS,-0.0,4
15,barra_25,CS,-0.0,4
16,barra_25,CS,-0.0,4
17,barra_25,CS,-0.0,4
18,barra_25,CS,-0.0,4
19,barra_25,CS,-0.0,4
20,barra_25,CS,0.0,4
21,barra_25,CS,0.0,4
22,barra_25,CS,0.0,4
23,barra_25,CS,0.0,4
24,barra_25,CS,0.0,4
1,barra_26,CS,0.0,4
2,barra_26,CS,0.0,4
3,barra_26,CS,0.0,4
4,barra_26,CS,0.0,4
5,barra_26,CS,0.0,4
6,barra_26,CS,0.0,4
7,barra_26,CS,0.0,4
8,barra_26,CS,0.0,4
9,barra_26,CS,0.0,4
10,barra_26,CS,0.0,4
11,barra_26,CS,0.0,4
12,barra_26,CS,0.0,4
13,barra_26,CS,0.0,4
14,barra_26,CS,0.0,4
15,barra_26,CS,0.0,4
16,barra_26,CS,0.0,4
17,barra_26,CS,0.0,4
18,barra_26,CS,0.0,4
19,barra_26,CS,0.0,4
20,barra_26,CS,0.0,4
21,barra_26,CS,0.0,4
22,barra_26,CS,0.0,4
23,barra_26,CS,0.0,4
24,barra_26,CS,0.0,4
1,barra_27,CS,0.0,4
2,barra_27,CS,0.0,4
3,barra_27,CS,0.0,4
4,barra_27,CS,0.0,4
5,barra_27,CS,0.0,4
6,barra_27,CS,0.0,4
7,barra_27,CS,0.0,4
8,barra_27,CS,0.0,4
9,barra_27,CS,0.0,4
10,barra_27,CS,0.0,4
11,barra_27,CS,0.0,4
12,barra_27,CS,0.0,4
13,barra_27,CS,0.0,4
14,barra_27,CS,0.0,4
15,barra_27,CS,0.0,4
16,barra_27,CS,0.0,4
17,barra_27,CS,0.0,4
18,barra_27,CS,0.0,4
19,barra_27,CS,0.0,4
20,barra_27,CS,0.0,4
21,barra_27,CS,0.0,4
22,barra_27,CS,0.0,4
23,barra_27,CS,0.0,4
24,barra_27,CS,0.0,4
1,barra_28,CS,0.0,4
2,barra_28,CS,0.0,4
3,barra_28,CS,0.0,4
4,barra_28,CS,0.0,4
5,barra_28,CS,0.0,4
6,barra_28,CS,0.0,4
7,barra_28,CS,0.0,4
8,barra_28,CS,0.0,4
9,barra_28,CS,0.0,4
10,barra_28,CS,0.0,4
11,barra_28,CS,0.0,4
12,barra_28,CS,0.0,4
13,barra_28,CS,0.0,4
14,barra_28,CS,0.0,4
15,barra_28,CS,0.0,4
16,barra_28,CS,0.0,4
17,barra_28,CS,0.0,4
18,barra_28,CS,0.0,4
19,barra_28,CS,0.0,4
20,barra_28,CS,0.0,4
21,barra_28,CS,0.0,4
22,barra_28,CS,0.0,4
23,barra_28,CS,0.0,4
24,barra_28,CS,0.0,4
1,barra_29,CS,0.0,4
2,barra_29,CS,0.0,4
3,barra_29,CS,0.0,4
4,barra_29,CS,0.0,4
5,barra_29,CS,0.0,4
6,barra_29,CS,0.0,4
7,barra_29,CS,0.0,4
8,barra_29,CS,0.0,4
9,barra_29,CS,0.0,4
10,barra_29,CS,0.0,4
11,barra_29,CS,0.0,4
12,barra_29,CS,0.0,4
13,barra_29,CS,0.0,4
14,barra_29,CS,0.0,4
15,barra_29,CS,0.0,4
16,barra_29,CS,0.0,4
17,barra_29,CS,0.0,4
18,barra_29,CS,0.0,4
19,barra_29,CS,0.0,4
20,barra_29,CS,0.0,4
21,barra_29,CS,0.0,4
22,barra_29,CS,0.0,4
23,barra_29,CS,0.0,4
24,barra_29,CS,0.0,4
1,barra_30,CS,0.0,4
2,barra_30,CS,0.0,4
3,barra_30,CS,0.0,4
4,barra_30,CS,0.0,4
5,barra_30,CS,0.0,4
6,barra_30,CS,0.0,4
7,barra_30,CS,0.0,4
8,barra_30,CS,0.0,4
9,barra_30,CS,0.0,4
10,barra_30,CS,0.0,4
11,barra_30,CS,0.0,4
12,barra_30,CS,0.0,4
13,barra_30,CS,0.0,4
14,barra_30,CS,0.0,4
15,barra_30,CS,0.0,4
16,barra_30,CS,0.0,4
17,barra_30,CS,0.0,4
18,barra_30,CS,0.0,4
19,barra_30,CS,0.0,4
20,barra_30,CS,0.0,4
21,barra_30,CS,0.0,4
22,barra_30,CS,0.0,4
23,barra_30,CS,0.0,4
24,barra_30,CS,0.0,4
1,barra_31,CS,0.0,4
2,barra_31,CS,0.0,4
3,barra_31,CS,0.0,4
4,barra_31,CS,0.0,4
5,barra_31,CS,0.0,4
6,barra_31,CS,0.0,4
7,barra_31,CS,0.0,4
8,barra_31,CS,0.0,4
9,barra_31,CS,0.0,4
10,barra_31,CS,0.0,4
11,barra_31,CS,0.0,4
12,barra_31,CS,0.0,4
13,barra_31,CS,0.0,4
14,barra_31,CS,0.0,4
15,barra_31,CS,0.0,4
16,barra_31,CS,0.0,4
17,barra_31,CS,0.0,4
18,barra_31,CS,0.0,4
19,barra_31,CS,0.0,4
20,barra_31,CS,0.0,4
21,barra_31,CS,0.0,4
22,barra_31,CS,0.0,4
23,barra_31,CS,0.0,4
24,barra_31,CS,0.0,4
1,barra_32,CS,0.0,4
2,barra_32,CS,0.0,4
3,barra_32,CS,0.0,4
4,barra_32,CS,0.0,4
5,barra_32,CS,0.0,4
6,barra_32,CS,0.0,4
7,barra_32,CS,0.0,4
8,barra_32,CS,0.0,4
9,barra_32,CS,0.0,4
10,barra_32,CS,0.0,4
11,barra_32,CS,0.0,4
12,barra_32,CS,0.0,4
13,barra_32,CS,0.0,4
14,barra_32,CS,0.0,4
15,barra_32,CS,0.0,4
16,barra_32,CS,0.0,4
17,barra_32,CS,0.0,4
18,barra_32,CS,0.0,4
19,barra_32,CS,0.0,4
20,barra_32,CS,0.0,4
21,barra_32,CS,0.0,4
22,barra_32,CS,0.0,4
23,barra_32,CS,0.0,4
24,barra_32,CS,0.0,4
1,barra_33,CS,0.0,4
2,barra_33,CS,0.0,4
3,barra_33,CS,0.0,4
4,barra_33,CS,0.0,4
5,barra_33,CS,0.0,4
6,barra_33,CS,0.0,4
7,barra_33,CS,0.0,4
8,barra_33,CS,0.0,4
9,barra_33,CS,0.0,4
10,barra_33,CS,0.0,4
11,barra_33,CS,0.0,4
12,barra_33,CS,0.0,4
13,barra_33,CS,0.0,4
14,barra_33,CS,0.0,4
15,barra_33,CS,0.0,4
16,barra_33,CS,0.0,4
17,barra_33,CS,0.0,4
18,barra_33,CS,0.0,4
19,barra_33,CS,0.0,4
20,barra_33,CS,0.0,4
21,barra_33,CS,0.0,4
22,barra_33,CS,0.0,4
23,barra_33,CS,0.0,4
24,barra_33,CS,0.0,4
1,barra_1,CW,0.0,4
2,barra_1,CW,0.0,4
3,barra_1,CW,0.0,4
4,barra_1,CW,0.0,4
5,barra_1,CW,0.0,4
6,barra_1,CW,0.0,4
7,barra_1,CW,0.0,4
8,barra_1,CW,0.0,4
9,barra_1,CW,0.0,4
10,barra_1,CW,0.0,4
11,barra_1,CW,0.0,4
12,barra_1,CW,0.0,4
13,barra_1,CW,0.0,4
14,barra_1,CW,0.0,4
15,barra_1,CW,0.0,4
16,barra_1,CW,0.0,4
17,barra_1,CW,0.0,4
18,barra_1,CW,0.0,4
19,barra_1,CW,0.0,4
20,barra_1,CW,0.0,4
21,barra_1,CW,0.0,4
22,barra_1,CW,0.0,4
23,barra_1,CW,0.0,4
24,barra_1,CW,0.0,4
1,barra_2,CW,0.0,4
2,barra_2,CW,0.0,4
3,barra_2,CW,0.0,4
4,barra_2,CW,0.0,4
5,barra_2,CW,0.0,4
6,barra_2,CW,0.0,4
7,barra_2,CW,0.0,4
8,barra_2,CW,0.0,4
9,barra_2,CW,0.0,4
10,barra_2,CW,0.0,4
11,barra_2,CW,0.0,4
12,barra_2,CW,0.0,4
13,barra_2,CW,0.0,4
14,barra_2,CW,0.0,4
15,barra_2,CW,0.0,4
16,barra_2,CW,0.0,4
17,barra_2,CW,0.0,4
18,barra_2,CW,0.0,4
19,barra_2,CW,0.0,4
20,barra_2,CW,0.0,4
21,barra_2,CW,0.0,4
22,barra_2,CW,0.0,4
23,barra_2,CW,0.0,4
24,barra_2,CW,0.0,4
1,barra_3,CW,0.0,4
2,barra_3,CW,0.0,4
3,barra_3,CW,0.0,4
4,barra_3,CW,0.0,4
5,barra_3,CW,0.0,4
6,barra_3,CW,0.0,4
7,barra_3,CW,0.0,4
8,barra_3,CW,0.0,4
9,barra_3,CW,0.0,4
10,barra_3,CW,0.0,4
11,barra_3,CW,0.0,4
12,barra_3,CW,0.0,4
13,barra_3,CW,0.0,4
14,barra_3,CW,0.0,4
15,barra_3,CW,0.0,4
16,barra_3,CW,0.0,4
17,barra_3,CW,0.0,4
18,barra_3,CW,0.0,4
19,barra_3,CW,0.0,4
20,barra_3,CW,0.0,4
21,barra_3,CW,0.0,4
22,barra_3,CW,0.0,4
23,barra_3,CW,0.0,4
24,barra_3,CW,0.0,4
1,barra_4,CW,0.0,4
2,barra_4,CW,0.0,4
3,barra_4,CW,0.0,4
4,barra_4,CW,0.0,4
5,barra_4,CW,0.0,4
6,barra_4,CW,0.0,4
7,barra_4,CW,0.0,4
8,barra_4,CW,0.0,4
9,barra_4,CW,0.0,4
10,barra_4,CW,0.0,4
11,barra_4,CW,0.0,4
12,barra_4,CW,0.0,4
13,barra_4,CW,0.0,4
14,barra_4,CW,0.0,4
15,barra_4,CW,0.0,4
16,barra_4,CW,0.0,4
17,barra_4,CW,0.0,4
18,barra_4,CW,0.0,4
19,barra_4,CW,0.0,4
20,barra_4,CW,0.0,4
21,barra_4,CW,0.0,4
22,barra_4,CW,0.0,4
23,barra_4,CW,0.0,4
24,barra_4,CW,0.0,4
1,barra_5,CW,0.0,4
2,barra_5,CW,0.0,4
3,barra_5,CW,0.0,4
4,barra_5,CW,0.0,4
5,barra_5,CW,0.0,4
6,barra_5,CW,0.0,4
7,barra_5,CW,0.0,4
8,barra_5,CW,0.0,4
9,barra_5,CW,0.0,4
10,barra_5,CW,0.0,4
11,barra_5,CW,0.0,4
12,barra_5,CW,0.0,4
13,barra_5,CW,0.0,4
14,barra_5,CW,0.0,4
15,barra_5,CW,0.0,4
16,barra_5,CW,0.0,4
17,barra_5,CW,0.0,4
18,barra_5,CW,0.0,4
19,barra_5,CW,0.0,4
20,barra_5,CW,0.0,4
21,barra_5,CW,0.0,4
22,barra_5,CW,0.0,4
23,barra_5,CW,0.0,4
24,barra_5,CW,0.0,4
1,barra_6,CW,0.0,4
2,barra_6,CW,0.0,4
3,barra_6,CW,0.0,4
4,barra_6,CW,0.0,4
5,barra_6,CW,0.0,4
6,barra_6,CW,0.0,4
7,barra_6,CW,0.0,4
8,barra_6,CW,0.0,4
9,barra_6,CW,0.0,4
10,barra_6,CW,0.0,4
11,barra_6,CW,0.0,4
12,barra_6,CW,0.0,4
13,barra_6,CW,0.0,4
14,barra_6,CW,0.0,4
15,barra_6,CW,0.0,4
16,barra_6,CW,0.0,4
17,barra_6,CW,0.0,4
18,barra_6,CW,0.0,4
19,barra_6,CW,0.0,4
20,barra_6,CW,0.0,4
21,barra_6,CW,0.0,4
22,barra_6,CW,0.0,4
23,barra_6,CW,0.0,4
24,barra_6,CW,0.0,4
1,barra_7,CW,0.0,4
2,barra_7,CW,0.0,4
3,barra_7,CW,0.0,4
4,barra_7,CW,0.0,4
5,barra_7,CW,0.0,4
6,barra_7,CW,0.0,4
7,barra_7,CW,0.0,4
8,barra_7,CW,0.0,4
9,barra_7,CW,0.0,4
10,barra_7,CW,0.0,4
11,barra_7,CW,0.0,4
12,barra_7,CW,0.0,4
13,barra_7,CW,0.0,4
14,barra_7,CW,0.0,4
15,barra_7,CW,0.0,4
16,barra_7,CW,0.0,4
17,barra_7,CW,0.0,4
18,barra_7,CW,0.0,4
19,barra_7,CW,0.0,4
20,barra_7,CW,0.0,4
21,barra_7,CW,0.0,4
22,barra_7,CW,0.0,4
23,barra_7,CW,0.0,4
24,barra_7,CW,0.0,4
1,barra_8,CW,0.0,4
2,barra_8,CW,0.0,4
3,barra_8,CW,0.0,4
4,barra_8,CW,0.0,4
5,barra_8,CW,0.0,4
6,barra_8,CW,0.0,4
7,barra_8,CW,0.0,4
8,barra_8,CW,0.0,4
9,barra_8,CW,0.0,4
10,barra_8,CW,0.0,4
11,barra_8,CW,0.0,4
12,barra_8,CW,0.0,4
13,barra_8,CW,0.0,4
14,barra_8,CW,0.0,4
15,barra_8,CW,0.0,4
16,barra_8,CW,0.0,4
17,barra_8,CW,0.0,4
18,barra_8,CW,0.0,4
19,barra_8,CW,0.0,4
20,barra_8,CW,0.0,4
21,barra_8,CW,0.0,4
22,barra_8,CW,0.0,4
23,barra_8,CW,0.0,4
24,barra_8,CW,0.0,4
1,barra_9,CW,0.0,4
2,barra_9,CW,0.0,4
3,barra_9,CW,0.0,4
4,barra_9,CW,0.0,4
5,barra_9,CW,0.0,4
6,barra_9,CW,0.0,4
7,barra_9,CW,0.0,4
8,barra_9,CW,0.0,4
9,barra_9,CW,0.0,4
10,barra_9,CW,0.0,4
11,barra_9,CW,0.0,4
12,barra_9,CW,0.0,4
13,barra_9,CW,0.0,4
14,barra_9,CW,0.0,4
15,barra_9,CW,0.0,4
16,barra_9,CW,0.0,4
17,barra_9,CW,0.0,4
18,barra_9,CW,0.0,4
19,barra_9,CW,0.0,4
20,barra_9,CW,0.0,4
21,barra_9,CW,0.0,4
22,barra_9,CW,0.0,4
23,barra_9,CW,0.0,4
24,barra_9,CW,0.0,4
1,barra_10,CW,0.0,4
2,barra_10,CW,0.0,4
3,barra_10,CW,0.0,4
4,barra_10,CW,0.0,4
5,barra_10,CW,0.0,4
6,barra_10,CW,0.0,4
7,barra_10,CW,0.0,4
8,barra_10,CW,0.0,4
9,barra_10,CW,0.0,4
10,barra_10,CW,0.0,4
11,barra_10,CW,0.0,4
12,barra_10,CW,0.0,4
13,barra_10,CW,0.0,4
14,barra_10,CW,0.0,4
15,barra_10,CW,0.0,4
16,barra_10,CW,0.0,4
17,barra_10,CW,0.0,4
18,barra_10,CW,0.0,4
19,barra_10,CW,0.0,4
20,barra_10,CW,0.0,4
21,barra_10,CW,0.0,4
22,barra_10,CW,0.0,4
23,barra_10,CW,0.0,4
24,barra_10,CW,0.0,4
1,barra_11,CW,0.0,4
2,barra_11,CW,0.0,4
3,barra_11,CW,0.0,4
4,barra_11,CW,0.0,4
5,barra_11,CW,0.0,4
6,barra_11,CW,0.0,4
7,barra_11,CW,0.0,4
8,barra_11,CW,0.0,4
9,barra_11,CW,0.0,4
10,barra_11,CW,0.0,4
11,barra_11,CW,0.0,4
12,barra_11,CW,0.0,4
13,barra_11,CW,0.0,4
14,barra_11,CW,0.0,4
15,barra_11,CW,0.0,4
16,barra_11,CW,0.0,4
17,barra_11,CW,0.0,4
18,barra_11,CW,0.0,4
19,barra_11,CW,0.0,4
20,barra_11,CW,0.0,4
21,barra_11,CW,0.0,4
22,barra_11,CW,0.0,4
23,barra_11,CW,0.0,4
24,barra_11,CW,0.0,4
1,barra_12,CW,0.0,4
2,barra_12,CW,0.0,4
3,barra_12,CW,0.0,4
4,barra_12,CW,0.0,4
5,barra_12,CW,0.0,4
6,barra_12,CW,0.0,4
7,barra_12,CW,0.0,4
8,barra_12,CW,0.0,4
9,barra_12,CW,0.0,4
10,barra_12,CW,0.0,4
11,barra_12,CW,0.0,4
12,barra_12,CW,0.0,4
13,barra_12,CW,0.0,4
14,barra_12,CW,0.0,4
15,barra_12,CW,0.0,4
16,barra_12,CW,0.0,4
17,barra_12,CW,0.0,4
18,barra_12,CW,0.0,4
19,barra_12,CW,0.0,4
20,barra_12,CW,0.0,4
21,barra_12,CW,0.0,4
22,barra_12,CW,0.0,4
23,barra_12,CW,0.0,4
24,barra_12,CW,0.0,4
1,barra_13,CW,0.0,4
2,barra_13,CW,0.0,4
3,barra_13,CW,0.0,4
4,barra_13,CW,0.0,4
5,barra_13,CW,0.0,4
6,barra_13,CW,0.0,4
7,barra_13,CW,0.0,4
8,barra_13,CW,0.0,4
9,barra_13,CW,0.0,4
10,barra_13,CW,0.0,4
11,barra_13,CW,0.0,4
12,barra_13,CW,0.0,4
13,barra_13,CW,0.0,4
14,barra_13,CW,0.0,4
15,barra_13,CW,0.0,4
16,barra_13,CW,0.0,4
17,barra_13,CW,0.0,4
18,barra_13,CW,0.0,4
19,barra_13,CW,0.0,4
20,barra_13,CW,0.0,4
21,barra_13,CW,0.0,4
22,barra_13,CW,0.0,4
23,barra_13,CW,0.0,4
24,barra_13,CW,0.0,4
1,barra_14,CW,0.0,4
2,barra_14,CW,0.0,4
3,barra_14,CW,0.0,4
4,barra_14,CW,0.0,4
5,barra_14,CW,0.0,4
6,barra_14,CW,0.0,4
7,barra_14,CW,0.0,4
8,barra_14,CW,0.0,4
9,barra_14,CW,0.0,4
10,barra_14,CW,0.0,4
11,barra_14,CW,0.0,4
12,barra_14,CW,0.0,4
13,barra_14,CW,0.0,4
14,barra_14,CW,0.0,4
15,barra_14,CW,0.0,4
16,barra_14,CW,0.0,4
17,barra_14,CW,0.0,4
18,barra_14,CW,0.0,4
19,barra_14,CW,0.0,4
20,barra_14,CW,0.0,4
21,barra_14,CW,0.0,4
22,barra_14,CW,0.0,4
23,barra_14,CW,0.0,4
24,barra_14,CW,0.0,4
1,barra_15,CW,0.0,4
2,barra_15,CW,0.0,4
3,barra_15,CW,0.0,4
4,barra_15,CW,0.0,4
5,barra_15,CW,0.0,4
6,barra_15,CW,0.0,4
7,barra_15,CW,0.0,4
8,barra_15,CW,0.0,4
9,barra_15,CW,0.0,4
10,barra_15,CW,0.0,4
11,barra_15,CW,0.0,4
12,barra_15,CW,0.0,4
13,barra_15,CW,0.0,4
14,barra_15,CW,0.0,4
15,barra_15,CW,0.0,4
16,barra_15,CW,0.0,4
17,barra_15,CW,0.0,4
18,barra_15,CW,0.0,4
19,barra_15,CW,0.0,4
20,barra_15,CW,0.0,4
21,barra_15,CW,0.0,4
22,barra_15,CW,0.0,4
23,barra_15,CW,0.0,4
24,barra_15,CW,0.0,4
1,barra_16,CW,0.0,4
2,barra_16,CW,0.0,4
3,barra_16,CW,0.0,4
4,barra_16,CW,0.0,4
5,barra_16,CW,0.0,4
6,barra_16,CW,0.0,4
7,barra_16,CW,0.0,4
8,barra_16,CW,0.0,4
9,barra_16,CW,0.0,4
10,barra_16,CW,0.0,4
11,barra_16,CW,0.0,4
12,barra_16,CW,0.0,4
13,barra_16,CW,0.0,4
14,barra_16,CW,0.0,4
15,barra_16,CW,0.0,4
16,barra_16,CW,0.0,4
17,barra_16,CW,0.0,4
18,barra_16,CW,0.0,4
19,barra_16,CW,0.0,4
20,barra_16,CW,0.0,4
21,barra_16,CW,0.0,4
22,barra_16,CW,0.0,4
23,barra_16,CW,0.0,4
24,barra_16,CW,0.0,4
1,barra_17,CW,0.0,4
2,barra_17,CW,0.0,4
3,barra_17,CW,0.0,4
4,barra_17,CW,0.0,4
5,barra_17,CW,0.0,4
6,barra_17,CW,0.0,4
7,barra_17,CW,0.0,4
8,barra_17,CW,0.0,4
9,barra_17,CW,0.0,4
10,barra_17,CW,0.0,4
11,barra_17,CW,0.0,4
12,barra_17,CW,0.0,4
13,barra_17,CW,0.0,4
14,barra_17,CW,0.0,4
15,barra_17,CW,0.0,4
16,barra_17,CW,0.0,4
17,barra_17,CW,0.0,4
18,barra_17,CW,0.0,4
19,barra_17,CW,0.0,4
20,barra_17,CW,0.0,4
21,barra_17,CW,0.0,4
22,barra_17,CW,0.0,4
23,barra_17,CW,0.0,4
24,barra_17,CW,0.0,4
1,barra_18,CW,-0.0,4
2,barra_18,CW,-0.0,4
3,barra_18,CW,-0.0,4
4,barra_18,CW,-0.0,4
5,barra_18,CW,-0.0,4
6,barra_18,CW,-0.0,4
7,barra_18,CW,-0.0,4
8,barra_18,CW,-0.0,4
9,barra_18,CW,-0.0,4
10,barra_18,CW,-0.0,4
11,barra_18,CW,-0.0,4
12,barra_18,CW,-0.0,4
13,barra_18,CW,-0.0,4
14,barra_18,CW,-0.0,4
15,barra_18,CW,-0.0,4
16,barra_18,CW,-0.0,4
17,barra_18,CW,-0.0,4
18,barra_18,CW,-0.0,4
19,barra_18,CW,-0.0,4
20,barra_18,CW,-0.0,4
21,barra_18,CW,-0.0,4
22,barra_18,CW,-0.0,4
23,barra_18,CW,-0.0,4
24,barra_18,CW,-0.0,4
1,barra_19,CW,0.0,4
2,barra_19,CW,0.0,4
3,barra_19,CW,0.0,4
4,barra_19,CW,0.0,4
5,barra_19,CW,0.0,4
6,barra_19,CW,0.0,4
7,barra_19,CW,0.0,4
8,barra_19,CW,0.0,4
9,barra_19,CW,0.0,4
10,barra_19,CW,0.0,4
11,barra_19,CW,0.0,4
12,barra_19,CW,0.0,4
13,barra_19,CW,0.0,4
14,barra_19,CW,0.0,4
15,barra_19,CW,0.0,4
16,barra_19,CW,0.0,4
17,barra_19,CW,0.0,4
18,barra_19,CW,0.0,4
19,barra_19,CW,0.0,4
20,barra_19,CW,0.0,4
21,barra_19,CW,0.0,4
22,barra_19,CW,0.0,4
23,barra_19,CW,0.0,4
24,barra_19,CW,0.0,4
1,barra_20,CW,0.0,4
2,barra_20,CW,0.0,4
3,barra_20,CW,0.0,4
4,barra_20,CW,0.0,4
5,barra_20,CW,0.0,4
6,barra_20,CW,0.0,4
7,barra_20,CW,0.0,4
8,barra_20,CW,0.0,4
9,barra_20,CW,0.0,4
10,barra_20,CW,0.0,4
11,barra_20,CW,0.0,4
12,barra_20,CW,0.0,4
13,barra_20,CW,0.0,4
14,barra_20,CW,0.0,4
15,barra_20,CW,0.0,4
16,barra_20,CW,0.0,4
17,barra_20,CW,0.0,4
18,barra_20,CW,0.0,4
19,barra_20,CW,0.0,4
20,barra_20,CW,0.0,4
21,barra_20,CW,0.0,4
22,barra_20,CW,0.0,4
23,barra_20,CW,0.0,4
24,barra_20,CW,0.0,4
1,barra_21,CW,0.0,4
2,barra_21,CW,0.0,4
3,barra_21,CW,0.0,4
4,barra_21,CW,0.0,4
5,barra_21,CW,0.0,4
6,barra_21,CW,0.0,4
7,barra_21,CW,0.0,4
8,barra_21,CW,0.0,4
9,barra_21,CW,0.0,4
10,barra_21,CW,0.0,4
11,barra_21,CW,0.0,4
12,barra_21,CW,0.0,4
13,barra_21,CW,0.0,4
14,barra_21,CW,0.0,4
15,barra_21,CW,0.0,4
16,barra_21,CW,0.0,4
17,barra_21,CW,0.0,4
18,barra_21,CW,0.0,4
19,barra_21,CW,0.0,4
20,barra_21,CW,0.0,4
21,barra_21,CW,0.0,4
22,barra_21,CW,0.0,4
23,barra_21,CW,0.0,4
24,barra_21,CW,0.0,4
1,barra_22,CW,0.0,4
2,barra_22,CW,0.0,4
3,barra_22,CW,0.0,4
4,barra_22,CW,0.0,4
5,barra_22,CW,0.0,4
6,barra_22,CW,0.0,4
7,barra_22,CW,0.0,4
8,barra_22,CW,0.0,4
9,barra_22,CW,0.0,4
10,barra_22,CW,0.0,4
11,barra_22,CW,0.0,4
12,barra_22,CW,0.0,4
13,barra_22,CW,0.0,4
14,barra_22,CW,0.0,4
15,barra_22,CW,0.0,4
16,barra_22,CW,0.0,4
17,barra_22,CW,0.0,4
18,barra_22,CW,0.0,4
19,barra_22,CW,0.0,4
20,barra_22,CW,0.0,4
21,barra_22,CW,0.0,4
22,barra_22,CW,0.0,4
23,barra_22,CW,0.0,4
24,barra_22,CW,0.0,4
1,barra_23,CW,0.0,4
2,barra_23,CW,0.0,4
3,barra_23,CW,0.0,4
4,barra_23,CW,0.0,4
5,barra_23,CW,0.0,4
6,barra_23,CW,0.0,4
7,barra_23,CW,0.0,4
8,barra_23,CW,0.0,4
9,barra_23,CW,0.0,4
10,barra_23,CW,0.0,4
11,barra_23,CW,0.0,4
12,barra_23,CW,0.0,4
13,barra_23,CW,0.0,4
14,barra_23,CW,0.0,4
15,barra_23,CW,0.0,4
16,barra_23,CW,0.0,4
17,barra_23,CW,0.0,4
18,barra_23,CW,0.0,4
19,barra_23,CW,0.0,4
20,barra_23,CW,0.0,4
21,barra_23,CW,0.0,4
22,barra_23,CW,0.0,4
23,barra_23,CW,0.0,4
24,barra_23,CW,0.0,4
1,barra_24,CW,0.0,4
2,barra_24,CW,0.0,4
3,barra_24,CW,0.0,4
4,barra_24,CW,0.0,4
5,barra_24,CW,0.0,4
6,barra_24,CW,0.0,4
7,barra_24,CW,0.0,4
8,barra_24,CW,0.0,4
9,barra_24,CW,0.0,4
10,barra_24,CW,0.0,4
11,barra_24,CW,0.0,4
12,barra_24,CW,0.0,4
13,barra_24,CW,0.0,4
14,barra_24,CW,0.0,4
15,barra_24,CW,0.0,4
16,barra_24,CW,0.0,4
17,barra_24,CW,0.0,4
18,barra_24,CW,0.0,4
19,barra_24,CW,0.0,4
20,barra_24,CW,0.0,4
21,barra_24,CW,0.0,4
22,barra_24,CW,0.0,4
23,barra_24,CW,0.0,4
24,barra_24,CW,0.0,4
1,barra_25,CW,0.0,4
2,barra_25,CW,0.0,4
3,barra_25,CW,0.0,4
4,barra_25,CW,0.0,4
5,barra_25,CW,0.0,4
6,barra_25,CW,0.0,4
7,barra_25,CW,0.0,4
8,barra_25,CW,0.0,4
9,barra_25,CW,0.0,4
10,barra_25,CW,0.0,4
11,barra_25,CW,0.0,4
12,barra_25,CW,0.0,4
13,barra_25,CW,0.0,4
14,barra_25,CW,0.0,4
15,barra_25,CW,0.0,4
16,barra_25,CW,0.0,4
17,barra_25,CW,0.0,4
18,barra_25,CW,0.0,4
19,barra_25,CW,0.0,4
20,barra_25,CW,0.0,4
21,barra_25,CW,0.0,4
22,barra_25,CW,0.0,4
23,barra_25,CW,0.0,4
24,barra_25,CW,0.0,4
1,barra_26,CW,0.0,4
2,barra_26,CW,0.0,4
3,barra_26,CW,0.0,4
4,barra_26,CW,0.0,4
5,barra_26,CW,0.0,4
6,barra_26,CW,0.0,4
7,barra_26,CW,0.0,4
8,barra_26,CW,0.0,4
9,barra_26,CW,0.0,4
10,barra_26,CW,0.0,4
11,barra_26,CW,0.0,4
12,barra_26,CW,0.0,4
13,barra_26,CW,0.0,4
14,barra_26,CW,0.0,4
15,barra_26,CW,0.0,4
16,barra_26,CW,0.0,4
17,barra_26,CW,0.0,4
18,barra_26,CW,0.0,4
19,barra_26,CW,0.0,4
20,barra_26,CW,0.0,4
21,barra_26,CW,0.0,4
22,barra_26,CW,0.0,4
23,barra_26,CW,0.0,4
24,barra_26,CW,0.0,4
1,barra_27,CW,0.0,4
2,barra_27,CW,0.0,4
3,barra_27,CW,0.0,4
4,barra_27,CW,0.0,4
5,barra_27,CW,0.0,4
6,barra_27,CW,0.0,4
7,barra_27,CW,0.0,4
8,barra_27,CW,0.0,4
9,barra_27,CW,0.0,4
10,barra_27,CW,0.0,4
11,barra_27,CW,0.0,4
12,barra_27,CW,0.0,4
13,barra_27,CW,0.0,4
14,barra_27,CW,0.0,4
15,barra_27,CW,0.0,4
16,barra_27,CW,0.0,4
17,barra_27,CW,0.0,4
18,barra_27,CW,0.0,4
19,barra_27,CW,0.0,4
20,barra_27,CW,0.0,4
21,barra_27,CW,0.0,4
22,barra_27,CW,0.0,4
23,barra_27,CW,0.0,4
24,barra_27,CW,0.0,4
1,barra_28,CW,0.0,4
2,barra_28,CW,0.0,4
3,barra_28,CW,0.0,4
4,barra_28,CW,0.0,4
5,barra_28,CW,0.0,4
6,barra_28,CW,0.0,4
7,barra_28,CW,0.0,4
8,barra_28,CW,0.0,4
9,barra_28,CW,0.0,4
10,barra_28,CW,0.0,4
11,barra_28,CW,0.0,4
12,barra_28,CW,0.0,4
13,barra_28,CW,0.0,4
14,barra_28,CW,0.0,4
15,barra_28,CW,0.0,4
16,barra_28,CW,0.0,4
17,barra_28,CW,0.0,4
18,barra_28,CW,0.0,4
19,barra_28,CW,0.0,4
20,barra_28,CW,0.0,4
21,barra_28,CW,0.0,4
22,barra_28,CW,0.0,4
23,barra_28,CW,0.0,4
24,barra_28,CW,0.0,4
1,barra_29,CW,0.0,4
2,barra_29,CW,0.0,4
3,barra_29,CW,0.0,4
4,barra_29,CW,0.0,4
5,barra_29,CW,0.0,4
6,barra_29,CW,0.0,4
7,barra_29,CW,0.0,4
8,barra_29,CW,0.0,4
9,barra_29,CW,0.0,4
10,barra_29,CW,0.0,4
11,barra_29,CW,0.0,4
12,barra_29,CW,0.0,4
13,barra_29,CW,0.0,4
14,barra_29,CW,0.0,4
15,barra_29,CW,0.0,4
16,barra_29,CW,0.0,4
17,barra_29,CW,0.0,4
18,barra_29,CW,0.0,4
19,barra_29,CW,0.0,4
20,barra_29,CW,0.0,4
21,barra_29,CW,0.0,4
22,barra_29,CW,0.0,4
23,barra_29,CW,0.0,4
24,barra_29,CW,0.0,4
1,barra_30,CW,-0.0,4
2,barra_30,CW,-0.0,4
3,barra_30,CW,-0.0,4
4,barra_30,CW,-0.0,4
5,barra_30,CW,-0.0,4
6,barra_30,CW,-0.0,4
7,barra_30,CW,-0.0,4
8,barra_30,CW,-0.0,4
9,barra_30,CW,-0.0,4
10,barra_30,CW,-0.0,4
11,barra_30,CW,-0.0,4
12,barra_30,CW,-0.0,4
13,barra_30,CW,-0.0,4
14,barra_30,CW,-0.0,4
15,barra_30,CW,-0.0,4
16,barra_30,CW,-0.0,4
17,barra_30,CW,-0.0,4
18,barra_30,CW,-0.0,4
19,barra_30,CW,-0.0,4
20,barra_30,CW,-0.0,4
21,barra_30,CW,-0.0,4
22,barra_30,CW,-0.0,4
23,barra_30,CW,-0.0,4
24,barra_30,CW,-0.0,4
1,barra_31,CW,0.0,4
2,barra_31,CW,0.0,4
3,barra_31,CW,0.0,4
4,barra_31,CW,0.0,4
5,barra_31,CW,0.0,4
6,barra_31,CW,0.0,4
7,barra_31,CW,0.0,4
8,barra_31,CW,0.0,4
9,barra_31,CW,0.0,4
10,barra_31,CW,0.0,4
11,barra_31,CW,0.0,4
12,barra_31,CW,0.0,4
13,barra_31,CW,0.0,4
14,barra_31,CW,0.0,4
15,barra_31,CW,0.0,4
16,barra_31,CW,0.0,4
17,barra_31,CW,0.0,4
18,barra_31,CW,0.0,4
19,barra_31,CW,0.0,4
20,barra_31,CW,0.0,4
21,barra_31,CW,0.0,4
22,barra_31,CW,0.0,4
23,barra_31,CW,0.0,4
24,barra_31,CW,0.0,4
1,barra_32,CW,0.0,4
2,barra_32,CW,0.0,4
3,barra_32,CW,0.0,4
4,barra_32,CW,0.0,4
5,barra_32,CW,0.0,4
6,barra_32,CW,0.0,4
7,barra_32,CW,0.0,4
8,barra_32,CW,0.0,4
9,barra_32,CW,0.0,4
10,barra_32,CW,0.0,4
11,barra_32,CW,0.0,4
12,barra_32,CW,0.0,4
13,barra_32,CW,0.0,4
14,barra_32,CW,0.0,4
15,barra_32,CW,0.0,4
16,barra_32,CW,0.0,4
17,barra_32,CW,0.0,4
18,barra_32,CW,0.0,4
19,barra_32,CW,0.0,4
20,barra_32,CW,0.0,4
21,barra_32,CW,0.0,4
22,barra_32,CW,0.0,4
23,barra_32,CW,0.0,4
24,barra_32,CW,0.0,4
1,barra_33,CW,0.0,4
2,barra_33,CW,0.0,4
3,barra_33,CW,0.0,4
4,barra_33,CW,0.0,4
5,barra_33,CW,0.0,4
6,barra_33,CW,0.0,4
7,barra_33,CW,0.0,4
8,barra_33,CW,0.0,4
9,barra_33,CW,0.0,4
10,barra_33,CW,0.0,4
11,barra_33,CW,0.0,4
12,barra_33,CW,0.0,4
13,barra_33,CW,0.0,4
14,barra_33,CW,0.0,4
15,barra_33,CW,0.0,4
16,barra_33,CW,0.0,4
17,barra_33,CW,0.0,4
18,barra_33,CW,0.0,4
19,barra_33,CW,0.0,4
20,barra_33,CW,0.0,4
21,barra_33,CW,0.0,4
22,barra_33,CW,0.0,4
23,barra_33,CW,0.0,4
24,barra_33,CW,0.0,4
1,bateria_25,P_ch,0.0,4
2,bateria_25,P_ch,0.0,4
3,bateria_25,P_ch,0.0,4
4,bateria_25,P_ch,0.0,4
5,bateria_25,P_ch,0.0,4
6,bateria_25,P_ch,0.0,4
7,bateria_25,P_ch,0.0,4
8,bateria_25,P_ch,0.0,4
9,bateria_25,P_ch,0.0,4
10,bateria_25,P_ch,0.0,4
11,bateria_25,P_ch,0.0,4
12,bateria_25,P_ch,0.0,4
13,bateria_25,P_ch,0.0,4
14,bateria_25,P_ch,0.0,4
15,bateria_25,P_ch,0.0,4
16,bateria_25,P_ch,0.0,4
17,bateria_25,P_ch,0.0,4
18,bateria_25,P_ch,0.0,4
19,bateria_25,P_ch,0.0,4
20,bateria_25,P_ch,0.0,4
21,bateria_25,P_ch,0.0,4
22,bateria_25,P_ch,0.0,4
23,bateria_25,P_ch,0.0,4
24,bateria_25,P_ch,0.0,4
1,bateria_6,P_ch,0.0,4
2,bateria_6,P_ch,0.0,4
3,bateria_6,P_ch,0.0,4
4,bateria_6,P_ch,0.0,4
5,bateria_6,P_ch,0.0,4
6,bateria_6,P_ch,0.0,4
7,bateria_6,P_ch,0.0,4
8,bateria_6,P_ch,0.0,4
9,bateria_6,P_ch,0.0,4
10,bateria_6,P_ch,0.0,4
11,bateria_6,P_ch,0.0,4
12,bateria_6,P_ch,0.0,4
13,bateria_6,P_ch,0.0,4
14,bateria_6,P_ch,0.0,4
15,bateria_6,P_ch,0.0,4
16,bateria_6,P_ch,0.0,4
17,bateria_6,P_ch,0.0,4
18,bateria_6,P_ch,0.0,4
19,bateria_6,P_ch,0.0,4
20,bateria_6,P_ch,0.0,4
21,bateria_6,P_ch,0.0,4
22,bateria_6,P_ch,0.0,4
23,bateria_6,P_ch,0.0,4
24,bateria_6,P_ch,0.0,4
1,bateria_25,P_dis,0.0,4
2,bateria_25,P_dis,0.0,4
3,bateria_25,P_dis,0.0,4
4,bateria_25,P_dis,0.0,4
5,bateria_25,P_dis,0.0,4
6,bateria_25,P_dis,0.0,4
7,bateria_25,P_dis,0.0,4
8,bateria_25,P_dis,0.0,4
9,bateria_25,P_dis,0.0,4
10,bateria_25,P_dis,0.0,4
11,bateria_25,P_dis,0.0,4
12,bateria_25,P_dis,0.0,4
13,bateria_25,P_dis,0.0,4
14,bateria_25,P_dis,0.0,4
15,bateria_25,P_dis,0.0,4
16,bateria_25,P_dis,0.0,4
17,bateria_25,P_dis,0.0,4
18,bateria_25,P_dis,0.0,4
19,bateria_25,P_dis,0.0,4
20,bateria_25,P_dis,0.0,4
21,bateria_25,P_dis,0.0,4
22,bateria_25,P_dis,0.0,4
23,bateria_25,P_dis,0.0,4
24,bateria_25,P_dis,0.0,4
1,bateria_6,P_dis,0.0,4
2,bateria_6,P_dis,0.0,4
3,bateria_6,P_dis,0.0,4
4,bateria_6,P_dis,0.0,4
5,bateria_6,P_dis,0.0,4
6,bateria_6,P_dis,0.0,4
7,bateria_6,P_dis,0.0,4
8,bateria_6,P_dis,0.0,4
9,bateria_6,P_dis,0.0,4
10,bateria_6,P_dis,0.0,4
11,bateria_6,P_dis,0.0,4
12,bateria_6,P_dis,0.0,4
13,bateria_6,P_dis,0.0,4
14,bateria_6,P_dis,0.0,4
15,bateria_6,P_dis,0.0,4
16,bateria_6,P_dis,0.0,4
17,bateria_6,P_dis,0.0,4
18,bateria_6,P_dis,0.0,4
19,bateria_6,P_dis,0.0,4
20,bateria_6,P_dis,0.0,4
21,bateria_6,P_dis,0.0,4
22,bateria_6,P_dis,0.0,4
23,bateria_6,P_dis,0.0,4
24,bateria_6,P_dis,0.0,4
1,bateria_25,E,1.0,4
2,bateria_25,E,1.0,4
3,bateria_25,E,1.0,4
4,bateria_25,E,1.0,4
5,bateria_25,E,1.0,4
6,bateria_25,E,1.0,4
7,bateria_25,E,1.0,4
8,bateria_25,E,1.0,4
9,bateria_25,E,1.0,4
10,bateria_25,E,1.0,4
11,bateria_25,E,1.0,4
12,bateria_25,E,1.0,4
13,bateria_25,E,1.0,4
14,bateria_25,E,1.0,4
15,bateria_25,E,1.0,4
16,bateria_25,E,1.0,4
17,bateria_25,E,1.0,4
18,bateria_25,E,1.0,4
19,bateria_25,E,1.0,4
20,bateria_25,E,1.0,4
21,bateria_25,E,1.0,4
22,bateria_25,E,1.0,4
23,bateria_25,E,1.0,4
24,bateria_25,E,1.0,4
1,bateria_6,E,1.0,4
2,bateria_6,E,1.0,4
3,bateria_6,E,1.0,4
4,bateria_6,E,1.0,4
5,bateria_6,E,1.0,4
6,bateria_6,E,1.0,4
7,bateria_6,E,1.0,4
8,bateria_6,E,1.0,4
9,bateria_6,E,1.0,4
10,bateria_6,E,1.0,4
11,bateria_6,E,1.0,4
12,bateria_6,E,1.0,4
13,bateria_6,E,1.0,4
14,bateria_6,E,1.0,4
15,bateria_6,E,1.0,4
16,bateria_6,E,1.0,4
17,bateria_6,E,1.0,4
18,bateria_6,E,1.0,4
19,bateria_6,E,1.0,4
20,bateria_6,E,1.0,4
21,bateria_6,E,1.0,4
22,bateria_6,E,1.0,4
23,bateria_6,E,1.0,4
24,bateria_6,E,1.0,4
1,linha_1-2,F,-0.11530969,4
2,linha_1-2,F,-0.11791009,4
3,linha_1-2,F,-0.1197962,4
4,linha_1-2,F,-0.12066234,4
5,linha_1-2,F,-0.11949151,4
6,linha_1-2,F,-0.11264735,4
7,linha_1-2,F,-0.10412388,4
8,linha_1-2,F,-0.10216284,4
9,linha_1-2,F,-0.09861039,4
10,linha_1-2,F,-0.096340659,4
11,linha_1-2,F,-0.095945055,4
12,linha_1-2,F,-0.095805195,4
13,linha_1-2,F,-0.094015984,4
14,linha_1-2,F,-0.09047952,4
15,linha_1-2,F,-0.090465534,4
16,linha_1-2,F,-0.09434965,4
17,linha_1-2,F,-0.10047453,4
18,linha_1-2,F,-0.10708691,4
19,linha_1-2,F,-0.11969131,4
20,linha_1-2,F,-0.12311588,4
21,linha_1-2,F,-0.12433367,4
22,linha_1-2,F,-0.12867832,4
23,linha_1-2,F,-0.13184016,4
24,linha_1-2,F,-0.13153946,4
1,linha_2-3,F,-0.2303284,4
2,linha_2-3,F,-0.23551364,4
3,linha_2-3,F,-0.23927458,4
4,linha_2-3,F,-0.24100167,4
5,linha_2-3,F,-0.23866702,4
6,linha_2-3,F,-0.22501965,4
7,linha_2-3,F,-0.20802368,4
8,linha_2-3,F,-0.20411333,4
9,linha_2-3,F,-0.19702376,4
10,linha_2-3,F,-0.19248883,4
11,linha_2-3,F,-0.19169841,4
12,linha_2-3,F,-0.19141897,4
13,linha_2-3,F,-0.18784412,4
14,linha_2-3,F,-0.18077826,4
15,linha_2-3,F,-0.18075032,4
16,linha_2-3,F,-0.18851079,4
17,linha_2-3,F,-0.20074681,4
18,linha_2-3,F,-0.21393203,4
19,linha_2-3,F,-0.23906542,4
20,linha_2-3,F,-0.24589409,4
21,linha_2-3,F,-0.24832237,4
22,linha_2-3,F,-0.25698569,4
23,linha_2-3,F,-0.26329045,4
24,linha_2-3,F,-0.26269085,4
1,linha_3-4,F,-0.34482793,4
2,linha_3-4,F,-0.35257737,4
3,linha_3-4,F,-0.35819817,4
4,linha_3-4,F,-0.36077933,4
5,linha_3-4,F,-0.35729014,4
6,linha_3-4,F,-0.33689391,4
7,linha_3-4,F,-0.31149313,4
8,linha_3-4,F,-0.30564905,4
9,linha_3-4,F,-0.29505058,4
10,linha_3-4,F,-0.28826854,4
11,linha_3-4,F,-0.28708645,4
12,linha_3-4,F,-0.28666855,4
13,linha_3-4,F,-0.28132231,4
14,linha_3-4,F,-0.27075522,4
15,linha_3-4,F,-0.27071343,4
16,linha_3-4,F,-0.28231932,4
17,linha_3-4,F,-0.30061772,4
18,linha_3-4,F,-0.32032326,4
19,linha_3-4,F,-0.35788557,4
20,linha_3-4,F,-0.36809113,4
21,linha_3-4,F,-0.37172024,4
22,linha_3-4,F,-0.38466773,4
23,linha_3-4,F,-0.39409031,4
24,linha_3-4,F,-0.39319419,4
1,linha_4-5,F,-0.45852581,4
2,linha_4-5,F,-0.46880362,4
3,linha_4-5,F,-0.47625828,4
4,linha_4-5,F,-0.47968158,4
5,linha_4-5,F,-0.475054,4
6,linha_4-5,F,-0.44800321,4
7,linha_4-5,F,-0.41431508,4
8,linha_4-5,F,-0.40656428,4
9,linha_4-5,F,-0.39249694,4
10,linha_4-5,F,-0.38349026,4
11,linha_4-5,F,-0.38192043,4
12,linha_4-5,F,-0.38136544,4
13,linha_4-5,F,-0.37426555,4
14,linha_4-5,F,-0.36023226,4
15,linha_4-5,F,-0.36017676,4
16,linha_4-5,F,-0.37558959,4
17,linha_4-5,F,-0.39989119,4
18,linha_4-5,F,-0.42602616,4
19,linha_4-5,F,-0.47584369,4
20,linha_4-5,F,-0.48937896,4
21,linha_4-5,F,-0.49419212,4
22,linha_4-5,F,-0.5113639,4
23,linha_4-5,F,-0.52386073,4
24,linha_4-5,F,-0.52267225,4
1,linha_5-6,F,-0.57120217,4
2,linha_5-6,F,-0.58396776,4
3,linha_5-6,F,-0.59322685,4
4,linha_5-6,F,-0.59747878,4
5,linha_5-6,F,-0.59173108,4
6,linha_5-6,F,-0.55813253,4
7,linha_5-6,F,-0.51629005,4
8,linha_5-6,F,-0.50666314,4
9,linha_5-6,F,-0.48918253,4
10,linha_5-6,F,-0.47798685,4
11,linha_5-6,F,-0.47603549,4
12,linha_5-6,F,-0.47534562,4
13,linha_5-6,F,-0.46652015,4
14,linha_5-6,F,-0.44907618,4
15,linha_5-6,F,-0.44900719,4
16,linha_5-6,F,-0.468166,4
17,linha_5-6,F,-0.49837464,4
18,linha_5-6,F,-0.53083585,4
19,linha_5-6,F,-0.59271191,4
20,linha_5-6,F,-0.60950454,4
21,linha_5-6,F,-0.61547086,4
22,linha_5-6,F,-0.63675679,4
23,linha_5-6,F,-0.65224769,4
24,linha_5-6,F,-0.65077447,4
1,linha_6-7,F,0.4,4
2,linha_6-7,F,0.4,4
3,linha_6-7,F,0.4,4
4,linha_6-7,F,0.4014514,4
5,linha_6-7,F,0.4,4
6,linha_6-7,F,0.38509192,4
7,linha_6-7,F,0.32586853,4
8,linha_6-7,F,0.3122427,4
9,linha_6-7,F,0.29801496,4
10,linha_6-7,F,0.29574975,4
11,linha_6-7,F,0.29535494,4
12,linha_6-7,F,0.29521535,4
13,linha_6-7,F,0.29342971,4
14,linha_6-7,F,0.2899003,4
15,linha_6-7,F,0.28988634,4
16,linha_6-7,F,0.29376271,4
17,linha_6-7,F,0.30135858,4
18,linha_6-7,F,0.3464565,4
19,linha_6-7,F,0.4,4
20,linha_6-7,F,0.41359242,4
21,linha_6-7,F,0.41961845,4
22,linha_6-7,F,0.44111736,4
23,linha_6-7,F,0.45676326,4
24,linha_6-7,F,0.45527529,4
1,linha_7-8,F,0.2858325,4
2,linha_7-8,F,0.28322166,4
3,linha_7-8,F,0.28132798,4
4,linha_7-8,F,0.28192142,4
5,linha_7-8,F,0.2816339,4
6,linha_7-8,F,0.27350772,4
7,linha_7-8,F,0.22248559,4
8,linha_7-8,F,0.21074667,4
9,linha_7-8,F,0.2,4
10,linha_7-8,F,0.2,4
11,linha_7-8,F,0.2,4
12,linha_7-8,F,0.2,4
13,linha_7-8,F,0.2,4
14,linha_7-8,F,0.2,4
15,linha_7-8,F,0.2,4
16,linha_7-8,F,0.2,4
17,linha_7-8,F,0.20149213,4
18,linha_7-8,F,0.24022254,4
19,linha_7-8,F,0.2814333,4
20,linha_7-8,F,0.29169648,4
21,linha_7-8,F,0.29654818,4
22,linha_7-8,F,0.31385752,4
23,linha_7-8,F,0.32645444,4
24,linha_7-8,F,0.32525644,4
1,linha_8-9,F,0.17103603,4
2,linha_8-9,F,0.16580914,4
3,linha_8-9,F,0.16201799,4
4,linha_8-9,F,0.16174593,4
5,linha_8-9,F,0.16263043,4
6,linha_8-9,F,0.16132957,4
7,linha_8-9,F,0.11864369,4
8,linha_8-9,F,0.10882274,4
9,linha_8-9,F,0.10159259,4
10,linha_8-9,F,0.10386687,4
11,linha_8-9,F,0.10426326,4
12,linha_8-9,F,0.1044034,4
13,linha_8-9,F,0.1061962,4
14,linha_8-9,F,0.10973974,4
15,linha_8-9,F,0.10975375,4
16,linha_8-9,F,0.10586186,4
17,linha_8-9,F,0.10122283,4
18,linha_8-9,F,0.13348269,4
19,linha_8-9,F,0.16222883,4
20,linha_8-9,F,0.16910167,4
21,linha_8-9,F,0.17275258,4
22,linha_8-9,F,0.18577787,4
23,linha_8-9,F,0.19525706,4
24,linha_8-9,F,0.19435557,4
1,linha_9-10,F,0.055837905,4
2,linha_9-10,F,0.047994943,4
3,linha_9-10,F,0.04230631,4
4,linha_9-10,F,0.041165841,4
5,linha_9-10,F,0.04322529,4
6,linha_9-10,F,0.048779677,4
7,linha_9-10,F,0.014548882,4
8,linha_9-10,F,0.0066732317,4
9,linha_9-10,F,0.0029881734,4
10,linha_9-10,F,0.007541275,4
11,linha_9-10,F,0.0083348614,4
12,linha_9-10,F,0.0086154222,4
13,linha_9-10,F,0.012204597,4
14,linha_9-10,F,0.019298778,4
15,linha_9-10,F,0.019326834,4
16,linha_9-10,F,0.011535259,4
17,linha_9-10,F,0.00074980075,4
18,linha_9-10,F,0.026448617,4
19,linha_9-10,F,0.04262268,4
20,linha_9-10,F,0.046077846,4
21,linha_9-10,F,0.048515849,4
22,linha_9-10,F,0.057213857,4
23,linha_9-10,F,0.063543864,4
24,linha_9-10,F,0.062941863,4
1,linha_10-11,F,-0.059471785,4
2,linha_10-11,F,-0.069915147,4
3,linha_10-11,F,-0.077489894,4
4,linha_10-11,F,-0.079496496,4
5,linha_10-11,F,-0.076266219,4
6,linha_10-11,F,-0.063867676,4
7,linha_10-11,F,-0.089574994,4
8,linha_10-11,F,-0.095489605,4
9,linha_10-11,F,-0.095622216,4
10,linha_10-11,F,-0.088799384,4
11,linha_10-11,F,-0.087610194,4
12,linha_10-11,F,-0.087189773,4
13,linha_10-11,F,-0.081811387,4
14,linha_10-11,F,-0.071180742,4
15,linha_10-11,F,-0.0711387,4
16,linha_10-11,F,-0.082814391,4
17,linha_10-11,F,-0.099724725,4
18,linha_10-11,F,-0.080638296,4
19,linha_10-11,F,-0.077068629,4
20,linha_10-11,F,-0.077038038,4
21,linha_10-11,F,-0.075817818,4
22,linha_10-11,F,-0.071464464,4
23,linha_10-11,F,-0.068296296,4
24,linha_10-11,F,-0.068597598,4
1,linha_11-12,F,-0.17466265,4
2,linha_11-12,F,-0.18768555,4
3,linha_11-12,F,-0.19713127,4
4,linha_11-12,F,-0.2,4
5,linha_11-12,F,-0.19560535,4
6,linha_11-12,F,-0.17638742,4
7,linha_11-12,F,-0.1935199,4
8,linha_11-12,F,-0.19746165,4
9,linha_11-12,F,-0.19404155,4
10,linha_11-12,F,-0.18496262,4
11,linha_11-12,F,-0.1833802,4
12,linha_11-12,F,-0.18282076,4
13,linha_11-12,F,-0.17566391,4
14,linha_11-12,F,-0.16151804,4
15,linha_11-12,F,-0.1614621,4
16,linha_11-12,F,-0.17699858,4
17,linha_11-12,F,-0.2,4
18,linha_11-12,F,-0.18756409,4
19,linha_11-12,F,-0.19660595,4
20,linha_11-12,F,-0.2,4
21,linha_11-12,F,-0.2,4
22,linha_11-12,F,-0.2,4
23,linha_11-12,F,-0.2,4
24,linha_11-12,F,-0.2,4
1,linha_12-13,F,-0.28944465,4
2,linha_12-13,F,-0.30501083,4
3,linha_12-13,F,-0.31630124,4
4,linha_12-13,F,-0.32002293,4
5,linha_12-13,F,-0.31447731,4
6,linha_12-13,F,-0.28850552,4
7,linha_12-13,F,-0.29706319,4
8,linha_12-13,F,-0.2990321,4
9,linha_12-13,F,-0.29208027,4
10,linha_12-13,F,-0.28077234,4
11,linha_12-13,F,-0.27880142,4
12,linha_12-13,F,-0.27810463,4
13,linha_12-13,F,-0.26919068,4
14,linha_12-13,F,-0.25157181,4
15,linha_12-13,F,-0.25150213,4
16,linha_12-13,F,-0.27085302,4
17,linha_12-13,F,-0.29987537,4
18,linha_12-13,F,-0.29408826,4
19,linha_12-13,F,-0.31567333,4
20,linha_12-13,F,-0.32247159,4
21,linha_12-13,F,-0.32368694,4
22,linha_12-13,F,-0.32802293,4
23,linha_12-13,F,-0.33117846,4
24,linha_12-13,F,-0.33087836,4
1,linha_13-14,F,-0.4035834,4
2,linha_13-14,F,-0.42161572,4
3,linha_13-14,F,-0.43469486,4
4,linha_13-14,F,-0.43924961,4
5,linha_13-14,F,-0.43258197,4
6,linha_13-14,F,-0.4,4
7,linha_13-14,F,-0.4,4
8,linha_13-14,F,-0.4,4
9,linha_13-14,F,-0.3895444,4
10,linha_13-14,F,-0.37603891,4
11,linha_13-14,F,-0.37368496,4
12,linha_13-14,F,-0.37285276,4
13,linha_13-14,F,-0.36220648,4
14,linha_13-14,F,-0.3411636,4
15,linha_13-14,F,-0.34108038,4
16,linha_13-14,F,-0.36419189,4
17,linha_13-14,F,-0.39915329,4
18,linha_13-14,F,-0.4,4
19,linha_13-14,F,-0.43396747,4
20,linha_13-14,F,-0.44412256,4
21,linha_13-14,F,-0.44654117,4
22,linha_13-14,F,-0.45517001,4
23,linha_13-14,F,-0.46144968,4
24,linha_13-14,F,-0.46085247,4
1,linha_14-15,F,0.14569868,4
2,linha_14-15,F,0.15349469,4
3,linha_14-15,F,0.15914926,4
4,linha_14-15,F,0.16174593,4
5,linha_14-15,F,0.15823578,4
6,linha_14-15,F,0.13771699,4
7,linha_14-15,F,0.11216359,4
8,linha_14-15,F,0.10628439,4
9,linha_14-15,F,0.09861039,4
10,linha_14-15,F,0.096340659,4
11,linha_14-15,F,0.095945055,4
12,linha_14-15,F,0.095805195,4
13,linha_14-15,F,0.094015984,4
14,linha_14-15,F,0.09047952,4
15,linha_14-15,F,0.090465534,4
16,linha_14-15,F,0.09434965,4
17,linha_14-15,F,0.10122283,4
18,linha_14-15,F,0.12104678,4
19,linha_14-15,F,0.15883478,4
20,linha_14-15,F,0.16910167,4
21,linha_14-15,F,0.17275258,4
22,linha_14-15,F,0.18577787,4
23,linha_14-15,F,0.19525706,4
24,linha_14-15,F,0.19435557,4
1,linha_15-16,F,0.03044983,4
2,linha_15-16,F,0.035655836,4
3,linha_15-16,F,0.039431839,4
4,linha_15-16,F,0.041165841,4
5,linha_15-16,F,0.038821839,4
6,linha_15-16,F,0.025119825,4
7,linha_15-16,F,0.0080558081,4
8,linha_15-16,F,0.0041298041,4
9,linha_15-16,F,0.0,4
10,linha_15-16,F,0.0,4
11,linha_15-16,F,0.0,4
12,linha_15-16,F,0.0,4
13,linha_15-16,F,0.0,4
14,linha_15-16,F,0.0,4
15,linha_15-16,F,0.0,4
16,linha_15-16,F,0.0,4
17,linha_15-16,F,0.00074980075,4
18,linha_15-16,F,0.013987814,4
19,linha_15-16,F,0.039221839,4
20,linha_15-16,F,0.046077846,4
21,linha_15-16,F,0.048515849,4
22,linha_15-16,F,0.057213857,4
23,linha_15-16,F,0.063543864,4
24,linha_15-16,F,0.062941863,4
1,linha_16-17,F,-0.08485986,4
2,linha_16-17,F,-0.082254254,4
3,linha_16-17,F,-0.080364364,4
4,linha_16-17,F,-0.079496496,4
5,linha_16-17,F,-0.08066967,4
6,linha_16-17,F,-0.087527528,4
7,linha_16-17,F,-0.096068068,4
8,linha_16-17,F,-0.098033033,4
9,linha_16-17,F,-0.09861039,4
10,linha_16-17,F,-0.096340659,4
11,linha_16-17,F,-0.095945055,4
12,linha_16-17,F,-0.095805195,4
13,linha_16-17,F,-0.094015984,4
14,linha_16-17,F,-0.09047952,4
15,linha_16-17,F,-0.090465534,4
16,linha_16-17,F,-0.09434965,4
17,linha_16-17,F,-0.099724725,4
18,linha_16-17,F,-0.093099099,4
19,linha_16-17,F,-0.080469469,4
20,linha_16-17,F,-0.077038038,4
21,linha_16-17,F,-0.075817818,4
22,linha_16-17,F,-0.071464464,4
23,linha_16-17,F,-0.068296296,4
24,linha_16-17,F,-0.068597598,4
1,linha_17-18,F,-0.2,4
2,linha_17-18,F,-0.2,4
3,linha_17-18,F,-0.2,4
4,linha_17-18,F,-0.2,4
5,linha_17-18,F,-0.2,4
6,linha_17-18,F,-0.2,4
7,linha_17-18,F,-0.2,4
8,linha_17-18,F,-0.2,4
9,linha_17-18,F,-0.19702376,4
10,linha_17-18,F,-0.19248883,4
11,linha_17-18,F,-0.19169841,4
12,linha_17-18,F,-0.19141897,4
13,linha_17-18,F,-0.18784412,4
14,linha_17-18,F,-0.18077826,4
15,linha_17-18,F,-0.18075032,4
16,linha_17-18,F,-0.18851079,4
17,linha_17-18,F,-0.2,4
18,linha_17-18,F,-0.2,4
19,linha_17-18,F,-0.2,4
20,linha_17-18,F,-0.2,4
21,linha_17-18,F,-0.2,4
22,linha_17-18,F,-0.2,4
23,linha_17-18,F,-0.2,4
24,linha_17-18,F,-0.2,4
1,linha_18-19,F,0.34482793,4
2,linha_18-19,F,0.35257737,4
3,linha_18-19,F,0.35819817,4
4,linha_18-19,F,0.36077933,4
5,linha_18-19,F,0.35729014,4
6,linha_18-19,F,0.33689391,4
7,linha_18-19,F,0.31149313,4
8,linha_18-19,F,0.30564905,4
9,linha_18-19,F,0.29505058,4
10,linha_18-19,F,0.28826854,4
11,linha_18-19,F,0.28708645,4
12,linha_18-19,F,0.28666855,4
13,linha_18-19,F,0.28132231,4
14,linha_18-19,F,0.27075522,4
15,linha_18-19,F,0.27071343,4
16,linha_18-19,F,0.28231932,4
17,linha_18-19,F,0.30061772,4
18,linha_18-19,F,0.32032326,4
19,linha_18-19,F,0.35788557,4
20,linha_18-19,F,0.36809113,4
21,linha_18-19,F,0.37172024,4
22,linha_18-19,F,0.38466773,4
23,linha_18-19,F,0.39409031,4
24,linha_18-19,F,0.39319419,4
1,linha_19-20,F,0.2303284,4
2,linha_19-20,F,0.23551364,4
3,linha_19-20,F,0.23927458,4
4,linha_19-20,F,0.24100167,4
5,linha_19-20,F,0.23866702,4
6,linha_19-20,F,0.22501965,4
7,linha_19-20,F,0.20802368,4
8,linha_19-20,F,0.20411333,4
9,linha_19-20,F,0.19702376,4
10,linha_19-20,F,0.19248883,4
11,linha_19-20,F,0.19169841,4
12,linha_19-20,F,0.19141897,4
13,linha_19-20,F,0.18784412,4
14,linha_19-20,F,0.18077826,4
15,linha_19-20,F,0.18075032,4
16,linha_19-20,F,0.18851079,4
17,linha_19-20,F,0.20074681,4
18,linha_19-20,F,0.21393203,4
19,linha_19-20,F,0.23906542,4
20,linha_19-20,F,0.24589409,4
21,linha_19-20,F,0.24832237,4
22,linha_19-20,F,0.25698569,4
23,linha_19-20,F,0.26329045,4
24,linha_19-20,F,0.26269085,4
1,linha_20-21,F,0.11530969,4
2,linha_20-21,F,0.11791009,4
3,linha_20-21,F,0.1197962,4
4,linha_20-21,F,0.12066234,4
5,linha_20-21,F,0.11949151,4
6,linha_20-21,F,0.11264735,4
7,linha_20-21,F,0.10412388,4
8,linha_20-21,F,0.10216284,4
9,linha_20-21,F,0.09861039,4
10,linha_20-21,F,0.096340659,4
11,linha_20-21,F,0.095945055,4
12,linha_20-21,F,0.095805195,4
13,linha_20-21,F,0.094015984,4
14,linha_20-21,F,0.09047952,4
15,linha_20-21,F,0.090465534,4
16,linha_20-21,F,0.09434965,4
17,linha_20-21,F,0.10047453,4
18,linha_20-21,F,0.10708691,4
19,linha_20-21,F,0.11969131,4
20,linha_20-21,F,0.12311588,4
21,linha_20-21,F,0.12433367,4
22,linha_20-21,F,0.12867832,4
23,linha_20-21,F,0.13184016,4
24,linha_20-21,F,0.13153946,4
1,linha_21-22,F,0.0,4
2,linha_21-22,F,0.0,4
3,linha_21-22,F,0.0,4
4,linha_21-22,F,0.0,4
5,linha_21-22,F,0.0,4
6,linha_21-22,F,0.0,4
7,linha_21-22,F,0.0,4
8,linha_21-22,F,0.0,4
9,linha_21-22,F,0.0,4
10,linha_21-22,F,0.0,4
11,linha_21-22,F,0.0,4
12,linha_21-22,F,0.0,4
13,linha_21-22,F,0.0,4
14,linha_21-22,F,0.0,4
15,linha_21-22,F,0.0,4
16,linha_21-22,F,0.0,4
17,linha_21-22,F,0.0,4
18,linha_21-22,F,0.0,4
19,linha_21-22,F,0.0,4
20,linha_21-22,F,0.0,4
21,linha_21-22,F,0.0,4
22,linha_21-22,F,0.0,4
23,linha_21-22,F,0.0,4
24,linha_21-22,F,0.0,4
1,linha_22-23,F,-0.11530969,4
2,linha_22-23,F,-0.11791009,4
3,linha_22-23,F,-0.1197962,4
4,linha_22-23,F,-0.12066234,4
5,linha_22-23,F,-0.11949151,4
6,linha_22-23,F,-0.11264735,4
7,linha_22-23,F,-0.10412388,4
8,linha_22-23,F,-0.10216284,4
9,linha_22-23,F,-0.09861039,4
10,linha_22-23,F,-0.096340659,4
11,linha_22-23,F,-0.095945055,4
12,linha_22-23,F,-0.095805195,4
13,linha_22-23,F,-0.094015984,4
14,linha_22-23,F,-0.09047952,4
15,linha_22-23,F,-0.090465534,4
16,linha_22-23,F,-0.09434965,4
17,linha_22-23,F,-0.10047453,4
18,linha_22-23,F,-0.10708691,4
19,linha_22-23,F,-0.11969131,4
20,linha_22-23,F,-0.12311588,4
21,linha_22-23,F,-0.12433367,4
22,linha_22-23,F,-0.12867832,4
23,linha_22-23,F,-0.13184016,4
24,linha_22-23,F,-0.13153946,4
1,linha_23-24,F,-0.2303284,4
2,linha_23-24,F,-0.23551364,4
3,linha_23-24,F,-0.23927458,4
4,linha_23-24,F,-0.24100167,4
5,linha_23-24,F,-0.23866702,4
6,linha_23-24,F,-0.22501965,4
7,linha_23-24,F,-0.20802368,4
8,linha_23-24,F,-0.20411333,4
9,linha_23-24,F,-0.19702376,4
10,linha_23-24,F,-0.19248883,4
11,linha_23-24,F,-0.19169841,4
12,linha_23-24,F,-0.19141897,4
13,linha_23-24,F,-0.18784412,4
14,linha_23-24,F,-0.18077826,4
15,linha_23-24,F,-0.18075032,4
16,linha_23-24,F,-0.18851079,4
17,linha_23-24,F,-0.20074681,4
18,linha_23-24,F,-0.21393203,4
19,linha_23-24,F,-0.23906542,4
20,linha_23-24,F,-0.24589409,4
21,linha_23-24,F,-0.24832237,4
22,linha_23-24,F,-0.25698569,4
23,linha_23-24,F,-0.26329045,4
24,linha_23-24,F,-0.26269085,4
1,linha_24-25,F,-0.34482793,4
2,linha_24-25,F,-0.35257737,4
3,linha_24-25,F,-0.35819817,4
4,linha_24-25,F,-0.36077933,4
5,linha_24-25,F,-0.35729014,4
6,linha_24-25,F,-0.33689391,4
7,linha_24-25,F,-0.31149313,4
8,linha_24-25,F,-0.30564905,4
9,linha_24-25,F,-0.29505058,4
10,linha_24-25,F,-0.28826854,4
11,linha_24-25,F,-0.28708645,4
12,linha_24-25,F,-0.28666855,4
13,linha_24-25,F,-0.28132231,4
14,linha_24-25,F,-0.27075522,4
15,linha_24-25,F,-0.27071343,4
16,linha_24-25,F,-0.28231932,4
17,linha_24-25,F,-0.30061772,4
18,linha_24-25,F,-0.32032326,4
19,linha_24-25,F,-0.35788557,4
20,linha_24-25,F,-0.36809113,4
21,linha_24-25,F,-0.37172024,4
22,linha_24-25,F,-0.38466773,4
23,linha_24-25,F,-0.39409031,4
24,linha_24-25,F,-0.39319419,4
1,linha_25-26,F,0.2303284,4
2,linha_25-26,F,0.23551364,4
3,linha_25-26,F,0.23927458,4
4,linha_25-26,F,0.24100167,4
5,linha_25-26,F,0.23866702,4
6,linha_25-26,F,0.22501965,4
7,linha_25-26,F,0.20802368,4
8,linha_25-26,F,0.20411333,4
9,linha_25-26,F,0.19702376,4
10,linha_25-26,F,0.19248883,4
11,linha_25-26,F,0.19169841,4
12,linha_25-26,F,0.19141897,4
13,linha_25-26,F,0.18784412,4
14,linha_25-26,F,0.18077826,4
15,linha_25-26,F,0.18075032,4
16,linha_25-26,F,0.18851079,4
17,linha_25-26,F,0.20074681,4
18,linha_25-26,F,0.21393203,4
19,linha_25-26,F,0.23906542,4
20,linha_25-26,F,0.24589409,4
21,linha_25-26,F,0.24832237,4
22,linha_25-26,F,0.25698569,4
23,linha_25-26,F,0.26329045,4
24,linha_25-26,F,0.26269085,4
1,linha_26-27,F,0.11530969,4
2,linha_26-27,F,0.11791009,4
3,linha_26-27,F,0.1197962,4
4,linha_26-27,F,0.12066234,4
5,linha_26-27,F,0.11949151,4
6,linha_26-27,F,0.11264735,4
7,linha_26-27,F,0.10412388,4
8,linha_26-27,F,0.10216284,4
9,linha_26-27,F,0.09861039,4
10,linha_26-27,F,0.096340659,4
11,linha_26-27,F,0.095945055,4
12,linha_26-27,F,0.095805195,4
13,linha_26-27,F,0.094015984,4
14,linha_26-27,F,0.09047952,4
15,linha_26-27,F,0.090465534,4
16,linha_26-27,F,0.09434965,4
17,linha_26-27,F,0.10047453,4
18,linha_26-27,F,0.10708691,4
19,linha_26-27,F,0.11969131,4
20,linha_26-27,F,0.12311588,4
21,linha_26-27,F,0.12433367,4
22,linha_26-27,F,0.12867832,4
23,linha_26-27,F,0.13184016,4
24,linha_26-27,F,0.13153946,4
1,linha_27-28,F,0.0,4
2,linha_27-28,F,0.0,4
3,linha_27-28,F,0.0,4
4,linha_27-28,F,0.0,4
5,linha_27-28,F,0.0,4
6,linha_27-28,F,0.0,4
7,linha_27-28,F,0.0,4
8,linha_27-28,F,0.0,4
9,linha_27-28,F,0.0,4
10,linha_27-28,F,0.0,4
11,linha_27-28,F,0.0,4
12,linha_27-28,F,0.0,4
13,linha_27-28,F,0.0,4
14,linha_27-28,F,0.0,4
15,linha_27-28,F,0.0,4
16,linha_27-28,F,0.0,4
17,linha_27-28,F,0.0,4
18,linha_27-28,F,0.0,4
19,linha_27-28,F,0.0,4
20,linha_27-28,F,0.0,4
21,linha_27-28,F,0.0,4
22,linha_27-28,F,0.0,4
23,linha_27-28,F,0.0,4
24,linha_27-28,F,0.0,4
1,linha_28-29,F,-0.11530969,4
2,linha_28-29,F,-0.11791009,4
3,linha_28-29,F,-0.1197962,4
4,linha_28-29,F,-0.12066234,4
5,linha_28-29,F,-0.11949151,4
6,linha_28-29,F,-0.11264735,4
7,linha_28-29,F,-0.10412388,4
8,linha_28-29,F,-0.10216284,4
9,linha_28-29,F,-0.09861039,4
10,linha_28-29,F,-0.096340659,4
11,linha_28-29,F,-0.095945055,4
12,linha_28-29,F,-0.095805195,4
13,linha_28-29,F,-0.094015984,4
14,linha_28-29,F,-0.09047952,4
15,linha_28-29,F,-0.090465534,4
16,linha_28-29,F,-0.09434965,4
17,linha_28-29,F,-0.10047453,4
18,linha_28-29,F,-0.10708691,4
19,linha_28-29,F,-0.11969131,4
20,linha_28-29,F,-0.12311588,4
21,linha_28-29,F,-0.12433367,4
22,linha_28-29,F,-0.12867832,4
23,linha_28-29,F,-0.13184016,4
24,linha_28-29,F,-0.13153946,4
1,linha_29-30,F,-0.2303284,4
2,linha_29-30,F,-0.23551364,4
3,linha_29-30,F,-0.23927458,4
4,linha_29-30,F,-0.24100167,4
5,linha_29-30,F,-0.23866702,4
6,linha_29-30,F,-0.22501965,4
7,linha_29-30,F,-0.20802368,4
8,linha_29-30,F,-0.20411333,4
9,linha_29-30,F,-0.19702376,4
10,linha_29-30,F,-0.19248883,4
11,linha_29-30,F,-0.19169841,4
12,linha_29-30,F,-0.19141897,4
13,linha_29-30,F,-0.18784412,4
14,linha_29-30,F,-0.18077826,4
15,linha_29-30,F,-0.18075032,4
16,linha_29-30,F,-0.18851079,4
17,linha_29-30,F,-0.20074681,4
18,linha_29-30,F,-0.21393203,4
19,linha_29-30,F,-0.23906542,4
20,linha_29-30,F,-0.24589409,4
21,linha_29-30,F,-0.24832237,4
22,linha_29-30,F,-0.25698569,4
23,linha_29-30,F,-0.26329045,4
24,linha_29-30,F,-0.26269085,4
1,linha_30-31,F,0.34482793,4
2,linha_30-31,F,0.35257737,4
3,linha_30-31,F,0.35819817,4
4,linha_30-31,F,0.36077933,4
5,linha_30-31,F,0.35729014,4
6,linha_30-31,F,0.33689391,4
7,linha_30-31,F,0.31149313,4
8,linha_30-31,F,0.30564905,4
9,linha_30-31,F,0.29505058,4
10,linha_30-31,F,0.28826854,4
11,linha_30-31,F,0.28708645,4
12,linha_30-31,F,0.28666855,4
13,linha_30-31,F,0.28132231,4
14,linha_30-31,F,0.27075522,4
15,linha_30-31,F,0.27071343,4
16,linha_30-31,F,0.28231932,4
17,linha_30-31,F,0.30061772,4
18,linha_30-31,F,0.32032326,4
19,linha_30-31,F,0.35788557,4
20,linha_30-31,F,0.36809113,4
21,linha_30-31,F,0.37172024,4
22,linha_30-31,F,0.38466773,4
23,linha_30-31,F,0.39409031,4
24,linha_30-31,F,0.39319419,4
1,linha_31-32,F,0.2303284,4
2,linha_31-32,F,0.23551364,4
3,linha_31-32,F,0.23927458,4
4,linha_31-32,F,0.24100167,4
5,linha_31-32,F,0.23866702,4
6,linha_31-32,F,0.22501965,4
7,linha_31-32,F,0.20802368,4
8,linha_31-32,F,0.20411333,4
9,linha_31-32,F,0.19702376,4
10,linha_31-32,F,0.19248883,4
11,linha_31-32,F,0.19169841,4
12,linha_31-32,F,0.19141897,4
13,linha_31-32,F,0.18784412,4
14,linha_31-32,F,0.18077826,4
15,linha_31-32,F,0.18075032,4
16,linha_31-32,F,0.18851079,4
17,linha_31-32,F,0.20074681,4
18,linha_31-32,F,0.21393203,4
19,linha_31-32,F,0.23906542,4
20,linha_31-32,F,0.24589409,4
21,linha_31-32,F,0.24832237,4
22,linha_31-32,F,0.25698569,4
23,linha_31-32,F,0.26329045,4
24,linha_31-32,F,0.26269085,4
1,linha_32-33,F,0.11530969,4
2,linha_32-33,F,0.11791009,4
3,linha_32-33,F,0.1197962,4
4,linha_32-33,F,0.12066234,4
5,linha_32-33,F,0.11949151,4
6,linha_32-33,F,0.11264735,4
7,linha_32-33,F,0.10412388,4
8,linha_32-33,F,0.10216284,4
9,linha_32-33,F,0.09861039,4
10,linha_32-33,F,0.096340659,4
11,linha_32-33,F,0.095945055,4
12,linha_32-33,F,0.095805195,4
13,linha_32-33,F,0.094015984,4
14,linha_32-33,F,0.09047952,4
15,linha_32-33,F,0.090465534,4
16,linha_32-33,F,0.09434965,4
17,linha_32-33,F,0.10047453,4
18,linha_32-33,F,0.10708691,4
19,linha_32-33,F,0.11969131,4
20,linha_32-33,F,0.12311588,4
21,linha_32-33,F,0.12433367,4
22,linha_32-33,F,0.12867832,4
23,linha_32-33,F,0.13184016,4
24,linha_32-33,F,0.13153946,4
1,linha_1-2,Ploss,0.00023061938,4
2,linha_1-2,Ploss,0.00023582018,4
3,linha_1-2,Ploss,0.00023959241,4
4,linha_1-2,Ploss,0.00024132468,4
5,linha_1-2,Ploss,0.00023898302,4
6,linha_1-2,Ploss,0.00022529471,4
7,linha_1-2,Ploss,0.00020824775,4
8,linha_1-2,Ploss,0.00020432567,4
9,linha_1-2,Ploss,0.00019722078,4
10,linha_1-2,Ploss,0.00019268132,4
11,linha_1-2,Ploss,0.00019189011,4
12,linha_1-2,Ploss,0.00019161039,4
13,linha_1-2,Ploss,0.00018803197,4
14,linha_1-2,Ploss,0.00018095904,4
15,linha_1-2,Ploss,0.00018093107,4
16,linha_1-2,Ploss,0.0001886993,4
17,linha_1-2,Ploss,0.00020094905,4
18,linha_1-2,Ploss,0.00021417383,4
19,linha_1-2,Ploss,0.00023938262,4
20,linha_1-2,Ploss,0.00024623177,4
21,linha_1-2,Ploss,0.00024866733,4
22,linha_1-2,Ploss,0.00025735664,4
23,linha_1-2,Ploss,0.00026368032,4
24,linha_1-2,Ploss,0.00026307892,4
1,linha_2-3,Ploss,0.00058197037,4
2,linha_2-3,Ploss,0.00061308183,4
3,linha_2-3,Ploss,0.0006356475,4
4,linha_2-3,Ploss,0.00064601002,4
5,linha_2-3,Ploss,0.0006320021,4
6,linha_2-3,Ploss,0.00055011788,4
7,linha_2-3,Ploss,0.00044814209,4
8,linha_2-3,Ploss,0.00042468001,4
9,linha_2-3,Ploss,0.00039404751,4
10,linha_2-3,Ploss,0.00038497766,4
11,linha_2-3,Ploss,0.00038339682,4
12,linha_2-3,Ploss,0.00038283794,4
13,linha_2-3,Ploss,0.00037568825,4
14,linha_2-3,Ploss,0.00036155653,4
15,linha_2-3,Ploss,0.00036150064,4
16,linha_2-3,Ploss,0.00037702158,4
17,linha_2-3,Ploss,0.00040448086,4
18,linha_2-3,Ploss,0.00048359218,4
19,linha_2-3,Ploss,0.00063439253,4
20,linha_2-3,Ploss,0.00067536452,4
21,linha_2-3,Ploss,0.00068993419,4
22,linha_2-3,Ploss,0.00074191412,4
23,linha_2-3,Ploss,0.00077974269,4
24,linha_2-3,Ploss,0.00077614509,4
1,linha_3-4,Ploss,0.0012689676,4
2,linha_3-4,Ploss,0.0013154642,4
3,linha_3-4,Ploss,0.001349189,4
4,linha_3-4,Ploss,0.001364676,4
5,linha_3-4,Ploss,0.0013437409,4
6,linha_3-4,Ploss,0.0012213634,4
7,linha_3-4,Ploss,0.0010689588,4
8,linha_3-4,Ploss,0.0010338943,4
9,linha_3-4,Ploss,0.00097030348,4
10,linha_3-4,Ploss,0.00092961121,4
11,linha_3-4,Ploss,0.00092251872,4
12,linha_3-4,Ploss,0.00092001128,4
13,linha_3-4,Ploss,0.00088793388,4
14,linha_3-4,Ploss,0.00082453131,4
15,linha_3-4,Ploss,0.00082428057,4
16,linha_3-4,Ploss,0.00089391593,4
17,linha_3-4,Ploss,0.0010037063,4
18,linha_3-4,Ploss,0.0011219396,4
19,linha_3-4,Ploss,0.0013473134,4
20,linha_3-4,Ploss,0.0014085468,4
21,linha_3-4,Ploss,0.0014303214,4
22,linha_3-4,Ploss,0.0015080064,4
23,linha_3-4,Ploss,0.0015645418,4
24,linha_3-4,Ploss,0.0015591652,4
1,linha_4-5,Ploss,0.0021852581,4
2,linha_4-5,Ploss,0.0022880362,4
3,linha_4-5,Ploss,0.0023625828,4
4,linha_4-5,Ploss,0.0023968158,4
5,linha_4-5,Ploss,0.00235054,4
6,linha_4-5,Ploss,0.0020800321,4
7,linha_4-5,Ploss,0.0017431508,4
8,linha_4-5,Ploss,0.0016656428,4
9,linha_4-5,Ploss,0.0015549816,4
10,linha_4-5,Ploss,0.0015009416,4
11,linha_4-5,Ploss,0.0014915226,4
12,linha_4-5,Ploss,0.0014881927,4
13,linha_4-5,Ploss,0.0014455933,4
14,linha_4-5,Ploss,0.0013613935,4
15,linha_4-5,Ploss,0.0013610605,4
16,linha_4-5,Ploss,0.0014535376,4
17,linha_4-5,Ploss,0.0015993471,4
18,linha_4-5,Ploss,0.0018602616,4
19,linha_4-5,Ploss,0.0023584369,4
20,linha_4-5,Ploss,0.0024937896,4
21,linha_4-5,Ploss,0.0025419212,4
22,linha_4-5,Ploss,0.002713639,4
23,linha_4-5,Ploss,0.0028386073,4
24,linha_4-5,Ploss,0.0028267225,4
1,linha_5-6,Ploss,0.0033120217,4
2,linha_5-6,Ploss,0.0034396776,4
3,linha_5-6,Ploss,0.0035322685,4
4,linha_5-6,Ploss,0.0035747878,4
5,linha_5-6,Ploss,0.0035173108,4
6,linha_5-6,Ploss,0.0031813253,4
7,linha_5-6,Ploss,0.0027629005,4
8,linha_5-6,Ploss,0.0026666314,4
9,linha_5-6,Ploss,0.0024918253,4
10,linha_5-6,Ploss,0.0023798685,4
11,linha_5-6,Ploss,0.0023603549,4
12,linha_5-6,Ploss,0.0023534562,4
13,linha_5-6,Ploss,0.0022652015,4
14,linha_5-6,Ploss,0.0020907618,4
15,linha_5-6,Ploss,0.0020900719,4
16,linha_5-6,Ploss,0.00228166,4
17,linha_5-6,Ploss,0.0025837464,4
18,linha_5-6,Ploss,0.0029083585,4
19,linha_5-6,Ploss,0.0035271191,4
20,linha_5-6,Ploss,0.0037330635,4
21,linha_5-6,Ploss,0.003816592,4
22,linha_5-6,Ploss,0.004114595,4
23,linha_5-6,Ploss,0.0043314677,4
24,linha_5-6,Ploss,0.0043108425,4
1,linha_6-7,Ploss,0.0016,4
2,linha_6-7,Ploss,0.0016,4
3,linha_6-7,Ploss,0.0016,4
4,linha_6-7,Ploss,0.001614514,4
5,linha_6-7,Ploss,0.0016,4
6,linha_6-7,Ploss,0.0015105515,4
7,linha_6-7,Ploss,0.0011552112,4
8,linha_6-7,Ploss,0.0010734562,4
9,linha_6-7,Ploss,0.00098808973,4
10,linha_6-7,Ploss,0.0009744985,4
11,linha_6-7,Ploss,0.00097212961,4
12,linha_6-7,Ploss,0.00097129212,4
13,linha_6-7,Ploss,0.00096057827,4
14,linha_6-7,Ploss,0.00093940179,4
15,linha_6-7,Ploss,0.00093931805,4
16,linha_6-7,Ploss,0.00096257627,4
17,linha_6-7,Ploss,0.0010081515,4
18,linha_6-7,Ploss,0.001278739,4
19,linha_6-7,Ploss,0.0016,4
20,linha_6-7,Ploss,0.0017359242,4
21,linha_6-7,Ploss,0.0017961845,4
22,linha_6-7,Ploss,0.0020111736,4
23,linha_6-7,Ploss,0.0021676326,4
24,linha_6-7,Ploss,0.0021527529,4
1,linha_7-8,Ploss,0.00091499498,4
2,linha_7-8,Ploss,0.00089932999,4
3,linha_7-8,Ploss,0.0008879679,4
4,linha_7-8,Ploss,0.00089152852,4
5,linha_7-8,Ploss,0.00088980341,4
6,linha_7-8,Ploss,0.00084104629,4
7,linha_7-8,Ploss,0.00053491353,4
8,linha_7-8,Ploss,0.00046448004,4
9,linha_7-8,Ploss,0.0004,4
10,linha_7-8,Ploss,0.0004,4
11,linha_7-8,Ploss,0.0004,4
12,linha_7-8,Ploss,0.0004,4
13,linha_7-8,Ploss,0.0004,4
14,linha_7-8,Ploss,0.0004,4
15,linha_7-8,Ploss,0.0004,4
16,linha_7-8,Ploss,0.0004,4
17,linha_7-8,Ploss,0.00040895277,4
18,linha_7-8,Ploss,0.00064133521,4
19,linha_7-8,Ploss,0.0008885998,4
20,linha_7-8,Ploss,0.00095017885,4
21,linha_7-8,Ploss,0.0009792891,4
22,linha_7-8,Ploss,0.0010831451,4
23,linha_7-8,Ploss,0.0011587267,4
24,linha_7-8,Ploss,0.0011515386,4
1,linha_8-9,Ploss,0.00034207206,4
2,linha_8-9,Ploss,0.00033161828,4
3,linha_8-9,Ploss,0.00032403597,4
4,linha_8-9,Ploss,0.00032349186,4
5,linha_8-9,Ploss,0.00032526087,4
6,linha_8-9,Ploss,0.00032265914,4
7,linha_8-9,Ploss,0.00023728738,4
8,linha_8-9,Ploss,0.00021764547,4
9,linha_8-9,Ploss,0.00020318519,4
10,linha_8-9,Ploss,0.00020773373,4
11,linha_8-9,Ploss,0.00020852653,4
12,linha_8-9,Ploss,0.00020880681,4
13,linha_8-9,Ploss,0.00021239239,4
14,linha_8-9,Ploss,0.00021947948,4
15,linha_8-9,Ploss,0.00021950751,4
16,linha_8-9,Ploss,0.00021172372,4
17,linha_8-9,Ploss,0.00020244566,4
18,linha_8-9,Ploss,0.00026696537,4
19,linha_8-9,Ploss,0.00032445766,4
20,linha_8-9,Ploss,0.00033820333,4
21,linha_8-9,Ploss,0.00034550516,4
22,linha_8-9,Ploss,0.00037155573,4
23,linha_8-9,Ploss,0.00039051413,4
24,linha_8-9,Ploss,0.00038871113,4
1,linha_9-10,Ploss,0.00011167581,4
2,linha_9-10,Ploss,9.5989886e-05,4
3,linha_9-10,Ploss,8.461262e-05,4
4,linha_9-10,Ploss,8.2331682e-05,4
5,linha_9-10,Ploss,8.6450579e-05,4
6,linha_9-10,Ploss,9.7559354e-05,4
7,linha_9-10,Ploss,2.9097764e-05,4
8,linha_9-10,Ploss,1.3346463e-05,4
9,linha_9-10,Ploss,5.9763467e-06,4
10,linha_9-10,Ploss,1.508255e-05,4
11,linha_9-10,Ploss,1.6669723e-05,4
12,linha_9-10,Ploss,1.7230844e-05,4
13,linha_9-10,Ploss,2.4409194e-05,4
14,linha_9-10,Ploss,3.8597557e-05,4
15,linha_9-10,Ploss,3.8653669e-05,4
16,linha_9-10,Ploss,2.3070518e-05,4
17,linha_9-10,Ploss,1.4996015e-06,4
18,linha_9-10,Ploss,5.2897234e-05,4
19,linha_9-10,Ploss,8.524536e-05,4
20,linha_9-10,Ploss,9.2155692e-05,4
21,linha_9-10,Ploss,9.7031697e-05,4
22,linha_9-10,Ploss,0.00011442771,4
23,linha_9-10,Ploss,0.00012708773,4
24,linha_9-10,Ploss,0.00012588373,4
1,linha_10-11,Ploss,0.00011894357,4
2,linha_10-11,Ploss,0.00013983029,4
3,linha_10-11,Ploss,0.00015497979,4
4,linha_10-11,Ploss,0.00015899299,4
5,linha_10-11,Ploss,0.00015253244,4
6,linha_10-11,Ploss,0.00012773535,4
7,linha_10-11,Ploss,0.00017914999,4
8,linha_10-11,Ploss,0.00019097921,4
9,linha_10-11,Ploss,0.00019124443,4
10,linha_10-11,Ploss,0.00017759877,4
11,linha_10-11,Ploss,0.00017522039,4
12,linha_10-11,Ploss,0.00017437955,4
13,linha_10-11,Ploss,0.00016362277,4
14,linha_10-11,Ploss,0.00014236148,4
15,linha_10-11,Ploss,0.0001422774,4
16,linha_10-11,Ploss,0.00016562878,4
17,linha_10-11,Ploss,0.00019944945,4
18,linha_10-11,Ploss,0.00016127659,4
19,linha_10-11,Ploss,0.00015413726,4
20,linha_10-11,Ploss,0.00015407608,4
21,linha_10-11,Ploss,0.00015163564,4
22,linha_10-11,Ploss,0.00014292893,4
23,linha_10-11,Ploss,0.00013659259,4
24,linha_10-11,Ploss,0.0001371952,4
1,linha_11-12,Ploss,0.0003493253,4
2,linha_11-12,Ploss,0.00037537109,4
3,linha_11-12,Ploss,0.00039426254,4
4,linha_11-12,Ploss,0.0004,4
5,linha_11-12,Ploss,0.00039121069,4
6,linha_11-12,Ploss,0.00035277484,4
7,linha_11-12,Ploss,0.0003870398,4
8,linha_11-12,Ploss,0.00039492331,4
9,linha_11-12,Ploss,0.0003880831,4
10,linha_11-12,Ploss,0.00036992524,4
11,linha_11-12,Ploss,0.00036676041,4
12,linha_11-12,Ploss,0.00036564152,4
13,linha_11-12,Ploss,0.00035132782,4
14,linha_11-12,Ploss,0.00032303609,4
15,linha_11-12,Ploss,0.0003229242,4
16,linha_11-12,Ploss,0.00035399716,4
17,linha_11-12,Ploss,0.0004,4
18,linha_11-12,Ploss,0.00037512819,4
19,linha_11-12,Ploss,0.00039321191,4
20,linha_11-12,Ploss,0.0004,4
21,linha_11-12,Ploss,0.0004,4
22,linha_11-12,Ploss,0.0004,4
23,linha_11-12,Ploss,0.0004,4
24,linha_11-12,Ploss,0.0004,4
1,linha_12-13,Ploss,0.00093666793,4
2,linha_12-13,Ploss,0.001030065,4
3,linha_12-13,Ploss,0.0010978074,4
4,linha_12-13,Ploss,0.0011201376,4
5,linha_12-13,Ploss,0.0010868639,4
6,linha_12-13,Ploss,0.0009310331,4
7,linha_12-13,Ploss,0.00098237914,4
8,linha_12-13,Ploss,0.00099419258,4
9,linha_12-13,Ploss,0.00095248162,4
10,linha_12-13,Ploss,0.00088463406,4
11,linha_12-13,Ploss,0.00087280851,4
12,linha_12-13,Ploss,0.00086862776,4
13,linha_12-13,Ploss,0.00081514405,4
14,linha_12-13,Ploss,0.00070943086,4
15,linha_12-13,Ploss,0.00070901278,4
16,linha_12-13,Ploss,0.00082511812,4
17,linha_12-13,Ploss,0.00099925224,4
18,linha_12-13,Ploss,0.00096452959,4
19,linha_12-13,Ploss,0.00109404,4
20,linha_12-13,Ploss,0.0011348295,4
21,linha_12-13,Ploss,0.0011421216,4
22,linha_12-13,Ploss,0.0011681376,4
23,linha_12-13,Ploss,0.0011870708,4
24,linha_12-13,Ploss,0.0011852702,4
1,linha_13-14,Ploss,0.001635834,4
2,linha_13-14,Ploss,0.0018161572,4
3,linha_13-14,Ploss,0.0019469486,4
4,linha_13-14,Ploss,0.0019924961,4
5,linha_13-14,Ploss,0.0019258197,4
6,linha_13-14,Ploss,0.0016,4
7,linha_13-14,Ploss,0.0016,4
8,linha_13-14,Ploss,0.0016,4
9,linha_13-14,Ploss,0.0015372664,4
10,linha_13-14,Ploss,0.0014562335,4
11,linha_13-14,Ploss,0.0014421098,4
12,linha_13-14,Ploss,0.0014371165,4
13,linha_13-14,Ploss,0.0013732389,4
14,linha_13-14,Ploss,0.0012469816,4
15,linha_13-14,Ploss,0.0012464823,4
16,linha_13-14,Ploss,0.0013851513,4
17,linha_13-14,Ploss,0.0015949197,4
18,linha_13-14,Ploss,0.0016,4
19,linha_13-14,Ploss,0.0019396747,4
20,linha_13-14,Ploss,0.0020412256,4
21,linha_13-14,Ploss,0.0020654117,4
22,linha_13-14,Ploss,0.0021517001,4
23,linha_13-14,Ploss,0.0022144968,4
24,linha_13-14,Ploss,0.0022085247,4
1,linha_14-15,Ploss,0.00029139736,4
2,linha_14-15,Ploss,0.00030698937,4
3,linha_14-15,Ploss,0.00031829852,4
4,linha_14-15,Ploss,0.00032349186,4
5,linha_14-15,Ploss,0.00031647156,4
6,linha_14-15,Ploss,0.00027543398,4
7,linha_14-15,Ploss,0.00022432718,4
8,linha_14-15,Ploss,0.00021256878,4
9,linha_14-15,Ploss,0.00019722078,4
10,linha_14-15,Ploss,0.00019268132,4
11,linha_14-15,Ploss,0.00019189011,4
12,linha_14-15,Ploss,0.00019161039,4
13,linha_14-15,Ploss,0.00018803197,4
14,linha_14-15,Ploss,0.00018095904,4
15,linha_14-15,Ploss,0.00018093107,4
16,linha_14-15,Ploss,0.0001886993,4
17,linha_14-15,Ploss,0.00020244566,4
18,linha_14-15,Ploss,0.00024209356,4
19,linha_14-15,Ploss,0.00031766957,4
20,linha_14-15,Ploss,0.00033820333,4
21,linha_14-15,Ploss,0.00034550516,4
22,linha_14-15,Ploss,0.00037155573,4
23,linha_14-15,Ploss,0.00039051413,4
24,linha_14-15,Ploss,0.00038871113,4
1,linha_15-16,Ploss,6.0899661e-05,4
2,linha_15-16,Ploss,7.1311671e-05,4
3,linha_15-16,Ploss,7.8863679e-05,4
4,linha_15-16,Ploss,8.2331682e-05,4
5,linha_15-16,Ploss,7.7643678e-05,4
6,linha_15-16,Ploss,5.023965e-05,4
7,linha_15-16,Ploss,1.6111616e-05,4
8,linha_15-16,Ploss,8.2596083e-06,4
9,linha_15-16,Ploss,0.0,4
10,linha_15-16,Ploss,0.0,4
11,linha_15-16,Ploss,0.0,4
12,linha_15-16,Ploss,0.0,4
13,linha_15-16,Ploss,0.0,4
14,linha_15-16,Ploss,0.0,4
15,linha_15-16,Ploss,0.0,4
16,linha_15-16,Ploss,0.0,4
17,linha_15-16,Ploss,1.4996015e-06,4
18,linha_15-16,Ploss,2.7975628e-05,4
19,linha_15-16,Ploss,7.8443678e-05,4
20,linha_15-16,Ploss,9.2155692e-05,4
21,linha_15-16,Ploss,9.7031697e-05,4
22,linha_15-16,Ploss,0.00011442771,4
23,linha_15-16,Ploss,0.00012708773,4
24,linha_15-16,Ploss,0.00012588373,4
1,linha_16-17,Ploss,0.00016971972,4
2,linha_16-17,Ploss,0.00016450851,4
3,linha_16-17,Ploss,0.00016072873,4
4,linha_16-17,Ploss,0.00015899299,4
5,linha_16-17,Ploss,0.00016133934,4
6,linha_16-17,Ploss,0.00017505506,4
7,linha_16-17,Ploss,0.00019213614,4
8,linha_16-17,Ploss,0.00019606607,4
9,linha_16-17,Ploss,0.00019722078,4
10,linha_16-17,Ploss,0.00019268132,4
11,linha_16-17,Ploss,0.00019189011,4
12,linha_16-17,Ploss,0.00019161039,4
13,linha_16-17,Ploss,0.00018803197,4
14,linha_16-17,Ploss,0.00018095904,4
15,linha_16-17,Ploss,0.00018093107,4
16,linha_16-17,Ploss,0.0001886993,4
17,linha_16-17,Ploss,0.00019944945,4
18,linha_16-17,Ploss,0.0001861982,4
19,linha_16-17,Ploss,0.00016093894,4
20,linha_16-17,Ploss,0.00015407608,4
21,linha_16-17,Ploss,0.00015163564,4
22,linha_16-17,Ploss,0.00014292893,4
23,linha_16-17,Ploss,0.00013659259,4
24,linha_16-17,Ploss,0.0001371952,4
1,linha_17-18,Ploss,0.0004,4
2,linha_17-18,Ploss,0.0004,4
3,linha_17-18,Ploss,0.0004,4
4,linha_17-18,Ploss,0.0004,4
5,linha_17-18,Ploss,0.0004,4
6,linha_17-18,Ploss,0.0004,4
7,linha_17-18,Ploss,0.0004,4
8,linha_17-18,Ploss,0.0004,4
9,linha_17-18,Ploss,0.00039404751,4
10,linha_17-18,Ploss,0.00038497766,4
11,linha_17-18,Ploss,0.00038339682,4
12,linha_17-18,Ploss,0.00038283794,4
13,linha_17-18,Ploss,0.00037568825,4
14,linha_17-18,Ploss,0.00036155653,4
15,linha_17-18,Ploss,0.00036150064,4
16,linha_17-18,Ploss,0.00037702158,4
17,linha_17-18,Ploss,0.0004,4
18,linha_17-18,Ploss,0.0004,4
19,linha_17-18,Ploss,0.0004,4
20,linha_17-18,Ploss,0.0004,4
21,linha_17-18,Ploss,0.0004,4
22,linha_17-18,Ploss,0.0004,4
23,linha_17-18,Ploss,0.0004,4
24,linha_17-18,Ploss,0.0004,4
1,linha_18-19,Ploss,0.0012689676,4
2,linha_18-19,Ploss,0.0013154642,4
3,linha_18-19,Ploss,0.001349189,4
4,linha_18-19,Ploss,0.001364676,4
5,linha_18-19,Ploss,0.0013437409,4
6,linha_18-19,Ploss,0.0012213634,4
7,linha_18-19,Ploss,0.0010689588,4
8,linha_18-19,Ploss,0.0010338943,4
9,linha_18-19,Ploss,0.00097030348,4
10,linha_18-19,Ploss,0.00092961121,4
11,linha_18-19,Ploss,0.00092251872,4
12,linha_18-19,Ploss,0.00092001128,4
13,linha_18-19,Ploss,0.00088793388,4
14,linha_18-19,Ploss,0.00082453131,4
15,linha_18-19,Ploss,0.00082428057,4
16,linha_18-19,Ploss,0.00089391593,4
17,linha_18-19,Ploss,0.0010037063,4
18,linha_18-19,Ploss,0.0011219396,4
19,linha_18-19,Ploss,0.0013473134,4
20,linha_18-19,Ploss,0.0014085468,4
21,linha_18-19,Ploss,0.0014303214,4
22,linha_18-19,Ploss,0.0015080064,4
23,linha_18-19,Ploss,0.0015645418,4
24,linha_18-19,Ploss,0.0015591652,4
1,linha_19-20,Ploss,0.00058197037,4
2,linha_19-20,Ploss,0.00061308183,4
3,linha_19-20,Ploss,0.0006356475,4
4,linha_19-20,Ploss,0.00064601002,4
5,linha_19-20,Ploss,0.0006320021,4
6,linha_19-20,Ploss,0.00055011788,4
7,linha_19-20,Ploss,0.00044814209,4
8,linha_19-20,Ploss,0.00042468001,4
9,linha_19-20,Ploss,0.00039404751,4
10,linha_19-20,Ploss,0.00038497766,4
11,linha_19-20,Ploss,0.00038339682,4
12,linha_19-20,Ploss,0.00038283794,4
13,linha_19-20,Ploss,0.00037568825,4
14,linha_19-20,Ploss,0.00036155653,4
15,linha_19-20,Ploss,0.00036150064,4
16,linha_19-20,Ploss,0.00037702158,4
17,linha_19-20,Ploss,0.00040448086,4
18,linha_19-20,Ploss,0.00048359218,4
19,linha_19-20,Ploss,0.00063439253,4
20,linha_19-20,Ploss,0.00067536452,4
21,linha_19-20,Ploss,0.00068993419,4
22,linha_19-20,Ploss,0.00074191412,4
23,linha_19-20,Ploss,0.00077974269,4
24,linha_19-20,Ploss,0.00077614509,4
1,linha_20-21,Ploss,0.00023061938,4
2,linha_20-21,Ploss,0.00023582018,4
3,linha_20-21,Ploss,0.00023959241,4
4,linha_20-21,Ploss,0.00024132468,4
5,linha_20-21,Ploss,0.00023898302,4
6,linha_20-21,Ploss,0.00022529471,4
7,linha_20-21,Ploss,0.00020824775,4
8,linha_20-21,Ploss,0.00020432567,4
9,linha_20-21,Ploss,0.00019722078,4
10,linha_20-21,Ploss,0.00019268132,4
11,linha_20-21,Ploss,0.00019189011,4
12,linha_20-21,Ploss,0.00019161039,4
13,linha_20-21,Ploss,0.00018803197,4
14,linha_20-21,Ploss,0.00018095904,4
15,linha_20-21,Ploss,0.00018093107,4
16,linha_20-21,Ploss,0.0001886993,4
17,linha_20-21,Ploss,0.00020094905,4
18,linha_20-21,Ploss,0.00021417383,4
19,linha_20-21,Ploss,0.00023938262,4
20,linha_20-21,Ploss,0.00024623177,4
21,linha_20-21,Ploss,0.00024866733,4
22,linha_20-21,Ploss,0.00025735664,4
23,linha_20-21,Ploss,0.00026368032,4
24,linha_20-21,Ploss,0.00026307892,4
1,linha_21-22,Ploss,0.0,4
2,linha_21-22,Ploss,0.0,4
3,linha_21-22,Ploss,0.0,4
4,linha_21-22,Ploss,0.0,4
5,linha_21-22,Ploss,0.0,4
6,linha_21-22,Ploss,0.0,4
7,linha_21-22,Ploss,0.0,4
8,linha_21-22,Ploss,0.0,4
9,linha_21-22,Ploss,0.0,4
10,linha_21-22,Ploss,0.0,4
11,linha_21-22,Ploss,0.0,4
12,linha_21-22,Ploss,0.0,4
13,linha_21-22,Ploss,0.0,4
14,linha_21-22,Ploss,0.0,4
15,linha_21-22,Ploss,0.0,4
16,linha_21-22,Ploss,0.0,4
17,linha_21-22,Ploss,0.0,4
18,linha_21-22,Ploss,0.0,4
19,linha_21-22,Ploss,0.0,4
20,linha_21-22,Ploss,0.0,4
21,linha_21-22,Ploss,0.0,4
22,linha_21-22,Ploss,0.0,4
23,linha_21-22,Ploss,0.0,4
24,linha_21-22,Ploss,0.0,4
1,linha_22-23,Ploss,0.00023061938,4
2,linha_22-23,Ploss,0.00023582018,4
3,linha_22-23,Ploss,0.00023959241,4
4,linha_22-23,Ploss,0.00024132468,4
5,linha_22-23,Ploss,0.00023898302,4
6,linha_22-23,Ploss,0.00022529471,4
7,linha_22-23,Ploss,0.00020824775,4
8,linha_22-23,Ploss,0.00020432567,4
9,linha_22-23,Ploss,0.00019722078,4
10,linha_22-23,Ploss,0.00019268132,4
11,linha_22-23,Ploss,0.00019189011,4
12,linha_22-23,Ploss,0.00019161039,4
13,linha_22-23,Ploss,0.00018803197,4
14,linha_22-23,Ploss,0.00018095904,4
15,linha_22-23,Ploss,0.00018093107,4
16,linha_22-23,Ploss,0.0001886993,4
17,linha_22-23,Ploss,0.00020094905,4
18,linha_22-23,Ploss,0.00021417383,4
19,linha_22-23,Ploss,0.00023938262,4
20,linha_22-23,Ploss,0.00024623177,4
21,linha_22-23,Ploss,0.00024866733,4
22,linha_22-23,Ploss,0.00025735664,4
23,linha_22-23,Ploss,0.00026368032,4
24,linha_22-23,Ploss,0.00026307892,4
1,linha_23-24,Ploss,0.00058197037,4
2,linha_23-24,Ploss,0.00061308183,4
3,linha_23-24,Ploss,0.0006356475,4
4,linha_23-24,Ploss,0.00064601002,4
5,linha_23-24,Ploss,0.0006320021,4
6,linha_23-24,Ploss,0.00055011788,4
7,linha_23-24,Ploss,0.00044814209,4
8,linha_23-24,Ploss,0.00042468001,4
9,linha_23-24,Ploss,0.00039404751,4
10,linha_23-24,Ploss,0.00038497766,4
11,linha_23-24,Ploss,0.00038339682,4
12,linha_23-24,Ploss,0.00038283794,4
13,linha_23-24,Ploss,0.00037568825,4
14,linha_23-24,Ploss,0.00036155653,4
15,linha_23-24,Ploss,0.00036150064,4
16,linha_23-24,Ploss,0.00037702158,4
17,linha_23-24,Ploss,0.00040448086,4
18,linha_23-24,Ploss,0.00048359218,4
19,linha_23-24,Ploss,0.00063439253,4
20,linha_23-24,Ploss,0.00067536452,4
21,linha_23-24,Ploss,0.00068993419,4
22,linha_23-24,Ploss,0.00074191412,4
23,linha_23-24,Ploss,0.00077974269,4
24,linha_23-24,Ploss,0.00077614509,4
1,linha_24-25,Ploss,0.0012689676,4
2,linha_24-25,Ploss,0.0013154642,4
3,linha_24-25,Ploss,0.001349189,4
4,linha_24-25,Ploss,0.001364676,4
5,linha_24-25,Ploss,0.0013437409,4
6,linha_24-25,Ploss,0.0012213634,4
7,linha_24-25,Ploss,0.0010689588,4
8,linha_24-25,Ploss,0.0010338943,4
9,linha_24-25,Ploss,0.00097030348,4
10,linha_24-25,Ploss,0.00092961121,4
11,linha_24-25,Ploss,0.00092251872,4
12,linha_24-25,Ploss,0.00092001128,4
13,linha_24-25,Ploss,0.00088793388,4
14,linha_24-25,Ploss,0.00082453131,4
15,linha_24-25,Ploss,0.00082428057,4
16,linha_24-25,Ploss,0.00089391593,4
17,linha_24-25,Ploss,0.0010037063,4
18,linha_24-25,Ploss,0.0011219396,4
19,linha_24-25,Ploss,0.0013473134,4
20,linha_24-25,Ploss,0.0014085468,4
21,linha_24-25,Ploss,0.0014303214,4
22,linha_24-25,Ploss,0.0015080064,4
23,linha_24-25,Ploss,0.0015645418,4
24,linha_24-25,Ploss,0.0015591652,4
1,linha_25-26,Ploss,0.00058197037,4
2,linha_25-26,Ploss,0.00061308183,4
3,linha_25-26,Ploss,0.0006356475,4
4,linha_25-26,Ploss,0.00064601002,4
5,linha_25-26,Ploss,0.0006320021,4
6,linha_25-26,Ploss,0.00055011788,4
7,linha_25-26,Ploss,0.00044814209,4
8,linha_25-26,Ploss,0.00042468001,4
9,linha_25-26,Ploss,0.00039404751,4
10,linha_25-26,Ploss,0.00038497766,4
11,linha_25-26,Ploss,0.00038339682,4
12,linha_25-26,Ploss,0.00038283794,4
13,linha_25-26,Ploss,0.00037568825,4
14,linha_25-26,Ploss,0.00036155653,4
15,linha_25-26,Ploss,0.00036150064,4
16,linha_25-26,Ploss,0.00037702158,4
17,linha_25-26,Ploss,0.00040448086,4
18,linha_25-26,Ploss,0.00048359218,4
19,linha_25-26,Ploss,0.00063439253,4
20,linha_25-26,Ploss,0.00067536452,4
21,linha_25-26,Ploss,0.00068993419,4
22,linha_25-26,Ploss,0.00074191412,4
23,linha_25-26,Ploss,0.00077974269,4
24,linha_25-26,Ploss,0.00077614509,4
1,linha_26-27,Ploss,0.00023061938,4
2,linha_26-27,Ploss,0.00023582018,4
3,linha_26-27,Ploss,0.00023959241,4
4,linha_26-27,Ploss,0.00024132468,4
5,linha_26-27,Ploss,0.00023898302,4
6,linha_26-27,Ploss,0.00022529471,4
7,linha_26-27,Ploss,0.00020824775,4
8,linha_26-27,Ploss,0.00020432567,4
9,linha_26-27,Ploss,0.00019722078,4
10,linha_26-27,Ploss,0.00019268132,4
11,linha_26-27,Ploss,0.00019189011,4
12,linha_26-27,Ploss,0.00019161039,4
13,linha_26-27,Ploss,0.00018803197,4
14,linha_26-27,Ploss,0.00018095904,4
15,linha_26-27,Ploss,0.00018093107,4
16,linha_26-27,Ploss,0.0001886993,4
17,linha_26-27,Ploss,0.00020094905,4
18,linha_26-27,Ploss,0.00021417383,4
19,linha_26-27,Ploss,0.00023938262,4
20,linha_26-27,Ploss,0.00024623177,4
21,linha_26-27,Ploss,0.00024866733,4
22,linha_26-27,Ploss,0.00025735664,4
23,linha_26-27,Ploss,0.00026368032,4
24,linha_26-27,Ploss,0.00026307892,4
1,linha_27-28,Ploss,0.0,4
2,linha_27-28,Ploss,0.0,4
3,linha_27-28,Ploss,0.0,4
4,linha_27-28,Ploss,0.0,4
5,linha_27-28,Ploss,0.0,4
6,linha_27-28,Ploss,0.0,4
7,linha_27-28,Ploss,0.0,4
8,linha_27-28,Ploss,0.0,4
9,linha_27-28,Ploss,0.0,4
10,linha_27-28,Ploss,0.0,4
11,linha_27-28,Ploss,0.0,4
12,linha_27-28,Ploss,0.0,4
13,linha_27-28,Ploss,0.0,4
14,linha_27-28,Ploss,0.0,4
15,linha_27-28,Ploss,0.0,4
16,linha_27-28,Ploss,0.0,4
17,linha_27-28,Ploss,0.0,4
18,linha_27-28,Ploss,0.0,4
19,linha_27-28,Ploss,0.0,4
20,linha_27-28,Ploss,0.0,4
21,linha_27-28,Ploss,0.0,4
22,linha_27-28,Ploss,0.0,4
23,linha_27-28,Ploss,0.0,4
24,linha_27-28,Ploss,0.0,4
1,linha_28-29,Ploss,0.00023061938,4
2,linha_28-29,Ploss,0.00023582018,4
3,linha_28-29,Ploss,0.00023959241,4
4,linha_28-29,Ploss,0.00024132468,4
5,linha_28-29,Ploss,0.00023898302,4
6,linha_28-29,Ploss,0.00022529471,4
7,linha_28-29,Ploss,0.00020824775,4
8,linha_28-29,Ploss,0.00020432567,4
9,linha_28-29,Ploss,0.00019722078,4
10,linha_28-29,Ploss,0.00019268132,4
11,linha_28-29,Ploss,0.00019189011,4
12,linha_28-29,Ploss,0.00019161039,4
13,linha_28-29,Ploss,0.00018803197,4
14,linha_28-29,Ploss,0.00018095904,4
15,linha_28-29,Ploss,0.00018093107,4
16,linha_28-29,Ploss,0.0001886993,4
17,linha_28-29,Ploss,0.00020094905,4
18,linha_28-29,Ploss,0.00021417383,4
19,linha_28-29,Ploss,0.00023938262,4
20,linha_28-29,Ploss,0.00024623177,4
21,linha_28-29,Ploss,0.00024866733,4
22,linha_28-29,Ploss,0.00025735664,4
23,linha_28-29,Ploss,0.00026368032,4
24,linha_28-29,Ploss,0.00026307892,4
1,linha_29-30,Ploss,0.00058197037,4
2,linha_29-30,Ploss,0.00061308183,4
3,linha_29-30,Ploss,0.0006356475,4
4,linha_29-30,Ploss,0.00064601002,4
5,linha_29-30,Ploss,0.0006320021,4
6,linha_29-30,Ploss,0.00055011788,4
7,linha_29-30,Ploss,0.00044814209,4
8,linha_29-30,Ploss,0.00042468001,4
9,linha_29-30,Ploss,0.00039404751,4
10,linha_29-30,Ploss,0.00038497766,4
11,linha_29-30,Ploss,0.00038339682,4
12,linha_29-30,Ploss,0.00038283794,4
13,linha_29-30,Ploss,0.00037568825,4
14,linha_29-30,Ploss,0.00036155653,4
15,linha_29-30,Ploss,0.00036150064,4
16,linha_29-30,Ploss,0.00037702158,4
17,linha_29-30,Ploss,0.00040448086,4
18,linha_29-30,Ploss,0.00048359218,4
19,linha_29-30,Ploss,0.00063439253,4
20,linha_29-30,Ploss,0.00067536452,4
21,linha_29-30,Ploss,0.00068993419,4
22,linha_29-30,Ploss,0.00074191412,4
23,linha_29-30,Ploss,0.00077974269,4
24,linha_29-30,Ploss,0.00077614509,4
1,linha_30-31,Ploss,0.0012689676,4
2,linha_30-31,Ploss,0.0013154642,4
3,linha_30-31,Ploss,0.001349189,4
4,linha_30-31,Ploss,0.001364676,4
5,linha_30-31,Ploss,0.0013437409,4
6,linha_30-31,Ploss,0.0012213634,4
7,linha_30-31,Ploss,0.0010689588,4
8,linha_30-31,Ploss,0.0010338943,4
9,linha_30-31,Ploss,0.00097030348,4
10,linha_30-31,Ploss,0.00092961121,4
11,linha_30-31,Ploss,0.00092251872,4
12,linha_30-31,Ploss,0.00092001128,4
13,linha_30-31,Ploss,0.00088793388,4
14,linha_30-31,Ploss,0.00082453131,4
15,linha_30-31,Ploss,0.00082428057,4
16,linha_30-31,Ploss,0.00089391593,4
17,linha_30-31,Ploss,0.0010037063,4
18,linha_30-31,Ploss,0.0011219396,4
19,linha_30-31,Ploss,0.0013473134,4
20,linha_30-31,Ploss,0.0014085468,4
21,linha_30-31,Ploss,0.0014303214,4
22,linha_30-31,Ploss,0.0015080064,4
23,linha_30-31,Ploss,0.0015645418,4
24,linha_30-31,Ploss,0.0015591652,4
1,linha_31-32,Ploss,0.00058197037,4
2,linha_31-32,Ploss,0.00061308183,4
3,linha_31-32,Ploss,0.0006356475,4
4,linha_31-32,Ploss,0.00064601002,4
5,linha_31-32,Ploss,0.0006320021,4
6,linha_31-32,Ploss,0.00055011788,4
7,linha_31-32,Ploss,0.00044814209,4
8,linha_31-32,Ploss,0.00042468001,4
9,linha_31-32,Ploss,0.00039404751,4
10,linha_31-32,Ploss,0.00038497766,4
11,linha_31-32,Ploss,0.00038339682,4
12,linha_31-32,Ploss,0.00038283794,4
13,linha_31-32,Ploss,0.00037568825,4
14,linha_31-32,Ploss,0.00036155653,4
15,linha_31-32,Ploss,0.00036150064,4
16,linha_31-32,Ploss,0.00037702158,4
17,linha_31-32,Ploss,0.00040448086,4
18,linha_31-32,Ploss,0.00048359218,4
19,linha_31-32,Ploss,0.00063439253,4
20,linha_31-32,Ploss,0.00067536452,4
21,linha_31-32,Ploss,0.00068993419,4
22,linha_31-32,Ploss,0.00074191412,4
23,linha_31-32,Ploss,0.00077974269,4
24,linha_31-32,Ploss,0.00077614509,4
1,linha_32-33,Ploss,0.00023061938,4
2,linha_32-33,Ploss,0.00023582018,4
3,linha_32-33,Ploss,0.00023959241,4
4,linha_32-33,Ploss,0.00024132468,4
5,linha_32-33,Ploss,0.00023898302,4
6,linha_32-33,Ploss,0.00022529471,4
7,linha_32-33,Ploss,0.00020824775,4
8,linha_32-33,Ploss,0.00020432567,4
9,linha_32-33,Ploss,0.00019722078,4
10,linha_32-33,Ploss,0.00019268132,4
11,linha_32-33,Ploss,0.00019189011,4
12,linha_32-33,Ploss,0.00019161039,4
13,linha_32-33,Ploss,0.00018803197,4
14,linha_32-33,Ploss,0.00018095904,4
15,linha_32-33,Ploss,0.00018093107,4
16,linha_32-33,Ploss,0.0001886993,4
17,linha_32-33,Ploss,0.00020094905,4
18,linha_32-33,Ploss,0.00021417383,4
19,linha_32-33,Ploss,0.00023938262,4
20,linha_32-33,Ploss,0.00024623177,4
21,linha_32-33,Ploss,0.00024866733,4
22,linha_32-33,Ploss,0.00025735664,4
23,linha_32-33,Ploss,0.00026368032,4
24,linha_32-33,Ploss,0.00026307892,4
1,barra_1,theta,0.0,4
2,barra_1,theta,0.0,4
3,barra_1,theta,0.0,4
4,barra_1,theta,0.0,4
5,barra_1,theta,0.0,4
6,barra_1,theta,0.0,4
7,barra_1,theta,0.0,4
8,barra_1,theta,0.0,4
9,barra_1,theta,0.0,4
10,barra_1,theta,0.0,4
11,barra_1,theta,0.0,4
12,barra_1,theta,0.0,4
13,barra_1,theta,0.0,4
14,barra_1,theta,0.0,4
15,barra_1,theta,0.0,4
16,barra_1,theta,0.0,4
17,barra_1,theta,0.0,4
18,barra_1,theta,0.0,4
19,barra_1,theta,0.0,4
20,barra_1,theta,0.0,4
21,barra_1,theta,0.0,4
22,barra_1,theta,0.0,4
23,barra_1,theta,0.0,4
24,barra_1,theta,0.0,4
1,barra_2,theta,0.0096091409,4
2,barra_2,theta,0.0098258408,4
3,barra_2,theta,0.009983017,4
4,barra_2,theta,0.010055195,4
5,barra_2,theta,0.0099576257,4
6,barra_2,theta,0.0093872794,4
7,barra_2,theta,0.0086769897,4
8,barra_2,theta,0.0085135698,4
9,barra_2,theta,0.0082175325,4
10,barra_2,theta,0.0080283883,4
11,barra_2,theta,0.0079954212,4
12,barra_2,theta,0.0079837662,4
13,barra_2,theta,0.0078346653,4
14,barra_2,theta,0.00753996,4
15,barra_2,theta,0.0075387945,4
16,barra_2,theta,0.0078624709,4
17,barra_2,theta,0.0083728771,4
18,barra_2,theta,0.0089239094,4
19,barra_2,theta,0.0099742757,4
20,barra_2,theta,0.010259657,4
21,barra_2,theta,0.010361139,4
22,barra_2,theta,0.010723193,4
23,barra_2,theta,0.01098668,4
24,barra_2,theta,0.010961622,4
1,barra_3,theta,0.028803174,4
2,barra_3,theta,0.029451977,4
3,barra_3,theta,0.029922566,4
4,barra_3,theta,0.030138667,4
5,barra_3,theta,0.029846544,4
6,barra_3,theta,0.028138917,4
7,barra_3,theta,0.026012296,4
8,barra_3,theta,0.025523014,4
9,barra_3,theta,0.024636179,4
10,barra_3,theta,0.024069124,4
11,barra_3,theta,0.023970289,4
12,barra_3,theta,0.023935347,4
13,barra_3,theta,0.023488342,4
14,barra_3,theta,0.022604815,4
15,barra_3,theta,0.022601321,4
16,barra_3,theta,0.023571703,4
17,barra_3,theta,0.025101778,4
18,barra_3,theta,0.026751579,4
19,barra_3,theta,0.029896394,4
20,barra_3,theta,0.030750831,4
21,barra_3,theta,0.031054669,4
22,barra_3,theta,0.032138667,4
23,barra_3,theta,0.032927551,4
24,barra_3,theta,0.032852526,4
1,barra_4,theta,0.057538834,4
2,barra_4,theta,0.058833425,4
3,barra_4,theta,0.059772413,4
4,barra_4,theta,0.060203611,4
5,barra_4,theta,0.059620722,4
6,barra_4,theta,0.056213409,4
7,barra_4,theta,0.051970057,4
8,barra_4,theta,0.050993768,4
9,barra_4,theta,0.049223727,4
10,barra_4,theta,0.048091502,4
11,barra_4,theta,0.04789416,4
12,barra_4,theta,0.047824393,4
13,barra_4,theta,0.046931868,4
14,barra_4,theta,0.04516775,4
15,barra_4,theta,0.045160773,4
16,barra_4,theta,0.047098313,4
17,barra_4,theta,0.050153254,4
18,barra_4,theta,0.053445184,4
19,barra_4,theta,0.059720191,4
20,barra_4,theta,0.061425092,4
21,barra_4,theta,0.062031356,4
22,barra_4,theta,0.064194311,4
23,barra_4,theta,0.06576841,4
24,barra_4,theta,0.065618709,4
1,barra_5,theta,0.095749319,4
2,barra_5,theta,0.097900393,4
3,barra_5,theta,0.099460603,4
4,barra_5,theta,0.10017708,4
5,barra_5,theta,0.099208556,4
6,barra_5,theta,0.093547009,4
7,barra_5,theta,0.086496314,4
8,barra_5,theta,0.084874125,4
9,barra_5,theta,0.081931805,4
10,barra_5,theta,0.080049024,4
11,barra_5,theta,0.079720863,4
12,barra_5,theta,0.079604846,4
13,barra_5,theta,0.078120664,4
14,barra_5,theta,0.075187105,4
15,barra_5,theta,0.075175503,4
16,barra_5,theta,0.078397446,4
17,barra_5,theta,0.08347752,4
18,barra_5,theta,0.088947364,4
19,barra_5,theta,0.099373833,4
20,barra_5,theta,0.10220667,4
21,barra_5,theta,0.10321403,4
22,barra_5,theta,0.10680797,4
23,barra_5,theta,0.10942347,4
24,barra_5,theta,0.10917473,4
1,barra_6,theta,0.1433495,4
2,barra_6,theta,0.14656437,4
3,barra_6,theta,0.14889617,4
4,barra_6,theta,0.14996697,4
5,barra_6,theta,0.14851948,4
6,barra_6,theta,0.14005805,4
7,barra_6,theta,0.12952048,4
8,barra_6,theta,0.12709605,4
9,barra_6,theta,0.12269702,4
10,barra_6,theta,0.11988126,4
11,barra_6,theta,0.11939049,4
12,barra_6,theta,0.11921698,4
13,barra_6,theta,0.11699734,4
14,barra_6,theta,0.11261012,4
15,barra_6,theta,0.11259277,4
16,barra_6,theta,0.11741128,4
17,barra_6,theta,0.12500874,4
18,barra_6,theta,0.13318369,4
19,barra_6,theta,0.14876649,4
20,barra_6,theta,0.15299872,4
21,barra_6,theta,0.15450327,4
22,barra_6,theta,0.15987104,4
23,barra_6,theta,0.16377744,4
24,barra_6,theta,0.16340593,4
1,barra_7,theta,0.11001617,4
2,barra_7,theta,0.11323104,4
3,barra_7,theta,0.11556284,4
4,barra_7,theta,0.11651269,4
5,barra_7,theta,0.11518615,4
6,barra_7,theta,0.10796706,4
7,barra_7,theta,0.10236477,4
8,barra_7,theta,0.10107583,4
9,barra_7,theta,0.097862437,4
10,barra_7,theta,0.095235449,4
11,barra_7,theta,0.094777576,4
12,barra_7,theta,0.094615702,4
13,barra_7,theta,0.092544868,4
14,barra_7,theta,0.088451761,4
15,barra_7,theta,0.088435574,4
16,barra_7,theta,0.092931053,4
17,barra_7,theta,0.099895526,4
18,barra_7,theta,0.10431231,4
19,barra_7,theta,0.11543316,4
20,barra_7,theta,0.11853268,4
21,barra_7,theta,0.11953507,4
22,barra_7,theta,0.12311126,4
23,barra_7,theta,0.12571384,4
24,barra_7,theta,0.12546633,4
1,barra_8,theta,0.086196792,4
2,barra_8,theta,0.089629234,4
3,barra_8,theta,0.092118842,4
4,barra_8,theta,0.09301924,4
5,barra_8,theta,0.091716654,4
6,barra_8,theta,0.085174751,4
7,barra_8,theta,0.083824308,4
8,barra_8,theta,0.083513605,4
9,barra_8,theta,0.08119577,4
10,barra_8,theta,0.078568782,4
11,barra_8,theta,0.078110909,4
12,barra_8,theta,0.077949035,4
13,barra_8,theta,0.075878201,4
14,barra_8,theta,0.071785095,4
15,barra_8,theta,0.071768907,4
16,barra_8,theta,0.076264387,4
17,barra_8,theta,0.083104515,4
18,barra_8,theta,0.084293766,4
19,barra_8,theta,0.091980384,4
20,barra_8,theta,0.094224642,4
21,barra_8,theta,0.094822718,4
22,barra_8,theta,0.096956463,4
23,barra_8,theta,0.098509303,4
24,barra_8,theta,0.098361624,4
1,barra_9,theta,0.071943789,4
2,barra_9,theta,0.075811805,4
3,barra_9,theta,0.078617343,4
4,barra_9,theta,0.079540412,4
5,barra_9,theta,0.078164118,4
6,barra_9,theta,0.07173062,4
7,barra_9,theta,0.073937334,4
8,barra_9,theta,0.074445044,4
9,barra_9,theta,0.072729721,4
10,barra_9,theta,0.06991321,4
11,barra_9,theta,0.069422304,4
12,barra_9,theta,0.069248751,4
13,barra_9,theta,0.067028518,4
14,barra_9,theta,0.062640117,4
15,barra_9,theta,0.062622761,4
16,barra_9,theta,0.067442565,4
17,barra_9,theta,0.074669279,4
18,barra_9,theta,0.073170209,4
19,barra_9,theta,0.078461315,4
20,barra_9,theta,0.080132836,4
21,barra_9,theta,0.08042667,4
22,barra_9,theta,0.081474974,4
23,barra_9,theta,0.082237881,4
24,barra_9,theta,0.082165327,4
1,barra_10,theta,0.067290631,4
2,barra_10,theta,0.071812227,4
3,barra_10,theta,0.075091817,4
4,barra_10,theta,0.076109926,4
5,barra_10,theta,0.074562011,4
6,barra_10,theta,0.067665647,4
7,barra_10,theta,0.072724927,4
8,barra_10,theta,0.073888941,4
9,barra_10,theta,0.072480706,4
10,barra_10,theta,0.06928477,4
11,barra_10,theta,0.068727732,4
12,barra_10,theta,0.0685308,4
13,barra_10,theta,0.066011468,4
14,barra_10,theta,0.061031885,4
15,barra_10,theta,0.061012192,4
16,barra_10,theta,0.066481293,4
17,barra_10,theta,0.074606796,4
18,barra_10,theta,0.070966157,4
19,barra_10,theta,0.074909425,4
20,barra_10,theta,0.076293016,4
21,barra_10,theta,0.076383682,4
22,barra_10,theta,0.076707153,4
23,barra_10,theta,0.076942559,4
24,barra_10,theta,0.076920171,4
1,barra_11,theta,0.072246613,4
2,barra_11,theta,0.077638489,4
3,barra_11,theta,0.081549308,4
4,barra_11,theta,0.082734634,4
5,barra_11,theta,0.080917529,4
6,barra_11,theta,0.072987953,4
7,barra_11,theta,0.08018951,4
8,barra_11,theta,0.081846408,4
9,barra_11,theta,0.080449224,4
10,barra_11,theta,0.076684719,4
11,barra_11,theta,0.076028582,4
12,barra_11,theta,0.075796614,4
13,barra_11,theta,0.072829084,4
14,barra_11,theta,0.066963614,4
15,barra_11,theta,0.066940417,4
16,barra_11,theta,0.073382493,4
17,barra_11,theta,0.08291719,4
18,barra_11,theta,0.077686015,4
19,barra_11,theta,0.08133181,4
20,barra_11,theta,0.082712852,4
21,barra_11,theta,0.082701834,4
22,barra_11,theta,0.082662525,4
23,barra_11,theta,0.082633917,4
24,barra_11,theta,0.082636638,4
1,barra_12,theta,0.086801834,4
2,barra_12,theta,0.093278951,4
3,barra_12,theta,0.097976914,4
4,barra_12,theta,0.0994013,4
5,barra_12,theta,0.097217974,4
6,barra_12,theta,0.087686905,4
7,barra_12,theta,0.096316168,4
8,barra_12,theta,0.098301546,4
9,barra_12,theta,0.096619354,4
10,barra_12,theta,0.092098271,4
11,barra_12,theta,0.091310265,4
12,barra_12,theta,0.091031678,4
13,barra_12,theta,0.087467743,4
14,barra_12,theta,0.08042345,4
15,barra_12,theta,0.080395592,4
16,barra_12,theta,0.088132374,4
17,barra_12,theta,0.099583856,4
18,barra_12,theta,0.093316356,4
19,barra_12,theta,0.09771564,4
20,barra_12,theta,0.099379519,4
21,barra_12,theta,0.099368501,4
22,barra_12,theta,0.099329191,4
23,barra_12,theta,0.099300584,4
24,barra_12,theta,0.099303304,4
1,barra_13,theta,0.11092222,4
2,barra_13,theta,0.11869652,4
3,barra_13,theta,0.12433535,4
4,barra_13,theta,0.12606988,4
5,barra_13,theta,0.12342442,4
6,barra_13,theta,0.11172903,4
7,barra_13,theta,0.12107143,4
8,barra_13,theta,0.12322089,4
9,barra_13,theta,0.12095938,4
10,barra_13,theta,0.11549597,4
11,barra_13,theta,0.11454372,4
12,barra_13,theta,0.11420706,4
13,barra_13,theta,0.1099003,4
14,barra_13,theta,0.10138777,4
15,barra_13,theta,0.1013541,4
16,barra_13,theta,0.11070346,4
17,barra_13,theta,0.12457347,4
18,barra_13,theta,0.11782371,4
19,barra_13,theta,0.12402175,4
20,barra_13,theta,0.12625215,4
21,barra_13,theta,0.12634241,4
22,barra_13,theta,0.12666444,4
23,barra_13,theta,0.12689879,4
24,barra_13,theta,0.1268765,4
1,barra_14,theta,0.14455417,4
2,barra_14,theta,0.15383116,4
3,barra_14,theta,0.16055992,4
4,barra_14,theta,0.16267401,4
5,barra_14,theta,0.15947291,4
6,barra_14,theta,0.14506236,4
7,barra_14,theta,0.15440477,4
8,barra_14,theta,0.15655422,4
9,barra_14,theta,0.15342141,4
10,barra_14,theta,0.14683254,4
11,barra_14,theta,0.14568413,4
12,barra_14,theta,0.14527813,4
13,barra_14,theta,0.14008417,4
14,barra_14,theta,0.12981807,4
15,barra_14,theta,0.12977747,4
16,barra_14,theta,0.14105278,4
17,barra_14,theta,0.15783624,4
18,barra_14,theta,0.15115705,4
19,barra_14,theta,0.16018571,4
20,barra_14,theta,0.16326236,4
21,barra_14,theta,0.16355418,4
22,barra_14,theta,0.16459527,4
23,barra_14,theta,0.16535293,4
24,barra_14,theta,0.16528087,4
1,barra_15,theta,0.13241261,4
2,barra_15,theta,0.14103994,4
3,barra_15,theta,0.14729748,4
4,barra_15,theta,0.14919519,4
5,barra_15,theta,0.1462866,4
6,barra_15,theta,0.13358595,4
7,barra_15,theta,0.1450578,4
8,barra_15,theta,0.14769719,4
9,barra_15,theta,0.14520388,4
10,barra_15,theta,0.13880415,4
11,barra_15,theta,0.13768871,4
12,barra_15,theta,0.13729436,4
13,barra_15,theta,0.13224951,4
14,barra_15,theta,0.12227811,4
15,barra_15,theta,0.12223867,4
16,barra_15,theta,0.13319031,4
17,barra_15,theta,0.14940101,4
18,barra_15,theta,0.14106981,4
19,barra_15,theta,0.14694947,4
20,barra_15,theta,0.14917056,4
21,barra_15,theta,0.14915813,4
22,barra_15,theta,0.14911378,4
23,barra_15,theta,0.14908151,4
24,barra_15,theta,0.14908458,4
1,barra_16,theta,0.12987513,4
2,barra_16,theta,0.13806862,4
3,barra_16,theta,0.1440115,4
4,barra_16,theta,0.1457647,4
5,barra_16,theta,0.14305145,4
6,barra_16,theta,0.13149263,4
7,barra_16,theta,0.14438648,4
8,barra_16,theta,0.14735304,4
9,barra_16,theta,0.14520388,4
10,barra_16,theta,0.13880415,4
11,barra_16,theta,0.13768871,4
12,barra_16,theta,0.13729436,4
13,barra_16,theta,0.13224951,4
14,barra_16,theta,0.12227811,4
15,barra_16,theta,0.12223867,4
16,barra_16,theta,0.13319031,4
17,barra_16,theta,0.14933853,4
18,barra_16,theta,0.13990416,4
19,barra_16,theta,0.14368099,4
20,barra_16,theta,0.14533074,4
21,barra_16,theta,0.14511514,4
22,barra_16,theta,0.14434596,4
23,barra_16,theta,0.14378619,4
24,barra_16,theta,0.14383942,4
1,barra_17,theta,0.13694678,4
2,barra_17,theta,0.14492314,4
3,barra_17,theta,0.15070853,4
4,barra_17,theta,0.15238941,4
5,barra_17,theta,0.14977392,4
6,barra_17,theta,0.13878659,4
7,barra_17,theta,0.15239216,4
8,barra_17,theta,0.15552246,4
9,barra_17,theta,0.15342141,4
10,barra_17,theta,0.14683254,4
11,barra_17,theta,0.14568413,4
12,barra_17,theta,0.14527813,4
13,barra_17,theta,0.14008417,4
14,barra_17,theta,0.12981807,4
15,barra_17,theta,0.12977747,4
16,barra_17,theta,0.14105278,4
17,barra_17,theta,0.15764892,4
18,barra_17,theta,0.14766242,4
19,barra_17,theta,0.15038678,4
20,barra_17,theta,0.15175057,4
21,barra_17,theta,0.15143329,4
22,barra_17,theta,0.15030133,4
23,barra_17,theta,0.14947754,4
24,barra_17,theta,0.14955589,4
1,barra_18,theta,0.15361345,4
2,barra_18,theta,0.16158981,4
3,barra_18,theta,0.16737519,4
4,barra_18,theta,0.16905607,4
5,barra_18,theta,0.16644059,4
6,barra_18,theta,0.15545326,4
7,barra_18,theta,0.16905882,4
8,barra_18,theta,0.17218912,4
9,barra_18,theta,0.16984006,4
10,barra_18,theta,0.16287328,4
11,barra_18,theta,0.161659,4
12,barra_18,theta,0.16122971,4
13,barra_18,theta,0.15573785,4
14,barra_18,theta,0.14488292,4
15,barra_18,theta,0.14483999,4
16,barra_18,theta,0.15676202,4
17,barra_18,theta,0.17431559,4
18,barra_18,theta,0.16432909,4
19,barra_18,theta,0.16705344,4
20,barra_18,theta,0.16841724,4
21,barra_18,theta,0.16809996,4
22,barra_18,theta,0.166968,4
23,barra_18,theta,0.16614421,4
24,barra_18,theta,0.16622255,4
1,barra_19,theta,0.12487779,4
2,barra_19,theta,0.13220836,4
3,barra_19,theta,0.13752535,4
4,barra_19,theta,0.13899113,4
5,barra_19,theta,0.13666641,4
6,barra_19,theta,0.12737877,4
7,barra_19,theta,0.14310106,4
8,barra_19,theta,0.14671837,4
9,barra_19,theta,0.14525251,4
10,barra_19,theta,0.1388509,4
11,barra_19,theta,0.13773513,4
12,barra_19,theta,0.13734066,4
13,barra_19,theta,0.13229432,4
14,barra_19,theta,0.12231999,4
15,barra_19,theta,0.12228054,4
16,barra_19,theta,0.13323541,4
17,barra_19,theta,0.14926411,4
18,barra_19,theta,0.13763548,4
19,barra_19,theta,0.13722965,4
20,barra_19,theta,0.13774298,4
21,barra_19,theta,0.13712327,4
22,barra_19,theta,0.13491235,4
23,barra_19,theta,0.13330335,4
24,barra_19,theta,0.13345637,4
1,barra_20,theta,0.10568376,4
2,barra_20,theta,0.11258222,4
3,barra_20,theta,0.1175858,4
4,barra_20,theta,0.11890766,4
5,barra_20,theta,0.11677749,4
6,barra_20,theta,0.10862713,4
7,barra_20,theta,0.12576576,4
8,barra_20,theta,0.12970893,4
9,barra_20,theta,0.12883386,4
10,barra_20,theta,0.12281016,4
11,barra_20,theta,0.12176026,4
12,barra_20,theta,0.12138908,4
13,barra_20,theta,0.11664065,4
14,barra_20,theta,0.10725513,4
15,barra_20,theta,0.10721802,4
16,barra_20,theta,0.11752617,4
17,barra_20,theta,0.13253521,4
18,barra_20,theta,0.11980781,4
19,barra_20,theta,0.11730753,4
20,barra_20,theta,0.11725181,4
21,barra_20,theta,0.11642974,4
22,barra_20,theta,0.11349688,4
23,barra_20,theta,0.11136248,4
24,barra_20,theta,0.11156547,4
1,barra_21,theta,0.096074616,4
2,barra_21,theta,0.10275638,4
3,barra_21,theta,0.10760278,4
4,barra_21,theta,0.10885246,4
5,barra_21,theta,0.10681986,4
6,barra_21,theta,0.099239849,4
7,barra_21,theta,0.11708877,4
8,barra_21,theta,0.12119536,4
9,barra_21,theta,0.12061633,4
10,barra_21,theta,0.11478178,4
11,barra_21,theta,0.11376484,4
12,barra_21,theta,0.11340531,4
13,barra_21,theta,0.10880598,4
14,barra_21,theta,0.099715173,4
15,barra_21,theta,0.099679221,4
16,barra_21,theta,0.1096637,4
17,barra_21,theta,0.12416233,4
18,barra_21,theta,0.1108839,4
19,barra_21,theta,0.10733325,4
20,barra_21,theta,0.10699215,4
21,barra_21,theta,0.1060686,4
22,barra_21,theta,0.10277369,4
23,barra_21,theta,0.1003758,4
24,barra_21,theta,0.10060385,4
1,barra_22,theta,0.096074616,4
2,barra_22,theta,0.10275638,4
3,barra_22,theta,0.10760278,4
4,barra_22,theta,0.10885246,4
5,barra_22,theta,0.10681986,4
6,barra_22,theta,0.099239849,4
7,barra_22,theta,0.11708877,4
8,barra_22,theta,0.12119536,4
9,barra_22,theta,0.12061633,4
10,barra_22,theta,0.11478178,4
11,barra_22,theta,0.11376484,4
12,barra_22,theta,0.11340531,4
13,barra_22,theta,0.10880598,4
14,barra_22,theta,0.099715173,4
15,barra_22,theta,0.099679221,4
16,barra_22,theta,0.1096637,4
17,barra_22,theta,0.12416233,4
18,barra_22,theta,0.1108839,4
19,barra_22,theta,0.10733325,4
20,barra_22,theta,0.10699215,4
21,barra_22,theta,0.1060686,4
22,barra_22,theta,0.10277369,4
23,barra_22,theta,0.1003758,4
24,barra_22,theta,0.10060385,4
1,barra_23,theta,0.10568376,4
2,barra_23,theta,0.11258222,4
3,barra_23,theta,0.1175858,4
4,barra_23,theta,0.11890766,4
5,barra_23,theta,0.11677749,4
6,barra_23,theta,0.10862713,4
7,barra_23,theta,0.12576576,4
8,barra_23,theta,0.12970893,4
9,barra_23,theta,0.12883386,4
10,barra_23,theta,0.12281016,4
11,barra_23,theta,0.12176026,4
12,barra_23,theta,0.12138908,4
13,barra_23,theta,0.11664065,4
14,barra_23,theta,0.10725513,4
15,barra_23,theta,0.10721802,4
16,barra_23,theta,0.11752617,4
17,barra_23,theta,0.13253521,4
18,barra_23,theta,0.11980781,4
19,barra_23,theta,0.11730753,4
20,barra_23,theta,0.11725181,4
21,barra_23,theta,0.11642974,4
22,barra_23,theta,0.11349688,4
23,barra_23,theta,0.11136248,4
24,barra_23,theta,0.11156547,4
1,barra_24,theta,0.12487779,4
2,barra_24,theta,0.13220836,4
3,barra_24,theta,0.13752535,4
4,barra_24,theta,0.13899113,4
5,barra_24,theta,0.13666641,4
6,barra_24,theta,0.12737877,4
7,barra_24,theta,0.14310106,4
8,barra_24,theta,0.14671837,4
9,barra_24,theta,0.14525251,4
10,barra_24,theta,0.1388509,4
11,barra_24,theta,0.13773513,4
12,barra_24,theta,0.13734066,4
13,barra_24,theta,0.13229432,4
14,barra_24,theta,0.12231999,4
15,barra_24,theta,0.12228054,4
16,barra_24,theta,0.13323541,4
17,barra_24,theta,0.14926411,4
18,barra_24,theta,0.13763548,4
19,barra_24,theta,0.13722965,4
20,barra_24,theta,0.13774298,4
21,barra_24,theta,0.13712327,4
22,barra_24,theta,0.13491235,4
23,barra_24,theta,0.13330335,4
24,barra_24,theta,0.13345637,4
1,barra_25,theta,0.15361345,4
2,barra_25,theta,0.16158981,4
3,barra_25,theta,0.16737519,4
4,barra_25,theta,0.16905607,4
5,barra_25,theta,0.16644059,4
6,barra_25,theta,0.15545326,4
7,barra_25,theta,0.16905882,4
8,barra_25,theta,0.17218912,4
9,barra_25,theta,0.16984006,4
10,barra_25,theta,0.16287328,4
11,barra_25,theta,0.161659,4
12,barra_25,theta,0.16122971,4
13,barra_25,theta,0.15573785,4
14,barra_25,theta,0.14488292,4
15,barra_25,theta,0.14483999,4
16,barra_25,theta,0.15676202,4
17,barra_25,theta,0.17431559,4
18,barra_25,theta,0.16432909,4
19,barra_25,theta,0.16705344,4
20,barra_25,theta,0.16841724,4
21,barra_25,theta,0.16809996,4
22,barra_25,theta,0.166968,4
23,barra_25,theta,0.16614421,4
24,barra_25,theta,0.16622255,4
1,barra_26,theta,0.13441942,4
2,barra_26,theta,0.14196367,4
3,barra_26,theta,0.14743565,4
4,barra_26,theta,0.1489726,4
5,barra_26,theta,0.14655167,4
6,barra_26,theta,0.13670162,4
7,barra_26,theta,0.15172352,4
8,barra_26,theta,0.15517968,4
9,barra_26,theta,0.15342141,4
10,barra_26,theta,0.14683254,4
11,barra_26,theta,0.14568413,4
12,barra_26,theta,0.14527813,4
13,barra_26,theta,0.14008417,4
14,barra_26,theta,0.12981807,4
15,barra_26,theta,0.12977747,4
16,barra_26,theta,0.14105278,4
17,barra_26,theta,0.15758669,4
18,barra_26,theta,0.14650142,4
19,barra_26,theta,0.14713133,4
20,barra_26,theta,0.14792607,4
21,barra_26,theta,0.14740643,4
22,barra_26,theta,0.14555252,4
23,barra_26,theta,0.14420334,4
24,barra_26,theta,0.14433165,4
1,barra_27,theta,0.12481028,4
2,barra_27,theta,0.13213783,4
3,barra_27,theta,0.13745263,4
4,barra_27,theta,0.13891741,4
5,barra_27,theta,0.13659404,4
6,barra_27,theta,0.12731434,4
7,barra_27,theta,0.14304653,4
8,barra_27,theta,0.14666611,4
9,barra_27,theta,0.14520388,4
10,barra_27,theta,0.13880415,4
11,barra_27,theta,0.13768871,4
12,barra_27,theta,0.13729436,4
13,barra_27,theta,0.13224951,4
14,barra_27,theta,0.12227811,4
15,barra_27,theta,0.12223867,4
16,barra_27,theta,0.13319031,4
17,barra_27,theta,0.14921381,4
18,barra_27,theta,0.13757751,4
19,barra_27,theta,0.13715705,4
20,barra_27,theta,0.13766641,4
21,barra_27,theta,0.13704529,4
22,barra_27,theta,0.13482933,4
23,barra_27,theta,0.13321666,4
24,barra_27,theta,0.13337003,4
1,barra_28,theta,0.12481028,4
2,barra_28,theta,0.13213783,4
3,barra_28,theta,0.13745263,4
4,barra_28,theta,0.13891741,4
5,barra_28,theta,0.13659404,4
6,barra_28,theta,0.12731434,4
7,barra_28,theta,0.14304653,4
8,barra_28,theta,0.14666611,4
9,barra_28,theta,0.14520388,4
10,barra_28,theta,0.13880415,4
11,barra_28,theta,0.13768871,4
12,barra_28,theta,0.13729436,4
13,barra_28,theta,0.13224951,4
14,barra_28,theta,0.12227811,4
15,barra_28,theta,0.12223867,4
16,barra_28,theta,0.13319031,4
17,barra_28,theta,0.14921381,4
18,barra_28,theta,0.13757751,4
19,barra_28,theta,0.13715705,4
20,barra_28,theta,0.13766641,4
21,barra_28,theta,0.13704529,4
22,barra_28,theta,0.13482933,4
23,barra_28,theta,0.13321666,4
24,barra_28,theta,0.13337003,4
1,barra_29,theta,0.13441942,4
2,barra_29,theta,0.14196367,4
3,barra_29,theta,0.14743565,4
4,barra_29,theta,0.1489726,4
5,barra_29,theta,0.14655167,4
6,barra_29,theta,0.13670162,4
7,barra_29,theta,0.15172352,4
8,barra_29,theta,0.15517968,4
9,barra_29,theta,0.15342141,4
10,barra_29,theta,0.14683254,4
11,barra_29,theta,0.14568413,4
12,barra_29,theta,0.14527813,4
13,barra_29,theta,0.14008417,4
14,barra_29,theta,0.12981807,4
15,barra_29,theta,0.12977747,4
16,barra_29,theta,0.14105278,4
17,barra_29,theta,0.15758669,4
18,barra_29,theta,0.14650142,4
19,barra_29,theta,0.14713133,4
20,barra_29,theta,0.14792607,4
21,barra_29,theta,0.14740643,4
22,barra_29,theta,0.14555252,4
23,barra_29,theta,0.14420334,4
24,barra_29,theta,0.14433165,4
1,barra_30,theta,0.15361345,4
2,barra_30,theta,0.16158981,4
3,barra_30,theta,0.16737519,4
4,barra_30,theta,0.16905607,4
5,barra_30,theta,0.16644059,4
6,barra_30,theta,0.15545326,4
7,barra_30,theta,0.16905882,4
8,barra_30,theta,0.17218912,4
9,barra_30,theta,0.16984006,4
10,barra_30,theta,0.16287328,4
11,barra_30,theta,0.161659,4
12,barra_30,theta,0.16122971,4
13,barra_30,theta,0.15573785,4
14,barra_30,theta,0.14488292,4
15,barra_30,theta,0.14483999,4
16,barra_30,theta,0.15676202,4
17,barra_30,theta,0.17431559,4
18,barra_30,theta,0.16432909,4
19,barra_30,theta,0.16705344,4
20,barra_30,theta,0.16841724,4
21,barra_30,theta,0.16809996,4
22,barra_30,theta,0.166968,4
23,barra_30,theta,0.16614421,4
24,barra_30,theta,0.16622255,4
1,barra_31,theta,0.12487779,4
2,barra_31,theta,0.13220836,4
3,barra_31,theta,0.13752535,4
4,barra_31,theta,0.13899113,4
5,barra_31,theta,0.13666641,4
6,barra_31,theta,0.12737877,4
7,barra_31,theta,0.14310106,4
8,barra_31,theta,0.14671837,4
9,barra_31,theta,0.14525251,4
10,barra_31,theta,0.1388509,4
11,barra_31,theta,0.13773513,4
12,barra_31,theta,0.13734066,4
13,barra_31,theta,0.13229432,4
14,barra_31,theta,0.12231999,4
15,barra_31,theta,0.12228054,4
16,barra_31,theta,0.13323541,4
17,barra_31,theta,0.14926411,4
18,barra_31,theta,0.13763548,4
19,barra_31,theta,0.13722965,4
20,barra_31,theta,0.13774298,4
21,barra_31,theta,0.13712327,4
22,barra_31,theta,0.13491235,4
23,barra_31,theta,0.13330335,4
24,barra_31,theta,0.13345637,4
1,barra_32,theta,0.10568376,4
2,barra_32,theta,0.11258222,4
3,barra_32,theta,0.1175858,4
4,barra_32,theta,0.11890766,4
5,barra_32,theta,0.11677749,4
6,barra_32,theta,0.10862713,4
7,barra_32,theta,0.12576576,4
8,barra_32,theta,0.12970893,4
9,barra_32,theta,0.12883386,4
10,barra_32,theta,0.12281016,4
11,barra_32,theta,0.12176026,4
12,barra_32,theta,0.12138908,4
13,barra_32,theta,0.11664065,4
14,barra_32,theta,0.10725513,4
15,barra_32,theta,0.10721802,4
16,barra_32,theta,0.11752617,4
17,barra_32,theta,0.13253521,4
18,barra_32,theta,0.11980781,4
19,barra_32,theta,0.11730753,4
20,barra_32,theta,0.11725181,4
21,barra_32,theta,0.11642974,4
22,barra_32,theta,0.11349688,4
23,barra_32,theta,0.11136248,4
24,barra_32,theta,0.11156547,4
1,barra_33,theta,0.096074616,4
2,barra_33,theta,0.10275638,4
3,barra_33,theta,0.10760278,4
4,barra_33,theta,0.10885246,4
5,barra_33,theta,0.10681986,4
6,barra_33,theta,0.099239849,4
7,barra_33,theta,0.11708877,4
8,barra_33,theta,0.12119536,4
9,barra_33,theta,0.12061633,4
10,barra_33,theta,0.11478178,4
11,barra_33,theta,0.11376484,4
12,barra_33,theta,0.11340531,4
13,barra_33,theta,0.10880598,4
14,barra_33,theta,0.099715173,4
15,barra_33,theta,0.099679221,4
16,barra_33,theta,0.1096637,4
17,barra_33,theta,0.12416233,4
18,barra_33,theta,0.1108839,4
19,barra_33,theta,0.10733325,4
20,barra_33,theta,0.10699215,4
21,barra_33,theta,0.1060686,4
22,barra_33,theta,0.10277369,4
23,barra_33,theta,0.1003758,4
24,barra_33,theta,0.10060385,4
INFO,GERAL,custo_total,45.90971702100006,5
INFO,GERAL,num_barras,33.0,5
INFO,GERAL,num_baterias,2.0,5
INFO,GERAL,periodos_tempo,24.0,5
1,barra_1,PS,0.0,5
2,barra_1,PS,0.0,5
3,barra_1,PS,0.0,5
4,barra_1,PS,0.0,5
5,barra_1,PS,0.0,5
6,barra_1,PS,0.0,5
7,barra_1,PS,0.0,5
8,barra_1,PS,0.0,5
9,barra_1,PS,0.0,5
10,barra_1,PS,0.0,5
11,barra_1,PS,0.0,5
12,barra_1,PS,0.0,5
13,barra_1,PS,0.0,5
14,barra_1,PS,0.0,5
15,barra_1,PS,0.0,5
16,barra_1,PS,0.0,5
17,barra_1,PS,0.0,5
18,barra_1,PS,0.0,5
19,barra_1,PS,0.0,5
20,barra_1,PS,0.0,5
21,barra_1,PS,0.0,5
22,barra_1,PS,0.0,5
23,barra_1,PS,0.0,5
24,barra_1,PS,0.0,5
1,barra_2,PS,0.0,5
2,barra_2,PS,0.0,5
3,barra_2,PS,0.0,5
4,barra_2,PS,0.0,5
5,barra_2,PS,0.0,5
6,barra_2,PS,0.0,5
7,barra_2,PS,0.0,5
8,barra_2,PS,0.0,5
9,barra_2,PS,0.0,5
10,barra_2,PS,0.0,5
11,barra_2,PS,0.0,5
12,barra_2,PS,0.0,5
13,barra_2,PS,0.0,5
14,barra_2,PS,0.0,5
15,barra_2,PS,0.0,5
16,barra_2,PS,0.0,5
17,barra_2,PS,0.0,5
18,barra_2,PS,0.0,5
19,barra_2,PS,0.0,5
20,barra_2,PS,0.0,5
21,barra_2,PS,0.0,5
22,barra_2,PS,0.0,5
23,barra_2,PS,0.0,5
24,barra_2,PS,0.0,5
1,barra_3,PS,0.0,5
2,barra_3,PS,0.0,5
3,barra_3,PS,0.0,5
4,barra_3,PS,0.0,5
5,barra_3,PS,0.0,5
6,barra_3,PS,0.0,5
7,barra_3,PS,0.0,5
8,barra_3,PS,0.0,5
9,barra_3,PS,0.0,5
10,barra_3,PS,0.0,5
11,barra_3,PS,0.0,5
12,barra_3,PS,0.0,5
13,barra_3,PS,0.0,5
14,barra_3,PS,0.0,5
15,barra_3,PS,0.0,5
16,barra_3,PS,0.0,5
17,barra_3,PS,0.0,5
18,barra_3,PS,0.0,5
19,barra_3,PS,0.0,5
20,barra_3,PS,0.0,5
21,barra_3,PS,0.0,5
22,barra_3,PS,0.0,5
23,barra_3,PS,0.0,5
24,barra_3,PS,0.0,5
1,barra_4,PS,0.0,5
2,barra_4,PS,0.0,5
3,barra_4,PS,0.0,5
4,barra_4,PS,0.0,5
5,barra_4,PS,0.0,5
6,barra_4,PS,0.0,5
7,barra_4,PS,0.0,5
8,barra_4,PS,0.0,5
9,barra_4,PS,0.0,5
10,barra_4,PS,0.0,5
11,barra_4,PS,0.0,5
12,barra_4,PS,0.0,5
13,barra_4,PS,0.0,5
14,barra_4,PS,0.0,5
15,barra_4,PS,0.0,5
16,barra_4,PS,0.0,5
17,barra_4,PS,0.0,5
18,barra_4,PS,0.0,5
19,barra_4,PS,0.0,5
20,barra_4,PS,0.0,5
21,barra_4,PS,0.0,5
22,barra_4,PS,0.0,5
23,barra_4,PS,0.0,5
24,barra_4,PS,0.0,5
1,barra_5,PS,0.0,5
2,barra_5,PS,0.0,5
3,barra_5,PS,0.0,5
4,barra_5,PS,0.0,5
5,barra_5,PS,0.0,5
6,barra_5,PS,0.0,5
7,barra_5,PS,0.0,5
8,barra_5,PS,0.0,5
9,barra_5,PS,0.0,5
10,barra_5,PS,0.0,5
11,barra_5,PS,0.0,5
12,barra_5,PS,0.0,5
13,barra_5,PS,0.0,5
14,barra_5,PS,0.0,5
15,barra_5,PS,0.0,5
16,barra_5,PS,0.0,5
17,barra_5,PS,0.0,5
18,barra_5,PS,0.0,5
19,barra_5,PS,0.0,5
20,barra_5,PS,0.0,5
21,barra_5,PS,0.0,5
22,barra_5,PS,0.0,5
23,barra_5,PS,0.0,5
24,barra_5,PS,0.0,5
1,barra_6,PS,0.0,5
2,barra_6,PS,0.0,5
3,barra_6,PS,0.0,5
4,barra_6,PS,0.0,5
5,barra_6,PS,0.0,5
6,barra_6,PS,0.012,5
7,barra_6,PS,0.048,5
8,barra_6,PS,0.1,5
9,barra_6,PS,0.18,5
10,barra_6,PS,0.26,5
11,barra_6,PS,0.32,5
12,barra_6,PS,0.368,5
13,barra_6,PS,0.4,5
14,barra_6,PS,0.384,5
15,barra_6,PS,0.336,5
16,barra_6,PS,0.26,5
17,barra_6,PS,0.152,5
18,barra_6,PS,0.06,5
19,barra_6,PS,0.012,5
20,barra_6,PS,0.0,5
21,barra_6,PS,0.0,5
22,barra_6,PS,0.0,5
23,barra_6,PS,0.0,5
24,barra_6,PS,0.0,5
1,barra_7,PS,0.0,5
2,barra_7,PS,0.0,5
3,barra_7,PS,0.0,5
4,barra_7,PS,0.0,5
5,barra_7,PS,0.0,5
6,barra_7,PS,0.0,5
7,barra_7,PS,0.0,5
8,barra_7,PS,0.0,5
9,barra_7,PS,0.0,5
10,barra_7,PS,0.0,5
11,barra_7,PS,0.0,5
12,barra_7,PS,0.0,5
13,barra_7,PS,0.0,5
14,barra_7,PS,0.0,5
15,barra_7,PS,0.0,5
16,barra_7,PS,0.0,5
17,barra_7,PS,0.0,5
18,barra_7,PS,0.0,5
19,barra_7,PS,0.0,5
20,barra_7,PS,0.0,5
21,barra_7,PS,0.0,5
22,barra_7,PS,0.0,5
23,barra_7,PS,0.0,5
24,barra_7,PS,0.0,5
1,barra_8,PS,0.0,5
2,barra_8,PS,0.0,5
3,barra_8,PS,0.0,5
4,barra_8,PS,0.0,5
5,barra_8,PS,0.0,5
6,barra_8,PS,0.0,5
7,barra_8,PS,0.0,5
8,barra_8,PS,0.0,5
9,barra_8,PS,0.0,5
10,barra_8,PS,0.0,5
11,barra_8,PS,0.0,5
12,barra_8,PS,0.0,5
13,barra_8,PS,0.0,5
14,barra_8,PS,0.0,5
15,barra_8,PS,0.0,5
16,barra_8,PS,0.0,5
17,barra_8,PS,0.0,5
18,barra_8,PS,0.0,5
19,barra_8,PS,0.0,5
20,barra_8,PS,0.0,5
21,barra_8,PS,0.0,5
22,barra_8,PS,0.0,5
23,barra_8,PS,0.0,5
24,barra_8,PS,0.0,5
1,barra_9,PS,0.0,5
2,barra_9,PS,0.0,5
3,barra_9,PS,0.0,5
4,barra_9,PS,0.0,5
5,barra_9,PS,0.0,5
6,barra_9,PS,0.0,5
7,barra_9,PS,0.0,5
8,barra_9,PS,0.0,5
9,barra_9,PS,0.0,5
10,barra_9,PS,0.0,5
11,barra_9,PS,0.0,5
12,barra_9,PS,0.0,5
13,barra_9,PS,0.0,5
14,barra_9,PS,0.0,5
15,barra_9,PS,0.0,5
16,barra_9,PS,0.0,5
17,barra_9,PS,0.0,5
18,barra_9,PS,0.0,5
19,barra_9,PS,0.0,5
20,barra_9,PS,0.0,5
21,barra_9,PS,0.0,5
22,barra_9,PS,0.0,5
23,barra_9,PS,0.0,5
24,barra_9,PS,0.0,5
1,barra_10,PS,0.0,5
2,barra_10,PS,0.0,5
3,barra_10,PS,0.0,5
4,barra_10,PS,0.0,5
5,barra_10,PS,0.0,5
6,barra_10,PS,0.0,5
7,barra_10,PS,0.0,5
8,barra_10,PS,0.0,5
9,barra_10,PS,0.0,5
10,barra_10,PS,0.0,5
11,barra_10,PS,0.0,5
12,barra_10,PS,0.0,5
13,barra_10,PS,0.0,5
14,barra_10,PS,0.0,5
15,barra_10,PS,0.0,5
16,barra_10,PS,0.0,5
17,barra_10,PS,0.0,5
18,barra_10,PS,0.0,5
19,barra_10,PS,0.0,5
20,barra_10,PS,0.0,5
21,barra_10,PS,0.0,5
22,barra_10,PS,0.0,5
23,barra_10,PS,0.0,5
24,barra_10,PS,0.0,5
1,barra_11,PS,0.0,5
2,barra_11,PS,0.0,5
3,barra_11,PS,0.0,5
4,barra_11,PS,0.0,5
5,barra_11,PS,0.0,5
6,barra_11,PS,0.0,5
7,barra_11,PS,0.0,5
8,barra_11,PS,0.0,5
9,barra_11,PS,0.0,5
10,barra_11,PS,0.0,5
11,barra_11,PS,0.0,5
12,barra_11,PS,0.0,5
13,barra_11,PS,0.0,5
14,barra_11,PS,0.0,5
15,barra_11,PS,0.0,5
16,barra_11,PS,0.0,5
17,barra_11,PS,0.0,5
18,barra_11,PS,0.0,5
19,barra_11,PS,0.0,5
20,barra_11,PS,0.0,5
21,barra_11,PS,0.0,5
22,barra_11,PS,0.0,5
23,barra_11,PS,0.0,5
24,barra_11,PS,0.0,5
1,barra_12,PS,0.0,5
2,barra_12,PS,0.0,5
3,barra_12,PS,0.0,5
4,barra_12,PS,0.0,5
5,barra_12,PS,0.0,5
6,barra_12,PS,0.0,5
7,barra_12,PS,0.0,5
8,barra_12,PS,0.0,5
9,barra_12,PS,0.0,5
10,barra_12,PS,0.0,5
11,barra_12,PS,0.0,5
12,barra_12,PS,0.0,5
13,barra_12,PS,0.0,5
14,barra_12,PS,0.0,5
15,barra_12,PS,0.0,5
16,barra_12,PS,0.0,5
17,barra_12,PS,0.0,5
18,barra_12,PS,0.0,5
19,barra_12,PS,0.0,5
20,barra_12,PS,0.0,5
21,barra_12,PS,0.0,5
22,barra_12,PS,0.0,5
23,barra_12,PS,0.0,5
24,barra_12,PS,0.0,5
1,barra_13,PS,0.0,5
2,barra_13,PS,0.0,5
3,barra_13,PS,0.0,5
4,barra_13,PS,0.0,5
5,barra_13,PS,0.0,5
6,barra_13,PS,0.0,5
7,barra_13,PS,0.0,5
8,barra_13,PS,0.0,5
9,barra_13,PS,0.0,5
10,barra_13,PS,0.0,5
11,barra_13,PS,0.0,5
12,barra_13,PS,0.0,5
13,barra_13,PS,0.0,5
14,barra_13,PS,0.0,5
15,barra_13,PS,0.0,5
16,barra_13,PS,0.0,5
17,barra_13,PS,0.0,5
18,barra_13,PS,0.0,5
19,barra_13,PS,0.0,5
20,barra_13,PS,0.0,5
21,barra_13,PS,0.0,5
22,barra_13,PS,0.0,5
23,barra_13,PS,0.0,5
24,barra_13,PS,0.0,5
1,barra_14,PS,0.0,5
2,barra_14,PS,0.0,5
3,barra_14,PS,0.0,5
4,barra_14,PS,0.0,5
5,barra_14,PS,0.0,5
6,barra_14,PS,0.0105,5
7,barra_14,PS,0.042,5
8,barra_14,PS,0.0875,5
9,barra_14,PS,0.1575,5
10,barra_14,PS,0.2275,5
11,barra_14,PS,0.28,5
12,barra_14,PS,0.322,5
13,barra_14,PS,0.35,5
14,barra_14,PS,0.336,5
15,barra_14,PS,0.294,5
16,barra_14,PS,0.2275,5
17,barra_14,PS,0.133,5
18,barra_14,PS,0.0525,5
19,barra_14,PS,0.0105,5
20,barra_14,PS,0.0,5
21,barra_14,PS,0.0,5
22,barra_14,PS,0.0,5
23,barra_14,PS,0.0,5
24,barra_14,PS,0.0,5
1,barra_15,PS,0.0,5
2,barra_15,PS,0.0,5
3,barra_15,PS,0.0,5
4,barra_15,PS,0.0,5
5,barra_15,PS,0.0,5
6,barra_15,PS,0.0,5
7,barra_15,PS,0.0,5
8,barra_15,PS,0.0,5
9,barra_15,PS,0.0,5
10,barra_15,PS,0.0,5
11,barra_15,PS,0.0,5
12,barra_15,PS,0.0,5
13,barra_15,PS,0.0,5
14,barra_15,PS,0.0,5
15,barra_15,PS,0.0,5
16,barra_15,PS,0.0,5
17,barra_15,PS,0.0,5
18,barra_15,PS,0.0,5
19,barra_15,PS,0.0,5
20,barra_15,PS,0.0,5
21,barra_15,PS,0.0,5
22,barra_15,PS,0.0,5
23,barra_15,PS,0.0,5
24,barra_15,PS,0.0,5
1,barra_16,PS,0.0,5
2,barra_16,PS,0.0,5
3,barra_16,PS,0.0,5
4,barra_16,PS,0.0,5
5,barra_16,PS,0.0,5
6,barra_16,PS,0.0,5
7,barra_16,PS,0.0,5
8,barra_16,PS,0.0,5
9,barra_16,PS,0.0,5
10,barra_16,PS,0.0,5
11,barra_16,PS,0.0,5
12,barra_16,PS,0.0,5
13,barra_16,PS,0.0,5
14,barra_16,PS,0.0,5
15,barra_16,PS,0.0,5
16,barra_16,PS,0.0,5
17,barra_16,PS,0.0,5
18,barra_16,PS,0.0,5
19,barra_16,PS,0.0,5
20,barra_16,PS,0.0,5
21,barra_16,PS,0.0,5
22,barra_16,PS,0.0,5
23,barra_16,PS,0.0,5
24,barra_16,PS,0.0,5
1,barra_17,PS,0.0,5
2,barra_17,PS,0.0,5
3,barra_17,PS,0.0,5
4,barra_17,PS,0.0,5
5,barra_17,PS,0.0,5
6,barra_17,PS,0.0,5
7,barra_17,PS,0.0,5
8,barra_17,PS,0.0,5
9,barra_17,PS,0.0,5
10,barra_17,PS,0.0,5
11,barra_17,PS,0.0,5
12,barra_17,PS,0.0,5
13,barra_17,PS,0.0,5
14,barra_17,PS,0.0,5
15,barra_17,PS,0.0,5
16,barra_17,PS,0.0,5
17,barra_17,PS,0.0,5
18,barra_17,PS,0.0,5
19,barra_17,PS,0.0,5
20,barra_17,PS,0.0,5
21,barra_17,PS,0.0,5
22,barra_17,PS,0.0,5
23,barra_17,PS,0.0,5
24,barra_17,PS,0.0,5
1,barra_18,PS,0.023869374,5
2,barra_18,PS,0.021588712,5
3,barra_18,PS,0.016639412,5
4,barra_18,PS,0.0078752114,5
5,barra_18,PS,0.027499121,5
6,barra_18,PS,0.025917201,5
7,barra_18,PS,0.035009451,5
8,barra_18,PS,0.061332807,5
9,barra_18,PS,0.084674129,5
10,barra_18,PS,0.10441964,5
11,barra_18,PS,0.11567713,5
12,barra_18,PS,0.12741365,5
13,barra_18,PS,0.13606036,5
14,barra_18,PS,0.14143162,5
15,barra_18,PS,0.12940468,5
16,barra_18,PS,0.10668611,5
17,barra_18,PS,0.076168138,5
18,barra_18,PS,0.029129279,5
19,barra_18,PS,0.016245385,5
20,barra_18,PS,0.0,5
21,barra_18,PS,0.0,5
22,barra_18,PS,0.0,5
23,barra_18,PS,0.0010589577,5
24,barra_18,PS,0.047005184,5
1,barra_19,PS,0.0,5
2,barra_19,PS,0.0,5
3,barra_19,PS,0.0,5
4,barra_19,PS,0.0,5
5,barra_19,PS,0.0,5
6,barra_19,PS,0.0,5
7,barra_19,PS,0.0,5
8,barra_19,PS,0.0,5
9,barra_19,PS,0.0,5
10,barra_19,PS,0.0,5
11,barra_19,PS,0.0,5
12,barra_19,PS,0.0,5
13,barra_19,PS,0.0,5
14,barra_19,PS,0.0,5
15,barra_19,PS,0.0,5
16,barra_19,PS,0.0,5
17,barra_19,PS,0.0,5
18,barra_19,PS,0.0,5
19,barra_19,PS,0.0,5
20,barra_19,PS,0.0,5
21,barra_19,PS,0.0,5
22,barra_19,PS,0.0,5
23,barra_19,PS,0.0,5
24,barra_19,PS,0.0,5
1,barra_20,PS,0.0,5
2,barra_20,PS,0.0,5
3,barra_20,PS,0.0,5
4,barra_20,PS,0.0,5
5,barra_20,PS,0.0,5
6,barra_20,PS,0.0,5
7,barra_20,PS,0.0,5
8,barra_20,PS,0.0,5
9,barra_20,PS,0.0,5
10,barra_20,PS,0.0,5
11,barra_20,PS,0.0,5
12,barra_20,PS,0.0,5
13,barra_20,PS,0.0,5
14,barra_20,PS,0.0,5
15,barra_20,PS,0.0,5
16,barra_20,PS,0.0,5
17,barra_20,PS,0.0,5
18,barra_20,PS,0.0,5
19,barra_20,PS,0.0,5
20,barra_20,PS,0.0,5
21,barra_20,PS,0.0,5
22,barra_20,PS,0.0,5
23,barra_20,PS,0.0,5
24,barra_20,PS,0.0,5
1,barra_21,PS,0.0,5
2,barra_21,PS,0.0,5
3,barra_21,PS,0.0,5
4,barra_21,PS,0.0,5
5,barra_21,PS,0.0,5
6,barra_21,PS,0.0,5
7,barra_21,PS,0.0,5
8,barra_21,PS,0.0,5
9,barra_21,PS,0.0,5
10,barra_21,PS,0.0,5
11,barra_21,PS,0.0,5
12,barra_21,PS,0.0,5
13,barra_21,PS,0.0,5
14,barra_21,PS,0.0,5
15,barra_21,PS,0.0,5
16,barra_21,PS,0.0,5
17,barra_21,PS,0.0,5
18,barra_21,PS,0.0,5
19,barra_21,PS,0.0,5
20,barra_21,PS,0.0,5
21,barra_21,PS,0.0,5
22,barra_21,PS,0.0,5
23,barra_21,PS,0.0,5
24,barra_21,PS,0.0,5
1,barra_22,PS,0.0,5
2,barra_22,PS,0.0,5
3,barra_22,PS,0.0,5
4,barra_22,PS,0.0,5
5,barra_22,PS,0.0,5
6,barra_22,PS,0.0,5
7,barra_22,PS,0.0,5
8,barra_22,PS,0.0,5
9,barra_22,PS,0.0,5
10,barra_22,PS,0.0,5
11,barra_22,PS,0.0,5
12,barra_22,PS,0.0,5
13,barra_22,PS,0.0,5
14,barra_22,PS,0.0,5
15,barra_22,PS,0.0,5
16,barra_22,PS,0.0,5
17,barra_22,PS,0.0,5
18,barra_22,PS,0.0,5
19,barra_22,PS,0.0,5
20,barra_22,PS,0.0,5
21,barra_22,PS,0.0,5
22,barra_22,PS,0.0,5
23,barra_22,PS,0.0,5
24,barra_22,PS,0.0,5
1,barra_23,PS,0.0,5
2,barra_23,PS,0.0,5
3,barra_23,PS,0.0,5
4,barra_23,PS,0.0,5
5,barra_23,PS,0.0,5
6,barra_23,PS,0.0,5
7,barra_23,PS,0.0,5
8,barra_23,PS,0.0,5
9,barra_23,PS,0.0,5
10,barra_23,PS,0.0,5
11,barra_23,PS,0.0,5
12,barra_23,PS,0.0,5
13,barra_23,PS,0.0,5
14,barra_23,PS,0.0,5
15,barra_23,PS,0.0,5
16,barra_23,PS,0.0,5
17,barra_23,PS,0.0,5
18,barra_23,PS,0.0,5
19,barra_23,PS,0.0,5
20,barra_23,PS,0.0,5
21,barra_23,PS,0.0,5
22,barra_23,PS,0.0,5
23,barra_23,PS,0.0,5
24,barra_23,PS,0.0,5
1,barra_24,PS,0.0,5
2,barra_24,PS,0.0,5
3,barra_24,PS,0.0,5
4,barra_24,PS,0.0,5
5,barra_24,PS,0.0,5
6,barra_24,PS,0.0,5
7,barra_24,PS,0.0,5
8,barra_24,PS,0.0,5
9,barra_24,PS,0.0,5
10,barra_24,PS,0.0,5
11,barra_24,PS,0.0,5
12,barra_24,PS,0.0,5
13,barra_24,PS,0.0,5
14,barra_24,PS,0.0,5
15,barra_24,PS,0.0,5
16,barra_24,PS,0.0,5
17,barra_24,PS,0.0,5
18,barra_24,PS,0.0,5
19,barra_24,PS,0.0,5
20,barra_24,PS,0.0,5
21,barra_24,PS,0.0,5
22,barra_24,PS,0.0,5
23,barra_24,PS,0.0,5
24,barra_24,PS,0.0,5
1,barra_25,PS,0.0,5
2,barra_25,PS,0.0,5
3,barra_25,PS,0.0,5
4,barra_25,PS,0.0,5
5,barra_25,PS,0.0,5
6,barra_25,PS,0.0135,5
7,barra_25,PS,0.054,5
8,barra_25,PS,0.1125,5
9,barra_25,PS,0.2025,5
10,barra_25,PS,0.2925,5
11,barra_25,PS,0.36,5
12,barra_25,PS,0.414,5
13,barra_25,PS,0.45,5
14,barra_25,PS,0.432,5
15,barra_25,PS,0.378,5
16,barra_25,PS,0.2925,5
17,barra_25,PS,0.171,5
18,barra_25,PS,0.0675,5
19,barra_25,PS,0.0135,5
20,barra_25,PS,0.0,5
21,barra_25,PS,0.0,5
22,barra_25,PS,0.0,5
23,barra_25,PS,0.0,5
24,barra_25,PS,0.0,5
1,barra_26,PS,0.0,5
2,barra_26,PS,0.0,5
3,barra_26,PS,0.0,5
4,barra_26,PS,0.0,5
5,barra_26,PS,0.0,5
6,barra_26,PS,0.0,5
7,barra_26,PS,0.0,5
8,barra_26,PS,0.0,5
9,barra_26,PS,0.0,5
10,barra_26,PS,0.0,5
11,barra_26,PS,0.0,5
12,barra_26,PS,0.0,5
13,barra_26,PS,0.0,5
14,barra_26,PS,0.0,5
15,barra_26,PS,0.0,5
16,barra_26,PS,0.0,5
17,barra_26,PS,0.0,5
18,barra_26,PS,0.0,5
19,barra_26,PS,0.0,5
20,barra_26,PS,0.0,5
21,barra_26,PS,0.0,5
22,barra_26,PS,0.0,5
23,barra_26,PS,0.0,5
24,barra_26,PS,0.0,5
1,barra_27,PS,0.0,5
2,barra_27,PS,0.0,5
3,barra_27,PS,0.0,5
4,barra_27,PS,0.0,5
5,barra_27,PS,0.0,5
6,barra_27,PS,0.0,5
7,barra_27,PS,0.0,5
8,barra_27,PS,0.0,5
9,barra_27,PS,0.0,5
10,barra_27,PS,0.0,5
11,barra_27,PS,0.0,5
12,barra_27,PS,0.0,5
13,barra_27,PS,0.0,5
14,barra_27,PS,0.0,5
15,barra_27,PS,0.0,5
16,barra_27,PS,0.0,5
17,barra_27,PS,0.0,5
18,barra_27,PS,0.0,5
19,barra_27,PS,0.0,5
20,barra_27,PS,0.0,5
21,barra_27,PS,0.0,5
22,barra_27,PS,0.0,5
23,barra_27,PS,0.0,5
24,barra_27,PS,0.0,5
1,barra_28,PS,0.0,5
2,barra_28,PS,0.0,5
3,barra_28,PS,0.0,5
4,barra_28,PS,0.0,5
5,barra_28,PS,0.0,5
6,barra_28,PS,0.0,5
7,barra_28,PS,0.0,5
8,barra_28,PS,0.0,5
9,barra_28,PS,0.0,5
10,barra_28,PS,0.0,5
11,barra_28,PS,0.0,5
12,barra_28,PS,0.0,5
13,barra_28,PS,0.0,5
14,barra_28,PS,0.0,5
15,barra_28,PS,0.0,5
16,barra_28,PS,0.0,5
17,barra_28,PS,0.0,5
18,barra_28,PS,0.0,5
19,barra_28,PS,0.0,5
20,barra_28,PS,0.0,5
21,barra_28,PS,0.0,5
22,barra_28,PS,0.0,5
23,barra_28,PS,0.0,5
24,barra_28,PS,0.0,5
1,barra_29,PS,0.0,5
2,barra_29,PS,0.0,5
3,barra_29,PS,0.0,5
4,barra_29,PS,0.0,5
5,barra_29,PS,0.0,5
6,barra_29,PS,0.0,5
7,barra_29,PS,0.0,5
8,barra_29,PS,0.0,5
9,barra_29,PS,0.0,5
10,barra_29,PS,0.0,5
11,barra_29,PS,0.0,5
12,barra_29,PS,0.0,5
13,barra_29,PS,0.0,5
14,barra_29,PS,0.0,5
15,barra_29,PS,0.0,5
16,barra_29,PS,0.0,5
17,barra_29,PS,0.0,5
18,barra_29,PS,0.0,5
19,barra_29,PS,0.0,5
20,barra_29,PS,0.0,5
21,barra_29,PS,0.0,5
22,barra_29,PS,0.0,5
23,barra_29,PS,0.0,5
24,barra_29,PS,0.0,5
1,barra_30,PS,0.11369188,5
2,barra_30,PS,0.10916497,5
3,barra_30,PS,0.10286075,5
4,barra_30,PS,0.094015793,5
5,barra_30,PS,0.11310131,5
6,barra_30,PS,0.11806372,5
7,barra_30,PS,0.1202582,5
8,barra_30,PS,0.13552231,5
9,barra_30,PS,0.1408612,5
10,barra_30,PS,0.14870125,5
11,barra_30,PS,0.15723115,5
12,barra_30,PS,0.16735531,5
13,barra_30,PS,0.16719455,5
14,barra_30,PS,0.15613308,5
15,barra_30,PS,0.1450444,5
16,barra_30,PS,0.14177704,5
17,barra_30,PS,0.14149028,5
18,barra_30,PS,0.12621895,5
19,barra_30,PS,0.10259832,5
20,barra_30,PS,0.067127058,5
21,barra_30,PS,0.037156846,5
22,barra_30,PS,0.025975813,5
23,barra_30,PS,0.06684849,5
24,barra_30,PS,0.11010098,5
1,barra_31,PS,0.0,5
2,barra_31,PS,0.0,5
3,barra_31,PS,0.0,5
4,barra_31,PS,0.0,5
5,barra_31,PS,0.0,5
6,barra_31,PS,0.0,5
7,barra_31,PS,0.0,5
8,barra_31,PS,0.0,5
9,barra_31,PS,0.0,5
10,barra_31,PS,0.0,5
11,barra_31,PS,0.0,5
12,barra_31,PS,0.0,5
13,barra_31,PS,0.0,5
14,barra_31,PS,0.0,5
15,barra_31,PS,0.0,5
16,barra_31,PS,0.0,5
17,barra_31,PS,0.0,5
18,barra_31,PS,0.0,5
19,barra_31,PS,0.0,5
20,barra_31,PS,0.0,5
21,barra_31,PS,0.0,5
22,barra_31,PS,0.0,5
23,barra_31,PS,0.0,5
24,barra_31,PS,0.0,5
1,barra_32,PS,0.0,5
2,barra_32,PS,0.0,5
3,barra_32,PS,0.0,5
4,barra_32,PS,0.0,5
5,barra_32,PS,0.0,5
6,barra_32,PS,0.0,5
7,barra_32,PS,0.0,5
8,barra_32,PS,0.0,5
9,barra_32,PS,0.0,5
10,barra_32,PS,0.0,5
11,barra_32,PS,0.0,5
12,barra_32,PS,0.0,5
13,barra_32,PS,0.0,5
14,barra_32,PS,0.0,5
15,barra_32,PS,0.0,5
16,barra_32,PS,0.0,5
17,barra_32,PS,0.0,5
18,barra_32,PS,0.0,5
19,barra_32,PS,0.0,5
20,barra_32,PS,0.0,5
21,barra_32,PS,0.0,5
22,barra_32,PS,0.0,5
23,barra_32,PS,0.0,5
24,barra_32,PS,0.0,5
1,barra_33,PS,0.0,5
2,barra_33,PS,0.0,5
3,barra_33,PS,0.0,5
4,barra_33,PS,0.0,5
5,barra_33,PS,0.0,5
6,barra_33,PS,0.0,5
7,barra_33,PS,0.0,5
8,barra_33,PS,0.0,5
9,barra_33,PS,0.0,5
10,barra_33,PS,0.0,5
11,barra_33,PS,0.0,5
12,barra_33,PS,0.0,5
13,barra_33,PS,0.0,5
14,barra_33,PS,0.0,5
15,barra_33,PS,0.0,5
16,barra_33,PS,0.0,5
17,barra_33,PS,0.0,5
18,barra_33,PS,0.0,5
19,barra_33,PS,0.0,5
20,barra_33,PS,0.0,5
21,barra_33,PS,0.0,5
22,barra_33,PS,0.0,5
23,barra_33,PS,0.0,5
24,barra_33,PS,0.0,5
1,barra_1,PW,0.0,5
2,barra_1,PW,0.0,5
3,barra_1,PW,0.0,5
4,barra_1,PW,0.0,5
5,barra_1,PW,0.0,5
6,barra_1,PW,0.0,5
7,barra_1,PW,0.0,5
8,barra_1,PW,0.0,5
9,barra_1,PW,0.0,5
10,barra_1,PW,0.0,5
11,barra_1,PW,0.0,5
12,barra_1,PW,0.0,5
13,barra_1,PW,0.0,5
14,barra_1,PW,0.0,5
15,barra_1,PW,0.0,5
16,barra_1,PW,0.0,5
17,barra_1,PW,0.0,5
18,barra_1,PW,0.0,5
19,barra_1,PW,0.0,5
20,barra_1,PW,0.0,5
21,barra_1,PW,0.0,5
22,barra_1,PW,0.0,5
23,barra_1,PW,0.0,5
24,barra_1,PW,0.0,5
1,barra_2,PW,0.0,5
2,barra_2,PW,0.0,5
3,barra_2,PW,0.0,5
4,barra_2,PW,0.0,5
5,barra_2,PW,0.0,5
6,barra_2,PW,0.0,5
7,barra_2,PW,0.0,5
8,barra_2,PW,0.0,5
9,barra_2,PW,0.0,5
10,barra_2,PW,0.0,5
11,barra_2,PW,0.0,5
12,barra_2,PW,0.0,5
13,barra_2,PW,0.0,5
14,barra_2,PW,0.0,5
15,barra_2,PW,0.0,5
16,barra_2,PW,0.0,5
17,barra_2,PW,0.0,5
18,barra_2,PW,0.0,5
19,barra_2,PW,0.0,5
20,barra_2,PW,0.0,5
21,barra_2,PW,0.0,5
22,barra_2,PW,0.0,5
23,barra_2,PW,0.0,5
24,barra_2,PW,0.0,5
1,barra_3,PW,0.0,5
2,barra_3,PW,0.0,5
3,barra_3,PW,0.0,5
4,barra_3,PW,0.0,5
5,barra_3,PW,0.0,5
6,barra_3,PW,0.0,5
7,barra_3,PW,0.0,5
8,barra_3,PW,0.0,5
9,barra_3,PW,0.0,5
10,barra_3,PW,0.0,5
11,barra_3,PW,0.0,5
12,barra_3,PW,0.0,5
13,barra_3,PW,0.0,5
14,barra_3,PW,0.0,5
15,barra_3,PW,0.0,5
16,barra_3,PW,0.0,5
17,barra_3,PW,0.0,5
18,barra_3,PW,0.0,5
19,barra_3,PW,0.0,5
20,barra_3,PW,0.0,5
21,barra_3,PW,0.0,5
22,barra_3,PW,0.0,5
23,barra_3,PW,0.0,5
24,barra_3,PW,0.0,5
1,barra_4,PW,0.0,5
2,barra_4,PW,0.0,5
3,barra_4,PW,0.0,5
4,barra_4,PW,0.0,5
5,barra_4,PW,0.0,5
6,barra_4,PW,0.0,5
7,barra_4,PW,0.0,5
8,barra_4,PW,0.0,5
9,barra_4,PW,0.0,5
10,barra_4,PW,0.0,5
11,barra_4,PW,0.0,5
12,barra_4,PW,0.0,5
13,barra_4,PW,0.0,5
14,barra_4,PW,0.0,5
15,barra_4,PW,0.0,5
16,barra_4,PW,0.0,5
17,barra_4,PW,0.0,5
18,barra_4,PW,0.0,5
19,barra_4,PW,0.0,5
20,barra_4,PW,0.0,5
21,barra_4,PW,0.0,5
22,barra_4,PW,0.0,5
23,barra_4,PW,0.0,5
24,barra_4,PW,0.0,5
1,barra_5,PW,0.0,5
2,barra_5,PW,0.0,5
3,barra_5,PW,0.0,5
4,barra_5,PW,0.0,5
5,barra_5,PW,0.0,5
6,barra_5,PW,0.0,5
7,barra_5,PW,0.0,5
8,barra_5,PW,0.0,5
9,barra_5,PW,0.0,5
10,barra_5,PW,0.0,5
11,barra_5,PW,0.0,5
12,barra_5,PW,0.0,5
13,barra_5,PW,0.0,5
14,barra_5,PW,0.0,5
15,barra_5,PW,0.0,5
16,barra_5,PW,0.0,5
17,barra_5,PW,0.0,5
18,barra_5,PW,0.0,5
19,barra_5,PW,0.0,5
20,barra_5,PW,0.0,5
21,barra_5,PW,0.0,5
22,barra_5,PW,0.0,5
23,barra_5,PW,0.0,5
24,barra_5,PW,0.0,5
1,barra_6,PW,1.0926598,5
2,barra_6,PW,1.1216695,5
3,barra_6,PW,1.1427119,5
4,barra_6,PW,1.149895,5
5,barra_6,PW,1.1393118,5
6,barra_6,PW,1.0509581,5
7,barra_6,PW,0.92478588,5
8,barra_6,PW,0.85453902,5
9,barra_6,PW,0.74148959,5
10,barra_6,PW,0.64037195,5
11,barra_6,PW,0.5766899,5
12,barra_6,PW,0.52738529,5
13,barra_6,PW,0.47874021,5
14,barra_6,PW,0.46181781,5
15,barra_6,PW,0.50968682,5
16,barra_6,PW,0.62184575,5
17,barra_6,PW,0.78683304,5
18,barra_6,PW,0.94091784,5
19,barra_6,PW,1.1295389,5
20,barra_6,PW,1.1650814,5
21,barra_6,PW,1.1726163,5
22,barra_6,PW,1.2010878,5
23,barra_6,PW,1.2304432,5
24,barra_6,PW,1.2276556,5
1,barra_7,PW,0.0,5
2,barra_7,PW,0.0,5
3,barra_7,PW,0.0,5
4,barra_7,PW,0.0,5
5,barra_7,PW,0.0,5
6,barra_7,PW,0.0,5
7,barra_7,PW,0.0,5
8,barra_7,PW,0.0,5
9,barra_7,PW,0.0,5
10,barra_7,PW,0.0,5
11,barra_7,PW,0.0,5
12,barra_7,PW,0.0,5
13,barra_7,PW,0.0,5
14,barra_7,PW,0.0,5
15,barra_7,PW,0.0,5
16,barra_7,PW,0.0,5
17,barra_7,PW,0.0,5
18,barra_7,PW,0.0,5
19,barra_7,PW,0.0,5
20,barra_7,PW,0.0,5
21,barra_7,PW,0.0,5
22,barra_7,PW,0.0,5
23,barra_7,PW,0.0,5
24,barra_7,PW,0.0,5
1,barra_8,PW,0.0,5
2,barra_8,PW,0.0,5
3,barra_8,PW,0.0,5
4,barra_8,PW,0.0,5
5,barra_8,PW,0.0,5
6,barra_8,PW,0.0,5
7,barra_8,PW,0.0,5
8,barra_8,PW,0.0,5
9,barra_8,PW,0.0,5
10,barra_8,PW,0.0,5
11,barra_8,PW,0.0,5
12,barra_8,PW,0.0,5
13,barra_8,PW,0.0,5
14,barra_8,PW,0.0,5
15,barra_8,PW,0.0,5
16,barra_8,PW,0.0,5
17,barra_8,PW,0.0,5
18,barra_8,PW,0.0,5
19,barra_8,PW,0.0,5
20,barra_8,PW,0.0,5
21,barra_8,PW,0.0,5
22,barra_8,PW,0.0,5
23,barra_8,PW,0.0,5
24,barra_8,PW,0.0,5
1,barra_9,PW,0.0,5
2,barra_9,PW,0.0,5
3,barra_9,PW,0.0,5
4,barra_9,PW,0.0,5
5,barra_9,PW,0.0,5
6,barra_9,PW,0.0,5
7,barra_9,PW,0.0,5
8,barra_9,PW,0.0,5
9,barra_9,PW,0.0,5
10,barra_9,PW,0.0,5
11,barra_9,PW,0.0,5
12,barra_9,PW,0.0,5
13,barra_9,PW,0.0,5
14,barra_9,PW,0.0,5
15,barra_9,PW,0.0,5
16,barra_9,PW,0.0,5
17,barra_9,PW,0.0,5
18,barra_9,PW,0.0,5
19,barra_9,PW,0.0,5
20,barra_9,PW,0.0,5
21,barra_9,PW,0.0,5
22,barra_9,PW,0.0,5
23,barra_9,PW,0.0,5
24,barra_9,PW,0.0,5
1,barra_10,PW,0.0,5
2,barra_10,PW,0.0,5
3,barra_10,PW,0.0,5
4,barra_10,PW,0.0,5
5,barra_10,PW,0.0,5
6,barra_10,PW,0.0,5
7,barra_10,PW,0.0,5
8,barra_10,PW,0.0,5
9,barra_10,PW,0.0,5
10,barra_10,PW,0.0,5
11,barra_10,PW,0.0,5
12,barra_10,PW,0.0,5
13,barra_10,PW,0.0,5
14,barra_10,PW,0.0,5
15,barra_10,PW,0.0,5
16,barra_10,PW,0.0,5
17,barra_10,PW,0.0,5
18,barra_10,PW,0.0,5
19,barra_10,PW,0.0,5
20,barra_10,PW,0.0,5
21,barra_10,PW,0.0,5
22,barra_10,PW,0.0,5
23,barra_10,PW,0.0,5
24,barra_10,PW,0.0,5
1,barra_11,PW,0.0,5
2,barra_11,PW,0.0,5
3,barra_11,PW,0.0,5
4,barra_11,PW,0.0,5
5,barra_11,PW,0.0,5
6,barra_11,PW,0.0,5
7,barra_11,PW,0.0,5
8,barra_11,PW,0.0,5
9,barra_11,PW,0.0,5
10,barra_11,PW,0.0,5
11,barra_11,PW,0.0,5
12,barra_11,PW,0.0,5
13,barra_11,PW,0.0,5
14,barra_11,PW,0.0,5
15,barra_11,PW,0.0,5
16,barra_11,PW,0.0,5
17,barra_11,PW,0.0,5
18,barra_11,PW,0.0,5
19,barra_11,PW,0.0,5
20,barra_11,PW,0.0,5
21,barra_11,PW,0.0,5
22,barra_11,PW,0.0,5
23,barra_11,PW,0.0,5
24,barra_11,PW,0.0,5
1,barra_12,PW,0.0,5
2,barra_12,PW,0.0,5
3,barra_12,PW,0.0,5
4,barra_12,PW,0.0,5
5,barra_12,PW,0.0,5
6,barra_12,PW,0.0,5
7,barra_12,PW,0.0,5
8,barra_12,PW,0.0,5
9,barra_12,PW,0.0,5
10,barra_12,PW,0.0,5
11,barra_12,PW,0.0,5
12,barra_12,PW,0.0,5
13,barra_12,PW,0.0,5
14,barra_12,PW,0.0,5
15,barra_12,PW,0.0,5
16,barra_12,PW,0.0,5
17,barra_12,PW,0.0,5
18,barra_12,PW,0.0,5
19,barra_12,PW,0.0,5
20,barra_12,PW,0.0,5
21,barra_12,PW,0.0,5
22,barra_12,PW,0.0,5
23,barra_12,PW,0.0,5
24,barra_12,PW,0.0,5
1,barra_13,PW,0.0,5
2,barra_13,PW,0.0,5
3,barra_13,PW,0.0,5
4,barra_13,PW,0.0,5
5,barra_13,PW,0.0,5
6,barra_13,PW,0.0,5
7,barra_13,PW,0.0,5
8,barra_13,PW,0.0,5
9,barra_13,PW,0.0,5
10,barra_13,PW,0.0,5
11,barra_13,PW,0.0,5
12,barra_13,PW,0.0,5
13,barra_13,PW,0.0,5
14,barra_13,PW,0.0,5
15,barra_13,PW,0.0,5
16,barra_13,PW,0.0,5
17,barra_13,PW,0.0,5
18,barra_13,PW,0.0,5
19,barra_13,PW,0.0,5
20,barra_13,PW,0.0,5
21,barra_13,PW,0.0,5
22,barra_13,PW,0.0,5
23,barra_13,PW,0.0,5
24,barra_13,PW,0.0,5
1,barra_14,PW,0.41544119,5
2,barra_14,PW,0.4203122,5
3,barra_14,PW,0.42384578,5
4,barra_14,PW,0.42793452,5
5,barra_14,PW,0.4232743,5
6,barra_14,PW,0.3999535,5
7,barra_14,PW,0.34753131,5
8,barra_14,PW,0.29470976,5
9,barra_14,PW,0.21144989,5
10,barra_14,PW,0.13297764,5
11,barra_14,PW,0.07899902,5
12,barra_14,PW,0.036474349,5
13,barra_14,PW,0.0017967144,5
14,barra_14,PW,0.0025964626,5
15,barra_14,PW,0.044542803,5
16,barra_14,PW,0.12554281,5
17,barra_14,PW,0.24290774,5
18,barra_14,PW,0.34753528,5
19,barra_14,PW,0.4131483,5
20,barra_14,PW,0.44467759,5
21,barra_14,PW,0.4468471,5
22,barra_14,PW,0.46170768,5
23,barra_14,PW,0.49282476,5
24,barra_14,PW,0.49170611,5
1,barra_15,PW,0.0,5
2,barra_15,PW,0.0,5
3,barra_15,PW,0.0,5
4,barra_15,PW,0.0,5
5,barra_15,PW,0.0,5
6,barra_15,PW,0.0,5
7,barra_15,PW,0.0,5
8,barra_15,PW,0.0,5
9,barra_15,PW,0.0,5
10,barra_15,PW,0.0,5
11,barra_15,PW,0.0,5
12,barra_15,PW,0.0,5
13,barra_15,PW,0.0,5
14,barra_15,PW,0.0,5
15,barra_15,PW,0.0,5
16,barra_15,PW,0.0,5
17,barra_15,PW,0.0,5
18,barra_15,PW,0.0,5
19,barra_15,PW,0.0,5
20,barra_15,PW,0.0,5
21,barra_15,PW,0.0,5
22,barra_15,PW,0.0,5
23,barra_15,PW,0.0,5
24,barra_15,PW,0.0,5
1,barra_16,PW,0.0,5
2,barra_16,PW,0.0,5
3,barra_16,PW,0.0,5
4,barra_16,PW,0.0,5
5,barra_16,PW,0.0,5
6,barra_16,PW,0.0,5
7,barra_16,PW,0.0,5
8,barra_16,PW,0.0,5
9,barra_16,PW,0.0,5
10,barra_16,PW,0.0,5
11,barra_16,PW,0.0,5
12,barra_16,PW,0.0,5
13,barra_16,PW,0.0,5
14,barra_16,PW,0.0,5
15,barra_16,PW,0.0,5
16,barra_16,PW,0.0,5
17,barra_16,PW,0.0,5
18,barra_16,PW,0.0,5
19,barra_16,PW,0.0,5
20,barra_16,PW,0.0,5
21,barra_16,PW,0.0,5
22,barra_16,PW,0.0,5
23,barra_16,PW,0.0,5
24,barra_16,PW,0.0,5
1,barra_17,PW,0.0,5
2,barra_17,PW,0.0,5
3,barra_17,PW,0.0,5
4,barra_17,PW,0.0,5
5,barra_17,PW,0.0,5
6,barra_17,PW,0.0,5
7,barra_17,PW,0.0,5
8,barra_17,PW,0.0,5
9,barra_17,PW,0.0,5
10,barra_17,PW,0.0,5
11,barra_17,PW,0.0,5
12,barra_17,PW,0.0,5
13,barra_17,PW,0.0,5
14,barra_17,PW,0.0,5
15,barra_17,PW,0.0,5
16,barra_17,PW,0.0,5
17,barra_17,PW,0.0,5
18,barra_17,PW,0.0,5
19,barra_17,PW,0.0,5
20,barra_17,PW,0.0,5
21,barra_17,PW,0.0,5
22,barra_17,PW,0.0,5
23,barra_17,PW,0.0,5
24,barra_17,PW,0.0,5
1,barra_18,PW,0.408,5
2,barra_18,PW,0.42,5
3,barra_18,PW,0.432,5
4,barra_18,PW,0.444,5
5,barra_18,PW,0.42,5
6,barra_18,PW,0.396,5
7,barra_18,PW,0.36,5
8,barra_18,PW,0.33,5
9,barra_18,PW,0.3,5
10,barra_18,PW,0.276,5
11,barra_18,PW,0.264,5
12,barra_18,PW,0.252,5
13,barra_18,PW,0.24,5
14,barra_18,PW,0.228,5
15,barra_18,PW,0.24,5
16,barra_18,PW,0.27,5
17,barra_18,PW,0.312,5
18,barra_18,PW,0.372,5
19,barra_18,PW,0.432,5
20,barra_18,PW,0.48,5
21,barra_18,PW,0.516,5
22,barra_18,PW,0.54,5
23,barra_18,PW,0.504,5
24,barra_18,PW,0.456,5
1,barra_19,PW,0.0,5
2,barra_19,PW,0.0,5
3,barra_19,PW,0.0,5
4,barra_19,PW,0.0,5
5,barra_19,PW,0.0,5
6,barra_19,PW,0.0,5
7,barra_19,PW,0.0,5
8,barra_19,PW,0.0,5
9,barra_19,PW,0.0,5
10,barra_19,PW,0.0,5
11,barra_19,PW,0.0,5
12,barra_19,PW,0.0,5
13,barra_19,PW,0.0,5
14,barra_19,PW,0.0,5
15,barra_19,PW,0.0,5
16,barra_19,PW,0.0,5
17,barra_19,PW,0.0,5
18,barra_19,PW,0.0,5
19,barra_19,PW,0.0,5
20,barra_19,PW,0.0,5
21,barra_19,PW,0.0,5
22,barra_19,PW,0.0,5
23,barra_19,PW,0.0,5
24,barra_19,PW,0.0,5
1,barra_20,PW,0.0,5
2,barra_20,PW,0.0,5
3,barra_20,PW,0.0,5
4,barra_20,PW,0.0,5
5,barra_20,PW,0.0,5
6,barra_20,PW,0.0,5
7,barra_20,PW,0.0,5
8,barra_20,PW,0.0,5
9,barra_20,PW,0.0,5
10,barra_20,PW,0.0,5
11,barra_20,PW,0.0,5
12,barra_20,PW,0.0,5
13,barra_20,PW,0.0,5
14,barra_20,PW,0.0,5
15,barra_20,PW,0.0,5
16,barra_20,PW,0.0,5
17,barra_20,PW,0.0,5
18,barra_20,PW,0.0,5
19,barra_20,PW,0.0,5
20,barra_20,PW,0.0,5
21,barra_20,PW,0.0,5
22,barra_20,PW,0.0,5
23,barra_20,PW,0.0,5
24,barra_20,PW,0.0,5
1,barra_21,PW,0.0,5
2,barra_21,PW,0.0,5
3,barra_21,PW,0.0,5
4,barra_21,PW,0.0,5
5,barra_21,PW,0.0,5
6,barra_21,PW,0.0,5
7,barra_21,PW,0.0,5
8,barra_21,PW,0.0,5
9,barra_21,PW,0.0,5
10,barra_21,PW,0.0,5
11,barra_21,PW,0.0,5
12,barra_21,PW,0.0,5
13,barra_21,PW,0.0,5
14,barra_21,PW,0.0,5
15,barra_21,PW,0.0,5
16,barra_21,PW,0.0,5
17,barra_21,PW,0.0,5
18,barra_21,PW,0.0,5
19,barra_21,PW,0.0,5
20,barra_21,PW,0.0,5
21,barra_21,PW,0.0,5
22,barra_21,PW,0.0,5
23,barra_21,PW,0.0,5
24,barra_21,PW,0.0,5
1,barra_22,PW,0.0,5
2,barra_22,PW,0.0,5
3,barra_22,PW,0.0,5
4,barra_22,PW,0.0,5
5,barra_22,PW,0.0,5
6,barra_22,PW,0.0,5
7,barra_22,PW,0.0,5
8,barra_22,PW,0.0,5
9,barra_22,PW,0.0,5
10,barra_22,PW,0.0,5
11,barra_22,PW,0.0,5
12,barra_22,PW,0.0,5
13,barra_22,PW,0.0,5
14,barra_22,PW,0.0,5
15,barra_22,PW,0.0,5
16,barra_22,PW,0.0,5
17,barra_22,PW,0.0,5
18,barra_22,PW,0.0,5
19,barra_22,PW,0.0,5
20,barra_22,PW,0.0,5
21,barra_22,PW,0.0,5
22,barra_22,PW,0.0,5
23,barra_22,PW,0.0,5
24,barra_22,PW,0.0,5
1,barra_23,PW,0.0,5
2,barra_23,PW,0.0,5
3,barra_23,PW,0.0,5
4,barra_23,PW,0.0,5
5,barra_23,PW,0.0,5
6,barra_23,PW,0.0,5
7,barra_23,PW,0.0,5
8,barra_23,PW,0.0,5
9,barra_23,PW,0.0,5
10,barra_23,PW,0.0,5
11,barra_23,PW,0.0,5
12,barra_23,PW,0.0,5
13,barra_23,PW,0.0,5
14,barra_23,PW,0.0,5
15,barra_23,PW,0.0,5
16,barra_23,PW,0.0,5
17,barra_23,PW,0.0,5
18,barra_23,PW,0.0,5
19,barra_23,PW,0.0,5
20,barra_23,PW,0.0,5
21,barra_23,PW,0.0,5
22,barra_23,PW,0.0,5
23,barra_23,PW,0.0,5
24,barra_23,PW,0.0,5
1,barra_24,PW,0.0,5
2,barra_24,PW,0.0,5
3,barra_24,PW,0.0,5
4,barra_24,PW,0.0,5
5,barra_24,PW,0.0,5
6,barra_24,PW,0.0,5
7,barra_24,PW,0.0,5
8,barra_24,PW,0.0,5
9,barra_24,PW,0.0,5
10,barra_24,PW,0.0,5
11,barra_24,PW,0.0,5
12,barra_24,PW,0.0,5
13,barra_24,PW,0.0,5
14,barra_24,PW,0.0,5
15,barra_24,PW,0.0,5
16,barra_24,PW,0.0,5
17,barra_24,PW,0.0,5
18,barra_24,PW,0.0,5
19,barra_24,PW,0.0,5
20,barra_24,PW,0.0,5
21,barra_24,PW,0.0,5
22,barra_24,PW,0.0,5
23,barra_24,PW,0.0,5
24,barra_24,PW,0.0,5
1,barra_25,PW,0.80788052,5
2,barra_25,PW,0.83055869,5
3,barra_25,PW,0.84700795,5
4,barra_25,PW,0.85456005,5
5,barra_25,PW,0.84435065,5
6,barra_25,PW,0.77116213,5
7,barra_25,PW,0.66089061,5
8,barra_25,PW,0.58894869,5
9,barra_25,PW,0.47460236,5
10,barra_25,PW,0.36904582,5
11,barra_25,PW,0.29883316,5
12,barra_25,PW,0.24387189,5
13,barra_25,PW,0.19561016,5
14,barra_25,PW,0.18937329,5
15,barra_25,PW,0.24327677,5
16,barra_25,PW,0.35539792,5
17,barra_25,PW,0.51887856,5
18,barra_25,PW,0.66866397,5
19,barra_25,PW,0.83259168,5
20,barra_25,PW,0.85697513,5
21,barra_25,PW,0.84220261,5
22,barra_25,PW,0.88550242,5
23,barra_25,PW,0.94063602,5
24,barra_25,PW,0.93895077,5
1,barra_26,PW,0.0,5
2,barra_26,PW,0.0,5
3,barra_26,PW,0.0,5
4,barra_26,PW,0.0,5
5,barra_26,PW,0.0,5
6,barra_26,PW,0.0,5
7,barra_26,PW,0.0,5
8,barra_26,PW,0.0,5
9,barra_26,PW,0.0,5
10,barra_26,PW,0.0,5
11,barra_26,PW,0.0,5
12,barra_26,PW,0.0,5
13,barra_26,PW,0.0,5
14,barra_26,PW,0.0,5
15,barra_26,PW,0.0,5
16,barra_26,PW,0.0,5
17,barra_26,PW,0.0,5
18,barra_26,PW,0.0,5
19,barra_26,PW,0.0,5
20,barra_26,PW,0.0,5
21,barra_26,PW,0.0,5
22,barra_26,PW,0.0,5
23,barra_26,PW,0.0,5
24,barra_26,PW,0.0,5
1,barra_27,PW,0.0,5
2,barra_27,PW,0.0,5
3,barra_27,PW,0.0,5
4,barra_27,PW,0.0,5
5,barra_27,PW,0.0,5
6,barra_27,PW,0.0,5
7,barra_27,PW,0.0,5
8,barra_27,PW,0.0,5
9,barra_27,PW,0.0,5
10,barra_27,PW,0.0,5
11,barra_27,PW,0.0,5
12,barra_27,PW,0.0,5
13,barra_27,PW,0.0,5
14,barra_27,PW,0.0,5
15,barra_27,PW,0.0,5
16,barra_27,PW,0.0,5
17,barra_27,PW,0.0,5
18,barra_27,PW,0.0,5
19,barra_27,PW,0.0,5
20,barra_27,PW,0.0,5
21,barra_27,PW,0.0,5
22,barra_27,PW,0.0,5
23,barra_27,PW,0.0,5
24,barra_27,PW,0.0,5
1,barra_28,PW,0.0,5
2,barra_28,PW,0.0,5
3,barra_28,PW,0.0,5
4,barra_28,PW,0.0,5
5,barra_28,PW,0.0,5
6,barra_28,PW,0.0,5
7,barra_28,PW,0.0,5
8,barra_28,PW,0.0,5
9,barra_28,PW,0.0,5
10,barra_28,PW,0.0,5
11,barra_28,PW,0.0,5
12,barra_28,PW,0.0,5
13,barra_28,PW,0.0,5
14,barra_28,PW,0.0,5
15,barra_28,PW,0.0,5
16,barra_28,PW,0.0,5
17,barra_28,PW,0.0,5
18,barra_28,PW,0.0,5
19,barra_28,PW,0.0,5
20,barra_28,PW,0.0,5
21,barra_28,PW,0.0,5
22,barra_28,PW,0.0,5
23,barra_28,PW,0.0,5
24,barra_28,PW,0.0,5
1,barra_29,PW,0.0,5
2,barra_29,PW,0.0,5
3,barra_29,PW,0.0,5
4,barra_29,PW,0.0,5
5,barra_29,PW,0.0,5
6,barra_29,PW,0.0,5
7,barra_29,PW,0.0,5
8,barra_29,PW,0.0,5
9,barra_29,PW,0.0,5
10,barra_29,PW,0.0,5
11,barra_29,PW,0.0,5
12,barra_29,PW,0.0,5
13,barra_29,PW,0.0,5
14,barra_29,PW,0.0,5
15,barra_29,PW,0.0,5
16,barra_29,PW,0.0,5
17,barra_29,PW,0.0,5
18,barra_29,PW,0.0,5
19,barra_29,PW,0.0,5
20,barra_29,PW,0.0,5
21,barra_29,PW,0.0,5
22,barra_29,PW,0.0,5
23,barra_29,PW,0.0,5
24,barra_29,PW,0.0,5
1,barra_30,PW,0.374,5
2,barra_30,PW,0.385,5
3,barra_30,PW,0.396,5
4,barra_30,PW,0.407,5
5,barra_30,PW,0.385,5
6,barra_30,PW,0.363,5
7,barra_30,PW,0.33,5
8,barra_30,PW,0.3025,5
9,barra_30,PW,0.275,5
10,barra_30,PW,0.253,5
11,barra_30,PW,0.242,5
12,barra_30,PW,0.231,5
13,barra_30,PW,0.22,5
14,barra_30,PW,0.209,5
15,barra_30,PW,0.22,5
16,barra_30,PW,0.2475,5
17,barra_30,PW,0.286,5
18,barra_30,PW,0.341,5
19,barra_30,PW,0.396,5
20,barra_30,PW,0.44,5
21,barra_30,PW,0.473,5
22,barra_30,PW,0.495,5
23,barra_30,PW,0.462,5
24,barra_30,PW,0.418,5
1,barra_31,PW,0.0,5
2,barra_31,PW,0.0,5
3,barra_31,PW,0.0,5
4,barra_31,PW,0.0,5
5,barra_31,PW,0.0,5
6,barra_31,PW,0.0,5
7,barra_31,PW,0.0,5
8,barra_31,PW,0.0,5
9,barra_31,PW,0.0,5
10,barra_31,PW,0.0,5
11,barra_31,PW,0.0,5
12,barra_31,PW,0.0,5
13,barra_31,PW,0.0,5
14,barra_31,PW,0.0,5
15,barra_31,PW,0.0,5
16,barra_31,PW,0.0,5
17,barra_31,PW,0.0,5
18,barra_31,PW,0.0,5
19,barra_31,PW,0.0,5
20,barra_31,PW,0.0,5
21,barra_31,PW,0.0,5
22,barra_31,PW,0.0,5
23,barra_31,PW,0.0,5
24,barra_31,PW,0.0,5
1,barra_32,PW,0.0,5
2,barra_32,PW,0.0,5
3,barra_32,PW,0.0,5
4,barra_32,PW,0.0,5
5,barra_32,PW,0.0,5
6,barra_32,PW,0.0,5
7,barra_32,PW,0.0,5
8,barra_32,PW,0.0,5
9,barra_32,PW,0.0,5
10,barra_32,PW,0.0,5
11,barra_32,PW,0.0,5
12,barra_32,PW,0.0,5
13,barra_32,PW,0.0,5
14,barra_32,PW,0.0,5
15,barra_32,PW,0.0,5
16,barra_32,PW,0.0,5
17,barra_32,PW,0.0,5
18,barra_32,PW,0.0,5
19,barra_32,PW,0.0,5
20,barra_32,PW,0.0,5
21,barra_32,PW,0.0,5
22,barra_32,PW,0.0,5
23,barra_32,PW,0.0,5
24,barra_32,PW,0.0,5
1,barra_33,PW,0.0,5
2,barra_33,PW,0.0,5
3,barra_33,PW,0.0,5
4,barra_33,PW,0.0,5
5,barra_33,PW,0.0,5
6,barra_33,PW,0.0,5
7,barra_33,PW,0.0,5
8,barra_33,PW,0.0,5
9,barra_33,PW,0.0,5
10,barra_33,PW,0.0,5
11,barra_33,PW,0.0,5
12,barra_33,PW,0.0,5
13,barra_33,PW,0.0,5
14,barra_33,PW,0.0,5
15,barra_33,PW,0.0,5
16,barra_33,PW,0.0,5
17,barra_33,PW,0.0,5
18,barra_33,PW,0.0,5
19,barra_33,PW,0.0,5
20,barra_33,PW,0.0,5
21,barra_33,PW,0.0,5
22,barra_33,PW,0.0,5
23,barra_33,PW,0.0,5
24,barra_33,PW,0.0,5
1,barra_1,CS,0.0,5
2,barra_1,CS,0.0,5
3,barra_1,CS,0.0,5
4,barra_1,CS,0.0,5
5,barra_1,CS,0.0,5
6,barra_1,CS,0.0,5
7,barra_1,CS,0.0,5
8,barra_1,CS,0.0,5
9,barra_1,CS,0.0,5
10,barra_1,CS,0.0,5
11,barra_1,CS,0.0,5
12,barra_1,CS,0.0,5
13,barra_1,CS,0.0,5
14,barra_1,CS,0.0,5
15,barra_1,CS,0.0,5
16,barra_1,CS,0.0,5
17,barra_1,CS,0.0,5
18,barra_1,CS,0.0,5
19,barra_1,CS,0.0,5
20,barra_1,CS,0.0,5
21,barra_1,CS,0.0,5
22,barra_1,CS,0.0,5
23,barra_1,CS,0.0,5
24,barra_1,CS,0.0,5
1,barra_2,CS,0.0,5
2,barra_2,CS,0.0,5
3,barra_2,CS,0.0,5
4,barra_2,CS,0.0,5
5,barra_2,CS,0.0,5
6,barra_2,CS,0.0,5
7,barra_2,CS,0.0,5
8,barra_2,CS,0.0,5
9,barra_2,CS,0.0,5
10,barra_2,CS,0.0,5
11,barra_2,CS,0.0,5
12,barra_2,CS,0.0,5
13,barra_2,CS,0.0,5
14,barra_2,CS,0.0,5
15,barra_2,CS,0.0,5
16,barra_2,CS,0.0,5
17,barra_2,CS,0.0,5
18,barra_2,CS,0.0,5
19,barra_2,CS,0.0,5
20,barra_2,CS,0.0,5
21,barra_2,CS,0.0,5
22,barra_2,CS,0.0,5
23,barra_2,CS,0.0,5
24,barra_2,CS,0.0,5
1,barra_3,CS,0.0,5
2,barra_3,CS,0.0,5
3,barra_3,CS,0.0,5
4,barra_3,CS,0.0,5
5,barra_3,CS,0.0,5
6,barra_3,CS,0.0,5
7,barra_3,CS,0.0,5
8,barra_3,CS,0.0,5
9,barra_3,CS,0.0,5
10,barra_3,CS,0.0,5
11,barra_3,CS,0.0,5
12,barra_3,CS,0.0,5
13,barra_3,CS,0.0,5
14,barra_3,CS,0.0,5
15,barra_3,CS,0.0,5
16,barra_3,CS,0.0,5
17,barra_3,CS,0.0,5
18,barra_3,CS,0.0,5
19,barra_3,CS,0.0,5
20,barra_3,CS,0.0,5
21,barra_3,CS,0.0,5
22,barra_3,CS,0.0,5
23,barra_3,CS,0.0,5
24,barra_3,CS,0.0,5
1,barra_4,CS,0.0,5
2,barra_4,CS,0.0,5
3,barra_4,CS,0.0,5
4,barra_4,CS,0.0,5
5,barra_4,CS,0.0,5
6,barra_4,CS,0.0,5
7,barra_4,CS,0.0,5
8,barra_4,CS,0.0,5
9,barra_4,CS,0.0,5
10,barra_4,CS,0.0,5
11,barra_4,CS,0.0,5
12,barra_4,CS,0.0,5
13,barra_4,CS,0.0,5
14,barra_4,CS,0.0,5
15,barra_4,CS,0.0,5
16,barra_4,CS,0.0,5
17,barra_4,CS,0.0,5
18,barra_4,CS,0.0,5
19,barra_4,CS,0.0,5
20,barra_4,CS,0.0,5
21,barra_4,CS,0.0,5
22,barra_4,CS,0.0,5
23,barra_4,CS,0.0,5
24,barra_4,CS,0.0,5
1,barra_5,CS,0.0,5
2,barra_5,CS,0.0,5
3,barra_5,CS,0.0,5
4,barra_5,CS,0.0,5
5,barra_5,CS,0.0,5
6,barra_5,CS,0.0,5
7,barra_5,CS,0.0,5
8,barra_5,CS,0.0,5
9,barra_5,CS,0.0,5
10,barra_5,CS,0.0,5
11,barra_5,CS,0.0,5
12,barra_5,CS,0.0,5
13,barra_5,CS,0.0,5
14,barra_5,CS,0.0,5
15,barra_5,CS,0.0,5
16,barra_5,CS,0.0,5
17,barra_5,CS,0.0,5
18,barra_5,CS,0.0,5
19,barra_5,CS,0.0,5
20,barra_5,CS,0.0,5
21,barra_5,CS,0.0,5
22,barra_5,CS,0.0,5
23,barra_5,CS,0.0,5
24,barra_5,CS,0.0,5
1,barra_6,CS,0.0,5
2,barra_6,CS,0.0,5
3,barra_6,CS,0.0,5
4,barra_6,CS,0.0,5
5,barra_6,CS,0.0,5
6,barra_6,CS,-0.0,5
7,barra_6,CS,-0.0,5
8,barra_6,CS,-0.0,5
9,barra_6,CS,-0.0,5
10,barra_6,CS,-0.0,5
11,barra_6,CS,-0.0,5
12,barra_6,CS,-0.0,5
13,barra_6,CS,-0.0,5
14,barra_6,CS,-0.0,5
15,barra_6,CS,-0.0,5
16,barra_6,CS,-0.0,5
17,barra_6,CS,-0.0,5
18,barra_6,CS,-0.0,5
19,barra_6,CS,-0.0,5
20,barra_6,CS,0.0,5
21,barra_6,CS,0.0,5
22,barra_6,CS,0.0,5
23,barra_6,CS,0.0,5
24,barra_6,CS,0.0,5
1,barra_7,CS,0.0,5
2,barra_7,CS,0.0,5
3,barra_7,CS,0.0,5
4,barra_7,CS,0.0,5
5,barra_7,CS,0.0,5
6,barra_7,CS,0.0,5
7,barra_7,CS,0.0,5
8,barra_7,CS,0.0,5
9,barra_7,CS,0.0,5
10,barra_7,CS,0.0,5
11,barra_7,CS,0.0,5
12,barra_7,CS,0.0,5
13,barra_7,CS,0.0,5
14,barra_7,CS,0.0,5
15,barra_7,CS,0.0,5
16,barra_7,CS,0.0,5
17,barra_7,CS,0.0,5
18,barra_7,CS,0.0,5
19,barra_7,CS,0.0,5
20,barra_7,CS,0.0,5
21,barra_7,CS,0.0,5
22,barra_7,CS,0.0,5
23,barra_7,CS,0.0,5
24,barra_7,CS,0.0,5
1,barra_8,CS,0.0,5
2,barra_8,CS,0.0,5
3,barra_8,CS,0.0,5
4,barra_8,CS,0.0,5
5,barra_8,CS,0.0,5
6,barra_8,CS,0.0,5
7,barra_8,CS,0.0,5
8,barra_8,CS,0.0,5
9,barra_8,CS,0.0,5
10,barra_8,CS,0.0,5
11,barra_8,CS,0.0,5
12,barra_8,CS,0.0,5
13,barra_8,CS,0.0,5
14,barra_8,CS,0.0,5
15,barra_8,CS,0.0,5
16,barra_8,CS,0.0,5
17,barra_8,CS,0.0,5
18,barra_8,CS,0.0,5
19,barra_8,CS,0.0,5
20,barra_8,CS,0.0,5
21,barra_8,CS,0.0,5
22,barra_8,CS,0.0,5
23,barra_8,CS,0.0,5
24,barra_8,CS,0.0,5
1,barra_9,CS,0.0,5
2,barra_9,CS,0.0,5
3,barra_9,CS,0.0,5
4,barra_9,CS,0.0,5
5,barra_9,CS,0.0,5
6,barra_9,CS,0.0,5
7,barra_9,CS,0.0,5
8,barra_9,CS,0.0,5
9,barra_9,CS,0.0,5
10,barra_9,CS,0.0,5
11,barra_9,CS,0.0,5
12,barra_9,CS,0.0,5
13,barra_9,CS,0.0,5
14,barra_9,CS,0.0,5
15,barra_9,CS,0.0,5
16,barra_9,CS,0.0,5
17,barra_9,CS,0.0,5
18,barra_9,CS,0.0,5
19,barra_9,CS,0.0,5
20,barra_9,CS,0.0,5
21,barra_9,CS,0.0,5
22,barra_9,CS,0.0,5
23,barra_9,CS,0.0,5
24,barra_9,CS,0.0,5
1,barra_10,CS,0.0,5
2,barra_10,CS,0.0,5
3,barra_10,CS,0.0,5
4,barra_10,CS,0.0,5
5,barra_10,CS,0.0,5
6,barra_10,CS,0.0,5
7,barra_10,CS,0.0,5
8,barra_10,CS,0.0,5
9,barra_10,CS,0.0,5
10,barra_10,CS,0.0,5
11,barra_10,CS,0.0,5
12,barra_10,CS,0.0,5
13,barra_10,CS,0.0,5
14,barra_10,CS,0.0,5
15,barra_10,CS,0.0,5
16,barra_10,CS,0.0,5
17,barra_10,CS,0.0,5
18,barra_10,CS,0.0,5
19,barra_10,CS,0.0,5
20,barra_10,CS,0.0,5
21,barra_10,CS,0.0,5
22,barra_10,CS,0.0,5
23,barra_10,CS,0.0,5
24,barra_10,CS,0.0,5
1,barra_11,CS,0.0,5
2,barra_11,CS,0.0,5
3,barra_11,CS,0.0,5
4,barra_11,CS,0.0,5
5,barra_11,CS,0.0,5
6,barra_11,CS,0.0,5
7,barra_11,CS,0.0,5
8,barra_11,CS,0.0,5
9,barra_11,CS,0.0,5
10,barra_11,CS,0.0,5
11,barra_11,CS,0.0,5
12,barra_11,CS,0.0,5
13,barra_11,CS,0.0,5
14,barra_11,CS,0.0,5
15,barra_11,CS,0.0,5
16,barra_11,CS,0.0,5
17,barra_11,CS,0.0,5
18,barra_11,CS,0.0,5
19,barra_11,CS,0.0,5
20,barra_11,CS,0.0,5
21,barra_11,CS,0.0,5
22,barra_11,CS,0.0,5
23,barra_11,CS,0.0,5
24,barra_11,CS,0.0,5
1,barra_12,CS,0.0,5
2,barra_12,CS,0.0,5
3,barra_12,CS,0.0,5
4,barra_12,CS,0.0,5
5,barra_12,CS,0.0,5
6,barra_12,CS,0.0,5
7,barra_12,CS,0.0,5
8,barra_12,CS,0.0,5
9,barra_12,CS,0.0,5
10,barra_12,CS,0.0,5
11,barra_12,CS,0.0,5
12,barra_12,CS,0.0,5
13,barra_12,CS,0.0,5
14,barra_12,CS,0.0,5
15,barra_12,CS,0.0,5
16,barra_12,CS,0.0,5
17,barra_12,CS,0.0,5
18,barra_12,CS,0.0,5
19,barra_12,CS,0.0,5
20,barra_12,CS,0.0,5
21,barra_12,CS,0.0,5
22,barra_12,CS,0.0,5
23,barra_12,CS,0.0,5
24,barra_12,CS,0.0,5
1,barra_13,CS,0.0,5
2,barra_13,CS,0.0,5
3,barra_13,CS,0.0,5
4,barra_13,CS,0.0,5
5,barra_13,CS,0.0,5
6,barra_13,CS,0.0,5
7,barra_13,CS,0.0,5
8,barra_13,CS,0.0,5
9,barra_13,CS,0.0,5
10,barra_13,CS,0.0,5
11,barra_13,CS,0.0,5
12,barra_13,CS,0.0,5
13,barra_13,CS,0.0,5
14,barra_13,CS,0.0,5
15,barra_13,CS,0.0,5
16,barra_13,CS,0.0,5
17,barra_13,CS,0.0,5
18,barra_13,CS,0.0,5
19,barra_13,CS,0.0,5
20,barra_13,CS,0.0,5
21,barra_13,CS,0.0,5
22,barra_13,CS,0.0,5
23,barra_13,CS,0.0,5
24,barra_13,CS,0.0,5
1,barra_14,CS,0.0,5
2,barra_14,CS,0.0,5
3,barra_14,CS,0.0,5
4,barra_14,CS,0.0,5
5,barra_14,CS,0.0,5
6,barra_14,CS,-0.0,5
7,barra_14,CS,-0.0,5
8,barra_14,CS,-0.0,5
9,barra_14,CS,-0.0,5
10,barra_14,CS,-0.0,5
11,barra_14,CS,-0.0,5
12,barra_14,CS,-0.0,5
13,barra_14,CS,-0.0,5
14,barra_14,CS,-0.0,5
15,barra_14,CS,-0.0,5
16,barra_14,CS,-0.0,5
17,barra_14,CS,-0.0,5
18,barra_14,CS,-0.0,5
19,barra_14,CS,-0.0,5
20,barra_14,CS,0.0,5
21,barra_14,CS,0.0,5
22,barra_14,CS,0.0,5
23,barra_14,CS,0.0,5
24,barra_14,CS,0.0,5
1,barra_15,CS,0.0,5
2,barra_15,CS,0.0,5
3,barra_15,CS,0.0,5
4,barra_15,CS,0.0,5
5,barra_15,CS,0.0,5
6,barra_15,CS,0.0,5
7,barra_15,CS,0.0,5
8,barra_15,CS,0.0,5
9,barra_15,CS,0.0,5
10,barra_15,CS,0.0,5
11,barra_15,CS,0.0,5
12,barra_15,CS,0.0,5
13,barra_15,CS,0.0,5
14,barra_15,CS,0.0,5
15,barra_15,CS,0.0,5
16,barra_15,CS,0.0,5
17,barra_15,CS,0.0,5
18,barra_15,CS,0.0,5
19,barra_15,CS,0.0,5
20,barra_15,CS,0.0,5
21,barra_15,CS,0.0,5
22,barra_15,CS,0.0,5
23,barra_15,CS,0.0,5
24,barra_15,CS,0.0,5
1,barra_16,CS,0.0,5
2,barra_16,CS,0.0,5
3,barra_16,CS,0.0,5
4,barra_16,CS,0.0,5
5,barra_16,CS,0.0,5
6,barra_16,CS,0.0,5
7,barra_16,CS,0.0,5
8,barra_16,CS,0.0,5
9,barra_16,CS,0.0,5
10,barra_16,CS,0.0,5
11,barra_16,CS,0.0,5
12,barra_16,CS,0.0,5
13,barra_16,CS,0.0,5
14,barra_16,CS,0.0,5
15,barra_16,CS,0.0,5
16,barra_16,CS,0.0,5
17,barra_16,CS,0.0,5
18,barra_16,CS,0.0,5
19,barra_16,CS,0.0,5
20,barra_16,CS,0.0,5
21,barra_16,CS,0.0,5
22,barra_16,CS,0.0,5
23,barra_16,CS,0.0,5
24,barra_16,CS,0.0,5
1,barra_17,CS,0.0,5
2,barra_17,CS,0.0,5
3,barra_17,CS,0.0,5
4,barra_17,CS,0.0,5
5,barra_17,CS,0.0,5
6,barra_17,CS,0.0,5
7,barra_17,CS,0.0,5
8,barra_17,CS,0.0,5
9,barra_17,CS,0.0,5
10,barra_17,CS,0.0,5
11,barra_17,CS,0.0,5
12,barra_17,CS,0.0,5
13,barra_17,CS,0.0,5
14,barra_17,CS,0.0,5
15,barra_17,CS,0.0,5
16,barra_17,CS,0.0,5
17,barra_17,CS,0.0,5
18,barra_17,CS,0.0,5
19,barra_17,CS,0.0,5
20,barra_17,CS,0.0,5
21,barra_17,CS,0.0,5
22,barra_17,CS,0.0,5
23,barra_17,CS,0.0,5
24,barra_17,CS,0.0,5
1,barra_18,CS,0.0,5
2,barra_18,CS,0.0,5
3,barra_18,CS,0.0,5
4,barra_18,CS,0.0,5
5,barra_18,CS,0.0,5
6,barra_18,CS,0.0,5
7,barra_18,CS,0.0,5
8,barra_18,CS,0.0,5
9,barra_18,CS,0.0,5
10,barra_18,CS,0.0,5
11,barra_18,CS,0.0,5
12,barra_18,CS,0.0,5
13,barra_18,CS,0.0,5
14,barra_18,CS,0.0,5
15,barra_18,CS,0.0,5
16,barra_18,CS,0.0,5
17,barra_18,CS,0.0,5
18,barra_18,CS,0.0,5
19,barra_18,CS,0.0,5
20,barra_18,CS,0.0,5
21,barra_18,CS,0.0,5
22,barra_18,CS,0.0,5
23,barra_18,CS,0.0,5
24,barra_18,CS,0.0,5
1,barra_19,CS,0.0,5
2,barra_19,CS,0.0,5
3,barra_19,CS,0.0,5
4,barra_19,CS,0.0,5
5,barra_19,CS,0.0,5
6,barra_19,CS,0.0,5
7,barra_19,CS,0.0,5
8,barra_19,CS,0.0,5
9,barra_19,CS,0.0,5
10,barra_19,CS,0.0,5
11,barra_19,CS,0.0,5
12,barra_19,CS,0.0,5
13,barra_19,CS,0.0,5
14,barra_19,CS,0.0,5
15,barra_19,CS,0.0,5
16,barra_19,CS,0.0,5
17,barra_19,CS,0.0,5
18,barra_19,CS,0.0,5
19,barra_19,CS,0.0,5
20,barra_19,CS,0.0,5
21,barra_19,CS,0.0,5
22,barra_19,CS,0.0,5
23,barra_19,CS,0.0,5
24,barra_19,CS,0.0,5
1,barra_20,CS,0.0,5
2,barra_20,CS,0.0,5
3,barra_20,CS,0.0,5
4,barra_20,CS,0.0,5
5,barra_20,CS,0.0,5
6,barra_20,CS,0.0,5
7,barra_20,CS,0.0,5
8,barra_20,CS,0.0,5
9,barra_20,CS,0.0,5
10,barra_20,CS,0.0,5
11,barra_20,CS,0.0,5
12,barra_20,CS,0.0,5
13,barra_20,CS,0.0,5
14,barra_20,CS,0.0,5
15,barra_20,CS,0.0,5
16,barra_20,CS,0.0,5
17,barra_20,CS,0.0,5
18,barra_20,CS,0.0,5
19,barra_20,CS,0.0,5
20,barra_20,CS,0.0,5
21,barra_20,CS,0.0,5
22,barra_20,CS,0.0,5
23,barra_20,CS,0.0,5
24,barra_20,CS,0.0,5
1,barra_21,CS,0.0,5
2,barra_21,CS,0.0,5
3,barra_21,CS,0.0,5
4,barra_21,CS,0.0,5
5,barra_21,CS,0.0,5
6,barra_21,CS,0.0,5
7,barra_21,CS,0.0,5
8,barra_21,CS,0.0,5
9,barra_21,CS,0.0,5
10,barra_21,CS,0.0,5
11,barra_21,CS,0.0,5
12,barra_21,CS,0.0,5
13,barra_21,CS,0.0,5
14,barra_21,CS,0.0,5
15,barra_21,CS,0.0,5
16,barra_21,CS,0.0,5
17,barra_21,CS,0.0,5
18,barra_21,CS,0.0,5
19,barra_21,CS,0.0,5
20,barra_21,CS,0.0,5
21,barra_21,CS,0.0,5
22,barra_21,CS,0.0,5
23,barra_21,CS,0.0,5
24,barra_21,CS,0.0,5
1,barra_22,CS,0.0,5
2,barra_22,CS,0.0,5
3,barra_22,CS,0.0,5
4,barra_22,CS,0.0,5
5,barra_22,CS,0.0,5
6,barra_22,CS,0.0,5
7,barra_22,CS,0.0,5
8,barra_22,CS,0.0,5
9,barra_22,CS,0.0,5
10,barra_22,CS,0.0,5
11,barra_22,CS,0.0,5
12,barra_22,CS,0.0,5
13,barra_22,CS,0.0,5
14,barra_22,CS,0.0,5
15,barra_22,CS,0.0,5
16,barra_22,CS,0.0,5
17,barra_22,CS,0.0,5
18,barra_22,CS,0.0,5
19,barra_22,CS,0.0,5
20,barra_22,CS,0.0,5
21,barra_22,CS,0.0,5
22,barra_22,CS,0.0,5
23,barra_22,CS,0.0,5
24,barra_22,CS,0.0,5
1,barra_23,CS,0.0,5
2,barra_23,CS,0.0,5
3,barra_23,CS,0.0,5
4,barra_23,CS,0.0,5
5,barra_23,CS,0.0,5
6,barra_23,CS,0.0,5
7,barra_23,CS,0.0,5
8,barra_23,CS,0.0,5
9,barra_23,CS,0.0,5
10,barra_23,CS,0.0,5
11,barra_23,CS,0.0,5
12,barra_23,CS,0.0,5
13,barra_23,CS,0.0,5
14,barra_23,CS,0.0,5
15,barra_23,CS,0.0,5
16,barra_23,CS,0.0,5
17,barra_23,CS,0.0,5
18,barra_23,CS,0.0,5
19,barra_23,CS,0.0,5
20,barra_23,CS,0.0,5
21,barra_23,CS,0.0,5
22,barra_23,CS,0.0,5
23,barra_23,CS,0.0,5
24,barra_23,CS,0.0,5
1,barra_24,CS,0.0,5
2,barra_24,CS,0.0,5
3,barra_24,CS,0.0,5
4,barra_24,CS,0.0,5
5,barra_24,CS,0.0,5
6,barra_24,CS,0.0,5
7,barra_24,CS,0.0,5
8,barra_24,CS,0.0,5
9,barra_24,CS,0.0,5
10,barra_24,CS,0.0,5
11,barra_24,CS,0.0,5
12,barra_24,CS,0.0,5
13,barra_24,CS,0.0,5
14,barra_24,CS,0.0,5
15,barra_24,CS,0.0,5
16,barra_24,CS,0.0,5
17,barra_24,CS,0.0,5
18,barra_24,CS,0.0,5
19,barra_24,CS,0.0,5
20,barra_24,CS,0.0,5
21,barra_24,CS,0.0,5
22,barra_24,CS,0.0,5
23,barra_24,CS,0.0,5
24,barra_24,CS,0.0,5
1,barra_25,CS,0.0,5
2,barra_25,CS,0.0,5
3,barra_25,CS,0.0,5
4,barra_25,CS,0.0,5
5,barra_25,CS,0.0,5
6,barra_25,CS,-0.0,5
7,barra_25,CS,-0.0,5
8,barra_25,CS,-0.0,5
9,barra_25,CS,-0.0,5
10,barra_25,CS,-0.0,5
11,barra_25,CS,-0.0,5
12,barra_25,CS,-0.0,5
13,barra_25,CS,-0.0,5
14,barra_25,CS,-0.0,5
15,barra_25,CS,-0.0,5
16,barra_25,CS,-0.0,5
17,barra_25,CS,-0.0,5
18,barra_25,CS,-0.0,5
19,barra_25,CS,-0.0,5
20,barra_25,CS,0.0,5
21,barra_25,CS,0.0,5
22,barra_25,CS,0.0,5
23,barra_25,CS,0.0,5
24,barra_25,CS,0.0,5
1,barra_26,CS,0.0,5
2,barra_26,CS,0.0,5
3,barra_26,CS,0.0,5
4,barra_26,CS,0.0,5
5,barra_26,CS,0.0,5
6,barra_26,CS,0.0,5
7,barra_26,CS,0.0,5
8,barra_26,CS,0.0,5
9,barra_26,CS,0.0,5
10,barra_26,CS,0.0,5
11,barra_26,CS,0.0,5
12,barra_26,CS,0.0,5
13,barra_26,CS,0.0,5
14,barra_26,CS,0.0,5
15,barra_26,CS,0.0,5
16,barra_26,CS,0.0,5
17,barra_26,CS,0.0,5
18,barra_26,CS,0.0,5
19,barra_26,CS,0.0,5
20,barra_26,CS,0.0,5
21,barra_26,CS,0.0,5
22,barra_26,CS,0.0,5
23,barra_26,CS,0.0,5
24,barra_26,CS,0.0,5
1,barra_27,CS,0.0,5
2,barra_27,CS,0.0,5
3,barra_27,CS,0.0,5
4,barra_27,CS,0.0,5
5,barra_27,CS,0.0,5
6,barra_27,CS,0.0,5
7,barra_27,CS,0.0,5
8,barra_27,CS,0.0,5
9,barra_27,CS,0.0,5
10,barra_27,CS,0.0,5
11,barra_27,CS,0.0,5
12,barra_27,CS,0.0,5
13,barra_27,CS,0.0,5
14,barra_27,CS,0.0,5
15,barra_27,CS,0.0,5
16,barra_27,CS,0.0,5
17,barra_27,CS,0.0,5
18,barra_27,CS,0.0,5
19,barra_27,CS,0.0,5
20,barra_27,CS,0.0,5
21,barra_27,CS,0.0,5
22,barra_27,CS,0.0,5
23,barra_27,CS,0.0,5
24,barra_27,CS,0.0,5
1,barra_28,CS,0.0,5
2,barra_28,CS,0.0,5
3,barra_28,CS,0.0,5
4,barra_28,CS,0.0,5
5,barra_28,CS,0.0,5
6,barra_28,CS,0.0,5
7,barra_28,CS,0.0,5
8,barra_28,CS,0.0,5
9,barra_28,CS,0.0,5
10,barra_28,CS,0.0,5
11,barra_28,CS,0.0,5
12,barra_28,CS,0.0,5
13,barra_28,CS,0.0,5
14,barra_28,CS,0.0,5
15,barra_28,CS,0.0,5
16,barra_28,CS,0.0,5
17,barra_28,CS,0.0,5
18,barra_28,CS,0.0,5
19,barra_28,CS,0.0,5
20,barra_28,CS,0.0,5
21,barra_28,CS,0.0,5
22,barra_28,CS,0.0,5
23,barra_28,CS,0.0,5
24,barra_28,CS,0.0,5
1,barra_29,CS,0.0,5
2,barra_29,CS,0.0,5
3,barra_29,CS,0.0,5
4,barra_29,CS,0.0,5
5,barra_29,CS,0.0,5
6,barra_29,CS,0.0,5
7,barra_29,CS,0.0,5
8,barra_29,CS,0.0,5
9,barra_29,CS,0.0,5
10,barra_29,CS,0.0,5
11,barra_29,CS,0.0,5
12,barra_29,CS,0.0,5
13,barra_29,CS,0.0,5
14,barra_29,CS,0.0,5
15,barra_29,CS,0.0,5
16,barra_29,CS,0.0,5
17,barra_29,CS,0.0,5
18,barra_29,CS,0.0,5
19,barra_29,CS,0.0,5
20,barra_29,CS,0.0,5
21,barra_29,CS,0.0,5
22,barra_29,CS,0.0,5
23,barra_29,CS,0.0,5
24,barra_29,CS,0.0,5
1,barra_30,CS,0.0,5
2,barra_30,CS,0.0,5
3,barra_30,CS,0.0,5
4,barra_30,CS,0.0,5
5,barra_30,CS,0.0,5
6,barra_30,CS,0.0,5
7,barra_30,CS,0.0,5
8,barra_30,CS,0.0,5
9,barra_30,CS,0.0,5
10,barra_30,CS,0.0,5
11,barra_30,CS,0.0,5
12,barra_30,CS,0.0,5
13,barra_30,CS,0.0,5
14,barra_30,CS,0.0,5
15,barra_30,CS,0.0,5
16,barra_30,CS,0.0,5
17,barra_30,CS,0.0,5
18,barra_30,CS,0.0,5
19,barra_30,CS,0.0,5
20,barra_30,CS,0.0,5
21,barra_30,CS,0.0,5
22,barra_30,CS,0.0,5
23,barra_30,CS,0.0,5
24,barra_30,CS,0.0,5
1,barra_31,CS,0.0,5
2,barra_31,CS,0.0,5
3,barra_31,CS,0.0,5
4,barra_31,CS,0.0,5
5,barra_31,CS,0.0,5
6,barra_31,CS,0.0,5
7,barra_31,CS,0.0,5
8,barra_31,CS,0.0,5
9,barra_31,CS,0.0,5
10,barra_31,CS,0.0,5
11,barra_31,CS,0.0,5
12,barra_31,CS,0.0,5
13,barra_31,CS,0.0,5
14,barra_31,CS,0.0,5
15,barra_31,CS,0.0,5
16,barra_31,CS,0.0,5
17,barra_31,CS,0.0,5
18,barra_31,CS,0.0,5
19,barra_31,CS,0.0,5
20,barra_31,CS,0.0,5
21,barra_31,CS,0.0,5
22,barra_31,CS,0.0,5
23,barra_31,CS,0.0,5
24,barra_31,CS,0.0,5
1,barra_32,CS,0.0,5
2,barra_32,CS,0.0,5
3,barra_32,CS,0.0,5
4,barra_32,CS,0.0,5
5,barra_32,CS,0.0,5
6,barra_32,CS,0.0,5
7,barra_32,CS,0.0,5
8,barra_32,CS,0.0,5
9,barra_32,CS,0.0,5
10,barra_32,CS,0.0,5
11,barra_32,CS,0.0,5
12,barra_32,CS,0.0,5
13,barra_32,CS,0.0,5
14,barra_32,CS,0.0,5
15,barra_32,CS,0.0,5
16,barra_32,CS,0.0,5
17,barra_32,CS,0.0,5
18,barra_32,CS,0.0,5
19,barra_32,CS,0.0,5
20,barra_32,CS,0.0,5
21,barra_32,CS,0.0,5
22,barra_32,CS,0.0,5
23,barra_32,CS,0.0,5
24,barra_32,CS,0.0,5
1,barra_33,CS,0.0,5
2,barra_33,CS,0.0,5
3,barra_33,CS,0.0,5
4,barra_33,CS,0.0,5
5,barra_33,CS,0.0,5
6,barra_33,CS,0.0,5
7,barra_33,CS,0.0,5
8,barra_33,CS,0.0,5
9,barra_33,CS,0.0,5
10,barra_33,CS,0.0,5
11,barra_33,CS,0.0,5
12,barra_33,CS,0.0,5
13,barra_33,CS,0.0,5
14,barra_33,CS,0.0,5
15,barra_33,CS,0.0,5
16,barra_33,CS,0.0,5
17,barra_33,CS,0.0,5
18,barra_33,CS,0.0,5
19,barra_33,CS,0.0,5
20,barra_33,CS,0.0,5
21,barra_33,CS,0.0,5
22,barra_33,CS,0.0,5
23,barra_33,CS,0.0,5
24,barra_33,CS,0.0,5
1,barra_1,CW,0.0,5
2,barra_1,CW,0.0,5
3,barra_1,CW,0.0,5
4,barra_1,CW,0.0,5
5,barra_1,CW,0.0,5
6,barra_1,CW,0.0,5
7,barra_1,CW,0.0,5
8,barra_1,CW,0.0,5
9,barra_1,CW,0.0,5
10,barra_1,CW,0.0,5
11,barra_1,CW,0.0,5
12,barra_1,CW,0.0,5
13,barra_1,CW,0.0,5
14,barra_1,CW,0.0,5
15,barra_1,CW,0.0,5
16,barra_1,CW,0.0,5
17,barra_1,CW,0.0,5
18,barra_1,CW,0.0,5
19,barra_1,CW,0.0,5
20,barra_1,CW,0.0,5
21,barra_1,CW,0.0,5
22,barra_1,CW,0.0,5
23,barra_1,CW,0.0,5
24,barra_1,CW,0.0,5
1,barra_2,CW,0.0,5
2,barra_2,CW,0.0,5
3,barra_2,CW,0.0,5
4,barra_2,CW,0.0,5
5,barra_2,CW,0.0,5
6,barra_2,CW,0.0,5
7,barra_2,CW,0.0,5
8,barra_2,CW,0.0,5
9,barra_2,CW,0.0,5
10,barra_2,CW,0.0,5
11,barra_2,CW,0.0,5
12,barra_2,CW,0.0,5
13,barra_2,CW,0.0,5
14,barra_2,CW,0.0,5
15,barra_2,CW,0.0,5
16,barra_2,CW,0.0,5
17,barra_2,CW,0.0,5
18,barra_2,CW,0.0,5
19,barra_2,CW,0.0,5
20,barra_2,CW,0.0,5
21,barra_2,CW,0.0,5
22,barra_2,CW,0.0,5
23,barra_2,CW,0.0,5
24,barra_2,CW,0.0,5
1,barra_3,CW,0.0,5
2,barra_3,CW,0.0,5
3,barra_3,CW,0.0,5
4,barra_3,CW,0.0,5
5,barra_3,CW,0.0,5
6,barra_3,CW,0.0,5
7,barra_3,CW,0.0,5
8,barra_3,CW,0.0,5
9,barra_3,CW,0.0,5
10,barra_3,CW,0.0,5
11,barra_3,CW,0.0,5
12,barra_3,CW,0.0,5
13,barra_3,CW,0.0,5
14,barra_3,CW,0.0,5
15,barra_3,CW,0.0,5
16,barra_3,CW,0.0,5
17,barra_3,CW,0.0,5
18,barra_3,CW,0.0,5
19,barra_3,CW,0.0,5
20,barra_3,CW,0.0,5
21,barra_3,CW,0.0,5
22,barra_3,CW,0.0,5
23,barra_3,CW,0.0,5
24,barra_3,CW,0.0,5
1,barra_4,CW,0.0,5
2,barra_4,CW,0.0,5
3,barra_4,CW,0.0,5
4,barra_4,CW,0.0,5
5,barra_4,CW,0.0,5
6,barra_4,CW,0.0,5
7,barra_4,CW,0.0,5
8,barra_4,CW,0.0,5
9,barra_4,CW,0.0,5
10,barra_4,CW,0.0,5
11,barra_4,CW,0.0,5
12,barra_4,CW,0.0,5
13,barra_4,CW,0.0,5
14,barra_4,CW,0.0,5
15,barra_4,CW,0.0,5
16,barra_4,CW,0.0,5
17,barra_4,CW,0.0,5
18,barra_4,CW,0.0,5
19,barra_4,CW,0.0,5
20,barra_4,CW,0.0,5
21,barra_4,CW,0.0,5
22,barra_4,CW,0.0,5
23,barra_4,CW,0.0,5
24,barra_4,CW,0.0,5
1,barra_5,CW,0.0,5
2,barra_5,CW,0.0,5
3,barra_5,CW,0.0,5
4,barra_5,CW,0.0,5
5,barra_5,CW,0.0,5
6,barra_5,CW,0.0,5
7,barra_5,CW,0.0,5
8,barra_5,CW,0.0,5
9,barra_5,CW,0.0,5
10,barra_5,CW,0.0,5
11,barra_5,CW,0.0,5
12,barra_5,CW,0.0,5
13,barra_5,CW,0.0,5
14,barra_5,CW,0.0,5
15,barra_5,CW,0.0,5
16,barra_5,CW,0.0,5
17,barra_5,CW,0.0,5
18,barra_5,CW,0.0,5
19,barra_5,CW,0.0,5
20,barra_5,CW,0.0,5
21,barra_5,CW,0.0,5
22,barra_5,CW,0.0,5
23,barra_5,CW,0.0,5
24,barra_5,CW,0.0,5
1,barra_6,CW,0.0,5
2,barra_6,CW,0.0,5
3,barra_6,CW,0.0,5
4,barra_6,CW,0.0,5
5,barra_6,CW,0.0,5
6,barra_6,CW,0.0,5
7,barra_6,CW,0.0,5
8,barra_6,CW,0.0,5
9,barra_6,CW,0.0,5
10,barra_6,CW,0.0,5
11,barra_6,CW,0.0,5
12,barra_6,CW,0.0,5
13,barra_6,CW,0.0,5
14,barra_6,CW,0.0,5
15,barra_6,CW,0.0,5
16,barra_6,CW,0.0,5
17,barra_6,CW,0.0,5
18,barra_6,CW,0.0,5
19,barra_6,CW,0.0,5
20,barra_6,CW,0.0,5
21,barra_6,CW,0.0,5
22,barra_6,CW,0.0,5
23,barra_6,CW,0.0,5
24,barra_6,CW,0.0,5
1,barra_7,CW,0.0,5
2,barra_7,CW,0.0,5
3,barra_7,CW,0.0,5
4,barra_7,CW,0.0,5
5,barra_7,CW,0.0,5
6,barra_7,CW,0.0,5
7,barra_7,CW,0.0,5
8,barra_7,CW,0.0,5
9,barra_7,CW,0.0,5
10,barra_7,CW,0.0,5
11,barra_7,CW,0.0,5
12,barra_7,CW,0.0,5
13,barra_7,CW,0.0,5
14,barra_7,CW,0.0,5
15,barra_7,CW,0.0,5
16,barra_7,CW,0.0,5
17,barra_7,CW,0.0,5
18,barra_7,CW,0.0,5
19,barra_7,CW,0.0,5
20,barra_7,CW,0.0,5
21,barra_7,CW,0.0,5
22,barra_7,CW,0.0,5
23,barra_7,CW,0.0,5
24,barra_7,CW,0.0,5
1,barra_8,CW,0.0,5
2,barra_8,CW,0.0,5
3,barra_8,CW,0.0,5
4,barra_8,CW,0.0,5
5,barra_8,CW,0.0,5
6,barra_8,CW,0.0,5
7,barra_8,CW,0.0,5
8,barra_8,CW,0.0,5
9,barra_8,CW,0.0,5
10,barra_8,CW,0.0,5
11,barra_8,CW,0.0,5
12,barra_8,CW,0.0,5
13,barra_8,CW,0.0,5
14,barra_8,CW,0.0,5
15,barra_8,CW,0.0,5
16,barra_8,CW,0.0,5
17,barra_8,CW,0.0,5
18,barra_8,CW,0.0,5
19,barra_8,CW,0.0,5
20,barra_8,CW,0.0,5
21,barra_8,CW,0.0,5
22,barra_8,CW,0.0,5
23,barra_8,CW,0.0,5
24,barra_8,CW,0.0,5
1,barra_9,CW,0.0,5
2,barra_9,CW,0.0,5
3,barra_9,CW,0.0,5
4,barra_9,CW,0.0,5
5,barra_9,CW,0.0,5
6,barra_9,CW,0.0,5
7,barra_9,CW,0.0,5
8,barra_9,CW,0.0,5
9,barra_9,CW,0.0,5
10,barra_9,CW,0.0,5
11,barra_9,CW,0.0,5
12,barra_9,CW,0.0,5
13,barra_9,CW,0.0,5
14,barra_9,CW,0.0,5
15,barra_9,CW,0.0,5
16,barra_9,CW,0.0,5
17,barra_9,CW,0.0,5
18,barra_9,CW,0.0,5
19,barra_9,CW,0.0,5
20,barra_9,CW,0.0,5
21,barra_9,CW,0.0,5
22,barra_9,CW,0.0,5
23,barra_9,CW,0.0,5
24,barra_9,CW,0.0,5
1,barra_10,CW,0.0,5
2,barra_10,CW,0.0,5
3,barra_10,CW,0.0,5
4,barra_10,CW,0.0,5
5,barra_10,CW,0.0,5
6,barra_10,CW,0.0,5
7,barra_10,CW,0.0,5
8,barra_10,CW,0.0,5
9,barra_10,CW,0.0,5
10,barra_10,CW,0.0,5
11,barra_10,CW,0.0,5
12,barra_10,CW,0.0,5
13,barra_10,CW,0.0,5
14,barra_10,CW,0.0,5
15,barra_10,CW,0.0,5
16,barra_10,CW,0.0,5
17,barra_10,CW,0.0,5
18,barra_10,CW,0.0,5
19,barra_10,CW,0.0,5
20,barra_10,CW,0.0,5
21,barra_10,CW,0.0,5
22,barra_10,CW,0.0,5
23,barra_10,CW,0.0,5
24,barra_10,CW,0.0,5
1,barra_11,CW,0.0,5
2,barra_11,CW,0.0,5
3,barra_11,CW,0.0,5
4,barra_11,CW,0.0,5
5,barra_11,CW,0.0,5
6,barra_11,CW,0.0,5
7,barra_11,CW,0.0,5
8,barra_11,CW,0.0,5
9,barra_11,CW,0.0,5
10,barra_11,CW,0.0,5
11,barra_11,CW,0.0,5
12,barra_11,CW,0.0,5
13,barra_11,CW,0.0,5
14,barra_11,CW,0.0,5
15,barra_11,CW,0.0,5
16,barra_11,CW,0.0,5
17,barra_11,CW,0.0,5
18,barra_11,CW,0.0,5
19,barra_11,CW,0.0,5
20,barra_11,CW,0.0,5
21,barra_11,CW,0.0,5
22,barra_11,CW,0.0,5
23,barra_11,CW,0.0,5
24,barra_11,CW,0.0,5
1,barra_12,CW,0.0,5
2,barra_12,CW,0.0,5
3,barra_12,CW,0.0,5
4,barra_12,CW,0.0,5
5,barra_12,CW,0.0,5
6,barra_12,CW,0.0,5
7,barra_12,CW,0.0,5
8,barra_12,CW,0.0,5
9,barra_12,CW,0.0,5
10,barra_12,CW,0.0,5
11,barra_12,CW,0.0,5
12,barra_12,CW,0.0,5
13,barra_12,CW,0.0,5
14,barra_12,CW,0.0,5
15,barra_12,CW,0.0,5
16,barra_12,CW,0.0,5
17,barra_12,CW,0.0,5
18,barra_12,CW,0.0,5
19,barra_12,CW,0.0,5
20,barra_12,CW,0.0,5
21,barra_12,CW,0.0,5
22,barra_12,CW,0.0,5
23,barra_12,CW,0.0,5
24,barra_12,CW,0.0,5
1,barra_13,CW,0.0,5
2,barra_13,CW,0.0,5
3,barra_13,CW,0.0,5
4,barra_13,CW,0.0,5
5,barra_13,CW,0.0,5
6,barra_13,CW,0.0,5
7,barra_13,CW,0.0,5
8,barra_13,CW,0.0,5
9,barra_13,CW,0.0,5
10,barra_13,CW,0.0,5
11,barra_13,CW,0.0,5
12,barra_13,CW,0.0,5
13,barra_13,CW,0.0,5
14,barra_13,CW,0.0,5
15,barra_13,CW,0.0,5
16,barra_13,CW,0.0,5
17,barra_13,CW,0.0,5
18,barra_13,CW,0.0,5
19,barra_13,CW,0.0,5
20,barra_13,CW,0.0,5
21,barra_13,CW,0.0,5
22,barra_13,CW,0.0,5
23,barra_13,CW,0.0,5
24,barra_13,CW,0.0,5
1,barra_14,CW,0.0,5
2,barra_14,CW,0.0,5
3,barra_14,CW,0.0,5
4,barra_14,CW,0.0,5
5,barra_14,CW,0.0,5
6,barra_14,CW,0.0,5
7,barra_14,CW,0.0,5
8,barra_14,CW,0.0,5
9,barra_14,CW,0.0,5
10,barra_14,CW,0.0,5
11,barra_14,CW,0.0,5
12,barra_14,CW,0.0,5
13,barra_14,CW,0.0,5
14,barra_14,CW,0.0,5
15,barra_14,CW,0.0,5
16,barra_14,CW,0.0,5
17,barra_14,CW,0.0,5
18,barra_14,CW,0.0,5
19,barra_14,CW,0.0,5
20,barra_14,CW,0.0,5
21,barra_14,CW,0.0,5
22,barra_14,CW,0.0,5
23,barra_14,CW,0.0,5
24,barra_14,CW,0.0,5
1,barra_15,CW,0.0,5
2,barra_15,CW,0.0,5
3,barra_15,CW,0.0,5
4,barra_15,CW,0.0,5
5,barra_15,CW,0.0,5
6,barra_15,CW,0.0,5
7,barra_15,CW,0.0,5
8,barra_15,CW,0.0,5
9,barra_15,CW,0.0,5
10,barra_15,CW,0.0,5
11,barra_15,CW,0.0,5
12,barra_15,CW,0.0,5
13,barra_15,CW,0.0,5
14,barra_15,CW,0.0,5
15,barra_15,CW,0.0,5
16,barra_15,CW,0.0,5
17,barra_15,CW,0.0,5
18,barra_15,CW,0.0,5
19,barra_15,CW,0.0,5
20,barra_15,CW,0.0,5
21,barra_15,CW,0.0,5
22,barra_15,CW,0.0,5
23,barra_15,CW,0.0,5
24,barra_15,CW,0.0,5
1,barra_16,CW,0.0,5
2,barra_16,CW,0.0,5
3,barra_16,CW,0.0,5
4,barra_16,CW,0.0,5
5,barra_16,CW,0.0,5
6,barra_16,CW,0.0,5
7,barra_16,CW,0.0,5
8,barra_16,CW,0.0,5
9,barra_16,CW,0.0,5
10,barra_16,CW,0.0,5
11,barra_16,CW,0.0,5
12,barra_16,CW,0.0,5
13,barra_16,CW,0.0,5
14,barra_16,CW,0.0,5
15,barra_16,CW,0.0,5
16,barra_16,CW,0.0,5
17,barra_16,CW,0.0,5
18,barra_16,CW,0.0,5
19,barra_16,CW,0.0,5
20,barra_16,CW,0.0,5
21,barra_16,CW,0.0,5
22,barra_16,CW,0.0,5
23,barra_16,CW,0.0,5
24,barra_16,CW,0.0,5
1,barra_17,CW,0.0,5
2,barra_17,CW,0.0,5
3,barra_17,CW,0.0,5
4,barra_17,CW,0.0,5
5,barra_17,CW,0.0,5
6,barra_17,CW,0.0,5
7,barra_17,CW,0.0,5
8,barra_17,CW,0.0,5
9,barra_17,CW,0.0,5
10,barra_17,CW,0.0,5
11,barra_17,CW,0.0,5
12,barra_17,CW,0.0,5
13,barra_17,CW,0.0,5
14,barra_17,CW,0.0,5
15,barra_17,CW,0.0,5
16,barra_17,CW,0.0,5
17,barra_17,CW,0.0,5
18,barra_17,CW,0.0,5
19,barra_17,CW,0.0,5
20,barra_17,CW,0.0,5
21,barra_17,CW,0.0,5
22,barra_17,CW,0.0,5
23,barra_17,CW,0.0,5
24,barra_17,CW,0.0,5
1,barra_18,CW,-0.0,5
2,barra_18,CW,-0.0,5
3,barra_18,CW,-0.0,5
4,barra_18,CW,-0.0,5
5,barra_18,CW,-0.0,5
6,barra_18,CW,-0.0,5
7,barra_18,CW,-0.0,5
8,barra_18,CW,-0.0,5
9,barra_18,CW,-0.0,5
10,barra_18,CW,-0.0,5
11,barra_18,CW,-0.0,5
12,barra_18,CW,-0.0,5
13,barra_18,CW,-0.0,5
14,barra_18,CW,-0.0,5
15,barra_18,CW,-0.0,5
16,barra_18,CW,-0.0,5
17,barra_18,CW,-0.0,5
18,barra_18,CW,-0.0,5
19,barra_18,CW,-0.0,5
20,barra_18,CW,-0.0,5
21,barra_18,CW,-0.0,5
22,barra_18,CW,-0.0,5
23,barra_18,CW,-0.0,5
24,barra_18,CW,-0.0,5
1,barra_19,CW,0.0,5
2,barra_19,CW,0.0,5
3,barra_19,CW,0.0,5
4,barra_19,CW,0.0,5
5,barra_19,CW,0.0,5
6,barra_19,CW,0.0,5
7,barra_19,CW,0.0,5
8,barra_19,CW,0.0,5
9,barra_19,CW,0.0,5
10,barra_19,CW,0.0,5
11,barra_19,CW,0.0,5
12,barra_19,CW,0.0,5
13,barra_19,CW,0.0,5
14,barra_19,CW,0.0,5
15,barra_19,CW,0.0,5
16,barra_19,CW,0.0,5
17,barra_19,CW,0.0,5
18,barra_19,CW,0.0,5
19,barra_19,CW,0.0,5
20,barra_19,CW,0.0,5
21,barra_19,CW,0.0,5
22,barra_19,CW,0.0,5
23,barra_19,CW,0.0,5
24,barra_19,CW,0.0,5
1,barra_20,CW,0.0,5
2,barra_20,CW,0.0,5
3,barra_20,CW,0.0,5
4,barra_20,CW,0.0,5
5,barra_20,CW,0.0,5
6,barra_20,CW,0.0,5
7,barra_20,CW,0.0,5
8,barra_20,CW,0.0,5
9,barra_20,CW,0.0,5
10,barra_20,CW,0.0,5
11,barra_20,CW,0.0,5
12,barra_20,CW,0.0,5
13,barra_20,CW,0.0,5
14,barra_20,CW,0.0,5
15,barra_20,CW,0.0,5
16,barra_20,CW,0.0,5
17,barra_20,CW,0.0,5
18,barra_20,CW,0.0,5
19,barra_20,CW,0.0,5
20,barra_20,CW,0.0,5
21,barra_20,CW,0.0,5
22,barra_20,CW,0.0,5
23,barra_20,CW,0.0,5
24,barra_20,CW,0.0,5
1,barra_21,CW,0.0,5
2,barra_21,CW,0.0,5
3,barra_21,CW,0.0,5
4,barra_21,CW,0.0,5
5,barra_21,CW,0.0,5
6,barra_21,CW,0.0,5
7,barra_21,CW,0.0,5
8,barra_21,CW,0.0,5
9,barra_21,CW,0.0,5
10,barra_21,CW,0.0,5
11,barra_21,CW,0.0,5
12,barra_21,CW,0.0,5
13,barra_21,CW,0.0,5
14,barra_21,CW,0.0,5
15,barra_21,CW,0.0,5
16,barra_21,CW,0.0,5
17,barra_21,CW,0.0,5
18,barra_21,CW,0.0,5
19,barra_21,CW,0.0,5
20,barra_21,CW,0.0,5
21,barra_21,CW,0.0,5
22,barra_21,CW,0.0,5
23,barra_21,CW,0.0,5
24,barra_21,CW,0.0,5
1,barra_22,CW,0.0,5
2,barra_22,CW,0.0,5
3,barra_22,CW,0.0,5
4,barra_22,CW,0.0,5
5,barra_22,CW,0.0,5
6,barra_22,CW,0.0,5
7,barra_22,CW,0.0,5
8,barra_22,CW,0.0,5
9,barra_22,CW,0.0,5
10,barra_22,CW,0.0,5
11,barra_22,CW,0.0,5
12,barra_22,CW,0.0,5
13,barra_22,CW,0.0,5
14,barra_22,CW,0.0,5
15,barra_22,CW,0.0,5
16,barra_22,CW,0.0,5
17,barra_22,CW,0.0,5
18,barra_22,CW,0.0,5
19,barra_22,CW,0.0,5
20,barra_22,CW,0.0,5
21,barra_22,CW,0.0,5
22,barra_22,CW,0.0,5
23,barra_22,CW,0.0,5
24,barra_22,CW,0.0,5
1,barra_23,CW,0.0,5
2,barra_23,CW,0.0,5
3,barra_23,CW,0.0,5
4,barra_23,CW,0.0,5
5,barra_23,CW,0.0,5
6,barra_23,CW,0.0,5
7,barra_23,CW,0.0,5
8,barra_23,CW,0.0,5
9,barra_23,CW,0.0,5
10,barra_23,CW,0.0,5
11,barra_23,CW,0.0,5
12,barra_23,CW,0.0,5
13,barra_23,CW,0.0,5
14,barra_23,CW,0.0,5
15,barra_23,CW,0.0,5
16,barra_23,CW,0.0,5
17,barra_23,CW,0.0,5
18,barra_23,CW,0.0,5
19,barra_23,CW,0.0,5
20,barra_23,CW,0.0,5
21,barra_23,CW,0.0,5
22,barra_23,CW,0.0,5
23,barra_23,CW,0.0,5
24,barra_23,CW,0.0,5
1,barra_24,CW,0.0,5
2,barra_24,CW,0.0,5
3,barra_24,CW,0.0,5
4,barra_24,CW,0.0,5
5,barra_24,CW,0.0,5
6,barra_24,CW,0.0,5
7,barra_24,CW,0.0,5
8,barra_24,CW,0.0,5
9,barra_24,CW,0.0,5
10,barra_24,CW,0.0,5
11,barra_24,CW,0.0,5
12,barra_24,CW,0.0,5
13,barra_24,CW,0.0,5
14,barra_24,CW,0.0,5
15,barra_24,CW,0.0,5
16,barra_24,CW,0.0,5
17,barra_24,CW,0.0,5
18,barra_24,CW,0.0,5
19,barra_24,CW,0.0,5
20,barra_24,CW,0.0,5
21,barra_24,CW,0.0,5
22,barra_24,CW,0.0,5
23,barra_24,CW,0.0,5
24,barra_24,CW,0.0,5
1,barra_25,CW,0.0,5
2,barra_25,CW,0.0,5
3,barra_25,CW,0.0,5
4,barra_25,CW,0.0,5
5,barra_25,CW,0.0,5
6,barra_25,CW,0.0,5
7,barra_25,CW,0.0,5
8,barra_25,CW,0.0,5
9,barra_25,CW,0.0,5
10,barra_25,CW,0.0,5
11,barra_25,CW,0.0,5
12,barra_25,CW,0.0,5
13,barra_25,CW,0.0,5
14,barra_25,CW,0.0,5
15,barra_25,CW,0.0,5
16,barra_25,CW,0.0,5
17,barra_25,CW,0.0,5
18,barra_25,CW,0.0,5
19,barra_25,CW,0.0,5
20,barra_25,CW,0.0,5
21,barra_25,CW,0.0,5
22,barra_25,CW,0.0,5
23,barra_25,CW,0.0,5
24,barra_25,CW,0.0,5
1,barra_26,CW,0.0,5
2,barra_26,CW,0.0,5
3,barra_26,CW,0.0,5
4,barra_26,CW,0.0,5
5,barra_26,CW,0.0,5
6,barra_26,CW,0.0,5
7,barra_26,CW,0.0,5
8,barra_26,CW,0.0,5
9,barra_26,CW,0.0,5
10,barra_26,CW,0.0,5
11,barra_26,CW,0.0,5
12,barra_26,CW,0.0,5
13,barra_26,CW,0.0,5
14,barra_26,CW,0.0,5
15,barra_26,CW,0.0,5
16,barra_26,CW,0.0,5
17,barra_26,CW,0.0,5
18,barra_26,CW,0.0,5
19,barra_26,CW,0.0,5
20,barra_26,CW,0.0,5
21,barra_26,CW,0.0,5
22,barra_26,CW,0.0,5
23,barra_26,CW,0.0,5
24,barra_26,CW,0.0,5
1,barra_27,CW,0.0,5
2,barra_27,CW,0.0,5
3,barra_27,CW,0.0,5
4,barra_27,CW,0.0,5
5,barra_27,CW,0.0,5
6,barra_27,CW,0.0,5
7,barra_27,CW,0.0,5
8,barra_27,CW,0.0,5
9,barra_27,CW,0.0,5
10,barra_27,CW,0.0,5
11,barra_27,CW,0.0,5
12,barra_27,CW,0.0,5
13,barra_27,CW,0.0,5
14,barra_27,CW,0.0,5
15,barra_27,CW,0.0,5
16,barra_27,CW,0.0,5
17,barra_27,CW,0.0,5
18,barra_27,CW,0.0,5
19,barra_27,CW,0.0,5
20,barra_27,CW,0.0,5
21,barra_27,CW,0.0,5
22,barra_27,CW,0.0,5
23,barra_27,CW,0.0,5
24,barra_27,CW,0.0,5
1,barra_28,CW,0.0,5
2,barra_28,CW,0.0,5
3,barra_28,CW,0.0,5
4,barra_28,CW,0.0,5
5,barra_28,CW,0.0,5
6,barra_28,CW,0.0,5
7,barra_28,CW,0.0,5
8,barra_28,CW,0.0,5
9,barra_28,CW,0.0,5
10,barra_28,CW,0.0,5
11,barra_28,CW,0.0,5
12,barra_28,CW,0.0,5
13,barra_28,CW,0.0,5
14,barra_28,CW,0.0,5
15,barra_28,CW,0.0,5
16,barra_28,CW,0.0,5
17,barra_28,CW,0.0,5
18,barra_28,CW,0.0,5
19,barra_28,CW,0.0,5
20,barra_28,CW,0.0,5
21,barra_28,CW,0.0,5
22,barra_28,CW,0.0,5
23,barra_28,CW,0.0,5
24,barra_28,CW,0.0,5
1,barra_29,CW,0.0,5
2,barra_29,CW,0.0,5
3,barra_29,CW,0.0,5
4,barra_29,CW,0.0,5
5,barra_29,CW,0.0,5
6,barra_29,CW,0.0,5
7,barra_29,CW,0.0,5
8,barra_29,CW,0.0,5
9,barra_29,CW,0.0,5
10,barra_29,CW,0.0,5
11,barra_29,CW,0.0,5
12,barra_29,CW,0.0,5
13,barra_29,CW,0.0,5
14,barra_29,CW,0.0,5
15,barra_29,CW,0.0,5
16,barra_29,CW,0.0,5
17,barra_29,CW,0.0,5
18,barra_29,CW,0.0,5
19,barra_29,CW,0.0,5
20,barra_29,CW,0.0,5
21,barra_29,CW,0.0,5
22,barra_29,CW,0.0,5
23,barra_29,CW,0.0,5
24,barra_29,CW,0.0,5
1,barra_30,CW,-0.0,5
2,barra_30,CW,-0.0,5
3,barra_30,CW,-0.0,5
4,barra_30,CW,-0.0,5
5,barra_30,CW,-0.0,5
6,barra_30,CW,-0.0,5
7,barra_30,CW,-0.0,5
8,barra_30,CW,-0.0,5
9,barra_30,CW,-0.0,5
10,barra_30,CW,-0.0,5
11,barra_30,CW,-0.0,5
12,barra_30,CW,-0.0,5
13,barra_30,CW,-0.0,5
14,barra_30,CW,-0.0,5
15,barra_30,CW,-0.0,5
16,barra_30,CW,-0.0,5
17,barra_30,CW,-0.0,5
18,barra_30,CW,-0.0,5
19,barra_30,CW,-0.0,5
20,barra_30,CW,-0.0,5
21,barra_30,CW,-0.0,5
22,barra_30,CW,-0.0,5
23,barra_30,CW,-0.0,5
24,barra_30,CW,-0.0,5
1,barra_31,CW,0.0,5
2,barra_31,CW,0.0,5
3,barra_31,CW,0.0,5
4,barra_31,CW,0.0,5
5,barra_31,CW,0.0,5
6,barra_31,CW,0.0,5
7,barra_31,CW,0.0,5
8,barra_31,CW,0.0,5
9,barra_31,CW,0.0,5
10,barra_31,CW,0.0,5
11,barra_31,CW,0.0,5
12,barra_31,CW,0.0,5
13,barra_31,CW,0.0,5
14,barra_31,CW,0.0,5
15,barra_31,CW,0.0,5
16,barra_31,CW,0.0,5
17,barra_31,CW,0.0,5
18,barra_31,CW,0.0,5
19,barra_31,CW,0.0,5
20,barra_31,CW,0.0,5
21,barra_31,CW,0.0,5
22,barra_31,CW,0.0,5
23,barra_31,CW,0.0,5
24,barra_31,CW,0.0,5
1,barra_32,CW,0.0,5
2,barra_32,CW,0.0,5
3,barra_32,CW,0.0,5
4,barra_32,CW,0.0,5
5,barra_32,CW,0.0,5
6,barra_32,CW,0.0,5
7,barra_32,CW,0.0,5
8,barra_32,CW,0.0,5
9,barra_32,CW,0.0,5
10,barra_32,CW,0.0,5
11,barra_32,CW,0.0,5
12,barra_32,CW,0.0,5
13,barra_32,CW,0.0,5
14,barra_32,CW,0.0,5
15,barra_32,CW,0.0,5
16,barra_32,CW,0.0,5
17,barra_32,CW,0.0,5
18,barra_32,CW,0.0,5
19,barra_32,CW,0.0,5
20,barra_32,CW,0.0,5
21,barra_32,CW,0.0,5
22,barra_32,CW,0.0,5
23,barra_32,CW,0.0,5
24,barra_32,CW,0.0,5
1,barra_33,CW,0.0,5
2,barra_33,CW,0.0,5
3,barra_33,CW,0.0,5
4,barra_33,CW,0.0,5
5,barra_33,CW,0.0,5
6,barra_33,CW,0.0,5
7,barra_33,CW,0.0,5
8,barra_33,CW,0.0,5
9,barra_33,CW,0.0,5
10,barra_33,CW,0.0,5
11,barra_33,CW,0.0,5
12,barra_33,CW,0.0,5
13,barra_33,CW,0.0,5
14,barra_33,CW,0.0,5
15,barra_33,CW,0.0,5
16,barra_33,CW,0.0,5
17,barra_33,CW,0.0,5
18,barra_33,CW,0.0,5
19,barra_33,CW,0.0,5
20,barra_33,CW,0.0,5
21,barra_33,CW,0.0,5
22,barra_33,CW,0.0,5
23,barra_33,CW,0.0,5
24,barra_33,CW,0.0,5
1,bateria_25,P_ch,0.0,5
2,bateria_25,P_ch,0.0,5
3,bateria_25,P_ch,0.0,5
4,bateria_25,P_ch,0.0,5
5,bateria_25,P_ch,0.0,5
6,bateria_25,P_ch,0.0,5
7,bateria_25,P_ch,0.0,5
8,bateria_25,P_ch,0.0,5
9,bateria_25,P_ch,0.0,5
10,bateria_25,P_ch,0.0,5
11,bateria_25,P_ch,0.0,5
12,bateria_25,P_ch,0.0,5
13,bateria_25,P_ch,0.0,5
14,bateria_25,P_ch,0.0,5
15,bateria_25,P_ch,0.0,5
16,bateria_25,P_ch,0.0,5
17,bateria_25,P_ch,0.0,5
18,bateria_25,P_ch,0.0,5
19,bateria_25,P_ch,0.0,5
20,bateria_25,P_ch,0.0,5
21,bateria_25,P_ch,0.0,5
22,bateria_25,P_ch,0.0,5
23,bateria_25,P_ch,0.0,5
24,bateria_25,P_ch,0.0,5
1,bateria_6,P_ch,0.0,5
2,bateria_6,P_ch,0.0,5
3,bateria_6,P_ch,0.0,5
4,bateria_6,P_ch,0.0,5
5,bateria_6,P_ch,0.0,5
6,bateria_6,P_ch,0.0,5
7,bateria_6,P_ch,0.0,5
8,bateria_6,P_ch,0.0,5
9,bateria_6,P_ch,0.0,5
10,bateria_6,P_ch,0.0,5
11,bateria_6,P_ch,0.0,5
12,bateria_6,P_ch,0.0,5
13,bateria_6,P_ch,0.0,5
14,bateria_6,P_ch,0.0,5
15,bateria_6,P_ch,0.0,5
16,bateria_6,P_ch,0.0,5
17,bateria_6,P_ch,0.0,5
18,bateria_6,P_ch,0.0,5
19,bateria_6,P_ch,0.0,5
20,bateria_6,P_ch,0.0,5
21,bateria_6,P_ch,0.0,5
22,bateria_6,P_ch,0.0,5
23,bateria_6,P_ch,0.0,5
24,bateria_6,P_ch,0.0,5
1,bateria_25,P_dis,0.0,5
2,bateria_25,P_dis,0.0,5
3,bateria_25,P_dis,0.0,5
4,bateria_25,P_dis,0.0,5
5,bateria_25,P_dis,0.0,5
6,bateria_25,P_dis,0.0,5
7,bateria_25,P_dis,0.0,5
8,bateria_25,P_dis,0.0,5
9,bateria_25,P_dis,0.0,5
10,bateria_25,P_dis,0.0,5
11,bateria_25,P_dis,0.0,5
12,bateria_25,P_dis,0.0,5
13,bateria_25,P_dis,0.0,5
14,bateria_25,P_dis,0.0,5
15,bateria_25,P_dis,0.0,5
16,bateria_25,P_dis,0.0,5
17,bateria_25,P_dis,0.0,5
18,bateria_25,P_dis,0.0,5
19,bateria_25,P_dis,0.0,5
20,bateria_25,P_dis,0.0,5
21,bateria_25,P_dis,0.0,5
22,bateria_25,P_dis,0.0,5
23,bateria_25,P_dis,0.0,5
24,bateria_25,P_dis,0.0,5
1,bateria_6,P_dis,0.0,5
2,bateria_6,P_dis,0.0,5
3,bateria_6,P_dis,0.0,5
4,bateria_6,P_dis,0.0,5
5,bateria_6,P_dis,0.0,5
6,bateria_6,P_dis,0.0,5
7,bateria_6,P_dis,0.0,5
8,bateria_6,P_dis,0.0,5
9,bateria_6,P_dis,0.0,5
10,bateria_6,P_dis,0.0,5
11,bateria_6,P_dis,0.0,5
12,bateria_6,P_dis,0.0,5
13,bateria_6,P_dis,0.0,5
14,bateria_6,P_dis,0.0,5
15,bateria_6,P_dis,0.0,5
16,bateria_6,P_dis,0.0,5
17,bateria_6,P_dis,0.0,5
18,bateria_6,P_dis,0.0,5
19,bateria_6,P_dis,0.0,5
20,bateria_6,P_dis,0.0,5
21,bateria_6,P_dis,0.0,5
22,bateria_6,P_dis,0.0,5
23,bateria_6,P_dis,0.0,5
24,bateria_6,P_dis,0.0,5
1,bateria_25,E,0.25,5
2,bateria_25,E,0.25,5
3,bateria_25,E,0.25,5
4,bateria_25,E,0.25,5
5,bateria_25,E,0.25,5
6,bateria_25,E,0.25,5
7,bateria_25,E,0.25,5
8,bateria_25,E,0.25,5
9,bateria_25,E,0.25,5
10,bateria_25,E,0.25,5
11,bateria_25,E,0.25,5
12,bateria_25,E,0.25,5
13,bateria_25,E,0.25,5
14,bateria_25,E,0.25,5
15,bateria_25,E,0.25,5
16,bateria_25,E,0.25,5
17,bateria_25,E,0.25,5
18,bateria_25,E,0.25,5
19,bateria_25,E,0.25,5
20,bateria_25,E,0.25,5
21,bateria_25,E,0.25,5
22,bateria_25,E,0.25,5
23,bateria_25,E,0.25,5
24,bateria_25,E,0.25,5
1,bateria_6,E,0.25,5
2,bateria_6,E,0.25,5
3,bateria_6,E,0.25,5
4,bateria_6,E,0.25,5
5,bateria_6,E,0.25,5
6,bateria_6,E,0.25,5
7,bateria_6,E,0.25,5
8,bateria_6,E,0.25,5
9,bateria_6,E,0.25,5
10,bateria_6,E,0.25,5
11,bateria_6,E,0.25,5
12,bateria_6,E,0.25,5
13,bateria_6,E,0.25,5
14,bateria_6,E,0.25,5
15,bateria_6,E,0.25,5
16,bateria_6,E,0.25,5
17,bateria_6,E,0.25,5
18,bateria_6,E,0.25,5
19,bateria_6,E,0.25,5
20,bateria_6,E,0.25,5
21,bateria_6,E,0.25,5
22,bateria_6,E,0.25,5
23,bateria_6,E,0.25,5
24,bateria_6,E,0.25,5
1,linha_1-2,F,-0.072132867,5
2,linha_1-2,F,-0.073759241,5
3,linha_1-2,F,-0.074939061,5
4,linha_1-2,F,-0.075480519,5
5,linha_1-2,F,-0.074748252,5
6,linha_1-2,F,-0.070467532,5
7,linha_1-2,F,-0.065134865,5
8,linha_1-2,F,-0.063908092,5
9,linha_1-2,F,-0.061686314,5
10,linha_1-2,F,-0.060266733,5
11,linha_1-2,F,-0.060018981,5
12,linha_1-2,F,-0.059931069,5
13,linha_1-2,F,-0.058812188,5
14,linha_1-2,F,-0.0566004,5
15,linha_1-2,F,-0.056591409,5
16,linha_1-2,F,-0.059020979,5
17,linha_1-2,F,-0.062852148,5
18,linha_1-2,F,-0.066989011,5
19,linha_1-2,F,-0.074873127,5
20,linha_1-2,F,-0.077015984,5
21,linha_1-2,F,-0.077777223,5
22,linha_1-2,F,-0.080495504,5
23,linha_1-2,F,-0.082473526,5
24,linha_1-2,F,-0.082285714,5
1,linha_2-3,F,-0.14412161,5
2,linha_2-3,F,-0.14737111,5
3,linha_2-3,F,-0.14972839,5
4,linha_2-3,F,-0.15081023,5
5,linha_2-3,F,-0.14934716,5
6,linha_2-3,F,-0.14079427,5
7,linha_2-3,F,-0.13013959,5
8,linha_2-3,F,-0.1276885,5
9,linha_2-3,F,-0.12324938,5
10,linha_2-3,F,-0.12041305,5
11,linha_2-3,F,-0.11991804,5
12,linha_2-3,F,-0.1197424,5
13,linha_2-3,F,-0.11750687,5
14,linha_2-3,F,-0.11308771,5
15,linha_2-3,F,-0.11306975,5
16,linha_2-3,F,-0.11792403,5
17,linha_2-3,F,-0.12557872,5
18,linha_2-3,F,-0.13384418,5
19,linha_2-3,F,-0.14959666,5
20,linha_2-3,F,-0.15387809,5
21,linha_2-3,F,-0.15539905,5
22,linha_2-3,F,-0.16083018,5
23,linha_2-3,F,-0.16478227,5
24,linha_2-3,F,-0.16440702,5
1,linha_3-4,F,-0.21593469,5
2,linha_3-4,F,-0.22079436,5
3,linha_3-4,F,-0.22431971,5
4,linha_3-4,F,-0.22593761,5
5,linha_3-4,F,-0.22374956,5
6,linha_3-4,F,-0.2109586,5
7,linha_3-4,F,-0.19501444,5
8,linha_3-4,F,-0.19134147,5
9,linha_3-4,F,-0.18468944,5
10,linha_3-4,F,-0.1804392,5
11,linha_3-4,F,-0.17969743,5
12,linha_3-4,F,-0.17943422,5
13,linha_3-4,F,-0.17608428,5
14,linha_3-4,F,-0.16946216,5
15,linha_3-4,F,-0.16943524,5
16,linha_3-4,F,-0.1767094,5
17,linha_3-4,F,-0.18817996,5
18,linha_3-4,F,-0.20056464,5
19,linha_3-4,F,-0.22412269,5
20,linha_3-4,F,-0.23052563,5
21,linha_3-4,F,-0.23280025,5
22,linha_3-4,F,-0.24092258,5
23,linha_3-4,F,-0.24683299,5
24,linha_3-4,F,-0.2462718,5
1,linha_4-5,F,-0.28742959,5
2,linha_4-5,F,-0.29388332,5
3,linha_4-5,F,-0.29856505,5
4,linha_4-5,F,-0.30071365,5
5,linha_4-5,F,-0.29780789,5
6,linha_4-5,F,-0.28082126,5
7,linha_4-5,F,-0.2596405,5
8,linha_4-5,F,-0.25475785,5
9,linha_4-5,F,-0.245915,5
10,linha_4-5,F,-0.24026497,5
11,linha_4-5,F,-0.23927889,5
12,linha_4-5,F,-0.238929,5
13,linha_4-5,F,-0.23447577,5
14,linha_4-5,F,-0.22567268,5
15,linha_4-5,F,-0.2256369,5
16,linha_4-5,F,-0.23530677,5
17,linha_4-5,F,-0.25055511,5
18,linha_4-5,F,-0.26701789,5
19,linha_4-5,F,-0.29830341,5
20,linha_4-5,F,-0.30680664,5
21,linha_4-5,F,-0.30982736,5
22,linha_4-5,F,-0.32061397,5
23,linha_4-5,F,-0.3284631,5
24,linha_4-5,F,-0.32771783,5
1,linha_5-6,F,-0.50226996,5
2,linha_5-6,F,-0.51353301,5
3,linha_5-6,F,-0.52170284,5
4,linha_5-6,F,-0.52545324,5
5,linha_5-6,F,-0.52038255,5
6,linha_5-6,F,-0.49073811,5
7,linha_5-6,F,-0.45379361,5
8,linha_5-6,F,-0.44528416,5
9,linha_5-6,F,-0.4298719,5
10,linha_5-6,F,-0.42002405,5
11,linha_5-6,F,-0.41830653,5
12,linha_5-6,F,-0.41769772,5
13,linha_5-6,F,-0.40993566,5
14,linha_5-6,F,-0.39458192,5
15,linha_5-6,F,-0.39452042,5
16,linha_5-6,F,-0.41138393,5
17,linha_5-6,F,-0.43795965,5
18,linha_5-6,F,-0.46665059,5
19,linha_5-6,F,-0.52124727,5
20,linha_5-6,F,-0.5360838,5
21,linha_5-6,F,-0.5413571,5
22,linha_5-6,F,-0.56017923,5
23,linha_5-6,F,-0.57387534,5
24,linha_5-6,F,-0.5725748,5
1,linha_6-7,F,0.37581461,5
2,linha_6-7,F,0.38877149,5
3,linha_6-7,F,0.39817008,5
4,linha_6-7,F,0.4,5
5,linha_6-7,F,0.39665107,5
6,linha_6-7,F,0.36254835,5
7,linha_6-7,F,0.32503535,5
8,linha_6-7,F,0.31892104,5
9,linha_6-7,F,0.30784659,5
10,linha_6-7,F,0.30077033,5
11,linha_6-7,F,0.29953652,5
12,linha_6-7,F,0.29909936,5
13,linha_6-7,F,0.2935218,5
14,linha_6-7,F,0.28249713,5
15,linha_6-7,F,0.28245332,5
16,linha_6-7,F,0.29456242,5
17,linha_6-7,F,0.31365816,5
18,linha_6-7,F,0.33483802,5
19,linha_6-7,F,0.39764584,5
20,linha_6-7,F,0.4,5
21,linha_6-7,F,0.4,5
22,linha_6-7,F,0.4015894,5
23,linha_6-7,F,0.41142735,5
24,linha_6-7,F,0.41049315,5
1,linha_7-8,F,0.16008814,5
2,linha_7-8,F,0.16820701,5
3,linha_7-8,F,0.17409669,5
4,linha_7-8,F,0.17430531,5
5,linha_7-8,F,0.17314417,5
6,linha_7-8,F,0.15177477,5
7,linha_7-8,F,0.13013959,5
8,linha_7-8,F,0.1276885,5
9,linha_7-8,F,0.12324938,5
10,linha_7-8,F,0.12041305,5
11,linha_7-8,F,0.11991804,5
12,linha_7-8,F,0.1197424,5
13,linha_7-8,F,0.11750687,5
14,linha_7-8,F,0.11308771,5
15,linha_7-8,F,0.11306975,5
16,linha_7-8,F,0.11792403,5
17,linha_7-8,F,0.12557872,5
18,linha_7-8,F,0.13440995,5
19,linha_7-8,F,0.17376755,5
20,linha_7-8,F,0.16969169,5
21,linha_7-8,F,0.1674014,5
22,linha_7-8,F,0.16083018,5
23,linha_7-8,F,0.16478227,5
24,linha_7-8,F,0.16440702,5
1,linha_8-9,F,0.088131357,5
2,linha_8-9,F,0.094636858,5
3,linha_8-9,F,0.099356143,5
4,linha_8-9,F,0.099022633,5
5,linha_8-9,F,0.098592906,5
6,linha_8-9,F,0.081470011,5
7,linha_8-9,F,0.065134865,5
8,linha_8-9,F,0.063908092,5
9,linha_8-9,F,0.061686314,5
10,linha_8-9,F,0.060266733,5
11,linha_8-9,F,0.060018981,5
12,linha_8-9,F,0.059931069,5
13,linha_8-9,F,0.058812188,5
14,linha_8-9,F,0.0566004,5
15,linha_8-9,F,0.056591409,5
16,linha_8-9,F,0.059020979,5
17,linha_8-9,F,0.062852148,5
18,linha_8-9,F,0.067555912,5
19,linha_8-9,F,0.099092407,5
20,linha_8-9,F,0.092861245,5
21,linha_8-9,F,0.089803606,5
22,linha_8-9,F,0.080495504,5
23,linha_8-9,F,0.082473526,5
24,linha_8-9,F,0.082285714,5
1,linha_9-10,F,0.016030519,5
2,linha_9-10,F,0.020919414,5
3,linha_9-10,F,0.024465965,5
4,linha_9-10,F,0.023589245,5
5,linha_9-10,F,0.023892391,5
6,linha_9-10,F,0.011024506,5
7,linha_9-10,F,0.0,5
8,linha_9-10,F,0.0,5
9,linha_9-10,F,0.0,5
10,linha_9-10,F,0.0,5
11,linha_9-10,F,0.0,5
12,linha_9-10,F,0.0,5
13,linha_9-10,F,0.0,5
14,linha_9-10,F,0.0,5
15,linha_9-10,F,0.0,5
16,linha_9-10,F,0.0,5
17,linha_9-10,F,0.0,5
18,linha_9-10,F,0.00056803546,5
19,linha_9-10,F,0.024267767,5
20,linha_9-10,F,0.015876983,5
21,linha_9-10,F,0.01205046,5
22,linha_9-10,F,0.0,5
23,linha_9-10,F,0.0,5
24,linha_9-10,F,0.0,5
1,linha_10-11,F,-0.056102349,5
2,linha_10-11,F,-0.052839827,5
3,linha_10-11,F,-0.050473096,5
4,linha_10-11,F,-0.051891274,5
5,linha_10-11,F,-0.050855861,5
6,linha_10-11,F,-0.059443027,5
7,linha_10-11,F,-0.065134865,5
8,linha_10-11,F,-0.063908092,5
9,linha_10-11,F,-0.061686314,5
10,linha_10-11,F,-0.060266733,5
11,linha_10-11,F,-0.060018981,5
12,linha_10-11,F,-0.059931069,5
13,linha_10-11,F,-0.058812188,5
14,linha_10-11,F,-0.0566004,5
15,linha_10-11,F,-0.056591409,5
16,linha_10-11,F,-0.059020979,5
17,linha_10-11,F,-0.062852148,5
18,linha_10-11,F,-0.066420976,5
19,linha_10-11,F,-0.05060536,5
20,linha_10-11,F,-0.061139001,5
21,linha_10-11,F,-0.065726762,5
22,linha_10-11,F,-0.080495504,5
23,linha_10-11,F,-0.082473526,5
24,linha_10-11,F,-0.082285714,5
1,linha_11-12,F,-0.12812312,5
2,linha_11-12,F,-0.12649349,5
3,linha_11-12,F,-0.12531131,5
4,linha_11-12,F,-0.12726811,5
5,linha_11-12,F,-0.1255025,5
6,linha_11-12,F,-0.12979179,5
7,linha_11-12,F,-0.13013959,5
8,linha_11-12,F,-0.1276885,5
9,linha_11-12,F,-0.12324938,5
10,linha_11-12,F,-0.12041305,5
11,linha_11-12,F,-0.11991804,5
12,linha_11-12,F,-0.1197424,5
13,linha_11-12,F,-0.11750687,5
14,linha_11-12,F,-0.11308771,5
15,linha_11-12,F,-0.11306975,5
16,linha_11-12,F,-0.11792403,5
17,linha_11-12,F,-0.12557872,5
18,linha_11-12,F,-0.13327728,5
19,linha_11-12,F,-0.12537738,5
20,linha_11-12,F,-0.13803283,5
21,linha_11-12,F,-0.14337266,5
22,linha_11-12,F,-0.16083018,5
23,linha_11-12,F,-0.16478227,5
24,linha_11-12,F,-0.16440702,5
1,linha_12-13,F,-0.2,5
2,linha_12-13,F,-0.2,5
3,linha_12-13,F,-0.2,5
4,linha_12-13,F,-0.20248938,5
5,linha_12-13,F,-0.2,5
6,linha_12-13,F,-0.2,5
7,linha_12-13,F,-0.19501444,5
8,linha_12-13,F,-0.19134147,5
9,linha_12-13,F,-0.18468944,5
10,linha_12-13,F,-0.1804392,5
11,linha_12-13,F,-0.17969743,5
12,linha_12-13,F,-0.17943422,5
13,linha_12-13,F,-0.17608428,5
14,linha_12-13,F,-0.16946216,5
15,linha_12-13,F,-0.16943524,5
16,linha_12-13,F,-0.1767094,5
17,linha_12-13,F,-0.18817996,5
18,linha_12-13,F,-0.2,5
19,linha_12-13,F,-0.2,5
20,linha_12-13,F,-0.21474357,5
21,linha_12-13,F,-0.22082182,5
22,linha_12-13,F,-0.24092258,5
23,linha_12-13,F,-0.24683299,5
24,linha_12-13,F,-0.2462718,5
1,linha_13-14,F,-0.27159023,5
2,linha_13-14,F,-0.27321336,5
3,linha_13-14,F,-0.27439083,5
4,linha_13-14,F,-0.27740569,5
5,linha_13-14,F,-0.2742004,5
6,linha_13-14,F,-0.26992822,5
7,linha_13-14,F,-0.2596405,5
8,linha_13-14,F,-0.25475785,5
9,linha_13-14,F,-0.245915,5
10,linha_13-14,F,-0.24026497,5
11,linha_13-14,F,-0.23927889,5
12,linha_13-14,F,-0.238929,5
13,linha_13-14,F,-0.23447577,5
14,linha_13-14,F,-0.22567268,5
15,linha_13-14,F,-0.2256369,5
16,linha_13-14,F,-0.23530677,5
17,linha_13-14,F,-0.25055511,5
18,linha_13-14,F,-0.26645663,5
19,linha_13-14,F,-0.27432502,5
20,linha_13-14,F,-0.29111898,5
21,linha_13-14,F,-0.2979206,5
22,linha_13-14,F,-0.32061397,5
23,linha_13-14,F,-0.3284631,5
24,linha_13-14,F,-0.32771783,5
1,linha_14-15,F,0.072132867,5
2,linha_14-15,F,0.073759241,5
3,linha_14-15,F,0.074939061,5
4,linha_14-15,F,0.075480519,5
5,linha_14-15,F,0.074748252,5
6,linha_14-15,F,0.070467532,5
7,linha_14-15,F,0.065134865,5
8,linha_14-15,F,0.063908092,5
9,linha_14-15,F,0.061686314,5
10,linha_14-15,F,0.060266733,5
11,linha_14-15,F,0.060018981,5
12,linha_14-15,F,0.059931069,5
13,linha_14-15,F,0.058812188,5
14,linha_14-15,F,0.0566004,5
15,linha_14-15,F,0.056591409,5
16,linha_14-15,F,0.059020979,5
17,linha_14-15,F,0.062852148,5
18,linha_14-15,F,0.066989011,5
19,linha_14-15,F,0.074873127,5
20,linha_14-15,F,0.077015984,5
21,linha_14-15,F,0.071636902,5
22,linha_14-15,F,0.061140694,5
23,linha_14-15,F,0.082473526,5
24,linha_14-15,F,0.082285714,5
1,linha_15-16,F,0.0,5
2,linha_15-16,F,0.0,5
3,linha_15-16,F,0.0,5
4,linha_15-16,F,0.0,5
5,linha_15-16,F,0.0,5
6,linha_15-16,F,0.0,5
7,linha_15-16,F,0.0,5
8,linha_15-16,F,0.0,5
9,linha_15-16,F,0.0,5
10,linha_15-16,F,0.0,5
11,linha_15-16,F,0.0,5
12,linha_15-16,F,0.0,5
13,linha_15-16,F,0.0,5
14,linha_15-16,F,0.0,5
15,linha_15-16,F,0.0,5
16,linha_15-16,F,0.0,5
17,linha_15-16,F,0.0,5
18,linha_15-16,F,0.0,5
19,linha_15-16,F,0.0,5
20,linha_15-16,F,0.0,5
21,linha_15-16,F,-0.0061403206,5
22,linha_15-16,F,-0.019354811,5
23,linha_15-16,F,0.0,5
24,linha_15-16,F,0.0,5
1,linha_16-17,F,-0.072132867,5
2,linha_16-17,F,-0.073759241,5
3,linha_16-17,F,-0.074939061,5
4,linha_16-17,F,-0.075480519,5
5,linha_16-17,F,-0.074748252,5
6,linha_16-17,F,-0.070467532,5
7,linha_16-17,F,-0.065134865,5
8,linha_16-17,F,-0.063908092,5
9,linha_16-17,F,-0.061686314,5
10,linha_16-17,F,-0.060266733,5
11,linha_16-17,F,-0.060018981,5
12,linha_16-17,F,-0.059931069,5
13,linha_16-17,F,-0.058812188,5
14,linha_16-17,F,-0.0566004,5
15,linha_16-17,F,-0.056591409,5
16,linha_16-17,F,-0.059020979,5
17,linha_16-17,F,-0.062852148,5
18,linha_16-17,F,-0.066989011,5
19,linha_16-17,F,-0.074873127,5
20,linha_16-17,F,-0.077015984,5
21,linha_16-17,F,-0.083905275,5
22,linha_16-17,F,-0.099811644,5
23,linha_16-17,F,-0.082473526,5
24,linha_16-17,F,-0.082285714,5
1,linha_17-18,F,-0.14412161,5
2,linha_17-18,F,-0.14737111,5
3,linha_17-18,F,-0.14972839,5
4,linha_17-18,F,-0.15081023,5
5,linha_17-18,F,-0.14934716,5
6,linha_17-18,F,-0.14079427,5
7,linha_17-18,F,-0.13013959,5
8,linha_17-18,F,-0.1276885,5
9,linha_17-18,F,-0.12324938,5
10,linha_17-18,F,-0.12041305,5
11,linha_17-18,F,-0.11991804,5
12,linha_17-18,F,-0.1197424,5
13,linha_17-18,F,-0.11750687,5
14,linha_17-18,F,-0.11308771,5
15,linha_17-18,F,-0.11306975,5
16,linha_17-18,F,-0.11792403,5
17,linha_17-18,F,-0.12557872,5
18,linha_17-18,F,-0.13384418,5
19,linha_17-18,F,-0.14959666,5
20,linha_17-18,F,-0.15387809,5
21,linha_17-18,F,-0.16151485,5
22,linha_17-18,F,-0.18010772,5
23,linha_17-18,F,-0.16478227,5
24,linha_17-18,F,-0.16440702,5
1,linha_18-19,F,0.21593469,5
2,linha_18-19,F,0.22079436,5
3,linha_18-19,F,0.22431971,5
4,linha_18-19,F,0.22593761,5
5,linha_18-19,F,0.22374956,5
6,linha_18-19,F,0.2109586,5
7,linha_18-19,F,0.2,5
8,linha_18-19,F,0.2,5
9,linha_18-19,F,0.2,5
10,linha_18-19,F,0.2,5
11,linha_18-19,F,0.2,5
12,linha_18-19,F,0.2,5
13,linha_18-19,F,0.2,5
14,linha_18-19,F,0.2,5
15,linha_18-19,F,0.2,5
16,linha_18-19,F,0.2,5
17,linha_18-19,F,0.2,5
18,linha_18-19,F,0.20056464,5
19,linha_18-19,F,0.22412269,5
20,linha_18-19,F,0.24953138,5
21,linha_18-19,F,0.27722333,5
22,linha_18-19,F,0.27993619,5
23,linha_18-19,F,0.25826025,5
24,linha_18-19,F,0.25676486,5
1,linha_19-20,F,0.14412161,5
2,linha_19-20,F,0.14737111,5
3,linha_19-20,F,0.14972839,5
4,linha_19-20,F,0.15081023,5
5,linha_19-20,F,0.14934716,5
6,linha_19-20,F,0.14079427,5
7,linha_19-20,F,0.13513514,5
8,linha_19-20,F,0.13636436,5
9,linha_19-20,F,0.13859059,5
10,linha_19-20,F,0.14001301,5
11,linha_19-20,F,0.14026126,5
12,linha_19-20,F,0.14034935,5
13,linha_19-20,F,0.14147047,5
14,linha_19-20,F,0.14368669,5
15,linha_19-20,F,0.1436957,5
16,linha_19-20,F,0.14126126,5
17,linha_19-20,F,0.13742242,5
18,linha_19-20,F,0.13384418,5
19,linha_19-20,F,0.14959666,5
20,linha_19-20,F,0.17295994,5
21,linha_19-20,F,0.2,5
22,linha_19-20,F,0.2,5
23,linha_19-20,F,0.17625529,5
24,linha_19-20,F,0.1749421,5
1,linha_20-21,F,0.072132867,5
2,linha_20-21,F,0.073759241,5
3,linha_20-21,F,0.074939061,5
4,linha_20-21,F,0.075480519,5
5,linha_20-21,F,0.074748252,5
6,linha_20-21,F,0.070467532,5
7,linha_20-21,F,0.070140411,5
8,linha_20-21,F,0.07260133,5
9,linha_20-21,F,0.077058239,5
10,linha_20-21,F,0.079905932,5
11,linha_20-21,F,0.080402925,5
12,linha_20-21,F,0.080579278,5
13,linha_20-21,F,0.082823765,5
14,linha_20-21,F,0.087260634,5
15,linha_20-21,F,0.08727867,5
16,linha_20-21,F,0.082404927,5
17,linha_20-21,F,0.074719564,5
18,linha_20-21,F,0.066989011,5
19,linha_20-21,F,0.074873127,5
20,linha_20-21,F,0.096136032,5
21,linha_20-21,F,0.12246747,5
22,linha_20-21,F,0.11974374,5
23,linha_20-21,F,0.093969511,5
24,linha_20-21,F,0.092841885,5
1,linha_21-22,F,0.0,5
2,linha_21-22,F,0.0,5
3,linha_21-22,F,0.0,5
4,linha_21-22,F,0.0,5
5,linha_21-22,F,0.0,5
6,linha_21-22,F,0.0,5
7,linha_21-22,F,0.0050155667,5
8,linha_21-22,F,0.008710642,5
9,linha_21-22,F,0.0154027,5
10,linha_21-22,F,0.019678516,5
11,linha_21-22,F,0.020424753,5
12,linha_21-22,F,0.020689547,5
13,linha_21-22,F,0.024059648,5
14,linha_21-22,F,0.030721616,5
15,linha_21-22,F,0.030748697,5
16,linha_21-22,F,0.023430763,5
17,linha_21-22,F,0.011891175,5
18,linha_21-22,F,0.0,5
19,linha_21-22,F,0.0,5
20,linha_21-22,F,0.019158327,5
21,linha_21-22,F,0.044779715,5
22,linha_21-22,F,0.039326814,5
23,linha_21-22,F,0.011518999,5
24,linha_21-22,F,0.010577304,5
1,linha_22-23,F,-0.072132867,5
2,linha_22-23,F,-0.073759241,5
3,linha_22-23,F,-0.074939061,5
4,linha_22-23,F,-0.075480519,5
5,linha_22-23,F,-0.074748252,5
6,linha_22-23,F,-0.070467532,5
7,linha_22-23,F,-0.060119298,5
8,linha_22-23,F,-0.05519745,5
9,linha_22-23,F,-0.046283613,5
10,linha_22-23,F,-0.040588217,5
11,linha_22-23,F,-0.039594228,5
12,linha_22-23,F,-0.039241522,5
13,linha_22-23,F,-0.03475254,5
14,linha_22-23,F,-0.025878783,5
15,linha_22-23,F,-0.025842711,5
16,linha_22-23,F,-0.035590216,5
17,linha_22-23,F,-0.050960973,5
18,linha_22-23,F,-0.066989011,5
19,linha_22-23,F,-0.074873127,5
20,linha_22-23,F,-0.057857657,5
21,linha_22-23,F,-0.032997508,5
22,linha_22-23,F,-0.04116869,5
23,linha_22-23,F,-0.070954527,5
24,linha_22-23,F,-0.07170841,5
1,linha_23-24,F,-0.14412161,5
2,linha_23-24,F,-0.14737111,5
3,linha_23-24,F,-0.14972839,5
4,linha_23-24,F,-0.15081023,5
5,linha_23-24,F,-0.14934716,5
6,linha_23-24,F,-0.14079427,5
7,linha_23-24,F,-0.12513405,5
8,linha_23-24,F,-0.11899526,5
9,linha_23-24,F,-0.10787745,5
10,linha_23-24,F,-0.10077385,5
11,linha_23-24,F,-0.0995341,5
12,linha_23-24,F,-0.099094186,5
13,linha_23-24,F,-0.093495292,5
14,linha_23-24,F,-0.082427477,5
15,linha_23-24,F,-0.082382486,5
16,linha_23-24,F,-0.094540086,5
17,linha_23-24,F,-0.1137113,5
18,linha_23-24,F,-0.13384418,5
19,linha_23-24,F,-0.14959666,5
20,linha_23-24,F,-0.13475804,5
21,linha_23-24,F,-0.1107088,5
22,linha_23-24,F,-0.12158194,5
23,linha_23-24,F,-0.15328629,5
24,linha_23-24,F,-0.15385085,5
1,linha_24-25,F,-0.35991176,5
2,linha_24-25,F,-0.36801868,5
3,linha_24-25,F,-0.37389897,5
4,linha_24-25,F,-0.37659862,5
5,linha_24-25,F,-0.37294896,5
6,linha_24-25,F,-0.35161164,5
7,linha_24-25,F,-0.32004976,5
8,linha_24-25,F,-0.31026247,5
9,linha_24-25,F,-0.29253597,5
10,linha_24-25,F,-0.28120945,5
11,linha_24-25,F,-0.27923386,5
12,linha_24-25,F,-0.27853349,5
13,linha_24-25,F,-0.26960598,5
14,linha_24-25,F,-0.25195917,5
15,linha_24-25,F,-0.25188844,5
16,linha_24-25,F,-0.27127173,5
17,linha_24-25,F,-0.30183807,5
18,linha_24-25,F,-0.33427451,5
19,linha_24-25,F,-0.37357135,5
20,linha_24-25,F,-0.36520567,5
21,linha_24-25,F,-0.34353349,5
22,linha_24-25,F,-0.36250086,5
23,linha_24-25,F,-0.4,5
24,linha_24-25,F,-0.4,5
1,linha_25-26,F,0.23233149,5
2,linha_25-26,F,0.24207128,5
3,linha_25-26,F,0.24913609,5
4,linha_25-26,F,0.25237936,5
5,linha_25-26,F,0.24799451,5
6,linha_25-26,F,0.2223594,5
7,linha_25-26,F,0.2,5
8,linha_25-26,F,0.2,5
9,linha_25-26,F,0.2,5
10,linha_25-26,F,0.2,5
11,linha_25-26,F,0.2,5
12,linha_25-26,F,0.2,5
13,linha_25-26,F,0.2,5
14,linha_25-26,F,0.2,5
15,linha_25-26,F,0.2,5
16,linha_25-26,F,0.2,5
17,linha_25-26,F,0.2,5
18,linha_25-26,F,0.20152988,5
19,linha_25-26,F,0.24874227,5
20,linha_25-26,F,0.26157179,5
21,linha_25-26,F,0.26613211,5
22,linha_25-26,F,0.2824083,5
23,linha_25-26,F,0.29425177,5
24,linha_25-26,F,0.29312715,5
1,linha_26-27,F,0.016030519,5
2,linha_26-27,F,0.020919414,5
3,linha_26-27,F,0.024465965,5
4,linha_26-27,F,0.026093595,5
5,linha_26-27,F,0.023892391,5
6,linha_26-27,F,0.011024506,5
7,linha_26-27,F,0.0046036036,5
8,linha_26-27,F,0.0082912913,5
9,linha_26-27,F,0.014970971,5
10,linha_26-27,F,0.019239239,5
11,linha_26-27,F,0.019982983,5
12,linha_26-27,F,0.020246246,5
13,linha_26-27,F,0.023610611,5
14,linha_26-27,F,0.03026026,5
15,linha_26-27,F,0.030286286,5
16,linha_26-27,F,0.022982983,5
17,linha_26-27,F,0.011465465,5
18,linha_26-27,F,0.00056803546,5
19,linha_26-27,F,0.024267767,5
20,linha_26-27,F,0.030709217,5
21,linha_26-27,F,0.032997508,5
22,linha_26-27,F,0.04116869,5
23,linha_26-27,F,0.047114644,5
24,linha_26-27,F,0.046550079,5
1,linha_27-28,F,-0.056102349,5
2,linha_27-28,F,-0.052839827,5
3,linha_27-28,F,-0.050473096,5
4,linha_27-28,F,-0.049386924,5
5,linha_27-28,F,-0.050855861,5
6,linha_27-28,F,-0.059443027,5
7,linha_27-28,F,-0.060531262,5
8,linha_27-28,F,-0.055616801,5
9,linha_27-28,F,-0.046715343,5
10,linha_27-28,F,-0.041027494,5
11,linha_27-28,F,-0.040035998,5
12,linha_27-28,F,-0.039684823,5
13,linha_27-28,F,-0.035201577,5
14,linha_27-28,F,-0.026340139,5
15,linha_27-28,F,-0.026305122,5
16,linha_27-28,F,-0.036037996,5
17,linha_27-28,F,-0.051386682,5
18,linha_27-28,F,-0.066420976,5
19,linha_27-28,F,-0.05060536,5
20,linha_27-28,F,-0.046306767,5
21,linha_27-28,F,-0.044779715,5
22,linha_27-28,F,-0.039326814,5
23,linha_27-28,F,-0.035358882,5
24,linha_27-28,F,-0.035735636,5
1,linha_28-29,F,-0.12812312,5
2,linha_28-29,F,-0.12649349,5
3,linha_28-29,F,-0.12531131,5
4,linha_28-29,F,-0.12476877,5
5,linha_28-29,F,-0.1255025,5
6,linha_28-29,F,-0.12979179,5
7,linha_28-29,F,-0.12554519,5
8,linha_28-29,F,-0.11941377,5
9,linha_28-29,F,-0.10830832,5
10,linha_28-29,F,-0.10121225,5
11,linha_28-29,F,-0.099974987,5
12,linha_28-29,F,-0.099536601,5
13,linha_28-29,F,-0.093943432,5
14,linha_28-29,F,-0.082887911,5
15,linha_28-29,F,-0.082843973,5
16,linha_28-29,F,-0.094986971,5
17,linha_28-29,F,-0.11413616,5
18,linha_28-29,F,-0.13327728,5
19,linha_28-29,F,-0.12537738,5
20,linha_28-29,F,-0.12323023,5
21,linha_28-29,F,-0.12246747,5
22,linha_28-29,F,-0.11974374,5
23,linha_28-29,F,-0.11776176,5
24,linha_28-29,F,-0.11794995,5
1,linha_29-30,F,-0.2,5
2,linha_29-30,F,-0.2,5
3,linha_29-30,F,-0.2,5
4,linha_29-30,F,-0.2,5
5,linha_29-30,F,-0.2,5
6,linha_29-30,F,-0.2,5
7,linha_29-30,F,-0.19042921,5
8,linha_29-30,F,-0.18308327,5
9,linha_29-30,F,-0.16977823,5
10,linha_29-30,F,-0.16127677,5
11,linha_29-30,F,-0.15979422,5
12,linha_29-30,F,-0.1592688,5
13,linha_29-30,F,-0.15256792,5
14,linha_29-30,F,-0.1393227,5
15,linha_29-30,F,-0.13926986,5
16,linha_29-30,F,-0.15381817,5
17,linha_29-30,F,-0.17676026,5
18,linha_29-30,F,-0.2,5
19,linha_29-30,F,-0.2,5
20,linha_29-30,F,-0.2,5
21,linha_29-30,F,-0.2,5
22,linha_29-30,F,-0.2,5
23,linha_29-30,F,-0.2,5
24,linha_29-30,F,-0.2,5
1,linha_30-31,F,0.21593469,5
2,linha_30-31,F,0.22079436,5
3,linha_30-31,F,0.22431971,5
4,linha_30-31,F,0.22593761,5
5,linha_30-31,F,0.22374956,5
6,linha_30-31,F,0.2109586,5
7,linha_30-31,F,0.19501444,5
8,linha_30-31,F,0.19134147,5
9,linha_30-31,F,0.18468944,5
10,linha_30-31,F,0.1804392,5
11,linha_30-31,F,0.17969743,5
12,linha_30-31,F,0.17943422,5
13,linha_30-31,F,0.17608428,5
14,linha_30-31,F,0.16946216,5
15,linha_30-31,F,0.16943524,5
16,linha_30-31,F,0.1767094,5
17,linha_30-31,F,0.18817996,5
18,linha_30-31,F,0.20056464,5
19,linha_30-31,F,0.22412269,5
20,linha_30-31,F,0.23052563,5
21,linha_30-31,F,0.23280025,5
22,linha_30-31,F,0.24092258,5
23,linha_30-31,F,0.24683299,5
24,linha_30-31,F,0.2462718,5
1,linha_31-32,F,0.14412161,5
2,linha_31-32,F,0.14737111,5
3,linha_31-32,F,0.14972839,5
4,linha_31-32,F,0.15081023,5
5,linha_31-32,F,0.14934716,5
6,linha_31-32,F,0.14079427,5
7,linha_31-32,F,0.13013959,5
8,linha_31-32,F,0.1276885,5
9,linha_31-32,F,0.12324938,5
10,linha_31-32,F,0.12041305,5
11,linha_31-32,F,0.11991804,5
12,linha_31-32,F,0.1197424,5
13,linha_31-32,F,0.11750687,5
14,linha_31-32,F,0.11308771,5
15,linha_31-32,F,0.11306975,5
16,linha_31-32,F,0.11792403,5
17,linha_31-32,F,0.12557872,5
18,linha_31-32,F,0.13384418,5
19,linha_31-32,F,0.14959666,5
20,linha_31-32,F,0.15387809,5
21,linha_31-32,F,0.15539905,5
22,linha_31-32,F,0.16083018,5
23,linha_31-32,F,0.16478227,5
24,linha_31-32,F,0.16440702,5
1,linha_32-33,F,0.072132867,5
2,linha_32-33,F,0.073759241,5
3,linha_32-33,F,0.074939061,5
4,linha_32-33,F,0.075480519,5
5,linha_32-33,F,0.074748252,5
6,linha_32-33,F,0.070467532,5
7,linha_32-33,F,0.065134865,5
8,linha_32-33,F,0.063908092,5
9,linha_32-33,F,0.061686314,5
10,linha_32-33,F,0.060266733,5
11,linha_32-33,F,0.060018981,5
12,linha_32-33,F,0.059931069,5
13,linha_32-33,F,0.058812188,5
14,linha_32-33,F,0.0566004,5
15,linha_32-33,F,0.056591409,5
16,linha_32-33,F,0.059020979,5
17,linha_32-33,F,0.062852148,5
18,linha_32-33,F,0.066989011,5
19,linha_32-33,F,0.074873127,5
20,linha_32-33,F,0.077015984,5
21,linha_32-33,F,0.077777223,5
22,linha_32-33,F,0.080495504,5
23,linha_32-33,F,0.082473526,5
24,linha_32-33,F,0.082285714,5
1,linha_1-2,Ploss,0.00014426573,5
2,linha_1-2,Ploss,0.00014751848,5
3,linha_1-2,Ploss,0.00014987812,5
4,linha_1-2,Ploss,0.00015096104,5
5,linha_1-2,Ploss,0.0001494965,5
6,linha_1-2,Ploss,0.00014093506,5
7,linha_1-2,Ploss,0.00013026973,5
8,linha_1-2,Ploss,0.00012781618,5
9,linha_1-2,Ploss,0.00012337263,5
10,linha_1-2,Ploss,0.00012053347,5
11,linha_1-2,Ploss,0.00012003796,5
12,linha_1-2,Ploss,0.00011986214,5
13,linha_1-2,Ploss,0.00011762438,5
14,linha_1-2,Ploss,0.0001132008,5
15,linha_1-2,Ploss,0.00011318282,5
16,linha_1-2,Ploss,0.00011804196,5
17,linha_1-2,Ploss,0.0001257043,5
18,linha_1-2,Ploss,0.00013397802,5
19,linha_1-2,Ploss,0.00014974625,5
20,linha_1-2,Ploss,0.00015403197,5
21,linha_1-2,Ploss,0.00015555445,5
22,linha_1-2,Ploss,0.00016099101,5
23,linha_1-2,Ploss,0.00016494705,5
24,linha_1-2,Ploss,0.00016457143,5
1,linha_2-3,Ploss,0.00028824323,5
2,linha_2-3,Ploss,0.00029474222,5
3,linha_2-3,Ploss,0.00029945679,5
4,linha_2-3,Ploss,0.00030162046,5
5,linha_2-3,Ploss,0.00029869431,5
6,linha_2-3,Ploss,0.00028158854,5
7,linha_2-3,Ploss,0.00026027918,5
8,linha_2-3,Ploss,0.00025537699,5
9,linha_2-3,Ploss,0.00024649876,5
10,linha_2-3,Ploss,0.00024082611,5
11,linha_2-3,Ploss,0.00023983609,5
12,linha_2-3,Ploss,0.00023948479,5
13,linha_2-3,Ploss,0.00023501374,5
14,linha_2-3,Ploss,0.00022617542,5
15,linha_2-3,Ploss,0.00022613949,5
16,linha_2-3,Ploss,0.00023584807,5
17,linha_2-3,Ploss,0.00025115743,5
18,linha_2-3,Ploss,0.00026768836,5
19,linha_2-3,Ploss,0.00029919331,5
20,linha_2-3,Ploss,0.00030775618,5
21,linha_2-3,Ploss,0.00031079809,5
22,linha_2-3,Ploss,0.00032166036,5
23,linha_2-3,Ploss,0.00032956454,5
24,linha_2-3,Ploss,0.00032881404,5
1,linha_3-4,Ploss,0.00049560812,5
2,linha_3-4,Ploss,0.00052476614,5
3,linha_3-4,Ploss,0.00054591824,5
4,linha_3-4,Ploss,0.00055562563,5
5,linha_3-4,Ploss,0.00054249736,5
6,linha_3-4,Ploss,0.0004657516,5
7,linha_3-4,Ploss,0.00039002887,5
8,linha_3-4,Ploss,0.00038268293,5
9,linha_3-4,Ploss,0.00036937888,5
10,linha_3-4,Ploss,0.0003608784,5
11,linha_3-4,Ploss,0.00035939486,5
12,linha_3-4,Ploss,0.00035886844,5
13,linha_3-4,Ploss,0.00035216856,5
14,linha_3-4,Ploss,0.00033892432,5
15,linha_3-4,Ploss,0.00033887048,5
16,linha_3-4,Ploss,0.0003534188,5
17,linha_3-4,Ploss,0.00037635992,5
18,linha_3-4,Ploss,0.00040338784,5
19,linha_3-4,Ploss,0.00054473615,5
20,linha_3-4,Ploss,0.00058315381,5
21,linha_3-4,Ploss,0.00059680148,5
22,linha_3-4,Ploss,0.00064553549,5
23,linha_3-4,Ploss,0.00068099794,5
24,linha_3-4,Ploss,0.00067763079,5
1,linha_4-5,Ploss,0.00092457756,5
2,linha_4-5,Ploss,0.00096329994,5
3,linha_4-5,Ploss,0.00099139031,5
4,linha_4-5,Ploss,0.0010042819,5
5,linha_4-5,Ploss,0.00098684733,5
6,linha_4-5,Ploss,0.00088492757,5
7,linha_4-5,Ploss,0.000757843,5
8,linha_4-5,Ploss,0.0007285471,5
9,linha_4-5,Ploss,0.00067549003,5
10,linha_4-5,Ploss,0.0006415898,5
11,linha_4-5,Ploss,0.00063567337,5
12,linha_4-5,Ploss,0.00063357399,5
13,linha_4-5,Ploss,0.0006068546,5
14,linha_4-5,Ploss,0.00055403609,5
15,linha_4-5,Ploss,0.00055382138,5
16,linha_4-5,Ploss,0.00061184063,5
17,linha_4-5,Ploss,0.00070333068,5
18,linha_4-5,Ploss,0.00080210735,5
19,linha_4-5,Ploss,0.00098982048,5
20,linha_4-5,Ploss,0.0010408398,5
21,linha_4-5,Ploss,0.0010589642,5
22,linha_4-5,Ploss,0.0011236838,5
23,linha_4-5,Ploss,0.0011707786,5
24,linha_4-5,Ploss,0.001166307,5
1,linha_5-6,Ploss,0.0026226996,5
2,linha_5-6,Ploss,0.0027353301,5
3,linha_5-6,Ploss,0.0028170284,5
4,linha_5-6,Ploss,0.0028545324,5
5,linha_5-6,Ploss,0.0028038255,5
6,linha_5-6,Ploss,0.0025073811,5
7,linha_5-6,Ploss,0.0021379361,5
8,linha_5-6,Ploss,0.0020528416,5
9,linha_5-6,Ploss,0.001898719,5
10,linha_5-6,Ploss,0.0018002405,5
11,linha_5-6,Ploss,0.0017830653,5
12,linha_5-6,Ploss,0.0017769772,5
13,linha_5-6,Ploss,0.0016993566,5
14,linha_5-6,Ploss,0.0015674915,5
15,linha_5-6,Ploss,0.0015671225,5
16,linha_5-6,Ploss,0.0017138393,5
17,linha_5-6,Ploss,0.0019795965,5
18,linha_5-6,Ploss,0.0022665059,5
19,linha_5-6,Ploss,0.0028124727,5
20,linha_5-6,Ploss,0.002960838,5
21,linha_5-6,Ploss,0.003013571,5
22,linha_5-6,Ploss,0.0032017923,5
23,linha_5-6,Ploss,0.0033387534,5
24,linha_5-6,Ploss,0.003325748,5
1,linha_6-7,Ploss,0.0014548876,5
2,linha_6-7,Ploss,0.001532629,5
3,linha_6-7,Ploss,0.0015890205,5
4,linha_6-7,Ploss,0.0016,5
5,linha_6-7,Ploss,0.0015799064,5
6,linha_6-7,Ploss,0.0013752901,5
7,linha_6-7,Ploss,0.0011502121,5
8,linha_6-7,Ploss,0.0011135263,5
9,linha_6-7,Ploss,0.0010470795,5
10,linha_6-7,Ploss,0.001004622,5
11,linha_6-7,Ploss,0.0009972191,5
12,linha_6-7,Ploss,0.00099459613,5
13,linha_6-7,Ploss,0.00096113078,5
14,linha_6-7,Ploss,0.00089498279,5
15,linha_6-7,Ploss,0.00089471991,5
16,linha_6-7,Ploss,0.00096737454,5
17,linha_6-7,Ploss,0.001081949,5
18,linha_6-7,Ploss,0.0012090281,5
19,linha_6-7,Ploss,0.001585875,5
20,linha_6-7,Ploss,0.0016,5
21,linha_6-7,Ploss,0.0016,5
22,linha_6-7,Ploss,0.001615894,5
23,linha_6-7,Ploss,0.0017142735,5
24,linha_6-7,Ploss,0.0017049315,5
1,linha_7-8,Ploss,0.00032017627,5
2,linha_7-8,Ploss,0.00033641403,5
3,linha_7-8,Ploss,0.00034819338,5
4,linha_7-8,Ploss,0.00034861061,5
5,linha_7-8,Ploss,0.00034628834,5
6,linha_7-8,Ploss,0.00030354953,5
7,linha_7-8,Ploss,0.00026027918,5
8,linha_7-8,Ploss,0.00025537699,5
9,linha_7-8,Ploss,0.00024649876,5
10,linha_7-8,Ploss,0.00024082611,5
11,linha_7-8,Ploss,0.00023983609,5
12,linha_7-8,Ploss,0.00023948479,5
13,linha_7-8,Ploss,0.00023501374,5
14,linha_7-8,Ploss,0.00022617542,5
15,linha_7-8,Ploss,0.00022613949,5
16,linha_7-8,Ploss,0.00023584807,5
17,linha_7-8,Ploss,0.00025115743,5
18,linha_7-8,Ploss,0.00026881989,5
19,linha_7-8,Ploss,0.00034753509,5
20,linha_7-8,Ploss,0.00033938338,5
21,linha_7-8,Ploss,0.0003348028,5
22,linha_7-8,Ploss,0.00032166036,5
23,linha_7-8,Ploss,0.00032956454,5
24,linha_7-8,Ploss,0.00032881404,5
1,linha_8-9,Ploss,0.00017626271,5
2,linha_8-9,Ploss,0.00018927372,5
3,linha_8-9,Ploss,0.00019871229,5
4,linha_8-9,Ploss,0.00019804527,5
5,linha_8-9,Ploss,0.00019718581,5
6,linha_8-9,Ploss,0.00016294002,5
7,linha_8-9,Ploss,0.00013026973,5
8,linha_8-9,Ploss,0.00012781618,5
9,linha_8-9,Ploss,0.00012337263,5
10,linha_8-9,Ploss,0.00012053347,5
11,linha_8-9,Ploss,0.00012003796,5
12,linha_8-9,Ploss,0.00011986214,5
13,linha_8-9,Ploss,0.00011762438,5
14,linha_8-9,Ploss,0.0001132008,5
15,linha_8-9,Ploss,0.00011318282,5
16,linha_8-9,Ploss,0.00011804196,5
17,linha_8-9,Ploss,0.0001257043,5
18,linha_8-9,Ploss,0.00013511182,5
19,linha_8-9,Ploss,0.00019818481,5
20,linha_8-9,Ploss,0.00018572249,5
21,linha_8-9,Ploss,0.00017960721,5
22,linha_8-9,Ploss,0.00016099101,5
23,linha_8-9,Ploss,0.00016494705,5
24,linha_8-9,Ploss,0.00016457143,5
1,linha_9-10,Ploss,3.2061037e-05,5
2,linha_9-10,Ploss,4.1838828e-05,5
3,linha_9-10,Ploss,4.893193e-05,5
4,linha_9-10,Ploss,4.717849e-05,5
5,linha_9-10,Ploss,4.7784782e-05,5
6,linha_9-10,Ploss,2.2049012e-05,5
7,linha_9-10,Ploss,0.0,5
8,linha_9-10,Ploss,0.0,5
9,linha_9-10,Ploss,0.0,5
10,linha_9-10,Ploss,0.0,5
11,linha_9-10,Ploss,0.0,5
12,linha_9-10,Ploss,0.0,5
13,linha_9-10,Ploss,0.0,5
14,linha_9-10,Ploss,0.0,5
15,linha_9-10,Ploss,0.0,5
16,linha_9-10,Ploss,0.0,5
17,linha_9-10,Ploss,0.0,5
18,linha_9-10,Ploss,1.1360709e-06,5
19,linha_9-10,Ploss,4.8535534e-05,5
20,linha_9-10,Ploss,3.1753966e-05,5
21,linha_9-10,Ploss,2.4100921e-05,5
22,linha_9-10,Ploss,0.0,5
23,linha_9-10,Ploss,0.0,5
24,linha_9-10,Ploss,0.0,5
1,linha_10-11,Ploss,0.0001122047,5
2,linha_10-11,Ploss,0.00010567965,5
3,linha_10-11,Ploss,0.00010094619,5
4,linha_10-11,Ploss,0.00010378255,5
5,linha_10-11,Ploss,0.00010171172,5
6,linha_10-11,Ploss,0.00011888605,5
7,linha_10-11,Ploss,0.00013026973,5
8,linha_10-11,Ploss,0.00012781618,5
9,linha_10-11,Ploss,0.00012337263,5
10,linha_10-11,Ploss,0.00012053347,5
11,linha_10-11,Ploss,0.00012003796,5
12,linha_10-11,Ploss,0.00011986214,5
13,linha_10-11,Ploss,0.00011762438,5
14,linha_10-11,Ploss,0.0001132008,5
15,linha_10-11,Ploss,0.00011318282,5
16,linha_10-11,Ploss,0.00011804196,5
17,linha_10-11,Ploss,0.0001257043,5
18,linha_10-11,Ploss,0.00013284195,5
19,linha_10-11,Ploss,0.00010121072,5
20,linha_10-11,Ploss,0.000122278,5
21,linha_10-11,Ploss,0.00013145352,5
22,linha_10-11,Ploss,0.00016099101,5
23,linha_10-11,Ploss,0.00016494705,5
24,linha_10-11,Ploss,0.00016457143,5
1,linha_11-12,Ploss,0.00025624625,5
2,linha_11-12,Ploss,0.00025298699,5
3,linha_11-12,Ploss,0.00025062262,5
4,linha_11-12,Ploss,0.00025453623,5
5,linha_11-12,Ploss,0.00025100501,5
6,linha_11-12,Ploss,0.00025958358,5
7,linha_11-12,Ploss,0.00026027918,5
8,linha_11-12,Ploss,0.00025537699,5
9,linha_11-12,Ploss,0.00024649876,5
10,linha_11-12,Ploss,0.00024082611,5
11,linha_11-12,Ploss,0.00023983609,5
12,linha_11-12,Ploss,0.00023948479,5
13,linha_11-12,Ploss,0.00023501374,5
14,linha_11-12,Ploss,0.00022617542,5
15,linha_11-12,Ploss,0.00022613949,5
16,linha_11-12,Ploss,0.00023584807,5
17,linha_11-12,Ploss,0.00025115743,5
18,linha_11-12,Ploss,0.00026655455,5
19,linha_11-12,Ploss,0.00025075475,5
20,linha_11-12,Ploss,0.00027606566,5
21,linha_11-12,Ploss,0.00028674533,5
22,linha_11-12,Ploss,0.00032166036,5
23,linha_11-12,Ploss,0.00032956454,5
24,linha_11-12,Ploss,0.00032881404,5
1,linha_12-13,Ploss,0.0004,5
2,linha_12-13,Ploss,0.0004,5
3,linha_12-13,Ploss,0.0004,5
4,linha_12-13,Ploss,0.00041493627,5
5,linha_12-13,Ploss,0.0004,5
6,linha_12-13,Ploss,0.0004,5
7,linha_12-13,Ploss,0.00039002887,5
8,linha_12-13,Ploss,0.00038268293,5
9,linha_12-13,Ploss,0.00036937888,5
10,linha_12-13,Ploss,0.0003608784,5
11,linha_12-13,Ploss,0.00035939486,5
12,linha_12-13,Ploss,0.00035886844,5
13,linha_12-13,Ploss,0.00035216856,5
14,linha_12-13,Ploss,0.00033892432,5
15,linha_12-13,Ploss,0.00033887048,5
16,linha_12-13,Ploss,0.0003534188,5
17,linha_12-13,Ploss,0.00037635992,5
18,linha_12-13,Ploss,0.0004,5
19,linha_12-13,Ploss,0.0004,5
20,linha_12-13,Ploss,0.00048846139,5
21,linha_12-13,Ploss,0.00052493095,5
22,linha_12-13,Ploss,0.00064553549,5
23,linha_12-13,Ploss,0.00068099794,5
24,linha_12-13,Ploss,0.00067763079,5
1,linha_13-14,Ploss,0.00082954138,5
2,linha_13-14,Ploss,0.00083928016,5
3,linha_13-14,Ploss,0.00084634497,5
4,linha_13-14,Ploss,0.00086443416,5
5,linha_13-14,Ploss,0.00084520239,5
6,linha_13-14,Ploss,0.00081956929,5
7,linha_13-14,Ploss,0.000757843,5
8,linha_13-14,Ploss,0.0007285471,5
9,linha_13-14,Ploss,0.00067549003,5
10,linha_13-14,Ploss,0.0006415898,5
11,linha_13-14,Ploss,0.00063567337,5
12,linha_13-14,Ploss,0.00063357399,5
13,linha_13-14,Ploss,0.0006068546,5
14,linha_13-14,Ploss,0.00055403609,5
15,linha_13-14,Ploss,0.00055382138,5
16,linha_13-14,Ploss,0.00061184063,5
17,linha_13-14,Ploss,0.00070333068,5
18,linha_13-14,Ploss,0.00079873978,5
19,linha_13-14,Ploss,0.00084595015,5
20,linha_13-14,Ploss,0.00094671387,5
21,linha_13-14,Ploss,0.00098752358,5
22,linha_13-14,Ploss,0.0011236838,5
23,linha_13-14,Ploss,0.0011707786,5
24,linha_13-14,Ploss,0.001166307,5
1,linha_14-15,Ploss,0.00014426573,5
2,linha_14-15,Ploss,0.00014751848,5
3,linha_14-15,Ploss,0.00014987812,5
4,linha_14-15,Ploss,0.00015096104,5
5,linha_14-15,Ploss,0.0001494965,5
6,linha_14-15,Ploss,0.00014093506,5
7,linha_14-15,Ploss,0.00013026973,5
8,linha_14-15,Ploss,0.00012781618,5
9,linha_14-15,Ploss,0.00012337263,5
10,linha_14-15,Ploss,0.00012053347,5
11,linha_14-15,Ploss,0.00012003796,5
12,linha_14-15,Ploss,0.00011986214,5
13,linha_14-15,Ploss,0.00011762438,5
14,linha_14-15,Ploss,0.0001132008,5
15,linha_14-15,Ploss,0.00011318282,5
16,linha_14-15,Ploss,0.00011804196,5
17,linha_14-15,Ploss,0.0001257043,5
18,linha_14-15,Ploss,0.00013397802,5
19,linha_14-15,Ploss,0.00014974625,5
20,linha_14-15,Ploss,0.00015403197,5
21,linha_14-15,Ploss,0.0001432738,5
22,linha_14-15,Ploss,0.00012228139,5
23,linha_14-15,Ploss,0.00016494705,5
24,linha_14-15,Ploss,0.00016457143,5
1,linha_15-16,Ploss,0.0,5
2,linha_15-16,Ploss,0.0,5
3,linha_15-16,Ploss,0.0,5
4,linha_15-16,Ploss,0.0,5
5,linha_15-16,Ploss,0.0,5
6,linha_15-16,Ploss,0.0,5
7,linha_15-16,Ploss,0.0,5
8,linha_15-16,Ploss,0.0,5
9,linha_15-16,Ploss,0.0,5
10,linha_15-16,Ploss,0.0,5
11,linha_15-16,Ploss,0.0,5
12,linha_15-16,Ploss,0.0,5
13,linha_15-16,Ploss,0.0,5
14,linha_15-16,Ploss,0.0,5
15,linha_15-16,Ploss,0.0,5
16,linha_15-16,Ploss,0.0,5
17,linha_15-16,Ploss,0.0,5
18,linha_15-16,Ploss,0.0,5
19,linha_15-16,Ploss,0.0,5
20,linha_15-16,Ploss,0.0,5
21,linha_15-16,Ploss,1.2280641e-05,5
22,linha_15-16,Ploss,3.8709621e-05,5
23,linha_15-16,Ploss,0.0,5
24,linha_15-16,Ploss,0.0,5
1,linha_16-17,Ploss,0.00014426573,5
2,linha_16-17,Ploss,0.00014751848,5
3,linha_16-17,Ploss,0.00014987812,5
4,linha_16-17,Ploss,0.00015096104,5
5,linha_16-17,Ploss,0.0001494965,5
6,linha_16-17,Ploss,0.00014093506,5
7,linha_16-17,Ploss,0.00013026973,5
8,linha_16-17,Ploss,0.00012781618,5
9,linha_16-17,Ploss,0.00012337263,5
10,linha_16-17,Ploss,0.00012053347,5
11,linha_16-17,Ploss,0.00012003796,5
12,linha_16-17,Ploss,0.00011986214,5
13,linha_16-17,Ploss,0.00011762438,5
14,linha_16-17,Ploss,0.0001132008,5
15,linha_16-17,Ploss,0.00011318282,5
16,linha_16-17,Ploss,0.00011804196,5
17,linha_16-17,Ploss,0.0001257043,5
18,linha_16-17,Ploss,0.00013397802,5
19,linha_16-17,Ploss,0.00014974625,5
20,linha_16-17,Ploss,0.00015403197,5
21,linha_16-17,Ploss,0.00016781055,5
22,linha_16-17,Ploss,0.00019962329,5
23,linha_16-17,Ploss,0.00016494705,5
24,linha_16-17,Ploss,0.00016457143,5
1,linha_17-18,Ploss,0.00028824323,5
2,linha_17-18,Ploss,0.00029474222,5
3,linha_17-18,Ploss,0.00029945679,5
4,linha_17-18,Ploss,0.00030162046,5
5,linha_17-18,Ploss,0.00029869431,5
6,linha_17-18,Ploss,0.00028158854,5
7,linha_17-18,Ploss,0.00026027918,5
8,linha_17-18,Ploss,0.00025537699,5
9,linha_17-18,Ploss,0.00024649876,5
10,linha_17-18,Ploss,0.00024082611,5
11,linha_17-18,Ploss,0.00023983609,5
12,linha_17-18,Ploss,0.00023948479,5
13,linha_17-18,Ploss,0.00023501374,5
14,linha_17-18,Ploss,0.00022617542,5
15,linha_17-18,Ploss,0.00022613949,5
16,linha_17-18,Ploss,0.00023584807,5
17,linha_17-18,Ploss,0.00025115743,5
18,linha_17-18,Ploss,0.00026768836,5
19,linha_17-18,Ploss,0.00029919331,5
20,linha_17-18,Ploss,0.00030775618,5
21,linha_17-18,Ploss,0.00032302971,5
22,linha_17-18,Ploss,0.00036021545,5
23,linha_17-18,Ploss,0.00032956454,5
24,linha_17-18,Ploss,0.00032881404,5
1,linha_18-19,Ploss,0.00049560812,5
2,linha_18-19,Ploss,0.00052476614,5
3,linha_18-19,Ploss,0.00054591824,5
4,linha_18-19,Ploss,0.00055562563,5
5,linha_18-19,Ploss,0.00054249736,5
6,linha_18-19,Ploss,0.0004657516,5
7,linha_18-19,Ploss,0.0004,5
8,linha_18-19,Ploss,0.0004,5
9,linha_18-19,Ploss,0.0004,5
10,linha_18-19,Ploss,0.0004,5
11,linha_18-19,Ploss,0.0004,5
12,linha_18-19,Ploss,0.0004,5
13,linha_18-19,Ploss,0.0004,5
14,linha_18-19,Ploss,0.0004,5
15,linha_18-19,Ploss,0.0004,5
16,linha_18-19,Ploss,0.0004,5
17,linha_18-19,Ploss,0.0004,5
18,linha_18-19,Ploss,0.00040338784,5
19,linha_18-19,Ploss,0.00054473615,5
20,linha_18-19,Ploss,0.00069718829,5
21,linha_18-19,Ploss,0.00086333998,5
22,linha_18-19,Ploss,0.00087961715,5
23,linha_18-19,Ploss,0.0007495615,5
24,linha_18-19,Ploss,0.00074058919,5
1,linha_19-20,Ploss,0.00028824323,5
2,linha_19-20,Ploss,0.00029474222,5
3,linha_19-20,Ploss,0.00029945679,5
4,linha_19-20,Ploss,0.00030162046,5
5,linha_19-20,Ploss,0.00029869431,5
6,linha_19-20,Ploss,0.00028158854,5
7,linha_19-20,Ploss,0.00027027027,5
8,linha_19-20,Ploss,0.00027272873,5
9,linha_19-20,Ploss,0.00027718118,5
10,linha_19-20,Ploss,0.00028002603,5
11,linha_19-20,Ploss,0.00028052252,5
12,linha_19-20,Ploss,0.0002806987,5
13,linha_19-20,Ploss,0.00028294094,5
14,linha_19-20,Ploss,0.00028737337,5
15,linha_19-20,Ploss,0.00028739139,5
16,linha_19-20,Ploss,0.00028252252,5
17,linha_19-20,Ploss,0.00027484484,5
18,linha_19-20,Ploss,0.00026768836,5
19,linha_19-20,Ploss,0.00029919331,5
20,linha_19-20,Ploss,0.00034591987,5
21,linha_19-20,Ploss,0.0004,5
22,linha_19-20,Ploss,0.0004,5
23,linha_19-20,Ploss,0.00035251057,5
24,linha_19-20,Ploss,0.0003498842,5
1,linha_20-21,Ploss,0.00014426573,5
2,linha_20-21,Ploss,0.00014751848,5
3,linha_20-21,Ploss,0.00014987812,5
4,linha_20-21,Ploss,0.00015096104,5
5,linha_20-21,Ploss,0.0001494965,5
6,linha_20-21,Ploss,0.00014093506,5
7,linha_20-21,Ploss,0.00014028082,5
8,linha_20-21,Ploss,0.00014520266,5
9,linha_20-21,Ploss,0.00015411648,5
10,linha_20-21,Ploss,0.00015981186,5
11,linha_20-21,Ploss,0.00016080585,5
12,linha_20-21,Ploss,0.00016115856,5
13,linha_20-21,Ploss,0.00016564753,5
14,linha_20-21,Ploss,0.00017452127,5
15,linha_20-21,Ploss,0.00017455734,5
16,linha_20-21,Ploss,0.00016480985,5
17,linha_20-21,Ploss,0.00014943913,5
18,linha_20-21,Ploss,0.00013397802,5
19,linha_20-21,Ploss,0.00014974625,5
20,linha_20-21,Ploss,0.00019227206,5
21,linha_20-21,Ploss,0.00024493493,5
22,linha_20-21,Ploss,0.00023948749,5
23,linha_20-21,Ploss,0.00018793902,5
24,linha_20-21,Ploss,0.00018568377,5
1,linha_21-22,Ploss,0.0,5
2,linha_21-22,Ploss,0.0,5
3,linha_21-22,Ploss,0.0,5
4,linha_21-22,Ploss,0.0,5
5,linha_21-22,Ploss,0.0,5
6,linha_21-22,Ploss,0.0,5
7,linha_21-22,Ploss,1.0031133e-05,5
8,linha_21-22,Ploss,1.7421284e-05,5
9,linha_21-22,Ploss,3.0805401e-05,5
10,linha_21-22,Ploss,3.9357033e-05,5
11,linha_21-22,Ploss,4.0849506e-05,5
12,linha_21-22,Ploss,4.1379094e-05,5
13,linha_21-22,Ploss,4.8119296e-05,5
14,linha_21-22,Ploss,6.1443233e-05,5
15,linha_21-22,Ploss,6.1497395e-05,5
16,linha_21-22,Ploss,4.6861526e-05,5
17,linha_21-22,Ploss,2.378235e-05,5
18,linha_21-22,Ploss,0.0,5
19,linha_21-22,Ploss,0.0,5
20,linha_21-22,Ploss,3.8316653e-05,5
21,linha_21-22,Ploss,8.9559429e-05,5
22,linha_21-22,Ploss,7.8653629e-05,5
23,linha_21-22,Ploss,2.3037999e-05,5
24,linha_21-22,Ploss,2.1154608e-05,5
1,linha_22-23,Ploss,0.00014426573,5
2,linha_22-23,Ploss,0.00014751848,5
3,linha_22-23,Ploss,0.00014987812,5
4,linha_22-23,Ploss,0.00015096104,5
5,linha_22-23,Ploss,0.0001494965,5
6,linha_22-23,Ploss,0.00014093506,5
7,linha_22-23,Ploss,0.0001202386,5
8,linha_22-23,Ploss,0.0001103949,5
9,linha_22-23,Ploss,9.2567227e-05,5
10,linha_22-23,Ploss,8.1176434e-05,5
11,linha_22-23,Ploss,7.9188456e-05,5
12,linha_22-23,Ploss,7.8483044e-05,5
13,linha_22-23,Ploss,6.9505079e-05,5
14,linha_22-23,Ploss,5.1757567e-05,5
15,linha_22-23,Ploss,5.1685422e-05,5
16,linha_22-23,Ploss,7.1180432e-05,5
17,linha_22-23,Ploss,0.00010192195,5
18,linha_22-23,Ploss,0.00013397802,5
19,linha_22-23,Ploss,0.00014974625,5
20,linha_22-23,Ploss,0.00011571531,5
21,linha_22-23,Ploss,6.5995016e-05,5
22,linha_22-23,Ploss,8.233738e-05,5
23,linha_22-23,Ploss,0.00014190905,5
24,linha_22-23,Ploss,0.00014341682,5
1,linha_23-24,Ploss,0.00028824323,5
2,linha_23-24,Ploss,0.00029474222,5
3,linha_23-24,Ploss,0.00029945679,5
4,linha_23-24,Ploss,0.00030162046,5
5,linha_23-24,Ploss,0.00029869431,5
6,linha_23-24,Ploss,0.00028158854,5
7,linha_23-24,Ploss,0.00025026809,5
8,linha_23-24,Ploss,0.00023799051,5
9,linha_23-24,Ploss,0.0002157549,5
10,linha_23-24,Ploss,0.00020154771,5
11,linha_23-24,Ploss,0.0001990682,5
12,linha_23-24,Ploss,0.00019818837,5
13,linha_23-24,Ploss,0.00018699058,5
14,linha_23-24,Ploss,0.00016485495,5
15,linha_23-24,Ploss,0.00016476497,5
16,linha_23-24,Ploss,0.00018908017,5
17,linha_23-24,Ploss,0.0002274226,5
18,linha_23-24,Ploss,0.00026768836,5
19,linha_23-24,Ploss,0.00029919331,5
20,linha_23-24,Ploss,0.00026951608,5
21,linha_23-24,Ploss,0.0002214176,5
22,linha_23-24,Ploss,0.00024316388,5
23,linha_23-24,Ploss,0.00030657257,5
24,linha_23-24,Ploss,0.0003077017,5
1,linha_24-25,Ploss,0.0013594705,5
2,linha_24-25,Ploss,0.0014081121,5
3,linha_24-25,Ploss,0.0014433938,5
4,linha_24-25,Ploss,0.0014595917,5
5,linha_24-25,Ploss,0.0014376938,5
6,linha_24-25,Ploss,0.0013096698,5
7,linha_24-25,Ploss,0.0011202986,5
8,linha_24-25,Ploss,0.0010615748,5
9,linha_24-25,Ploss,0.0009552158,5
10,linha_24-25,Ploss,0.00088725672,5
11,linha_24-25,Ploss,0.00087540318,5
12,linha_24-25,Ploss,0.00087120095,5
13,linha_24-25,Ploss,0.00081763587,5
14,linha_24-25,Ploss,0.00071175503,5
15,linha_24-25,Ploss,0.00071133063,5
16,linha_24-25,Ploss,0.00082763038,5
17,linha_24-25,Ploss,0.0010110284,5
18,linha_24-25,Ploss,0.0012056471,5
19,linha_24-25,Ploss,0.0014414281,5
20,linha_24-25,Ploss,0.001391234,5
21,linha_24-25,Ploss,0.001261201,5
22,linha_24-25,Ploss,0.0013750051,5
23,linha_24-25,Ploss,0.0016,5
24,linha_24-25,Ploss,0.0016,5
1,linha_25-26,Ploss,0.00059398896,5
2,linha_25-26,Ploss,0.00065242768,5
3,linha_25-26,Ploss,0.00069481655,5
4,linha_25-26,Ploss,0.00071427618,5
5,linha_25-26,Ploss,0.00068796709,5
6,linha_25-26,Ploss,0.00053415642,5
7,linha_25-26,Ploss,0.0004,5
8,linha_25-26,Ploss,0.0004,5
9,linha_25-26,Ploss,0.0004,5
10,linha_25-26,Ploss,0.0004,5
11,linha_25-26,Ploss,0.0004,5
12,linha_25-26,Ploss,0.0004,5
13,linha_25-26,Ploss,0.0004,5
14,linha_25-26,Ploss,0.0004,5
15,linha_25-26,Ploss,0.0004,5
16,linha_25-26,Ploss,0.0004,5
17,linha_25-26,Ploss,0.0004,5
18,linha_25-26,Ploss,0.00040917927,5
19,linha_25-26,Ploss,0.00069245363,5
20,linha_25-26,Ploss,0.00076943075,5
21,linha_25-26,Ploss,0.00079679269,5
22,linha_25-26,Ploss,0.00089444978,5
23,linha_25-26,Ploss,0.00096551064,5
24,linha_25-26,Ploss,0.00095876288,5
1,linha_26-27,Ploss,3.2061037e-05,5
2,linha_26-27,Ploss,4.1838828e-05,5
3,linha_26-27,Ploss,4.893193e-05,5
4,linha_26-27,Ploss,5.218719e-05,5
5,linha_26-27,Ploss,4.7784782e-05,5
6,linha_26-27,Ploss,2.2049012e-05,5
7,linha_26-27,Ploss,9.2072072e-06,5
8,linha_26-27,Ploss,1.6582583e-05,5
9,linha_26-27,Ploss,2.9941942e-05,5
10,linha_26-27,Ploss,3.8478478e-05,5
11,linha_26-27,Ploss,3.9965966e-05,5
12,linha_26-27,Ploss,4.0492492e-05,5
13,linha_26-27,Ploss,4.7221221e-05,5
14,linha_26-27,Ploss,6.0520521e-05,5
15,linha_26-27,Ploss,6.0572573e-05,5
16,linha_26-27,Ploss,4.5965966e-05,5
17,linha_26-27,Ploss,2.2930931e-05,5
18,linha_26-27,Ploss,1.1360709e-06,5
19,linha_26-27,Ploss,4.8535534e-05,5
20,linha_26-27,Ploss,6.1418434e-05,5
21,linha_26-27,Ploss,6.5995016e-05,5
22,linha_26-27,Ploss,8.233738e-05,5
23,linha_26-27,Ploss,9.4229288e-05,5
24,linha_26-27,Ploss,9.3100158e-05,5
1,linha_27-28,Ploss,0.0001122047,5
2,linha_27-28,Ploss,0.00010567965,5
3,linha_27-28,Ploss,0.00010094619,5
4,linha_27-28,Ploss,9.8773849e-05,5
5,linha_27-28,Ploss,0.00010171172,5
6,linha_27-28,Ploss,0.00011888605,5
7,linha_27-28,Ploss,0.00012106252,5
8,linha_27-28,Ploss,0.0001112336,5
9,linha_27-28,Ploss,9.3430685e-05,5
10,linha_27-28,Ploss,8.2054988e-05,5
11,linha_27-28,Ploss,8.0071996e-05,5
12,linha_27-28,Ploss,7.9369645e-05,5
13,linha_27-28,Ploss,7.0403154e-05,5
14,linha_27-28,Ploss,5.2680279e-05,5
15,linha_27-28,Ploss,5.2610245e-05,5
16,linha_27-28,Ploss,7.2075992e-05,5
17,linha_27-28,Ploss,0.00010277336,5
18,linha_27-28,Ploss,0.00013284195,5
19,linha_27-28,Ploss,0.00010121072,5
20,linha_27-28,Ploss,9.2613534e-05,5
21,linha_27-28,Ploss,8.9559429e-05,5
22,linha_27-28,Ploss,7.8653629e-05,5
23,linha_27-28,Ploss,7.0717765e-05,5
24,linha_27-28,Ploss,7.1471271e-05,5
1,linha_28-29,Ploss,0.00025624625,5
2,linha_28-29,Ploss,0.00025298699,5
3,linha_28-29,Ploss,0.00025062262,5
4,linha_28-29,Ploss,0.00024953754,5
5,linha_28-29,Ploss,0.00025100501,5
6,linha_28-29,Ploss,0.00025958358,5
7,linha_28-29,Ploss,0.00025109037,5
8,linha_28-29,Ploss,0.00023882754,5
9,linha_28-29,Ploss,0.00021661664,5
10,linha_28-29,Ploss,0.00020242451,5
11,linha_28-29,Ploss,0.00019994997,5
12,linha_28-29,Ploss,0.0001990732,5
13,linha_28-29,Ploss,0.00018788686,5
14,linha_28-29,Ploss,0.00016577582,5
15,linha_28-29,Ploss,0.00016568795,5
16,linha_28-29,Ploss,0.00018997394,5
17,linha_28-29,Ploss,0.00022827232,5
18,linha_28-29,Ploss,0.00026655455,5
19,linha_28-29,Ploss,0.00025075475,5
20,linha_28-29,Ploss,0.00024646046,5
21,linha_28-29,Ploss,0.00024493493,5
22,linha_28-29,Ploss,0.00023948749,5
23,linha_28-29,Ploss,0.00023552352,5
24,linha_28-29,Ploss,0.0002358999,5
1,linha_29-30,Ploss,0.0004,5
2,linha_29-30,Ploss,0.0004,5
3,linha_29-30,Ploss,0.0004,5
4,linha_29-30,Ploss,0.0004,5
5,linha_29-30,Ploss,0.0004,5
6,linha_29-30,Ploss,0.0004,5
7,linha_29-30,Ploss,0.00038085842,5
8,linha_29-30,Ploss,0.00036616655,5
9,linha_29-30,Ploss,0.00033955647,5
10,linha_29-30,Ploss,0.00032255353,5
11,linha_29-30,Ploss,0.00031958844,5
12,linha_29-30,Ploss,0.00031853759,5
13,linha_29-30,Ploss,0.00030513584,5
14,linha_29-30,Ploss,0.0002786454,5
15,linha_29-30,Ploss,0.00027853972,5
16,linha_29-30,Ploss,0.00030763633,5
17,linha_29-30,Ploss,0.00035352053,5
18,linha_29-30,Ploss,0.0004,5
19,linha_29-30,Ploss,0.0004,5
20,linha_29-30,Ploss,0.0004,5
21,linha_29-30,Ploss,0.0004,5
22,linha_29-30,Ploss,0.0004,5
23,linha_29-30,Ploss,0.0004,5
24,linha_29-30,Ploss,0.0004,5
1,linha_30-31,Ploss,0.00049560812,5
2,linha_30-31,Ploss,0.00052476614,5
3,linha_30-31,Ploss,0.00054591824,5
4,linha_30-31,Ploss,0.00055562563,5
5,linha_30-31,Ploss,0.00054249736,5
6,linha_30-31,Ploss,0.0004657516,5
7,linha_30-31,Ploss,0.00039002887,5
8,linha_30-31,Ploss,0.00038268293,5
9,linha_30-31,Ploss,0.00036937888,5
10,linha_30-31,Ploss,0.0003608784,5
11,linha_30-31,Ploss,0.00035939486,5
12,linha_30-31,Ploss,0.00035886844,5
13,linha_30-31,Ploss,0.00035216856,5
14,linha_30-31,Ploss,0.00033892432,5
15,linha_30-31,Ploss,0.00033887048,5
16,linha_30-31,Ploss,0.0003534188,5
17,linha_30-31,Ploss,0.00037635992,5
18,linha_30-31,Ploss,0.00040338784,5
19,linha_30-31,Ploss,0.00054473615,5
20,linha_30-31,Ploss,0.00058315381,5
21,linha_30-31,Ploss,0.00059680148,5
22,linha_30-31,Ploss,0.00064553549,5
23,linha_30-31,Ploss,0.00068099794,5
24,linha_30-31,Ploss,0.00067763079,5
1,linha_31-32,Ploss,0.00028824323,5
2,linha_31-32,Ploss,0.00029474222,5
3,linha_31-32,Ploss,0.00029945679,5
4,linha_31-32,Ploss,0.00030162046,5
5,linha_31-32,Ploss,0.00029869431,5
6,linha_31-32,Ploss,0.00028158854,5
7,linha_31-32,Ploss,0.00026027918,5
8,linha_31-32,Ploss,0.00025537699,5
9,linha_31-32,Ploss,0.00024649876,5
10,linha_31-32,Ploss,0.00024082611,5
11,linha_31-32,Ploss,0.00023983609,5
12,linha_31-32,Ploss,0.00023948479,5
13,linha_31-32,Ploss,0.00023501374,5
14,linha_31-32,Ploss,0.00022617542,5
15,linha_31-32,Ploss,0.00022613949,5
16,linha_31-32,Ploss,0.00023584807,5
17,linha_31-32,Ploss,0.00025115743,5
18,linha_31-32,Ploss,0.00026768836,5
19,linha_31-32,Ploss,0.00029919331,5
20,linha_31-32,Ploss,0.00030775618,5
21,linha_31-32,Ploss,0.00031079809,5
22,linha_31-32,Ploss,0.00032166036,5
23,linha_31-32,Ploss,0.00032956454,5
24,linha_31-32,Ploss,0.00032881404,5
1,linha_32-33,Ploss,0.00014426573,5
2,linha_32-33,Ploss,0.00014751848,5
3,linha_32-33,Ploss,0.00014987812,5
4,linha_32-33,Ploss,0.00015096104,5
5,linha_32-33,Ploss,0.0001494965,5
6,linha_32-33,Ploss,0.00014093506,5
7,linha_32-33,Ploss,0.00013026973,5
8,linha_32-33,Ploss,0.00012781618,5
9,linha_32-33,Ploss,0.00012337263,5
10,linha_32-33,Ploss,0.00012053347,5
11,linha_32-33,Ploss,0.00012003796,5
12,linha_32-33,Ploss,0.00011986214,5
13,linha_32-33,Ploss,0.00011762438,5
14,linha_32-33,Ploss,0.0001132008,5
15,linha_32-33,Ploss,0.00011318282,5
16,linha_32-33,Ploss,0.00011804196,5
17,linha_32-33,Ploss,0.0001257043,5
18,linha_32-33,Ploss,0.00013397802,5
19,linha_32-33,Ploss,0.00014974625,5
20,linha_32-33,Ploss,0.00015403197,5
21,linha_32-33,Ploss,0.00015555445,5
22,linha_32-33,Ploss,0.00016099101,5
23,linha_32-33,Ploss,0.00016494705,5
24,linha_32-33,Ploss,0.00016457143,5
1,barra_1,theta,0.0,5
2,barra_1,theta,0.0,5
3,barra_1,theta,0.0,5
4,barra_1,theta,0.0,5
5,barra_1,theta,0.0,5
6,barra_1,theta,0.0,5
7,barra_1,theta,0.0,5
8,barra_1,theta,0.0,5
9,barra_1,theta,0.0,5
10,barra_1,theta,0.0,5
11,barra_1,theta,0.0,5
12,barra_1,theta,0.0,5
13,barra_1,theta,0.0,5
14,barra_1,theta,0.0,5
15,barra_1,theta,0.0,5
16,barra_1,theta,0.0,5
17,barra_1,theta,0.0,5
18,barra_1,theta,0.0,5
19,barra_1,theta,0.0,5
20,barra_1,theta,0.0,5
21,barra_1,theta,0.0,5
22,barra_1,theta,0.0,5
23,barra_1,theta,0.0,5
24,barra_1,theta,0.0,5
1,barra_2,theta,0.0060110723,5
2,barra_2,theta,0.0061466034,5
3,barra_2,theta,0.0062449217,5
4,barra_2,theta,0.0062900433,5
5,barra_2,theta,0.006229021,5
6,barra_2,theta,0.0058722944,5
7,barra_2,theta,0.0054279054,5
8,barra_2,theta,0.0053256743,5
9,barra_2,theta,0.0051405261,5
10,barra_2,theta,0.0050222278,5
11,barra_2,theta,0.0050015818,5
12,barra_2,theta,0.0049942557,5
13,barra_2,theta,0.0049010157,5
14,barra_2,theta,0.0047167,5
15,barra_2,theta,0.0047159507,5
16,barra_2,theta,0.0049184149,5
17,barra_2,theta,0.005237679,5
18,barra_2,theta,0.0055824176,5
19,barra_2,theta,0.0062394272,5
20,barra_2,theta,0.0064179987,5
21,barra_2,theta,0.0064814352,5
22,barra_2,theta,0.0067079587,5
23,barra_2,theta,0.0068727939,5
24,barra_2,theta,0.0068571429,5
1,barra_3,theta,0.018021207,5
2,barra_3,theta,0.018427529,5
3,barra_3,theta,0.018722288,5
4,barra_3,theta,0.018857562,5
5,barra_3,theta,0.018674617,5
6,barra_3,theta,0.01760515,5
7,barra_3,theta,0.016272871,5
8,barra_3,theta,0.015966382,5
9,barra_3,theta,0.015411308,5
10,barra_3,theta,0.015056649,5
11,barra_3,theta,0.014994752,5
12,barra_3,theta,0.014972789,5
13,barra_3,theta,0.014693255,5
14,barra_3,theta,0.014140676,5
15,barra_3,theta,0.01413843,5
16,barra_3,theta,0.014745418,5
17,barra_3,theta,0.015702572,5
18,barra_3,theta,0.016736099,5
19,barra_3,theta,0.018705815,5
20,barra_3,theta,0.019241173,5
21,barra_3,theta,0.019431356,5
22,barra_3,theta,0.020110474,5
23,barra_3,theta,0.02060465,5
24,barra_3,theta,0.020557728,5
1,barra_4,theta,0.036015764,5
2,barra_4,theta,0.036827059,5
3,barra_4,theta,0.037415597,5
4,barra_4,theta,0.037685696,5
5,barra_4,theta,0.037320414,5
6,barra_4,theta,0.035185034,5
7,barra_4,theta,0.032524074,5
8,barra_4,theta,0.031911504,5
9,barra_4,theta,0.030802094,5
10,barra_4,theta,0.030093249,5
11,barra_4,theta,0.029969538,5
12,barra_4,theta,0.02992564,5
13,barra_4,theta,0.029366945,5
14,barra_4,theta,0.028262523,5
15,barra_4,theta,0.028258033,5
16,barra_4,theta,0.029471201,5
17,barra_4,theta,0.031384235,5
18,barra_4,theta,0.033449819,5
19,barra_4,theta,0.037382706,5
20,barra_4,theta,0.038451642,5
21,barra_4,theta,0.038831376,5
22,barra_4,theta,0.040187355,5
23,barra_4,theta,0.041174066,5
24,barra_4,theta,0.041080378,5
1,barra_5,theta,0.05996823,5
2,barra_5,theta,0.061317336,5
3,barra_5,theta,0.062296018,5
4,barra_5,theta,0.062745167,5
5,barra_5,theta,0.062137738,5
6,barra_5,theta,0.058586805,5
7,barra_5,theta,0.054160783,5
8,barra_5,theta,0.053141325,5
9,barra_5,theta,0.051295011,5
10,barra_5,theta,0.05011533,5
11,barra_5,theta,0.049909446,5
12,barra_5,theta,0.04983639,5
13,barra_5,theta,0.048906592,5
14,barra_5,theta,0.04706858,5
15,barra_5,theta,0.047061108,5
16,barra_5,theta,0.049080099,5
17,barra_5,theta,0.052263828,5
18,barra_5,theta,0.05570131,5
19,barra_5,theta,0.062241324,5
20,barra_5,theta,0.064018862,5
21,barra_5,theta,0.064650323,5
22,barra_5,theta,0.066905186,5
23,barra_5,theta,0.068545991,5
24,barra_5,theta,0.068390197,5
1,barra_6,theta,0.10182406,5
2,barra_6,theta,0.10411175,5
3,barra_6,theta,0.10577125,5
4,barra_6,theta,0.10653294,5
5,barra_6,theta,0.10550295,5
6,barra_6,theta,0.099481648,5
7,barra_6,theta,0.091976917,5
8,barra_6,theta,0.090248338,5
9,barra_6,theta,0.08711767,5
10,barra_6,theta,0.085117334,5
11,barra_6,theta,0.084768323,5
12,barra_6,theta,0.084644534,5
13,barra_6,theta,0.083067897,5
14,barra_6,theta,0.079950406,5
15,barra_6,theta,0.07993781,5
16,barra_6,theta,0.083362093,5
17,barra_6,theta,0.088760465,5
18,barra_6,theta,0.094588859,5
19,barra_6,theta,0.1056786,5
20,barra_6,theta,0.10869251,5
21,barra_6,theta,0.10976341,5
22,barra_6,theta,0.11358679,5
23,barra_6,theta,0.11636894,5
24,barra_6,theta,0.11610476,5
1,barra_7,theta,0.070506176,5
2,barra_7,theta,0.071714129,5
3,barra_7,theta,0.072590414,5
4,barra_7,theta,0.073199604,5
5,barra_7,theta,0.072448695,5
6,barra_7,theta,0.069269285,5
7,barra_7,theta,0.064890638,5
8,barra_7,theta,0.063671585,5
9,barra_7,theta,0.061463787,5
10,barra_7,theta,0.06005314,5
11,barra_7,theta,0.059806946,5
12,barra_7,theta,0.059719587,5
13,barra_7,theta,0.058607747,5
14,barra_7,theta,0.056408978,5
15,barra_7,theta,0.056400033,5
16,barra_7,theta,0.058815224,5
17,barra_7,theta,0.062622285,5
18,barra_7,theta,0.06668569,5
19,barra_7,theta,0.072541443,5
20,barra_7,theta,0.075359179,5
21,barra_7,theta,0.076430081,5
22,barra_7,theta,0.080121006,5
23,barra_7,theta,0.082083323,5
24,barra_7,theta,0.081897002,5
1,barra_8,theta,0.057165498,5
2,barra_8,theta,0.057696878,5
3,barra_8,theta,0.058082357,5
4,barra_8,theta,0.058674162,5
5,barra_8,theta,0.058020014,5
6,barra_8,theta,0.056621388,5
7,barra_8,theta,0.054045672,5
8,barra_8,theta,0.053030877,5
9,barra_8,theta,0.051193006,5
10,barra_8,theta,0.050018719,5
11,barra_8,theta,0.049813776,5
12,barra_8,theta,0.049741054,5
13,barra_8,theta,0.048815508,5
14,barra_8,theta,0.046985002,5
15,barra_8,theta,0.046977555,5
16,barra_8,theta,0.048988222,5
17,barra_8,theta,0.052157392,5
18,barra_8,theta,0.055484862,5
19,barra_8,theta,0.058060814,5
20,barra_8,theta,0.061218205,5
21,barra_8,theta,0.062479965,5
22,barra_8,theta,0.066718491,5
23,barra_8,theta,0.068351467,5
24,barra_8,theta,0.068196416,5
1,barra_9,theta,0.049821218,5
2,barra_9,theta,0.049810473,5
3,barra_9,theta,0.049802678,5
4,barra_9,theta,0.050422276,5
5,barra_9,theta,0.049803939,5
6,barra_9,theta,0.049832221,5
7,barra_9,theta,0.048617767,5
8,barra_9,theta,0.047705202,5
9,barra_9,theta,0.04605248,5
10,barra_9,theta,0.044996491,5
11,barra_9,theta,0.044812194,5
12,barra_9,theta,0.044746799,5
13,barra_9,theta,0.043914492,5
14,barra_9,theta,0.042268302,5
15,barra_9,theta,0.042261604,5
16,barra_9,theta,0.044069807,5
17,barra_9,theta,0.046919713,5
18,barra_9,theta,0.049855202,5
19,barra_9,theta,0.049803114,5
20,barra_9,theta,0.053479767,5
21,barra_9,theta,0.054996331,5
22,barra_9,theta,0.060010532,5
23,barra_9,theta,0.061478673,5
24,barra_9,theta,0.061339274,5
1,barra_10,theta,0.048485342,5
2,barra_10,theta,0.048067188,5
3,barra_10,theta,0.047763848,5
4,barra_10,theta,0.048456506,5
5,barra_10,theta,0.047812906,5
6,barra_10,theta,0.048913512,5
7,barra_10,theta,0.048617767,5
8,barra_10,theta,0.047705202,5
9,barra_10,theta,0.04605248,5
10,barra_10,theta,0.044996491,5
11,barra_10,theta,0.044812194,5
12,barra_10,theta,0.044746799,5
13,barra_10,theta,0.043914492,5
14,barra_10,theta,0.042268302,5
15,barra_10,theta,0.042261604,5
16,barra_10,theta,0.044069807,5
17,barra_10,theta,0.046919713,5
18,barra_10,theta,0.049807866,5
19,barra_10,theta,0.0477808,5
20,barra_10,theta,0.052156686,5
21,barra_10,theta,0.053992126,5
22,barra_10,theta,0.060010532,5
23,barra_10,theta,0.061478673,5
24,barra_10,theta,0.061339274,5
1,barra_11,theta,0.053160537,5
2,barra_11,theta,0.052470507,5
3,barra_11,theta,0.051969939,5
4,barra_11,theta,0.052780778,5
5,barra_11,theta,0.052050894,5
6,barra_11,theta,0.053867097,5
7,barra_11,theta,0.054045672,5
8,barra_11,theta,0.053030877,5
9,barra_11,theta,0.051193006,5
10,barra_11,theta,0.050018719,5
11,barra_11,theta,0.049813776,5
12,barra_11,theta,0.049741054,5
13,barra_11,theta,0.048815508,5
14,barra_11,theta,0.046985002,5
15,barra_11,theta,0.046977555,5
16,barra_11,theta,0.048988222,5
17,barra_11,theta,0.052157392,5
18,barra_11,theta,0.055342947,5
19,barra_11,theta,0.051997913,5
20,barra_11,theta,0.057251602,5
21,barra_11,theta,0.059469356,5
22,barra_11,theta,0.066718491,5
23,barra_11,theta,0.068351467,5
24,barra_11,theta,0.068196416,5
1,barra_12,theta,0.063837464,5
2,barra_12,theta,0.063011632,5
3,barra_12,theta,0.062412548,5
4,barra_12,theta,0.063386455,5
5,barra_12,theta,0.062509436,5
6,barra_12,theta,0.06468308,5
7,barra_12,theta,0.064890638,5
8,barra_12,theta,0.063671585,5
9,barra_12,theta,0.061463787,5
10,barra_12,theta,0.06005314,5
11,barra_12,theta,0.059806946,5
12,barra_12,theta,0.059719587,5
13,barra_12,theta,0.058607747,5
14,barra_12,theta,0.056408978,5
15,barra_12,theta,0.056400033,5
16,barra_12,theta,0.058815224,5
17,barra_12,theta,0.062622285,5
18,barra_12,theta,0.066449387,5
19,barra_12,theta,0.062446028,5
20,barra_12,theta,0.068754338,5
21,barra_12,theta,0.071417078,5
22,barra_12,theta,0.080121006,5
23,barra_12,theta,0.082083323,5
24,barra_12,theta,0.081897002,5
1,barra_13,theta,0.080504131,5
2,barra_13,theta,0.079678298,5
3,barra_13,theta,0.079079215,5
4,barra_13,theta,0.08026057,5
5,barra_13,theta,0.079176103,5
6,barra_13,theta,0.081349747,5
7,barra_13,theta,0.081141841,5
8,barra_13,theta,0.079616707,5
9,barra_13,theta,0.076854574,5
10,barra_13,theta,0.07508974,5
11,barra_13,theta,0.074781732,5
12,barra_13,theta,0.074672439,5
13,barra_13,theta,0.073281437,5
14,barra_13,theta,0.070530825,5
15,barra_13,theta,0.070519637,5
16,barra_13,theta,0.073541008,5
17,barra_13,theta,0.078303948,5
18,barra_13,theta,0.083116054,5
19,barra_13,theta,0.079112694,5
20,barra_13,theta,0.086649635,5
21,barra_13,theta,0.089818896,5
22,barra_13,theta,0.10019789,5
23,barra_13,theta,0.10265274,5
24,barra_13,theta,0.10241965,5
1,barra_14,theta,0.10313665,5
2,barra_14,theta,0.10244608,5
3,barra_14,theta,0.10194512,5
4,barra_14,theta,0.10337771,5
5,barra_14,theta,0.10202614,5
6,barra_14,theta,0.10384376,5
7,barra_14,theta,0.10277855,5
8,barra_14,theta,0.10084653,5
9,barra_14,theta,0.097347491,5
10,barra_14,theta,0.09511182,5
11,barra_14,theta,0.09472164,5
12,barra_14,theta,0.094583189,5
13,barra_14,theta,0.092821084,5
14,barra_14,theta,0.089336882,5
15,barra_14,theta,0.089322712,5
16,barra_14,theta,0.093149905,5
17,barra_14,theta,0.099183541,5
18,barra_14,theta,0.10532077,5
19,barra_14,theta,0.10197311,5
20,barra_14,theta,0.11090955,5
21,barra_14,theta,0.11464561,5
22,barra_14,theta,0.12691572,5
23,barra_14,theta,0.13002466,5
24,barra_14,theta,0.12972947,5
1,barra_15,theta,0.097125578,5
2,barra_15,theta,0.096299475,5
3,barra_15,theta,0.095700196,5
4,barra_15,theta,0.097087667,5
5,barra_15,theta,0.095797115,5
6,barra_15,theta,0.09797147,5
7,barra_15,theta,0.097350644,5
8,barra_15,theta,0.095520853,5
9,barra_15,theta,0.092206965,5
10,barra_15,theta,0.090089593,5
11,barra_15,theta,0.089720058,5
12,barra_15,theta,0.089588933,5
13,barra_15,theta,0.087920068,5
14,barra_15,theta,0.084620182,5
15,barra_15,theta,0.084606761,5
16,barra_15,theta,0.08823149,5
17,barra_15,theta,0.093945862,5
18,barra_15,theta,0.099738355,5
19,barra_15,theta,0.095733686,5
20,barra_15,theta,0.10449155,5
21,barra_15,theta,0.10867587,5
22,barra_15,theta,0.12182066,5
23,barra_15,theta,0.12315187,5
24,barra_15,theta,0.12287233,5
1,barra_16,theta,0.097125578,5
2,barra_16,theta,0.096299475,5
3,barra_16,theta,0.095700196,5
4,barra_16,theta,0.097087667,5
5,barra_16,theta,0.095797115,5
6,barra_16,theta,0.09797147,5
7,barra_16,theta,0.097350644,5
8,barra_16,theta,0.095520853,5
9,barra_16,theta,0.092206965,5
10,barra_16,theta,0.090089593,5
11,barra_16,theta,0.089720058,5
12,barra_16,theta,0.089588933,5
13,barra_16,theta,0.087920068,5
14,barra_16,theta,0.084620182,5
15,barra_16,theta,0.084606761,5
16,barra_16,theta,0.08823149,5
17,barra_16,theta,0.093945862,5
18,barra_16,theta,0.099738355,5
19,barra_16,theta,0.095733686,5
20,barra_16,theta,0.10449155,5
21,barra_16,theta,0.10918756,5
22,barra_16,theta,0.12343356,5
23,barra_16,theta,0.12315187,5
24,barra_16,theta,0.12287233,5
1,barra_17,theta,0.10313665,5
2,barra_17,theta,0.10244608,5
3,barra_17,theta,0.10194512,5
4,barra_17,theta,0.10337771,5
5,barra_17,theta,0.10202614,5
6,barra_17,theta,0.10384376,5
7,barra_17,theta,0.10277855,5
8,barra_17,theta,0.10084653,5
9,barra_17,theta,0.097347491,5
10,barra_17,theta,0.09511182,5
11,barra_17,theta,0.09472164,5
12,barra_17,theta,0.094583189,5
13,barra_17,theta,0.092821084,5
14,barra_17,theta,0.089336882,5
15,barra_17,theta,0.089322712,5
16,barra_17,theta,0.093149905,5
17,barra_17,theta,0.099183541,5
18,barra_17,theta,0.10532077,5
19,barra_17,theta,0.10197311,5
20,barra_17,theta,0.11090955,5
21,barra_17,theta,0.11617967,5
22,barra_17,theta,0.1317512,5
23,barra_17,theta,0.13002466,5
24,barra_17,theta,0.12972947,5
1,barra_18,theta,0.11514678,5
2,barra_18,theta,0.114727,5
3,barra_18,theta,0.11442248,5
4,barra_18,theta,0.11594523,5
5,barra_18,theta,0.11447173,5
6,barra_18,theta,0.11557662,5
7,barra_18,theta,0.11362352,5
8,barra_18,theta,0.11148724,5
9,barra_18,theta,0.10761827,5
10,barra_18,theta,0.10514624,5
11,barra_18,theta,0.10471481,5
12,barra_18,theta,0.10456172,5
13,barra_18,theta,0.10261332,5
14,barra_18,theta,0.098760858,5
15,barra_18,theta,0.098745191,5
16,barra_18,theta,0.10297691,5
17,barra_18,theta,0.10964843,5
18,barra_18,theta,0.11647445,5
19,barra_18,theta,0.1144395,5
20,barra_18,theta,0.12373272,5
21,barra_18,theta,0.12963924,5
22,barra_18,theta,0.14676018,5
23,barra_18,theta,0.14375652,5
24,barra_18,theta,0.14343006,5
1,barra_19,theta,0.097152227,5
2,barra_19,theta,0.096327475,5
3,barra_19,theta,0.095729175,5
4,barra_19,theta,0.097117096,5
5,barra_19,theta,0.095825936,5
6,barra_19,theta,0.097996737,5
7,barra_19,theta,0.096956849,5
8,barra_19,theta,0.094820569,5
9,barra_19,theta,0.090951606,5
10,barra_19,theta,0.088479575,5
11,barra_19,theta,0.088048144,5
12,barra_19,theta,0.087895055,5
13,barra_19,theta,0.085946656,5
14,barra_19,theta,0.082094191,5
15,barra_19,theta,0.082078524,5
16,barra_19,theta,0.086310242,5
17,barra_19,theta,0.092981768,5
18,barra_19,theta,0.099760734,5
19,barra_19,theta,0.09576261,5
20,barra_19,theta,0.10293844,5
21,barra_19,theta,0.1065373,5
22,barra_19,theta,0.12343216,5
23,barra_19,theta,0.12223483,5
24,barra_19,theta,0.12203298,5
1,barra_20,theta,0.085142093,5
2,barra_20,theta,0.084046549,5
3,barra_20,theta,0.083251808,5
4,barra_20,theta,0.084549577,5
5,barra_20,theta,0.08338034,5
6,barra_20,theta,0.086263881,5
7,barra_20,theta,0.085695588,5
8,barra_20,theta,0.083456872,5
9,barra_20,theta,0.07940239,5
10,barra_20,theta,0.076811824,5
11,barra_20,theta,0.076359705,5
12,barra_20,theta,0.076199276,5
13,barra_20,theta,0.074157451,5
14,barra_20,theta,0.070120301,5
15,barra_20,theta,0.070103883,5
16,barra_20,theta,0.07453847,5
17,barra_20,theta,0.081529899,5
18,barra_20,theta,0.088607053,5
19,barra_20,theta,0.083296222,5
20,barra_20,theta,0.088525114,5
21,barra_20,theta,0.089870631,5
22,barra_20,theta,0.10676549,5
23,barra_20,theta,0.10754689,5
24,barra_20,theta,0.10745448,5
1,barra_21,theta,0.07913102,5
2,barra_21,theta,0.077899945,5
3,barra_21,theta,0.077006887,5
4,barra_21,theta,0.078259534,5
5,barra_21,theta,0.077151319,5
6,barra_21,theta,0.080391587,5
7,barra_21,theta,0.079850553,5
8,barra_21,theta,0.077406761,5
9,barra_21,theta,0.07298087,5
10,barra_21,theta,0.070152996,5
11,barra_21,theta,0.069659461,5
12,barra_21,theta,0.069484336,5
13,barra_21,theta,0.06725547,5
14,barra_21,theta,0.062848581,5
15,barra_21,theta,0.06283066,5
16,barra_21,theta,0.067671392,5
17,barra_21,theta,0.075303269,5
18,barra_21,theta,0.083024635,5
19,barra_21,theta,0.077056795,5
20,barra_21,theta,0.080513778,5
21,barra_21,theta,0.079665009,5
22,barra_21,theta,0.096786847,5
23,barra_21,theta,0.099716099,5
24,barra_21,theta,0.099717652,5
1,barra_22,theta,0.07913102,5
2,barra_22,theta,0.077899945,5
3,barra_22,theta,0.077006887,5
4,barra_22,theta,0.078259534,5
5,barra_22,theta,0.077151319,5
6,barra_22,theta,0.080391587,5
7,barra_22,theta,0.07943259,5
8,barra_22,theta,0.076680874,5
9,barra_22,theta,0.071697312,5
10,barra_22,theta,0.06851312,5
11,barra_22,theta,0.067957399,5
12,barra_22,theta,0.067760207,5
13,barra_22,theta,0.065250499,5
14,barra_22,theta,0.060288446,5
15,barra_22,theta,0.060268269,5
16,barra_22,theta,0.065718829,5
17,barra_22,theta,0.074312337,5
18,barra_22,theta,0.083024635,5
19,barra_22,theta,0.077056795,5
20,barra_22,theta,0.078917251,5
21,barra_22,theta,0.075933366,5
22,barra_22,theta,0.093509613,5
23,barra_22,theta,0.098756182,5
24,barra_22,theta,0.09883621,5
1,barra_23,theta,0.085142093,5
2,barra_23,theta,0.084046549,5
3,barra_23,theta,0.083251808,5
4,barra_23,theta,0.084549577,5
5,barra_23,theta,0.08338034,5
6,barra_23,theta,0.086263881,5
7,barra_23,theta,0.084442531,5
8,barra_23,theta,0.081280662,5
9,barra_23,theta,0.075554279,5
10,barra_23,theta,0.071895471,5
11,barra_23,theta,0.071256918,5
12,barra_23,theta,0.071030334,5
13,barra_23,theta,0.068146544,5
14,barra_23,theta,0.062445012,5
15,barra_23,theta,0.062421828,5
16,barra_23,theta,0.06868468,5
17,barra_23,theta,0.078559085,5
18,barra_23,theta,0.088607053,5
19,barra_23,theta,0.083296222,5
20,barra_23,theta,0.083738723,5
21,barra_23,theta,0.078683158,5
22,barra_23,theta,0.096940337,5
23,barra_23,theta,0.10466906,5
24,barra_23,theta,0.10481191,5
1,barra_24,theta,0.097152227,5
2,barra_24,theta,0.096327475,5
3,barra_24,theta,0.095729175,5
4,barra_24,theta,0.097117096,5
5,barra_24,theta,0.095825936,5
6,barra_24,theta,0.097996737,5
7,barra_24,theta,0.094870368,5
8,barra_24,theta,0.091196933,5
9,barra_24,theta,0.084544067,5
10,barra_24,theta,0.080293292,5
11,barra_24,theta,0.079551426,5
12,barra_24,theta,0.079288183,5
13,barra_24,theta,0.075937819,5
14,barra_24,theta,0.069313968,5
15,barra_24,theta,0.069287035,5
16,barra_24,theta,0.076563021,5
17,barra_24,theta,0.088035027,5
18,barra_24,theta,0.099760734,5
19,barra_24,theta,0.09576261,5
20,barra_24,theta,0.094968559,5
21,barra_24,theta,0.087908892,5
22,barra_24,theta,0.10707217,5
23,barra_24,theta,0.11744292,5
24,barra_24,theta,0.11763281,5
1,barra_25,theta,0.12714487,5
2,barra_25,theta,0.1269957,5
3,barra_25,theta,0.12688742,5
4,barra_25,theta,0.12850031,5
5,barra_25,theta,0.12690502,5
6,barra_25,theta,0.12729771,5
7,barra_25,theta,0.12154118,5
8,barra_25,theta,0.11705214,5
9,barra_25,theta,0.10892206,5
10,barra_25,theta,0.10372741,5
11,barra_25,theta,0.10282091,5
12,barra_25,theta,0.10249931,5
13,barra_25,theta,0.098404984,5
14,barra_25,theta,0.090310566,5
15,barra_25,theta,0.090277738,5
16,barra_25,theta,0.099168998,5
17,barra_25,theta,0.1131882,5
18,barra_25,theta,0.12761694,5
19,barra_25,theta,0.12689356,5
20,barra_25,theta,0.12540236,5
21,barra_25,theta,0.11653668,5
22,barra_25,theta,0.13728057,5
23,barra_25,theta,0.15077625,5
24,barra_25,theta,0.15096615,5
1,barra_26,theta,0.10778392,5
2,barra_26,theta,0.10682309,5
3,barra_26,theta,0.10612608,5
4,barra_26,theta,0.1074687,5
5,barra_26,theta,0.10623881,5
6,barra_26,theta,0.10876776,5
7,barra_26,theta,0.10487452,5
8,barra_26,theta,0.10038547,5
9,barra_26,theta,0.092255398,5
10,barra_26,theta,0.087060747,5
11,barra_26,theta,0.086154248,5
12,barra_26,theta,0.085832641,5
13,barra_26,theta,0.081738317,5
14,barra_26,theta,0.073643899,5
15,barra_26,theta,0.073611072,5
16,barra_26,theta,0.082502332,5
17,barra_26,theta,0.096521533,5
18,barra_26,theta,0.11082279,5
19,barra_26,theta,0.10616503,5
20,barra_26,theta,0.10360472,5
21,barra_26,theta,0.094359007,5
22,barra_26,theta,0.11374655,5
23,barra_26,theta,0.12625527,5
24,barra_26,theta,0.12653889,5
1,barra_27,theta,0.10644804,5
2,barra_27,theta,0.10507981,5
3,barra_27,theta,0.10408725,5
4,barra_27,theta,0.10529423,5
5,barra_27,theta,0.10424777,5
6,barra_27,theta,0.10784905,5
7,barra_27,theta,0.10449088,5
8,barra_27,theta,0.099694532,5
9,barra_27,theta,0.091007817,5
10,barra_27,theta,0.085457477,5
11,barra_27,theta,0.084488999,5
12,barra_27,theta,0.084145453,5
13,barra_27,theta,0.079770766,5
14,barra_27,theta,0.071122211,5
15,barra_27,theta,0.071087215,5
16,barra_27,theta,0.080587083,5
17,barra_27,theta,0.095566078,5
18,barra_27,theta,0.11077545,5
19,barra_27,theta,0.10414272,5
20,barra_27,theta,0.10104561,5
21,barra_27,theta,0.091609214,5
22,barra_27,theta,0.11031582,5
23,barra_27,theta,0.12232905,5
24,barra_27,theta,0.12265971,5
1,barra_28,theta,0.11112323,5
2,barra_28,theta,0.10948313,5
3,barra_28,theta,0.10829334,5
4,barra_28,theta,0.10940981,5
5,barra_28,theta,0.10848576,5
6,barra_28,theta,0.11280263,5
7,barra_28,theta,0.10953515,5
8,barra_28,theta,0.10432927,5
9,barra_28,theta,0.094900762,5
10,barra_28,theta,0.088876435,5
11,barra_28,theta,0.087825333,5
12,barra_28,theta,0.087452522,5
13,barra_28,theta,0.082704231,5
14,barra_28,theta,0.073317222,5
15,barra_28,theta,0.073279308,5
16,barra_28,theta,0.083590249,5
17,barra_28,theta,0.099848301,5
18,barra_28,theta,0.11631053,5
19,barra_28,theta,0.10835983,5
20,barra_28,theta,0.10490451,5
21,barra_28,theta,0.095340857,5
22,barra_28,theta,0.11359306,5
23,barra_28,theta,0.12527562,5
24,barra_28,theta,0.12563768,5
1,barra_29,theta,0.12180016,5
2,barra_29,theta,0.12002425,5
3,barra_29,theta,0.11873595,5
4,barra_29,theta,0.11980721,5
5,barra_29,theta,0.1189443,5
6,barra_29,theta,0.12361862,5
7,barra_29,theta,0.11999725,5
8,barra_29,theta,0.11428041,5
9,barra_29,theta,0.10392646,5
10,barra_29,theta,0.097310789,5
11,barra_29,theta,0.096156581,5
12,barra_29,theta,0.095747239,5
13,barra_29,theta,0.09053285,5
14,barra_29,theta,0.080224548,5
15,barra_29,theta,0.080182972,5
16,barra_29,theta,0.09150583,5
17,barra_29,theta,0.10935965,5
18,barra_29,theta,0.12741697,5
19,barra_29,theta,0.11880795,5
20,barra_29,theta,0.1151737,5
21,barra_29,theta,0.10554648,5
22,barra_29,theta,0.1235717,5
23,barra_29,theta,0.1350891,5
24,barra_29,theta,0.13546684,5
1,barra_30,theta,0.13846683,5
2,barra_30,theta,0.13669092,5
3,barra_30,theta,0.13540262,5
4,barra_30,theta,0.13647388,5
5,barra_30,theta,0.13561097,5
6,barra_30,theta,0.14028528,5
7,barra_30,theta,0.13586635,5
8,barra_30,theta,0.12953735,5
9,barra_30,theta,0.11807464,5
10,barra_30,theta,0.11075052,5
11,barra_30,theta,0.10947277,5
12,barra_30,theta,0.10901964,5
13,barra_30,theta,0.10324684,5
14,barra_30,theta,0.091834773,5
15,barra_30,theta,0.091788794,5
16,barra_30,theta,0.10432401,5
17,barra_30,theta,0.12408967,5
18,barra_30,theta,0.14408364,5
19,barra_30,theta,0.13547461,5
20,barra_30,theta,0.13184036,5
21,barra_30,theta,0.12221315,5
22,barra_30,theta,0.14023837,5
23,barra_30,theta,0.15175577,5
24,barra_30,theta,0.15213351,5
1,barra_31,theta,0.12047227,5
2,barra_31,theta,0.11829139,5
3,barra_31,theta,0.11670931,5
4,barra_31,theta,0.11764574,5
5,barra_31,theta,0.11696517,5
6,barra_31,theta,0.1227054,5
7,barra_31,theta,0.11961515,5
8,barra_31,theta,0.11359223,5
9,barra_31,theta,0.10268385,5
10,barra_31,theta,0.09571392,5
11,barra_31,theta,0.094497981,5
12,barra_31,theta,0.094066787,5
13,barra_31,theta,0.088573154,5
14,barra_31,theta,0.077712927,5
15,barra_31,theta,0.077669191,5
16,barra_31,theta,0.089598227,5
17,barra_31,theta,0.10840801,5
18,barra_31,theta,0.12736992,5
19,barra_31,theta,0.11679772,5
20,barra_31,theta,0.11262989,5
21,barra_31,theta,0.10281313,5
22,barra_31,theta,0.12016149,5
23,barra_31,theta,0.13118635,5
24,barra_31,theta,0.13161086,5
1,barra_32,theta,0.10846214,5
2,barra_32,theta,0.10601046,5
3,barra_32,theta,0.10423194,5
4,barra_32,theta,0.10507822,5
5,barra_32,theta,0.10451958,5
6,barra_32,theta,0.11097254,5
7,barra_32,theta,0.10877018,5
8,barra_32,theta,0.10295152,5
9,barra_32,theta,0.092413073,5
10,barra_32,theta,0.085679498,5
11,barra_32,theta,0.08450481,5
12,barra_32,theta,0.084088254,5
13,barra_32,theta,0.078780915,5
14,barra_32,theta,0.068288951,5
15,barra_32,theta,0.068246712,5
16,barra_32,theta,0.079771224,5
17,barra_32,theta,0.097943113,5
18,barra_32,theta,0.11621624,5
19,barra_32,theta,0.10433133,5
20,barra_32,theta,0.09980672,5
21,barra_32,theta,0.089863205,5
22,barra_32,theta,0.10675897,5
23,barra_32,theta,0.1174545,5
24,barra_32,theta,0.11791028,5
1,barra_33,theta,0.10245106,5
2,barra_33,theta,0.099863858,5
3,barra_33,theta,0.097987021,5
4,barra_33,theta,0.09878818,5
5,barra_33,theta,0.098290557,5
6,barra_33,theta,0.10510025,5
7,barra_33,theta,0.10334228,5
8,barra_33,theta,0.097625848,5
9,barra_33,theta,0.087272547,5
10,barra_33,theta,0.080657271,5
11,barra_33,theta,0.079503228,5
12,barra_33,theta,0.079093998,5
13,barra_33,theta,0.073879899,5
14,barra_33,theta,0.063572251,5
15,barra_33,theta,0.063530761,5
16,barra_33,theta,0.07485281,5
17,barra_33,theta,0.092705434,5
18,barra_33,theta,0.11063382,5
19,barra_33,theta,0.098091908,5
20,barra_33,theta,0.093388722,5
21,barra_33,theta,0.08338177,5
22,barra_33,theta,0.10005101,5
23,barra_33,theta,0.1105817,5
24,barra_33,theta,0.11105313,5
INFO,GERAL,custo_total,1176.2437449793345,6
INFO,GERAL,num_barras,33.0,6
INFO,GERAL,num_baterias,2.0,6
INFO,GERAL,periodos_tempo,24.0,6
1,barra_1,PS,0.0,6
2,barra_1,PS,0.0,6
3,barra_1,PS,0.0,6
4,barra_1,PS,0.0,6
5,barra_1,PS,0.0,6
6,barra_1,PS,0.0,6
7,barra_1,PS,0.0,6
8,barra_1,PS,0.0,6
9,barra_1,PS,0.0,6
10,barra_1,PS,0.0,6
11,barra_1,PS,0.0,6
12,barra_1,PS,0.0,6
13,barra_1,PS,0.0,6
14,barra_1,PS,0.0,6
15,barra_1,PS,0.0,6
16,barra_1,PS,0.0,6
17,barra_1,PS,0.0,6
18,barra_1,PS,0.0,6
19,barra_1,PS,0.0,6
20,barra_1,PS,0.0,6
21,barra_1,PS,0.0,6
22,barra_1,PS,0.0,6
23,barra_1,PS,0.0,6
24,barra_1,PS,0.0,6
1,barra_2,PS,0.0,6
2,barra_2,PS,0.0,6
3,barra_2,PS,0.0,6
4,barra_2,PS,0.0,6
5,barra_2,PS,0.0,6
6,barra_2,PS,0.0,6
7,barra_2,PS,0.0,6
8,barra_2,PS,0.0,6
9,barra_2,PS,0.0,6
10,barra_2,PS,0.0,6
11,barra_2,PS,0.0,6
12,barra_2,PS,0.0,6
13,barra_2,PS,0.0,6
14,barra_2,PS,0.0,6
15,barra_2,PS,0.0,6
16,barra_2,PS,0.0,6
17,barra_2,PS,0.0,6
18,barra_2,PS,0.0,6
19,barra_2,PS,0.0,6
20,barra_2,PS,0.0,6
21,barra_2,PS,0.0,6
22,barra_2,PS,0.0,6
23,barra_2,PS,0.0,6
24,barra_2,PS,0.0,6
1,barra_3,PS,0.0,6
2,barra_3,PS,0.0,6
3,barra_3,PS,0.0,6
4,barra_3,PS,0.0,6
5,barra_3,PS,0.0,6
6,barra_3,PS,0.0,6
7,barra_3,PS,0.0,6
8,barra_3,PS,0.0,6
9,barra_3,PS,0.0,6
10,barra_3,PS,0.0,6
11,barra_3,PS,0.0,6
12,barra_3,PS,0.0,6
13,barra_3,PS,0.0,6
14,barra_3,PS,0.0,6
15,barra_3,PS,0.0,6
16,barra_3,PS,0.0,6
17,barra_3,PS,0.0,6
18,barra_3,PS,0.0,6
19,barra_3,PS,0.0,6
20,barra_3,PS,0.0,6
21,barra_3,PS,0.0,6
22,barra_3,PS,0.0,6
23,barra_3,PS,0.0,6
24,barra_3,PS,0.0,6
1,barra_4,PS,0.0,6
2,barra_4,PS,0.0,6
3,barra_4,PS,0.0,6
4,barra_4,PS,0.0,6
5,barra_4,PS,0.0,6
6,barra_4,PS,0.0,6
7,barra_4,PS,0.0,6
8,barra_4,PS,0.0,6
9,barra_4,PS,0.0,6
10,barra_4,PS,0.0,6
11,barra_4,PS,0.0,6
12,barra_4,PS,0.0,6
13,barra_4,PS,0.0,6
14,barra_4,PS,0.0,6
15,barra_4,PS,0.0,6
16,barra_4,PS,0.0,6
17,barra_4,PS,0.0,6
18,barra_4,PS,0.0,6
19,barra_4,PS,0.0,6
20,barra_4,PS,0.0,6
21,barra_4,PS,0.0,6
22,barra_4,PS,0.0,6
23,barra_4,PS,0.0,6
24,barra_4,PS,0.0,6
1,barra_5,PS,0.0,6
2,barra_5,PS,0.0,6
3,barra_5,PS,0.0,6
4,barra_5,PS,0.0,6
5,barra_5,PS,0.0,6
6,barra_5,PS,0.0,6
7,barra_5,PS,0.0,6
8,barra_5,PS,0.0,6
9,barra_5,PS,0.0,6
10,barra_5,PS,0.0,6
11,barra_5,PS,0.0,6
12,barra_5,PS,0.0,6
13,barra_5,PS,0.0,6
14,barra_5,PS,0.0,6
15,barra_5,PS,0.0,6
16,barra_5,PS,0.0,6
17,barra_5,PS,0.0,6
18,barra_5,PS,0.0,6
19,barra_5,PS,0.0,6
20,barra_5,PS,0.0,6
21,barra_5,PS,0.0,6
22,barra_5,PS,0.0,6
23,barra_5,PS,0.0,6
24,barra_5,PS,0.0,6
1,barra_6,PS,0.0,6
2,barra_6,PS,0.0,6
3,barra_6,PS,0.0,6
4,barra_6,PS,0.0,6
5,barra_6,PS,0.0,6
6,barra_6,PS,0.012,6
7,barra_6,PS,0.048,6
8,barra_6,PS,0.1,6
9,barra_6,PS,0.18,6
10,barra_6,PS,0.26,6
11,barra_6,PS,0.32,6
12,barra_6,PS,0.368,6
13,barra_6,PS,0.4,6
14,barra_6,PS,0.384,6
15,barra_6,PS,0.336,6
16,barra_6,PS,0.26,6
17,barra_6,PS,0.152,6
18,barra_6,PS,0.06,6
19,barra_6,PS,0.012,6
20,barra_6,PS,0.0,6
21,barra_6,PS,0.0,6
22,barra_6,PS,0.0,6
23,barra_6,PS,0.0,6
24,barra_6,PS,0.0,6
1,barra_7,PS,0.0,6
2,barra_7,PS,0.0,6
3,barra_7,PS,0.0,6
4,barra_7,PS,0.0,6
5,barra_7,PS,0.0,6
6,barra_7,PS,0.0,6
7,barra_7,PS,0.0,6
8,barra_7,PS,0.0,6
9,barra_7,PS,0.0,6
10,barra_7,PS,0.0,6
11,barra_7,PS,0.0,6
12,barra_7,PS,0.0,6
13,barra_7,PS,0.0,6
14,barra_7,PS,0.0,6
15,barra_7,PS,0.0,6
16,barra_7,PS,0.0,6
17,barra_7,PS,0.0,6
18,barra_7,PS,0.0,6
19,barra_7,PS,0.0,6
20,barra_7,PS,0.0,6
21,barra_7,PS,0.0,6
22,barra_7,PS,0.0,6
23,barra_7,PS,0.0,6
24,barra_7,PS,0.0,6
1,barra_8,PS,0.0,6
2,barra_8,PS,0.0,6
3,barra_8,PS,0.0,6
4,barra_8,PS,0.0,6
5,barra_8,PS,0.0,6
6,barra_8,PS,0.0,6
7,barra_8,PS,0.0,6
8,barra_8,PS,0.0,6
9,barra_8,PS,0.0,6
10,barra_8,PS,0.0,6
11,barra_8,PS,0.0,6
12,barra_8,PS,0.0,6
13,barra_8,PS,0.0,6
14,barra_8,PS,0.0,6
15,barra_8,PS,0.0,6
16,barra_8,PS,0.0,6
17,barra_8,PS,0.0,6
18,barra_8,PS,0.0,6
19,barra_8,PS,0.0,6
20,barra_8,PS,0.0,6
21,barra_8,PS,0.0,6
22,barra_8,PS,0.0,6
23,barra_8,PS,0.0,6
24,barra_8,PS,0.0,6
1,barra_9,PS,0.0,6
2,barra_9,PS,0.0,6
3,barra_9,PS,0.0,6
4,barra_9,PS,0.0,6
5,barra_9,PS,0.0,6
6,barra_9,PS,0.0,6
7,barra_9,PS,0.0,6
8,barra_9,PS,0.0,6
9,barra_9,PS,0.0,6
10,barra_9,PS,0.0,6
11,barra_9,PS,0.0,6
12,barra_9,PS,0.0,6
13,barra_9,PS,0.0,6
14,barra_9,PS,0.0,6
15,barra_9,PS,0.0,6
16,barra_9,PS,0.0,6
17,barra_9,PS,0.0,6
18,barra_9,PS,0.0,6
19,barra_9,PS,0.0,6
20,barra_9,PS,0.0,6
21,barra_9,PS,0.0,6
22,barra_9,PS,0.0,6
23,barra_9,PS,0.0,6
24,barra_9,PS,0.0,6
1,barra_10,PS,0.0,6
2,barra_10,PS,0.0,6
3,barra_10,PS,0.0,6
4,barra_10,PS,0.0,6
5,barra_10,PS,0.0,6
6,barra_10,PS,0.0,6
7,barra_10,PS,0.0,6
8,barra_10,PS,0.0,6
9,barra_10,PS,0.0,6
10,barra_10,PS,0.0,6
11,barra_10,PS,0.0,6
12,barra_10,PS,0.0,6
13,barra_10,PS,0.0,6
14,barra_10,PS,0.0,6
15,barra_10,PS,0.0,6
16,barra_10,PS,0.0,6
17,barra_10,PS,0.0,6
18,barra_10,PS,0.0,6
19,barra_10,PS,0.0,6
20,barra_10,PS,0.0,6
21,barra_10,PS,0.0,6
22,barra_10,PS,0.0,6
23,barra_10,PS,0.0,6
24,barra_10,PS,0.0,6
1,barra_11,PS,0.0,6
2,barra_11,PS,0.0,6
3,barra_11,PS,0.0,6
4,barra_11,PS,0.0,6
5,barra_11,PS,0.0,6
6,barra_11,PS,0.0,6
7,barra_11,PS,0.0,6
8,barra_11,PS,0.0,6
9,barra_11,PS,0.0,6
10,barra_11,PS,0.0,6
11,barra_11,PS,0.0,6
12,barra_11,PS,0.0,6
13,barra_11,PS,0.0,6
14,barra_11,PS,0.0,6
15,barra_11,PS,0.0,6
16,barra_11,PS,0.0,6
17,barra_11,PS,0.0,6
18,barra_11,PS,0.0,6
19,barra_11,PS,0.0,6
20,barra_11,PS,0.0,6
21,barra_11,PS,0.0,6
22,barra_11,PS,0.0,6
23,barra_11,PS,0.0,6
24,barra_11,PS,0.0,6
1,barra_12,PS,0.0,6
2,barra_12,PS,0.0,6
3,barra_12,PS,0.0,6
4,barra_12,PS,0.0,6
5,barra_12,PS,0.0,6
6,barra_12,PS,0.0,6
7,barra_12,PS,0.0,6
8,barra_12,PS,0.0,6
9,barra_12,PS,0.0,6
10,barra_12,PS,0.0,6
11,barra_12,PS,0.0,6
12,barra_12,PS,0.0,6
13,barra_12,PS,0.0,6
14,barra_12,PS,0.0,6
15,barra_12,PS,0.0,6
16,barra_12,PS,0.0,6
17,barra_12,PS,0.0,6
18,barra_12,PS,0.0,6
19,barra_12,PS,0.0,6
20,barra_12,PS,0.0,6
21,barra_12,PS,0.0,6
22,barra_12,PS,0.0,6
23,barra_12,PS,0.0,6
24,barra_12,PS,0.0,6
1,barra_13,PS,0.0,6
2,barra_13,PS,0.0,6
3,barra_13,PS,0.0,6
4,barra_13,PS,0.0,6
5,barra_13,PS,0.0,6
6,barra_13,PS,0.0,6
7,barra_13,PS,0.0,6
8,barra_13,PS,0.0,6
9,barra_13,PS,0.0,6
10,barra_13,PS,0.0,6
11,barra_13,PS,0.0,6
12,barra_13,PS,0.0,6
13,barra_13,PS,0.0,6
14,barra_13,PS,0.0,6
15,barra_13,PS,0.0,6
16,barra_13,PS,0.0,6
17,barra_13,PS,0.0,6
18,barra_13,PS,0.0,6
19,barra_13,PS,0.0,6
20,barra_13,PS,0.0,6
21,barra_13,PS,0.0,6
22,barra_13,PS,0.0,6
23,barra_13,PS,0.0,6
24,barra_13,PS,0.0,6
1,barra_14,PS,0.0,6
2,barra_14,PS,0.0,6
3,barra_14,PS,0.0,6
4,barra_14,PS,0.0,6
5,barra_14,PS,0.0,6
6,barra_14,PS,0.0105,6
7,barra_14,PS,0.042,6
8,barra_14,PS,0.0875,6
9,barra_14,PS,0.1575,6
10,barra_14,PS,0.2275,6
11,barra_14,PS,0.28,6
12,barra_14,PS,0.322,6
13,barra_14,PS,0.35,6
14,barra_14,PS,0.336,6
15,barra_14,PS,0.294,6
16,barra_14,PS,0.2275,6
17,barra_14,PS,0.133,6
18,barra_14,PS,0.0525,6
19,barra_14,PS,0.0105,6
20,barra_14,PS,0.0,6
21,barra_14,PS,0.0,6
22,barra_14,PS,0.0,6
23,barra_14,PS,0.0,6
24,barra_14,PS,0.0,6
1,barra_15,PS,0.0,6
2,barra_15,PS,0.0,6
3,barra_15,PS,0.0,6
4,barra_15,PS,0.0,6
5,barra_15,PS,0.0,6
6,barra_15,PS,0.0,6
7,barra_15,PS,0.0,6
8,barra_15,PS,0.0,6
9,barra_15,PS,0.0,6
10,barra_15,PS,0.0,6
11,barra_15,PS,0.0,6
12,barra_15,PS,0.0,6
13,barra_15,PS,0.0,6
14,barra_15,PS,0.0,6
15,barra_15,PS,0.0,6
16,barra_15,PS,0.0,6
17,barra_15,PS,0.0,6
18,barra_15,PS,0.0,6
19,barra_15,PS,0.0,6
20,barra_15,PS,0.0,6
21,barra_15,PS,0.0,6
22,barra_15,PS,0.0,6
23,barra_15,PS,0.0,6
24,barra_15,PS,0.0,6
1,barra_16,PS,0.0,6
2,barra_16,PS,0.0,6
3,barra_16,PS,0.0,6
4,barra_16,PS,0.0,6
5,barra_16,PS,0.0,6
6,barra_16,PS,0.0,6
7,barra_16,PS,0.0,6
8,barra_16,PS,0.0,6
9,barra_16,PS,0.0,6
10,barra_16,PS,0.0,6
11,barra_16,PS,0.0,6
12,barra_16,PS,0.0,6
13,barra_16,PS,0.0,6
14,barra_16,PS,0.0,6
15,barra_16,PS,0.0,6
16,barra_16,PS,0.0,6
17,barra_16,PS,0.0,6
18,barra_16,PS,0.0,6
19,barra_16,PS,0.0,6
20,barra_16,PS,0.0,6
21,barra_16,PS,0.0,6
22,barra_16,PS,0.0,6
23,barra_16,PS,0.0,6
24,barra_16,PS,0.0,6
1,barra_17,PS,0.0,6
2,barra_17,PS,0.0,6
3,barra_17,PS,0.0,6
4,barra_17,PS,0.0,6
5,barra_17,PS,0.0,6
6,barra_17,PS,0.0,6
7,barra_17,PS,0.0,6
8,barra_17,PS,0.0,6
9,barra_17,PS,0.0,6
10,barra_17,PS,0.0,6
11,barra_17,PS,0.0,6
12,barra_17,PS,0.0,6
13,barra_17,PS,0.0,6
14,barra_17,PS,0.0,6
15,barra_17,PS,0.0,6
16,barra_17,PS,0.0,6
17,barra_17,PS,0.0,6
18,barra_17,PS,0.0,6
19,barra_17,PS,0.0,6
20,barra_17,PS,0.0,6
21,barra_17,PS,0.0,6
22,barra_17,PS,0.0,6
23,barra_17,PS,0.0,6
24,barra_17,PS,0.0,6
1,barra_18,PS,0.0,6
2,barra_18,PS,0.0,6
3,barra_18,PS,0.0,6
4,barra_18,PS,0.0,6
5,barra_18,PS,0.0,6
6,barra_18,PS,0.0,6
7,barra_18,PS,0.0,6
8,barra_18,PS,0.0,6
9,barra_18,PS,0.0,6
10,barra_18,PS,0.0,6
11,barra_18,PS,0.0,6
12,barra_18,PS,0.0,6
13,barra_18,PS,0.0,6
14,barra_18,PS,0.0,6
15,barra_18,PS,0.0,6
16,barra_18,PS,0.0,6
17,barra_18,PS,0.0,6
18,barra_18,PS,0.0,6
19,barra_18,PS,0.0,6
20,barra_18,PS,0.0,6
21,barra_18,PS,0.0,6
22,barra_18,PS,0.0,6
23,barra_18,PS,0.0,6
24,barra_18,PS,0.0,6
1,barra_19,PS,0.0,6
2,barra_19,PS,0.0,6
3,barra_19,PS,0.0,6
4,barra_19,PS,0.0,6
5,barra_19,PS,0.0,6
6,barra_19,PS,0.0,6
7,barra_19,PS,0.0,6
8,barra_19,PS,0.0,6
9,barra_19,PS,0.0,6
10,barra_19,PS,0.0,6
11,barra_19,PS,0.0,6
12,barra_19,PS,0.0,6
13,barra_19,PS,0.0,6
14,barra_19,PS,0.0,6
15,barra_19,PS,0.0,6
16,barra_19,PS,0.0,6
17,barra_19,PS,0.0,6
18,barra_19,PS,0.0,6
19,barra_19,PS,0.0,6
20,barra_19,PS,0.0,6
21,barra_19,PS,0.0,6
22,barra_19,PS,0.0,6
23,barra_19,PS,0.0,6
24,barra_19,PS,0.0,6
1,barra_20,PS,0.0,6
2,barra_20,PS,0.0,6
3,barra_20,PS,0.0,6
4,barra_20,PS,0.0,6
5,barra_20,PS,0.0,6
6,barra_20,PS,0.0,6
7,barra_20,PS,0.0,6
8,barra_20,PS,0.0,6
9,barra_20,PS,0.0,6
10,barra_20,PS,0.0,6
11,barra_20,PS,0.0,6
12,barra_20,PS,0.0,6
13,barra_20,PS,0.0,6
14,barra_20,PS,0.0,6
15,barra_20,PS,0.0,6
16,barra_20,PS,0.0,6
17,barra_20,PS,0.0,6
18,barra_20,PS,0.0,6
19,barra_20,PS,0.0,6
20,barra_20,PS,0.0,6
21,barra_20,PS,0.0,6
22,barra_20,PS,0.0,6
23,barra_20,PS,0.0,6
24,barra_20,PS,0.0,6
1,barra_21,PS,0.0,6
2,barra_21,PS,0.0,6
3,barra_21,PS,0.0,6
4,barra_21,PS,0.0,6
5,barra_21,PS,0.0,6
6,barra_21,PS,0.0,6
7,barra_21,PS,0.0,6
8,barra_21,PS,0.0,6
9,barra_21,PS,0.0,6
10,barra_21,PS,0.0,6
11,barra_21,PS,0.0,6
12,barra_21,PS,0.0,6
13,barra_21,PS,0.0,6
14,barra_21,PS,0.0,6
15,barra_21,PS,0.0,6
16,barra_21,PS,0.0,6
17,barra_21,PS,0.0,6
18,barra_21,PS,0.0,6
19,barra_21,PS,0.0,6
20,barra_21,PS,0.0,6
21,barra_21,PS,0.0,6
22,barra_21,PS,0.0,6
23,barra_21,PS,0.0,6
24,barra_21,PS,0.0,6
1,barra_22,PS,0.0,6
2,barra_22,PS,0.0,6
3,barra_22,PS,0.0,6
4,barra_22,PS,0.0,6
5,barra_22,PS,0.0,6
6,barra_22,PS,0.0,6
7,barra_22,PS,0.0,6
8,barra_22,PS,0.0,6
9,barra_22,PS,0.0,6
10,barra_22,PS,0.0,6
11,barra_22,PS,0.0,6
12,barra_22,PS,0.0,6
13,barra_22,PS,0.0,6
14,barra_22,PS,0.0,6
15,barra_22,PS,0.0,6
16,barra_22,PS,0.0,6
17,barra_22,PS,0.0,6
18,barra_22,PS,0.0,6
19,barra_22,PS,0.0,6
20,barra_22,PS,0.0,6
21,barra_22,PS,0.0,6
22,barra_22,PS,0.0,6
23,barra_22,PS,0.0,6
24,barra_22,PS,0.0,6
1,barra_23,PS,0.0,6
2,barra_23,PS,0.0,6
3,barra_23,PS,0.0,6
4,barra_23,PS,0.0,6
5,barra_23,PS,0.0,6
6,barra_23,PS,0.0,6
7,barra_23,PS,0.0,6
8,barra_23,PS,0.0,6
9,barra_23,PS,0.0,6
10,barra_23,PS,0.0,6
11,barra_23,PS,0.0,6
12,barra_23,PS,0.0,6
13,barra_23,PS,0.0,6
14,barra_23,PS,0.0,6
15,barra_23,PS,0.0,6
16,barra_23,PS,0.0,6
17,barra_23,PS,0.0,6
18,barra_23,PS,0.0,6
19,barra_23,PS,0.0,6
20,barra_23,PS,0.0,6
21,barra_23,PS,0.0,6
22,barra_23,PS,0.0,6
23,barra_23,PS,0.0,6
24,barra_23,PS,0.0,6
1,barra_24,PS,0.0,6
2,barra_24,PS,0.0,6
3,barra_24,PS,0.0,6
4,barra_24,PS,0.0,6
5,barra_24,PS,0.0,6
6,barra_24,PS,0.0,6
7,barra_24,PS,0.0,6
8,barra_24,PS,0.0,6
9,barra_24,PS,0.0,6
10,barra_24,PS,0.0,6
11,barra_24,PS,0.0,6
12,barra_24,PS,0.0,6
13,barra_24,PS,0.0,6
14,barra_24,PS,0.0,6
15,barra_24,PS,0.0,6
16,barra_24,PS,0.0,6
17,barra_24,PS,0.0,6
18,barra_24,PS,0.0,6
19,barra_24,PS,0.0,6
20,barra_24,PS,0.0,6
21,barra_24,PS,0.0,6
22,barra_24,PS,0.0,6
23,barra_24,PS,0.0,6
24,barra_24,PS,0.0,6
1,barra_25,PS,0.0,6
2,barra_25,PS,0.0,6
3,barra_25,PS,0.0,6
4,barra_25,PS,0.0,6
5,barra_25,PS,0.0,6
6,barra_25,PS,0.0135,6
7,barra_25,PS,0.054,6
8,barra_25,PS,0.1125,6
9,barra_25,PS,0.2025,6
10,barra_25,PS,0.2925,6
11,barra_25,PS,0.2915317,6
12,barra_25,PS,0.40132102,6
13,barra_25,PS,0.45,6
14,barra_25,PS,0.24490427,6
15,barra_25,PS,0.378,6
16,barra_25,PS,0.2925,6
17,barra_25,PS,0.171,6
18,barra_25,PS,0.0675,6
19,barra_25,PS,0.0135,6
20,barra_25,PS,0.0,6
21,barra_25,PS,0.0,6
22,barra_25,PS,0.0,6
23,barra_25,PS,0.0,6
24,barra_25,PS,0.0,6
1,barra_26,PS,0.0,6
2,barra_26,PS,0.0,6
3,barra_26,PS,0.0,6
4,barra_26,PS,0.0,6
5,barra_26,PS,0.0,6
6,barra_26,PS,0.0,6
7,barra_26,PS,0.0,6
8,barra_26,PS,0.0,6
9,barra_26,PS,0.0,6
10,barra_26,PS,0.0,6
11,barra_26,PS,0.0,6
12,barra_26,PS,0.0,6
13,barra_26,PS,0.0,6
14,barra_26,PS,0.0,6
15,barra_26,PS,0.0,6
16,barra_26,PS,0.0,6
17,barra_26,PS,0.0,6
18,barra_26,PS,0.0,6
19,barra_26,PS,0.0,6
20,barra_26,PS,0.0,6
21,barra_26,PS,0.0,6
22,barra_26,PS,0.0,6
23,barra_26,PS,0.0,6
24,barra_26,PS,0.0,6
1,barra_27,PS,0.0,6
2,barra_27,PS,0.0,6
3,barra_27,PS,0.0,6
4,barra_27,PS,0.0,6
5,barra_27,PS,0.0,6
6,barra_27,PS,0.0,6
7,barra_27,PS,0.0,6
8,barra_27,PS,0.0,6
9,barra_27,PS,0.0,6
10,barra_27,PS,0.0,6
11,barra_27,PS,0.0,6
12,barra_27,PS,0.0,6
13,barra_27,PS,0.0,6
14,barra_27,PS,0.0,6
15,barra_27,PS,0.0,6
16,barra_27,PS,0.0,6
17,barra_27,PS,0.0,6
18,barra_27,PS,0.0,6
19,barra_27,PS,0.0,6
20,barra_27,PS,0.0,6
21,barra_27,PS,0.0,6
22,barra_27,PS,0.0,6
23,barra_27,PS,0.0,6
24,barra_27,PS,0.0,6
1,barra_28,PS,0.0,6
2,barra_28,PS,0.0,6
3,barra_28,PS,0.0,6
4,barra_28,PS,0.0,6
5,barra_28,PS,0.0,6
6,barra_28,PS,0.0,6
7,barra_28,PS,0.0,6
8,barra_28,PS,0.0,6
9,barra_28,PS,0.0,6
10,barra_28,PS,0.0,6
11,barra_28,PS,0.0,6
12,barra_28,PS,0.0,6
13,barra_28,PS,0.0,6
14,barra_28,PS,0.0,6
15,barra_28,PS,0.0,6
16,barra_28,PS,0.0,6
17,barra_28,PS,0.0,6
18,barra_28,PS,0.0,6
19,barra_28,PS,0.0,6
20,barra_28,PS,0.0,6
21,barra_28,PS,0.0,6
22,barra_28,PS,0.0,6
23,barra_28,PS,0.0,6
24,barra_28,PS,0.0,6
1,barra_29,PS,0.0,6
2,barra_29,PS,0.0,6
3,barra_29,PS,0.0,6
4,barra_29,PS,0.0,6
5,barra_29,PS,0.0,6
6,barra_29,PS,0.0,6
7,barra_29,PS,0.0,6
8,barra_29,PS,0.0,6
9,barra_29,PS,0.0,6
10,barra_29,PS,0.0,6
11,barra_29,PS,0.0,6
12,barra_29,PS,0.0,6
13,barra_29,PS,0.0,6
14,barra_29,PS,0.0,6
15,barra_29,PS,0.0,6
16,barra_29,PS,0.0,6
17,barra_29,PS,0.0,6
18,barra_29,PS,0.0,6
19,barra_29,PS,0.0,6
20,barra_29,PS,0.0,6
21,barra_29,PS,0.0,6
22,barra_29,PS,0.0,6
23,barra_29,PS,0.0,6
24,barra_29,PS,0.0,6
1,barra_30,PS,0.0,6
2,barra_30,PS,0.0,6
3,barra_30,PS,0.0,6
4,barra_30,PS,0.0,6
5,barra_30,PS,0.0,6
6,barra_30,PS,0.0,6
7,barra_30,PS,0.0,6
8,barra_30,PS,0.0,6
9,barra_30,PS,0.0,6
10,barra_30,PS,0.0,6
11,barra_30,PS,0.0,6
12,barra_30,PS,0.0,6
13,barra_30,PS,0.0,6
14,barra_30,PS,0.0,6
15,barra_30,PS,0.0,6
16,barra_30,PS,0.0,6
17,barra_30,PS,0.0,6
18,barra_30,PS,0.0,6
19,barra_30,PS,0.0,6
20,barra_30,PS,0.0,6
21,barra_30,PS,0.0,6
22,barra_30,PS,0.0,6
23,barra_30,PS,0.0,6
24,barra_30,PS,0.0,6
1,barra_31,PS,0.0,6
2,barra_31,PS,0.0,6
3,barra_31,PS,0.0,6
4,barra_31,PS,0.0,6
5,barra_31,PS,0.0,6
6,barra_31,PS,0.0,6
7,barra_31,PS,0.0,6
8,barra_31,PS,0.0,6
9,barra_31,PS,0.0,6
10,barra_31,PS,0.0,6
11,barra_31,PS,0.0,6
12,barra_31,PS,0.0,6
13,barra_31,PS,0.0,6
14,barra_31,PS,0.0,6
15,barra_31,PS,0.0,6
16,barra_31,PS,0.0,6
17,barra_31,PS,0.0,6
18,barra_31,PS,0.0,6
19,barra_31,PS,0.0,6
20,barra_31,PS,0.0,6
21,barra_31,PS,0.0,6
22,barra_31,PS,0.0,6
23,barra_31,PS,0.0,6
24,barra_31,PS,0.0,6
1,barra_32,PS,0.0,6
2,barra_32,PS,0.0,6
3,barra_32,PS,0.0,6
4,barra_32,PS,0.0,6
5,barra_32,PS,0.0,6
6,barra_32,PS,0.0,6
7,barra_32,PS,0.0,6
8,barra_32,PS,0.0,6
9,barra_32,PS,0.0,6
10,barra_32,PS,0.0,6
11,barra_32,PS,0.0,6
12,barra_32,PS,0.0,6
13,barra_32,PS,0.0,6
14,barra_32,PS,0.0,6
15,barra_32,PS,0.0,6
16,barra_32,PS,0.0,6
17,barra_32,PS,0.0,6
18,barra_32,PS,0.0,6
19,barra_32,PS,0.0,6
20,barra_32,PS,0.0,6
21,barra_32,PS,0.0,6
22,barra_32,PS,0.0,6
23,barra_32,PS,0.0,6
24,barra_32,PS,0.0,6
1,barra_33,PS,0.0,6
2,barra_33,PS,0.0,6
3,barra_33,PS,0.0,6
4,barra_33,PS,0.0,6
5,barra_33,PS,0.0,6
6,barra_33,PS,0.0,6
7,barra_33,PS,0.0,6
8,barra_33,PS,0.0,6
9,barra_33,PS,0.0,6
10,barra_33,PS,0.0,6
11,barra_33,PS,0.0,6
12,barra_33,PS,0.0,6
13,barra_33,PS,0.0,6
14,barra_33,PS,0.0,6
15,barra_33,PS,0.0,6
16,barra_33,PS,0.0,6
17,barra_33,PS,0.0,6
18,barra_33,PS,0.0,6
19,barra_33,PS,0.0,6
20,barra_33,PS,0.0,6
21,barra_33,PS,0.0,6
22,barra_33,PS,0.0,6
23,barra_33,PS,0.0,6
24,barra_33,PS,0.0,6
1,barra_1,PW,0.0,6
2,barra_1,PW,0.0,6
3,barra_1,PW,0.0,6
4,barra_1,PW,0.0,6
5,barra_1,PW,0.0,6
6,barra_1,PW,0.0,6
7,barra_1,PW,0.0,6
8,barra_1,PW,0.0,6
9,barra_1,PW,0.0,6
10,barra_1,PW,0.0,6
11,barra_1,PW,0.0,6
12,barra_1,PW,0.0,6
13,barra_1,PW,0.0,6
14,barra_1,PW,0.0,6
15,barra_1,PW,0.0,6
16,barra_1,PW,0.0,6
17,barra_1,PW,0.0,6
18,barra_1,PW,0.0,6
19,barra_1,PW,0.0,6
20,barra_1,PW,0.0,6
21,barra_1,PW,0.0,6
22,barra_1,PW,0.0,6
23,barra_1,PW,0.0,6
24,barra_1,PW,0.0,6
1,barra_2,PW,0.0,6
2,barra_2,PW,0.0,6
3,barra_2,PW,0.0,6
4,barra_2,PW,0.0,6
5,barra_2,PW,0.0,6
6,barra_2,PW,0.0,6
7,barra_2,PW,0.0,6
8,barra_2,PW,0.0,6
9,barra_2,PW,0.0,6
10,barra_2,PW,0.0,6
11,barra_2,PW,0.0,6
12,barra_2,PW,0.0,6
13,barra_2,PW,0.0,6
14,barra_2,PW,0.0,6
15,barra_2,PW,0.0,6
16,barra_2,PW,0.0,6
17,barra_2,PW,0.0,6
18,barra_2,PW,0.0,6
19,barra_2,PW,0.0,6
20,barra_2,PW,0.0,6
21,barra_2,PW,0.0,6
22,barra_2,PW,0.0,6
23,barra_2,PW,0.0,6
24,barra_2,PW,0.0,6
1,barra_3,PW,0.0,6
2,barra_3,PW,0.0,6
3,barra_3,PW,0.0,6
4,barra_3,PW,0.0,6
5,barra_3,PW,0.0,6
6,barra_3,PW,0.0,6
7,barra_3,PW,0.0,6
8,barra_3,PW,0.0,6
9,barra_3,PW,0.0,6
10,barra_3,PW,0.0,6
11,barra_3,PW,0.0,6
12,barra_3,PW,0.0,6
13,barra_3,PW,0.0,6
14,barra_3,PW,0.0,6
15,barra_3,PW,0.0,6
16,barra_3,PW,0.0,6
17,barra_3,PW,0.0,6
18,barra_3,PW,0.0,6
19,barra_3,PW,0.0,6
20,barra_3,PW,0.0,6
21,barra_3,PW,0.0,6
22,barra_3,PW,0.0,6
23,barra_3,PW,0.0,6
24,barra_3,PW,0.0,6
1,barra_4,PW,0.0,6
2,barra_4,PW,0.0,6
3,barra_4,PW,0.0,6
4,barra_4,PW,0.0,6
5,barra_4,PW,0.0,6
6,barra_4,PW,0.0,6
7,barra_4,PW,0.0,6
8,barra_4,PW,0.0,6
9,barra_4,PW,0.0,6
10,barra_4,PW,0.0,6
11,barra_4,PW,0.0,6
12,barra_4,PW,0.0,6
13,barra_4,PW,0.0,6
14,barra_4,PW,0.0,6
15,barra_4,PW,0.0,6
16,barra_4,PW,0.0,6
17,barra_4,PW,0.0,6
18,barra_4,PW,0.0,6
19,barra_4,PW,0.0,6
20,barra_4,PW,0.0,6
21,barra_4,PW,0.0,6
22,barra_4,PW,0.0,6
23,barra_4,PW,0.0,6
24,barra_4,PW,0.0,6
1,barra_5,PW,0.0,6
2,barra_5,PW,0.0,6
3,barra_5,PW,0.0,6
4,barra_5,PW,0.0,6
5,barra_5,PW,0.0,6
6,barra_5,PW,0.0,6
7,barra_5,PW,0.0,6
8,barra_5,PW,0.0,6
9,barra_5,PW,0.0,6
10,barra_5,PW,0.0,6
11,barra_5,PW,0.0,6
12,barra_5,PW,0.0,6
13,barra_5,PW,0.0,6
14,barra_5,PW,0.0,6
15,barra_5,PW,0.0,6
16,barra_5,PW,0.0,6
17,barra_5,PW,0.0,6
18,barra_5,PW,0.0,6
19,barra_5,PW,0.0,6
20,barra_5,PW,0.0,6
21,barra_5,PW,0.0,6
22,barra_5,PW,0.0,6
23,barra_5,PW,0.0,6
24,barra_5,PW,0.0,6
1,barra_6,PW,0.48790286,6
2,barra_6,PW,0.49436407,6
3,barra_6,PW,0.49905022,6
4,barra_6,PW,0.35870231,6
5,barra_6,PW,0.49829321,6
6,barra_6,PW,0.46254846,6
7,barra_6,PW,0.37564412,6
8,barra_6,PW,0.31193226,6
9,barra_6,PW,0.21406878,6
10,barra_6,PW,0.040807043,6
11,barra_6,PW,0.0,6
12,barra_6,PW,0.0,6
13,barra_6,PW,0.0,6
14,barra_6,PW,0.0,6
15,barra_6,PW,0.0,6
16,barra_6,PW,0.024210112,6
17,barra_6,PW,0.24984909,6
18,barra_6,PW,0.38134012,6
19,barra_6,PW,0.48678966,6
20,barra_6,PW,0.50729885,6
21,barra_6,PW,0.51032491,6
22,barra_6,PW,0.52111993,6
23,barra_6,PW,0.52897624,6
24,barra_6,PW,0.5282291,6
1,barra_7,PW,0.0,6
2,barra_7,PW,0.0,6
3,barra_7,PW,0.0,6
4,barra_7,PW,0.0,6
5,barra_7,PW,0.0,6
6,barra_7,PW,0.0,6
7,barra_7,PW,0.0,6
8,barra_7,PW,0.0,6
9,barra_7,PW,0.0,6
10,barra_7,PW,0.0,6
11,barra_7,PW,0.0,6
12,barra_7,PW,0.0,6
13,barra_7,PW,0.0,6
14,barra_7,PW,0.0,6
15,barra_7,PW,0.0,6
16,barra_7,PW,0.0,6
17,barra_7,PW,0.0,6
18,barra_7,PW,0.0,6
19,barra_7,PW,0.0,6
20,barra_7,PW,0.0,6
21,barra_7,PW,0.0,6
22,barra_7,PW,0.0,6
23,barra_7,PW,0.0,6
24,barra_7,PW,0.0,6
1,barra_8,PW,0.0,6
2,barra_8,PW,0.0,6
3,barra_8,PW,0.0,6
4,barra_8,PW,0.0,6
5,barra_8,PW,0.0,6
6,barra_8,PW,0.0,6
7,barra_8,PW,0.0,6
8,barra_8,PW,0.0,6
9,barra_8,PW,0.0,6
10,barra_8,PW,0.0,6
11,barra_8,PW,0.0,6
12,barra_8,PW,0.0,6
13,barra_8,PW,0.0,6
14,barra_8,PW,0.0,6
15,barra_8,PW,0.0,6
16,barra_8,PW,0.0,6
17,barra_8,PW,0.0,6
18,barra_8,PW,0.0,6
19,barra_8,PW,0.0,6
20,barra_8,PW,0.0,6
21,barra_8,PW,0.0,6
22,barra_8,PW,0.0,6
23,barra_8,PW,0.0,6
24,barra_8,PW,0.0,6
1,barra_9,PW,0.0,6
2,barra_9,PW,0.0,6
3,barra_9,PW,0.0,6
4,barra_9,PW,0.0,6
5,barra_9,PW,0.0,6
6,barra_9,PW,0.0,6
7,barra_9,PW,0.0,6
8,barra_9,PW,0.0,6
9,barra_9,PW,0.0,6
10,barra_9,PW,0.0,6
11,barra_9,PW,0.0,6
12,barra_9,PW,0.0,6
13,barra_9,PW,0.0,6
14,barra_9,PW,0.0,6
15,barra_9,PW,0.0,6
16,barra_9,PW,0.0,6
17,barra_9,PW,0.0,6
18,barra_9,PW,0.0,6
19,barra_9,PW,0.0,6
20,barra_9,PW,0.0,6
21,barra_9,PW,0.0,6
22,barra_9,PW,0.0,6
23,barra_9,PW,0.0,6
24,barra_9,PW,0.0,6
1,barra_10,PW,0.0,6
2,barra_10,PW,0.0,6
3,barra_10,PW,0.0,6
4,barra_10,PW,0.0,6
5,barra_10,PW,0.0,6
6,barra_10,PW,0.0,6
7,barra_10,PW,0.0,6
8,barra_10,PW,0.0,6
9,barra_10,PW,0.0,6
10,barra_10,PW,0.0,6
11,barra_10,PW,0.0,6
12,barra_10,PW,0.0,6
13,barra_10,PW,0.0,6
14,barra_10,PW,0.0,6
15,barra_10,PW,0.0,6
16,barra_10,PW,0.0,6
17,barra_10,PW,0.0,6
18,barra_10,PW,0.0,6
19,barra_10,PW,0.0,6
20,barra_10,PW,0.0,6
21,barra_10,PW,0.0,6
22,barra_10,PW,0.0,6
23,barra_10,PW,0.0,6
24,barra_10,PW,0.0,6
1,barra_11,PW,0.0,6
2,barra_11,PW,0.0,6
3,barra_11,PW,0.0,6
4,barra_11,PW,0.0,6
5,barra_11,PW,0.0,6
6,barra_11,PW,0.0,6
7,barra_11,PW,0.0,6
8,barra_11,PW,0.0,6
9,barra_11,PW,0.0,6
10,barra_11,PW,0.0,6
11,barra_11,PW,0.0,6
12,barra_11,PW,0.0,6
13,barra_11,PW,0.0,6
14,barra_11,PW,0.0,6
15,barra_11,PW,0.0,6
16,barra_11,PW,0.0,6
17,barra_11,PW,0.0,6
18,barra_11,PW,0.0,6
19,barra_11,PW,0.0,6
20,barra_11,PW,0.0,6
21,barra_11,PW,0.0,6
22,barra_11,PW,0.0,6
23,barra_11,PW,0.0,6
24,barra_11,PW,0.0,6
1,barra_12,PW,0.0,6
2,barra_12,PW,0.0,6
3,barra_12,PW,0.0,6
4,barra_12,PW,0.0,6
5,barra_12,PW,0.0,6
6,barra_12,PW,0.0,6
7,barra_12,PW,0.0,6
8,barra_12,PW,0.0,6
9,barra_12,PW,0.0,6
10,barra_12,PW,0.0,6
11,barra_12,PW,0.0,6
12,barra_12,PW,0.0,6
13,barra_12,PW,0.0,6
14,barra_12,PW,0.0,6
15,barra_12,PW,0.0,6
16,barra_12,PW,0.0,6
17,barra_12,PW,0.0,6
18,barra_12,PW,0.0,6
19,barra_12,PW,0.0,6
20,barra_12,PW,0.0,6
21,barra_12,PW,0.0,6
22,barra_12,PW,0.0,6
23,barra_12,PW,0.0,6
24,barra_12,PW,0.0,6
1,barra_13,PW,0.0,6
2,barra_13,PW,0.0,6
3,barra_13,PW,0.0,6
4,barra_13,PW,0.0,6
5,barra_13,PW,0.0,6
6,barra_13,PW,0.0,6
7,barra_13,PW,0.0,6
8,barra_13,PW,0.0,6
9,barra_13,PW,0.0,6
10,barra_13,PW,0.0,6
11,barra_13,PW,0.0,6
12,barra_13,PW,0.0,6
13,barra_13,PW,0.0,6
14,barra_13,PW,0.0,6
15,barra_13,PW,0.0,6
16,barra_13,PW,0.0,6
17,barra_13,PW,0.0,6
18,barra_13,PW,0.0,6
19,barra_13,PW,0.0,6
20,barra_13,PW,0.0,6
21,barra_13,PW,0.0,6
22,barra_13,PW,0.0,6
23,barra_13,PW,0.0,6
24,barra_13,PW,0.0,6
1,barra_14,PW,0.19979094,6
2,barra_14,PW,0.2059266,6
3,barra_14,PW,0.20705364,6
4,barra_14,PW,0.20323617,6
5,barra_14,PW,0.21701387,6
6,barra_14,PW,0.18943319,6
7,barra_14,PW,0.1593635,6
8,barra_14,PW,0.13805001,6
9,barra_14,PW,0.054037839,6
10,barra_14,PW,0.0,6
11,barra_14,PW,0.0,6
12,barra_14,PW,0.0,6
13,barra_14,PW,0.0,6
14,barra_14,PW,0.0,6
15,barra_14,PW,0.0,6
16,barra_14,PW,0.0,6
17,barra_14,PW,0.10540956,6
18,barra_14,PW,0.148908,6
19,barra_14,PW,0.19581834,6
20,barra_14,PW,0.19758272,6
21,barra_14,PW,0.16786443,6
22,barra_14,PW,0.17889662,6
23,barra_14,PW,0.22140606,6
24,barra_14,PW,0.26068643,6
1,barra_15,PW,0.0,6
2,barra_15,PW,0.0,6
3,barra_15,PW,0.0,6
4,barra_15,PW,0.0,6
5,barra_15,PW,0.0,6
6,barra_15,PW,0.0,6
7,barra_15,PW,0.0,6
8,barra_15,PW,0.0,6
9,barra_15,PW,0.0,6
10,barra_15,PW,0.0,6
11,barra_15,PW,0.0,6
12,barra_15,PW,0.0,6
13,barra_15,PW,0.0,6
14,barra_15,PW,0.0,6
15,barra_15,PW,0.0,6
16,barra_15,PW,0.0,6
17,barra_15,PW,0.0,6
18,barra_15,PW,0.0,6
19,barra_15,PW,0.0,6
20,barra_15,PW,0.0,6
21,barra_15,PW,0.0,6
22,barra_15,PW,0.0,6
23,barra_15,PW,0.0,6
24,barra_15,PW,0.0,6
1,barra_16,PW,0.0,6
2,barra_16,PW,0.0,6
3,barra_16,PW,0.0,6
4,barra_16,PW,0.0,6
5,barra_16,PW,0.0,6
6,barra_16,PW,0.0,6
7,barra_16,PW,0.0,6
8,barra_16,PW,0.0,6
9,barra_16,PW,0.0,6
10,barra_16,PW,0.0,6
11,barra_16,PW,0.0,6
12,barra_16,PW,0.0,6
13,barra_16,PW,0.0,6
14,barra_16,PW,0.0,6
15,barra_16,PW,0.0,6
16,barra_16,PW,0.0,6
17,barra_16,PW,0.0,6
18,barra_16,PW,0.0,6
19,barra_16,PW,0.0,6
20,barra_16,PW,0.0,6
21,barra_16,PW,0.0,6
22,barra_16,PW,0.0,6
23,barra_16,PW,0.0,6
24,barra_16,PW,0.0,6
1,barra_17,PW,0.0,6
2,barra_17,PW,0.0,6
3,barra_17,PW,0.0,6
4,barra_17,PW,0.0,6
5,barra_17,PW,0.0,6
6,barra_17,PW,0.0,6
7,barra_17,PW,0.0,6
8,barra_17,PW,0.0,6
9,barra_17,PW,0.0,6
10,barra_17,PW,0.0,6
11,barra_17,PW,0.0,6
12,barra_17,PW,0.0,6
13,barra_17,PW,0.0,6
14,barra_17,PW,0.0,6
15,barra_17,PW,0.0,6
16,barra_17,PW,0.0,6
17,barra_17,PW,0.0,6
18,barra_17,PW,0.0,6
19,barra_17,PW,0.0,6
20,barra_17,PW,0.0,6
21,barra_17,PW,0.0,6
22,barra_17,PW,0.0,6
23,barra_17,PW,0.0,6
24,barra_17,PW,0.0,6
1,barra_18,PW,0.408,6
2,barra_18,PW,0.42,6
3,barra_18,PW,0.432,6
4,barra_18,PW,0.444,6
5,barra_18,PW,0.42,6
6,barra_18,PW,0.396,6
7,barra_18,PW,0.36,6
8,barra_18,PW,0.33,6
9,barra_18,PW,0.3,6
10,barra_18,PW,0.276,6
11,barra_18,PW,0.264,6
12,barra_18,PW,0.252,6
13,barra_18,PW,0.23584129,6
14,barra_18,PW,0.22697009,6
15,barra_18,PW,0.24,6
16,barra_18,PW,0.27,6
17,barra_18,PW,0.312,6
18,barra_18,PW,0.372,6
19,barra_18,PW,0.432,6
20,barra_18,PW,0.48,6
21,barra_18,PW,0.516,6
22,barra_18,PW,0.54,6
23,barra_18,PW,0.504,6
24,barra_18,PW,0.456,6
1,barra_19,PW,0.0,6
2,barra_19,PW,0.0,6
3,barra_19,PW,0.0,6
4,barra_19,PW,0.0,6
5,barra_19,PW,0.0,6
6,barra_19,PW,0.0,6
7,barra_19,PW,0.0,6
8,barra_19,PW,0.0,6
9,barra_19,PW,0.0,6
10,barra_19,PW,0.0,6
11,barra_19,PW,0.0,6
12,barra_19,PW,0.0,6
13,barra_19,PW,0.0,6
14,barra_19,PW,0.0,6
15,barra_19,PW,0.0,6
16,barra_19,PW,0.0,6
17,barra_19,PW,0.0,6
18,barra_19,PW,0.0,6
19,barra_19,PW,0.0,6
20,barra_19,PW,0.0,6
21,barra_19,PW,0.0,6
22,barra_19,PW,0.0,6
23,barra_19,PW,0.0,6
24,barra_19,PW,0.0,6
1,barra_20,PW,0.0,6
2,barra_20,PW,0.0,6
3,barra_20,PW,0.0,6
4,barra_20,PW,0.0,6
5,barra_20,PW,0.0,6
6,barra_20,PW,0.0,6
7,barra_20,PW,0.0,6
8,barra_20,PW,0.0,6
9,barra_20,PW,0.0,6
10,barra_20,PW,0.0,6
11,barra_20,PW,0.0,6
12,barra_20,PW,0.0,6
13,barra_20,PW,0.0,6
14,barra_20,PW,0.0,6
15,barra_20,PW,0.0,6
16,barra_20,PW,0.0,6
17,barra_20,PW,0.0,6
18,barra_20,PW,0.0,6
19,barra_20,PW,0.0,6
20,barra_20,PW,0.0,6
21,barra_20,PW,0.0,6
22,barra_20,PW,0.0,6
23,barra_20,PW,0.0,6
24,barra_20,PW,0.0,6
1,barra_21,PW,0.0,6
2,barra_21,PW,0.0,6
3,barra_21,PW,0.0,6
4,barra_21,PW,0.0,6
5,barra_21,PW,0.0,6
6,barra_21,PW,0.0,6
7,barra_21,PW,0.0,6
8,barra_21,PW,0.0,6
9,barra_21,PW,0.0,6
10,barra_21,PW,0.0,6
11,barra_21,PW,0.0,6
12,barra_21,PW,0.0,6
13,barra_21,PW,0.0,6
14,barra_21,PW,0.0,6
15,barra_21,PW,0.0,6
16,barra_21,PW,0.0,6
17,barra_21,PW,0.0,6
18,barra_21,PW,0.0,6
19,barra_21,PW,0.0,6
20,barra_21,PW,0.0,6
21,barra_21,PW,0.0,6
22,barra_21,PW,0.0,6
23,barra_21,PW,0.0,6
24,barra_21,PW,0.0,6
1,barra_22,PW,0.0,6
2,barra_22,PW,0.0,6
3,barra_22,PW,0.0,6
4,barra_22,PW,0.0,6
5,barra_22,PW,0.0,6
6,barra_22,PW,0.0,6
7,barra_22,PW,0.0,6
8,barra_22,PW,0.0,6
9,barra_22,PW,0.0,6
10,barra_22,PW,0.0,6
11,barra_22,PW,0.0,6
12,barra_22,PW,0.0,6
13,barra_22,PW,0.0,6
14,barra_22,PW,0.0,6
15,barra_22,PW,0.0,6
16,barra_22,PW,0.0,6
17,barra_22,PW,0.0,6
18,barra_22,PW,0.0,6
19,barra_22,PW,0.0,6
20,barra_22,PW,0.0,6
21,barra_22,PW,0.0,6
22,barra_22,PW,0.0,6
23,barra_22,PW,0.0,6
24,barra_22,PW,0.0,6
1,barra_23,PW,0.0,6
2,barra_23,PW,0.0,6
3,barra_23,PW,0.0,6
4,barra_23,PW,0.0,6
5,barra_23,PW,0.0,6
6,barra_23,PW,0.0,6
7,barra_23,PW,0.0,6
8,barra_23,PW,0.0,6
9,barra_23,PW,0.0,6
10,barra_23,PW,0.0,6
11,barra_23,PW,0.0,6
12,barra_23,PW,0.0,6
13,barra_23,PW,0.0,6
14,barra_23,PW,0.0,6
15,barra_23,PW,0.0,6
16,barra_23,PW,0.0,6
17,barra_23,PW,0.0,6
18,barra_23,PW,0.0,6
19,barra_23,PW,0.0,6
20,barra_23,PW,0.0,6
21,barra_23,PW,0.0,6
22,barra_23,PW,0.0,6
23,barra_23,PW,0.0,6
24,barra_23,PW,0.0,6
1,barra_24,PW,0.0,6
2,barra_24,PW,0.0,6
3,barra_24,PW,0.0,6
4,barra_24,PW,0.0,6
5,barra_24,PW,0.0,6
6,barra_24,PW,0.0,6
7,barra_24,PW,0.0,6
8,barra_24,PW,0.0,6
9,barra_24,PW,0.0,6
10,barra_24,PW,0.0,6
11,barra_24,PW,0.0,6
12,barra_24,PW,0.0,6
13,barra_24,PW,0.0,6
14,barra_24,PW,0.0,6
15,barra_24,PW,0.0,6
16,barra_24,PW,0.0,6
17,barra_24,PW,0.0,6
18,barra_24,PW,0.0,6
19,barra_24,PW,0.0,6
20,barra_24,PW,0.0,6
21,barra_24,PW,0.0,6
22,barra_24,PW,0.0,6
23,barra_24,PW,0.0,6
24,barra_24,PW,0.0,6
1,barra_25,PW,0.14686778,6
2,barra_25,PW,0.0050700513,6
3,barra_25,PW,0.14502696,6
4,barra_25,PW,0.13564037,6
5,barra_25,PW,0.15475351,6
6,barra_25,PW,0.13235596,6
7,barra_25,PW,0.091082695,6
8,barra_25,PW,0.050354789,6
9,barra_25,PW,0.0,6
10,barra_25,PW,0.0,6
11,barra_25,PW,0.0,6
12,barra_25,PW,0.0,6
13,barra_25,PW,0.0,6
14,barra_25,PW,0.0,6
15,barra_25,PW,0.0,6
16,barra_25,PW,0.0,6
17,barra_25,PW,0.0,6
18,barra_25,PW,0.078303453,6
19,barra_25,PW,0.1310506,6
20,barra_25,PW,0.099887133,6
21,barra_25,PW,0.07370283,6
22,barra_25,PW,0.066274769,6
23,barra_25,PW,0.13043194,6
24,barra_25,PW,0.18065369,6
1,barra_26,PW,0.0,6
2,barra_26,PW,0.0,6
3,barra_26,PW,0.0,6
4,barra_26,PW,0.0,6
5,barra_26,PW,0.0,6
6,barra_26,PW,0.0,6
7,barra_26,PW,0.0,6
8,barra_26,PW,0.0,6
9,barra_26,PW,0.0,6
10,barra_26,PW,0.0,6
11,barra_26,PW,0.0,6
12,barra_26,PW,0.0,6
13,barra_26,PW,0.0,6
14,barra_26,PW,0.0,6
15,barra_26,PW,0.0,6
16,barra_26,PW,0.0,6
17,barra_26,PW,0.0,6
18,barra_26,PW,0.0,6
19,barra_26,PW,0.0,6
20,barra_26,PW,0.0,6
21,barra_26,PW,0.0,6
22,barra_26,PW,0.0,6
23,barra_26,PW,0.0,6
24,barra_26,PW,0.0,6
1,barra_27,PW,0.0,6
2,barra_27,PW,0.0,6
3,barra_27,PW,0.0,6
4,barra_27,PW,0.0,6
5,barra_27,PW,0.0,6
6,barra_27,PW,0.0,6
7,barra_27,PW,0.0,6
8,barra_27,PW,0.0,6
9,barra_27,PW,0.0,6
10,barra_27,PW,0.0,6
11,barra_27,PW,0.0,6
12,barra_27,PW,0.0,6
13,barra_27,PW,0.0,6
14,barra_27,PW,0.0,6
15,barra_27,PW,0.0,6
16,barra_27,PW,0.0,6
17,barra_27,PW,0.0,6
18,barra_27,PW,0.0,6
19,barra_27,PW,0.0,6
20,barra_27,PW,0.0,6
21,barra_27,PW,0.0,6
22,barra_27,PW,0.0,6
23,barra_27,PW,0.0,6
24,barra_27,PW,0.0,6
1,barra_28,PW,0.0,6
2,barra_28,PW,0.0,6
3,barra_28,PW,0.0,6
4,barra_28,PW,0.0,6
5,barra_28,PW,0.0,6
6,barra_28,PW,0.0,6
7,barra_28,PW,0.0,6
8,barra_28,PW,0.0,6
9,barra_28,PW,0.0,6
10,barra_28,PW,0.0,6
11,barra_28,PW,0.0,6
12,barra_28,PW,0.0,6
13,barra_28,PW,0.0,6
14,barra_28,PW,0.0,6
15,barra_28,PW,0.0,6
16,barra_28,PW,0.0,6
17,barra_28,PW,0.0,6
18,barra_28,PW,0.0,6
19,barra_28,PW,0.0,6
20,barra_28,PW,0.0,6
21,barra_28,PW,0.0,6
22,barra_28,PW,0.0,6
23,barra_28,PW,0.0,6
24,barra_28,PW,0.0,6
1,barra_29,PW,0.0,6
2,barra_29,PW,0.0,6
3,barra_29,PW,0.0,6
4,barra_29,PW,0.0,6
5,barra_29,PW,0.0,6
6,barra_29,PW,0.0,6
7,barra_29,PW,0.0,6
8,barra_29,PW,0.0,6
9,barra_29,PW,0.0,6
10,barra_29,PW,0.0,6
11,barra_29,PW,0.0,6
12,barra_29,PW,0.0,6
13,barra_29,PW,0.0,6
14,barra_29,PW,0.0,6
15,barra_29,PW,0.0,6
16,barra_29,PW,0.0,6
17,barra_29,PW,0.0,6
18,barra_29,PW,0.0,6
19,barra_29,PW,0.0,6
20,barra_29,PW,0.0,6
21,barra_29,PW,0.0,6
22,barra_29,PW,0.0,6
23,barra_29,PW,0.0,6
24,barra_29,PW,0.0,6
1,barra_30,PW,0.374,6
2,barra_30,PW,0.385,6
3,barra_30,PW,0.396,6
4,barra_30,PW,0.407,6
5,barra_30,PW,0.385,6
6,barra_30,PW,0.363,6
7,barra_30,PW,0.33,6
8,barra_30,PW,0.3025,6
9,barra_30,PW,0.275,6
10,barra_30,PW,0.253,6
11,barra_30,PW,0.24068045,6
12,barra_30,PW,0.231,6
13,barra_30,PW,0.22,6
14,barra_30,PW,0.209,6
15,barra_30,PW,0.22,6
16,barra_30,PW,0.2475,6
17,barra_30,PW,0.286,6
18,barra_30,PW,0.341,6
19,barra_30,PW,0.396,6
20,barra_30,PW,0.44,6
21,barra_30,PW,0.473,6
22,barra_30,PW,0.495,6
23,barra_30,PW,0.462,6
24,barra_30,PW,0.418,6
1,barra_31,PW,0.0,6
2,barra_31,PW,0.0,6
3,barra_31,PW,0.0,6
4,barra_31,PW,0.0,6
5,barra_31,PW,0.0,6
6,barra_31,PW,0.0,6
7,barra_31,PW,0.0,6
8,barra_31,PW,0.0,6
9,barra_31,PW,0.0,6
10,barra_31,PW,0.0,6
11,barra_31,PW,0.0,6
12,barra_31,PW,0.0,6
13,barra_31,PW,0.0,6
14,barra_31,PW,0.0,6
15,barra_31,PW,0.0,6
16,barra_31,PW,0.0,6
17,barra_31,PW,0.0,6
18,barra_31,PW,0.0,6
19,barra_31,PW,0.0,6
20,barra_31,PW,0.0,6
21,barra_31,PW,0.0,6
22,barra_31,PW,0.0,6
23,barra_31,PW,0.0,6
24,barra_31,PW,0.0,6
1,barra_32,PW,0.0,6
2,barra_32,PW,0.0,6
3,barra_32,PW,0.0,6
4,barra_32,PW,0.0,6
5,barra_32,PW,0.0,6
6,barra_32,PW,0.0,6
7,barra_32,PW,0.0,6
8,barra_32,PW,0.0,6
9,barra_32,PW,0.0,6
10,barra_32,PW,0.0,6
11,barra_32,PW,0.0,6
12,barra_32,PW,0.0,6
13,barra_32,PW,0.0,6
14,barra_32,PW,0.0,6
15,barra_32,PW,0.0,6
16,barra_32,PW,0.0,6
17,barra_32,PW,0.0,6
18,barra_32,PW,0.0,6
19,barra_32,PW,0.0,6
20,barra_32,PW,0.0,6
21,barra_32,PW,0.0,6
22,barra_32,PW,0.0,6
23,barra_32,PW,0.0,6
24,barra_32,PW,0.0,6
1,barra_33,PW,0.0,6
2,barra_33,PW,0.0,6
3,barra_33,PW,0.0,6
4,barra_33,PW,0.0,6
5,barra_33,PW,0.0,6
6,barra_33,PW,0.0,6
7,barra_33,PW,0.0,6
8,barra_33,PW,0.0,6
9,barra_33,PW,0.0,6
10,barra_33,PW,0.0,6
11,barra_33,PW,0.0,6
12,barra_33,PW,0.0,6
13,barra_33,PW,0.0,6
14,barra_33,PW,0.0,6
15,barra_33,PW,0.0,6
16,barra_33,PW,0.0,6
17,barra_33,PW,0.0,6
18,barra_33,PW,0.0,6
19,barra_33,PW,0.0,6
20,barra_33,PW,0.0,6
21,barra_33,PW,0.0,6
22,barra_33,PW,0.0,6
23,barra_33,PW,0.0,6
24,barra_33,PW,0.0,6
1,barra_1,CS,0.0,6
2,barra_1,CS,0.0,6
3,barra_1,CS,0.0,6
4,barra_1,CS,0.0,6
5,barra_1,CS,0.0,6
6,barra_1,CS,0.0,6
7,barra_1,CS,0.0,6
8,barra_1,CS,0.0,6
9,barra_1,CS,0.0,6
10,barra_1,CS,0.0,6
11,barra_1,CS,0.0,6
12,barra_1,CS,0.0,6
13,barra_1,CS,0.0,6
14,barra_1,CS,0.0,6
15,barra_1,CS,0.0,6
16,barra_1,CS,0.0,6
17,barra_1,CS,0.0,6
18,barra_1,CS,0.0,6
19,barra_1,CS,0.0,6
20,barra_1,CS,0.0,6
21,barra_1,CS,0.0,6
22,barra_1,CS,0.0,6
23,barra_1,CS,0.0,6
24,barra_1,CS,0.0,6
1,barra_2,CS,0.0,6
2,barra_2,CS,0.0,6
3,barra_2,CS,0.0,6
4,barra_2,CS,0.0,6
5,barra_2,CS,0.0,6
6,barra_2,CS,0.0,6
7,barra_2,CS,0.0,6
8,barra_2,CS,0.0,6
9,barra_2,CS,0.0,6
10,barra_2,CS,0.0,6
11,barra_2,CS,0.0,6
12,barra_2,CS,0.0,6
13,barra_2,CS,0.0,6
14,barra_2,CS,0.0,6
15,barra_2,CS,0.0,6
16,barra_2,CS,0.0,6
17,barra_2,CS,0.0,6
18,barra_2,CS,0.0,6
19,barra_2,CS,0.0,6
20,barra_2,CS,0.0,6
21,barra_2,CS,0.0,6
22,barra_2,CS,0.0,6
23,barra_2,CS,0.0,6
24,barra_2,CS,0.0,6
1,barra_3,CS,0.0,6
2,barra_3,CS,0.0,6
3,barra_3,CS,0.0,6
4,barra_3,CS,0.0,6
5,barra_3,CS,0.0,6
6,barra_3,CS,0.0,6
7,barra_3,CS,0.0,6
8,barra_3,CS,0.0,6
9,barra_3,CS,0.0,6
10,barra_3,CS,0.0,6
11,barra_3,CS,0.0,6
12,barra_3,CS,0.0,6
13,barra_3,CS,0.0,6
14,barra_3,CS,0.0,6
15,barra_3,CS,0.0,6
16,barra_3,CS,0.0,6
17,barra_3,CS,0.0,6
18,barra_3,CS,0.0,6
19,barra_3,CS,0.0,6
20,barra_3,CS,0.0,6
21,barra_3,CS,0.0,6
22,barra_3,CS,0.0,6
23,barra_3,CS,0.0,6
24,barra_3,CS,0.0,6
1,barra_4,CS,0.0,6
2,barra_4,CS,0.0,6
3,barra_4,CS,0.0,6
4,barra_4,CS,0.0,6
5,barra_4,CS,0.0,6
6,barra_4,CS,0.0,6
7,barra_4,CS,0.0,6
8,barra_4,CS,0.0,6
9,barra_4,CS,0.0,6
10,barra_4,CS,0.0,6
11,barra_4,CS,0.0,6
12,barra_4,CS,0.0,6
13,barra_4,CS,0.0,6
14,barra_4,CS,0.0,6
15,barra_4,CS,0.0,6
16,barra_4,CS,0.0,6
17,barra_4,CS,0.0,6
18,barra_4,CS,0.0,6
19,barra_4,CS,0.0,6
20,barra_4,CS,0.0,6
21,barra_4,CS,0.0,6
22,barra_4,CS,0.0,6
23,barra_4,CS,0.0,6
24,barra_4,CS,0.0,6
1,barra_5,CS,0.0,6
2,barra_5,CS,0.0,6
3,barra_5,CS,0.0,6
4,barra_5,CS,0.0,6
5,barra_5,CS,0.0,6
6,barra_5,CS,0.0,6
7,barra_5,CS,0.0,6
8,barra_5,CS,0.0,6
9,barra_5,CS,0.0,6
10,barra_5,CS,0.0,6
11,barra_5,CS,0.0,6
12,barra_5,CS,0.0,6
13,barra_5,CS,0.0,6
14,barra_5,CS,0.0,6
15,barra_5,CS,0.0,6
16,barra_5,CS,0.0,6
17,barra_5,CS,0.0,6
18,barra_5,CS,0.0,6
19,barra_5,CS,0.0,6
20,barra_5,CS,0.0,6
21,barra_5,CS,0.0,6
22,barra_5,CS,0.0,6
23,barra_5,CS,0.0,6
24,barra_5,CS,0.0,6
1,barra_6,CS,0.0,6
2,barra_6,CS,0.0,6
3,barra_6,CS,0.0,6
4,barra_6,CS,0.0,6
5,barra_6,CS,0.0,6
6,barra_6,CS,-0.0,6
7,barra_6,CS,-0.0,6
8,barra_6,CS,-0.0,6
9,barra_6,CS,-0.0,6
10,barra_6,CS,-0.0,6
11,barra_6,CS,-0.0,6
12,barra_6,CS,-0.0,6
13,barra_6,CS,-0.0,6
14,barra_6,CS,-0.0,6
15,barra_6,CS,-0.0,6
16,barra_6,CS,-0.0,6
17,barra_6,CS,-0.0,6
18,barra_6,CS,-0.0,6
19,barra_6,CS,-0.0,6
20,barra_6,CS,0.0,6
21,barra_6,CS,0.0,6
22,barra_6,CS,0.0,6
23,barra_6,CS,0.0,6
24,barra_6,CS,0.0,6
1,barra_7,CS,0.0,6
2,barra_7,CS,0.0,6
3,barra_7,CS,0.0,6
4,barra_7,CS,0.0,6
5,barra_7,CS,0.0,6
6,barra_7,CS,0.0,6
7,barra_7,CS,0.0,6
8,barra_7,CS,0.0,6
9,barra_7,CS,0.0,6
10,barra_7,CS,0.0,6
11,barra_7,CS,0.0,6
12,barra_7,CS,0.0,6
13,barra_7,CS,0.0,6
14,barra_7,CS,0.0,6
15,barra_7,CS,0.0,6
16,barra_7,CS,0.0,6
17,barra_7,CS,0.0,6
18,barra_7,CS,0.0,6
19,barra_7,CS,0.0,6
20,barra_7,CS,0.0,6
21,barra_7,CS,0.0,6
22,barra_7,CS,0.0,6
23,barra_7,CS,0.0,6
24,barra_7,CS,0.0,6
1,barra_8,CS,0.0,6
2,barra_8,CS,0.0,6
3,barra_8,CS,0.0,6
4,barra_8,CS,0.0,6
5,barra_8,CS,0.0,6
6,barra_8,CS,0.0,6
7,barra_8,CS,0.0,6
8,barra_8,CS,0.0,6
9,barra_8,CS,0.0,6
10,barra_8,CS,0.0,6
11,barra_8,CS,0.0,6
12,barra_8,CS,0.0,6
13,barra_8,CS,0.0,6
14,barra_8,CS,0.0,6
15,barra_8,CS,0.0,6
16,barra_8,CS,0.0,6
17,barra_8,CS,0.0,6
18,barra_8,CS,0.0,6
19,barra_8,CS,0.0,6
20,barra_8,CS,0.0,6
21,barra_8,CS,0.0,6
22,barra_8,CS,0.0,6
23,barra_8,CS,0.0,6
24,barra_8,CS,0.0,6
1,barra_9,CS,0.0,6
2,barra_9,CS,0.0,6
3,barra_9,CS,0.0,6
4,barra_9,CS,0.0,6
5,barra_9,CS,0.0,6
6,barra_9,CS,0.0,6
7,barra_9,CS,0.0,6
8,barra_9,CS,0.0,6
9,barra_9,CS,0.0,6
10,barra_9,CS,0.0,6
11,barra_9,CS,0.0,6
12,barra_9,CS,0.0,6
13,barra_9,CS,0.0,6
14,barra_9,CS,0.0,6
15,barra_9,CS,0.0,6
16,barra_9,CS,0.0,6
17,barra_9,CS,0.0,6
18,barra_9,CS,0.0,6
19,barra_9,CS,0.0,6
20,barra_9,CS,0.0,6
21,barra_9,CS,0.0,6
22,barra_9,CS,0.0,6
23,barra_9,CS,0.0,6
24,barra_9,CS,0.0,6
1,barra_10,CS,0.0,6
2,barra_10,CS,0.0,6
3,barra_10,CS,0.0,6
4,barra_10,CS,0.0,6
5,barra_10,CS,0.0,6
6,barra_10,CS,0.0,6
7,barra_10,CS,0.0,6
8,barra_10,CS,0.0,6
9,barra_10,CS,0.0,6
10,barra_10,CS,0.0,6
11,barra_10,CS,0.0,6
12,barra_10,CS,0.0,6
13,barra_10,CS,0.0,6
14,barra_10,CS,0.0,6
15,barra_10,CS,0.0,6
16,barra_10,CS,0.0,6
17,barra_10,CS,0.0,6
18,barra_10,CS,0.0,6
19,barra_10,CS,0.0,6
20,barra_10,CS,0.0,6
21,barra_10,CS,0.0,6
22,barra_10,CS,0.0,6
23,barra_10,CS,0.0,6
24,barra_10,CS,0.0,6
1,barra_11,CS,0.0,6
2,barra_11,CS,0.0,6
3,barra_11,CS,0.0,6
4,barra_11,CS,0.0,6
5,barra_11,CS,0.0,6
6,barra_11,CS,0.0,6
7,barra_11,CS,0.0,6
8,barra_11,CS,0.0,6
9,barra_11,CS,0.0,6
10,barra_11,CS,0.0,6
11,barra_11,CS,0.0,6
12,barra_11,CS,0.0,6
13,barra_11,CS,0.0,6
14,barra_11,CS,0.0,6
15,barra_11,CS,0.0,6
16,barra_11,CS,0.0,6
17,barra_11,CS,0.0,6
18,barra_11,CS,0.0,6
19,barra_11,CS,0.0,6
20,barra_11,CS,0.0,6
21,barra_11,CS,0.0,6
22,barra_11,CS,0.0,6
23,barra_11,CS,0.0,6
24,barra_11,CS,0.0,6
1,barra_12,CS,0.0,6
2,barra_12,CS,0.0,6
3,barra_12,CS,0.0,6
4,barra_12,CS,0.0,6
5,barra_12,CS,0.0,6
6,barra_12,CS,0.0,6
7,barra_12,CS,0.0,6
8,barra_12,CS,0.0,6
9,barra_12,CS,0.0,6
10,barra_12,CS,0.0,6
11,barra_12,CS,0.0,6
12,barra_12,CS,0.0,6
13,barra_12,CS,0.0,6
14,barra_12,CS,0.0,6
15,barra_12,CS,0.0,6
16,barra_12,CS,0.0,6
17,barra_12,CS,0.0,6
18,barra_12,CS,0.0,6
19,barra_12,CS,0.0,6
20,barra_12,CS,0.0,6
21,barra_12,CS,0.0,6
22,barra_12,CS,0.0,6
23,barra_12,CS,0.0,6
24,barra_12,CS,0.0,6
1,barra_13,CS,0.0,6
2,barra_13,CS,0.0,6
3,barra_13,CS,0.0,6
4,barra_13,CS,0.0,6
5,barra_13,CS,0.0,6
6,barra_13,CS,0.0,6
7,barra_13,CS,0.0,6
8,barra_13,CS,0.0,6
9,barra_13,CS,0.0,6
10,barra_13,CS,0.0,6
11,barra_13,CS,0.0,6
12,barra_13,CS,0.0,6
13,barra_13,CS,0.0,6
14,barra_13,CS,0.0,6
15,barra_13,CS,0.0,6
16,barra_13,CS,0.0,6
17,barra_13,CS,0.0,6
18,barra_13,CS,0.0,6
19,barra_13,CS,0.0,6
20,barra_13,CS,0.0,6
21,barra_13,CS,0.0,6
22,barra_13,CS,0.0,6
23,barra_13,CS,0.0,6
24,barra_13,CS,0.0,6
1,barra_14,CS,0.0,6
2,barra_14,CS,0.0,6
3,barra_14,CS,0.0,6
4,barra_14,CS,0.0,6
5,barra_14,CS,0.0,6
6,barra_14,CS,-0.0,6
7,barra_14,CS,-0.0,6
8,barra_14,CS,-0.0,6
9,barra_14,CS,-0.0,6
10,barra_14,CS,-0.0,6
11,barra_14,CS,-0.0,6
12,barra_14,CS,-0.0,6
13,barra_14,CS,-0.0,6
14,barra_14,CS,-0.0,6
15,barra_14,CS,-0.0,6
16,barra_14,CS,-0.0,6
17,barra_14,CS,-0.0,6
18,barra_14,CS,-0.0,6
19,barra_14,CS,-0.0,6
20,barra_14,CS,0.0,6
21,barra_14,CS,0.0,6
22,barra_14,CS,0.0,6
23,barra_14,CS,0.0,6
24,barra_14,CS,0.0,6
1,barra_15,CS,0.0,6
2,barra_15,CS,0.0,6
3,barra_15,CS,0.0,6
4,barra_15,CS,0.0,6
5,barra_15,CS,0.0,6
6,barra_15,CS,0.0,6
7,barra_15,CS,0.0,6
8,barra_15,CS,0.0,6
9,barra_15,CS,0.0,6
10,barra_15,CS,0.0,6
11,barra_15,CS,0.0,6
12,barra_15,CS,0.0,6
13,barra_15,CS,0.0,6
14,barra_15,CS,0.0,6
15,barra_15,CS,0.0,6
16,barra_15,CS,0.0,6
17,barra_15,CS,0.0,6
18,barra_15,CS,0.0,6
19,barra_15,CS,0.0,6
20,barra_15,CS,0.0,6
21,barra_15,CS,0.0,6
22,barra_15,CS,0.0,6
23,barra_15,CS,0.0,6
24,barra_15,CS,0.0,6
1,barra_16,CS,0.0,6
2,barra_16,CS,0.0,6
3,barra_16,CS,0.0,6
4,barra_16,CS,0.0,6
5,barra_16,CS,0.0,6
6,barra_16,CS,0.0,6
7,barra_16,CS,0.0,6
8,barra_16,CS,0.0,6
9,barra_16,CS,0.0,6
10,barra_16,CS,0.0,6
11,barra_16,CS,0.0,6
12,barra_16,CS,0.0,6
13,barra_16,CS,0.0,6
14,barra_16,CS,0.0,6
15,barra_16,CS,0.0,6
16,barra_16,CS,0.0,6
17,barra_16,CS,0.0,6
18,barra_16,CS,0.0,6
19,barra_16,CS,0.0,6
20,barra_16,CS,0.0,6
21,barra_16,CS,0.0,6
22,barra_16,CS,0.0,6
23,barra_16,CS,0.0,6
24,barra_16,CS,0.0,6
1,barra_17,CS,0.0,6
2,barra_17,CS,0.0,6
3,barra_17,CS,0.0,6
4,barra_17,CS,0.0,6
5,barra_17,CS,0.0,6
6,barra_17,CS,0.0,6
7,barra_17,CS,0.0,6
8,barra_17,CS,0.0,6
9,barra_17,CS,0.0,6
10,barra_17,CS,0.0,6
11,barra_17,CS,0.0,6
12,barra_17,CS,0.0,6
13,barra_17,CS,0.0,6
14,barra_17,CS,0.0,6
15,barra_17,CS,0.0,6
16,barra_17,CS,0.0,6
17,barra_17,CS,0.0,6
18,barra_17,CS,0.0,6
19,barra_17,CS,0.0,6
20,barra_17,CS,0.0,6
21,barra_17,CS,0.0,6
22,barra_17,CS,0.0,6
23,barra_17,CS,0.0,6
24,barra_17,CS,0.0,6
1,barra_18,CS,0.0,6
2,barra_18,CS,0.0,6
3,barra_18,CS,0.0,6
4,barra_18,CS,0.0,6
5,barra_18,CS,0.0,6
6,barra_18,CS,0.0,6
7,barra_18,CS,0.0,6
8,barra_18,CS,0.0,6
9,barra_18,CS,0.0,6
10,barra_18,CS,0.0,6
11,barra_18,CS,0.0,6
12,barra_18,CS,0.0,6
13,barra_18,CS,0.0,6
14,barra_18,CS,0.0,6
15,barra_18,CS,0.0,6
16,barra_18,CS,0.0,6
17,barra_18,CS,0.0,6
18,barra_18,CS,0.0,6
19,barra_18,CS,0.0,6
20,barra_18,CS,0.0,6
21,barra_18,CS,0.0,6
22,barra_18,CS,0.0,6
23,barra_18,CS,0.0,6
24,barra_18,CS,0.0,6
1,barra_19,CS,0.0,6
2,barra_19,CS,0.0,6
3,barra_19,CS,0.0,6
4,barra_19,CS,0.0,6
5,barra_19,CS,0.0,6
6,barra_19,CS,0.0,6
7,barra_19,CS,0.0,6
8,barra_19,CS,0.0,6
9,barra_19,CS,0.0,6
10,barra_19,CS,0.0,6
11,barra_19,CS,0.0,6
12,barra_19,CS,0.0,6
13,barra_19,CS,0.0,6
14,barra_19,CS,0.0,6
15,barra_19,CS,0.0,6
16,barra_19,CS,0.0,6
17,barra_19,CS,0.0,6
18,barra_19,CS,0.0,6
19,barra_19,CS,0.0,6
20,barra_19,CS,0.0,6
21,barra_19,CS,0.0,6
22,barra_19,CS,0.0,6
23,barra_19,CS,0.0,6
24,barra_19,CS,0.0,6
1,barra_20,CS,0.0,6
2,barra_20,CS,0.0,6
3,barra_20,CS,0.0,6
4,barra_20,CS,0.0,6
5,barra_20,CS,0.0,6
6,barra_20,CS,0.0,6
7,barra_20,CS,0.0,6
8,barra_20,CS,0.0,6
9,barra_20,CS,0.0,6
10,barra_20,CS,0.0,6
11,barra_20,CS,0.0,6
12,barra_20,CS,0.0,6
13,barra_20,CS,0.0,6
14,barra_20,CS,0.0,6
15,barra_20,CS,0.0,6
16,barra_20,CS,0.0,6
17,barra_20,CS,0.0,6
18,barra_20,CS,0.0,6
19,barra_20,CS,0.0,6
20,barra_20,CS,0.0,6
21,barra_20,CS,0.0,6
22,barra_20,CS,0.0,6
23,barra_20,CS,0.0,6
24,barra_20,CS,0.0,6
1,barra_21,CS,0.0,6
2,barra_21,CS,0.0,6
3,barra_21,CS,0.0,6
4,barra_21,CS,0.0,6
5,barra_21,CS,0.0,6
6,barra_21,CS,0.0,6
7,barra_21,CS,0.0,6
8,barra_21,CS,0.0,6
9,barra_21,CS,0.0,6
10,barra_21,CS,0.0,6
11,barra_21,CS,0.0,6
12,barra_21,CS,0.0,6
13,barra_21,CS,0.0,6
14,barra_21,CS,0.0,6
15,barra_21,CS,0.0,6
16,barra_21,CS,0.0,6
17,barra_21,CS,0.0,6
18,barra_21,CS,0.0,6
19,barra_21,CS,0.0,6
20,barra_21,CS,0.0,6
21,barra_21,CS,0.0,6
22,barra_21,CS,0.0,6
23,barra_21,CS,0.0,6
24,barra_21,CS,0.0,6
1,barra_22,CS,0.0,6
2,barra_22,CS,0.0,6
3,barra_22,CS,0.0,6
4,barra_22,CS,0.0,6
5,barra_22,CS,0.0,6
6,barra_22,CS,0.0,6
7,barra_22,CS,0.0,6
8,barra_22,CS,0.0,6
9,barra_22,CS,0.0,6
10,barra_22,CS,0.0,6
11,barra_22,CS,0.0,6
12,barra_22,CS,0.0,6
13,barra_22,CS,0.0,6
14,barra_22,CS,0.0,6
15,barra_22,CS,0.0,6
16,barra_22,CS,0.0,6
17,barra_22,CS,0.0,6
18,barra_22,CS,0.0,6
19,barra_22,CS,0.0,6
20,barra_22,CS,0.0,6
21,barra_22,CS,0.0,6
22,barra_22,CS,0.0,6
23,barra_22,CS,0.0,6
24,barra_22,CS,0.0,6
1,barra_23,CS,0.0,6
2,barra_23,CS,0.0,6
3,barra_23,CS,0.0,6
4,barra_23,CS,0.0,6
5,barra_23,CS,0.0,6
6,barra_23,CS,0.0,6
7,barra_23,CS,0.0,6
8,barra_23,CS,0.0,6
9,barra_23,CS,0.0,6
10,barra_23,CS,0.0,6
11,barra_23,CS,0.0,6
12,barra_23,CS,0.0,6
13,barra_23,CS,0.0,6
14,barra_23,CS,0.0,6
15,barra_23,CS,0.0,6
16,barra_23,CS,0.0,6
17,barra_23,CS,0.0,6
18,barra_23,CS,0.0,6
19,barra_23,CS,0.0,6
20,barra_23,CS,0.0,6
21,barra_23,CS,0.0,6
22,barra_23,CS,0.0,6
23,barra_23,CS,0.0,6
24,barra_23,CS,0.0,6
1,barra_24,CS,0.0,6
2,barra_24,CS,0.0,6
3,barra_24,CS,0.0,6
4,barra_24,CS,0.0,6
5,barra_24,CS,0.0,6
6,barra_24,CS,0.0,6
7,barra_24,CS,0.0,6
8,barra_24,CS,0.0,6
9,barra_24,CS,0.0,6
10,barra_24,CS,0.0,6
11,barra_24,CS,0.0,6
12,barra_24,CS,0.0,6
13,barra_24,CS,0.0,6
14,barra_24,CS,0.0,6
15,barra_24,CS,0.0,6
16,barra_24,CS,0.0,6
17,barra_24,CS,0.0,6
18,barra_24,CS,0.0,6
19,barra_24,CS,0.0,6
20,barra_24,CS,0.0,6
21,barra_24,CS,0.0,6
22,barra_24,CS,0.0,6
23,barra_24,CS,0.0,6
24,barra_24,CS,0.0,6
1,barra_25,CS,0.0,6
2,barra_25,CS,0.0,6
3,barra_25,CS,0.0,6
4,barra_25,CS,0.0,6
5,barra_25,CS,0.0,6
6,barra_25,CS,-0.0,6
7,barra_25,CS,-0.0,6
8,barra_25,CS,-0.0,6
9,barra_25,CS,-0.0,6
10,barra_25,CS,-0.0,6
11,barra_25,CS,0.0684683,6
12,barra_25,CS,0.012678984,6
13,barra_25,CS,-0.0,6
14,barra_25,CS,0.18709573,6
15,barra_25,CS,-0.0,6
16,barra_25,CS,-0.0,6
17,barra_25,CS,-0.0,6
18,barra_25,CS,-0.0,6
19,barra_25,CS,-0.0,6
20,barra_25,CS,0.0,6
21,barra_25,CS,0.0,6
22,barra_25,CS,0.0,6
23,barra_25,CS,0.0,6
24,barra_25,CS,0.0,6
1,barra_26,CS,0.0,6
2,barra_26,CS,0.0,6
3,barra_26,CS,0.0,6
4,barra_26,CS,0.0,6
5,barra_26,CS,0.0,6
6,barra_26,CS,0.0,6
7,barra_26,CS,0.0,6
8,barra_26,CS,0.0,6
9,barra_26,CS,0.0,6
10,barra_26,CS,0.0,6
11,barra_26,CS,0.0,6
12,barra_26,CS,0.0,6
13,barra_26,CS,0.0,6
14,barra_26,CS,0.0,6
15,barra_26,CS,0.0,6
16,barra_26,CS,0.0,6
17,barra_26,CS,0.0,6
18,barra_26,CS,0.0,6
19,barra_26,CS,0.0,6
20,barra_26,CS,0.0,6
21,barra_26,CS,0.0,6
22,barra_26,CS,0.0,6
23,barra_26,CS,0.0,6
24,barra_26,CS,0.0,6
1,barra_27,CS,0.0,6
2,barra_27,CS,0.0,6
3,barra_27,CS,0.0,6
4,barra_27,CS,0.0,6
5,barra_27,CS,0.0,6
6,barra_27,CS,0.0,6
7,barra_27,CS,0.0,6
8,barra_27,CS,0.0,6
9,barra_27,CS,0.0,6
10,barra_27,CS,0.0,6
11,barra_27,CS,0.0,6
12,barra_27,CS,0.0,6
13,barra_27,CS,0.0,6
14,barra_27,CS,0.0,6
15,barra_27,CS,0.0,6
16,barra_27,CS,0.0,6
17,barra_27,CS,0.0,6
18,barra_27,CS,0.0,6
19,barra_27,CS,0.0,6
20,barra_27,CS,0.0,6
21,barra_27,CS,0.0,6
22,barra_27,CS,0.0,6
23,barra_27,CS,0.0,6
24,barra_27,CS,0.0,6
1,barra_28,CS,0.0,6
2,barra_28,CS,0.0,6
3,barra_28,CS,0.0,6
4,barra_28,CS,0.0,6
5,barra_28,CS,0.0,6
6,barra_28,CS,0.0,6
7,barra_28,CS,0.0,6
8,barra_28,CS,0.0,6
9,barra_28,CS,0.0,6
10,barra_28,CS,0.0,6
11,barra_28,CS,0.0,6
12,barra_28,CS,0.0,6
13,barra_28,CS,0.0,6
14,barra_28,CS,0.0,6
15,barra_28,CS,0.0,6
16,barra_28,CS,0.0,6
17,barra_28,CS,0.0,6
18,barra_28,CS,0.0,6
19,barra_28,CS,0.0,6
20,barra_28,CS,0.0,6
21,barra_28,CS,0.0,6
22,barra_28,CS,0.0,6
23,barra_28,CS,0.0,6
24,barra_28,CS,0.0,6
1,barra_29,CS,0.0,6
2,barra_29,CS,0.0,6
3,barra_29,CS,0.0,6
4,barra_29,CS,0.0,6
5,barra_29,CS,0.0,6
6,barra_29,CS,0.0,6
7,barra_29,CS,0.0,6
8,barra_29,CS,0.0,6
9,barra_29,CS,0.0,6
10,barra_29,CS,0.0,6
11,barra_29,CS,0.0,6
12,barra_29,CS,0.0,6
13,barra_29,CS,0.0,6
14,barra_29,CS,0.0,6
15,barra_29,CS,0.0,6
16,barra_29,CS,0.0,6
17,barra_29,CS,0.0,6
18,barra_29,CS,0.0,6
19,barra_29,CS,0.0,6
20,barra_29,CS,0.0,6
21,barra_29,CS,0.0,6
22,barra_29,CS,0.0,6
23,barra_29,CS,0.0,6
24,barra_29,CS,0.0,6
1,barra_30,CS,0.0,6
2,barra_30,CS,0.0,6
3,barra_30,CS,0.0,6
4,barra_30,CS,0.0,6
5,barra_30,CS,0.0,6
6,barra_30,CS,0.0,6
7,barra_30,CS,0.0,6
8,barra_30,CS,0.0,6
9,barra_30,CS,0.0,6
10,barra_30,CS,0.0,6
11,barra_30,CS,0.0,6
12,barra_30,CS,0.0,6
13,barra_30,CS,0.0,6
14,barra_30,CS,0.0,6
15,barra_30,CS,0.0,6
16,barra_30,CS,0.0,6
17,barra_30,CS,0.0,6
18,barra_30,CS,0.0,6
19,barra_30,CS,0.0,6
20,barra_30,CS,0.0,6
21,barra_30,CS,0.0,6
22,barra_30,CS,0.0,6
23,barra_30,CS,0.0,6
24,barra_30,CS,0.0,6
1,barra_31,CS,0.0,6
2,barra_31,CS,0.0,6
3,barra_31,CS,0.0,6
4,barra_31,CS,0.0,6
5,barra_31,CS,0.0,6
6,barra_31,CS,0.0,6
7,barra_31,CS,0.0,6
8,barra_31,CS,0.0,6
9,barra_31,CS,0.0,6
10,barra_31,CS,0.0,6
11,barra_31,CS,0.0,6
12,barra_31,CS,0.0,6
13,barra_31,CS,0.0,6
14,barra_31,CS,0.0,6
15,barra_31,CS,0.0,6
16,barra_31,CS,0.0,6
17,barra_31,CS,0.0,6
18,barra_31,CS,0.0,6
19,barra_31,CS,0.0,6
20,barra_31,CS,0.0,6
21,barra_31,CS,0.0,6
22,barra_31,CS,0.0,6
23,barra_31,CS,0.0,6
24,barra_31,CS,0.0,6
1,barra_32,CS,0.0,6
2,barra_32,CS,0.0,6
3,barra_32,CS,0.0,6
4,barra_32,CS,0.0,6
5,barra_32,CS,0.0,6
6,barra_32,CS,0.0,6
7,barra_32,CS,0.0,6
8,barra_32,CS,0.0,6
9,barra_32,CS,0.0,6
10,barra_32,CS,0.0,6
11,barra_32,CS,0.0,6
12,barra_32,CS,0.0,6
13,barra_32,CS,0.0,6
14,barra_32,CS,0.0,6
15,barra_32,CS,0.0,6
16,barra_32,CS,0.0,6
17,barra_32,CS,0.0,6
18,barra_32,CS,0.0,6
19,barra_32,CS,0.0,6
20,barra_32,CS,0.0,6
21,barra_32,CS,0.0,6
22,barra_32,CS,0.0,6
23,barra_32,CS,0.0,6
24,barra_32,CS,0.0,6
1,barra_33,CS,0.0,6
2,barra_33,CS,0.0,6
3,barra_33,CS,0.0,6
4,barra_33,CS,0.0,6
5,barra_33,CS,0.0,6
6,barra_33,CS,0.0,6
7,barra_33,CS,0.0,6
8,barra_33,CS,0.0,6
9,barra_33,CS,0.0,6
10,barra_33,CS,0.0,6
11,barra_33,CS,0.0,6
12,barra_33,CS,0.0,6
13,barra_33,CS,0.0,6
14,barra_33,CS,0.0,6
15,barra_33,CS,0.0,6
16,barra_33,CS,0.0,6
17,barra_33,CS,0.0,6
18,barra_33,CS,0.0,6
19,barra_33,CS,0.0,6
20,barra_33,CS,0.0,6
21,barra_33,CS,0.0,6
22,barra_33,CS,0.0,6
23,barra_33,CS,0.0,6
24,barra_33,CS,0.0,6
1,barra_1,CW,0.0,6
2,barra_1,CW,0.0,6
3,barra_1,CW,0.0,6
4,barra_1,CW,0.0,6
5,barra_1,CW,0.0,6
6,barra_1,CW,0.0,6
7,barra_1,CW,0.0,6
8,barra_1,CW,0.0,6
9,barra_1,CW,0.0,6
10,barra_1,CW,0.0,6
11,barra_1,CW,0.0,6
12,barra_1,CW,0.0,6
13,barra_1,CW,0.0,6
14,barra_1,CW,0.0,6
15,barra_1,CW,0.0,6
16,barra_1,CW,0.0,6
17,barra_1,CW,0.0,6
18,barra_1,CW,0.0,6
19,barra_1,CW,0.0,6
20,barra_1,CW,0.0,6
21,barra_1,CW,0.0,6
22,barra_1,CW,0.0,6
23,barra_1,CW,0.0,6
24,barra_1,CW,0.0,6
1,barra_2,CW,0.0,6
2,barra_2,CW,0.0,6
3,barra_2,CW,0.0,6
4,barra_2,CW,0.0,6
5,barra_2,CW,0.0,6
6,barra_2,CW,0.0,6
7,barra_2,CW,0.0,6
8,barra_2,CW,0.0,6
9,barra_2,CW,0.0,6
10,barra_2,CW,0.0,6
11,barra_2,CW,0.0,6
12,barra_2,CW,0.0,6
13,barra_2,CW,0.0,6
14,barra_2,CW,0.0,6
15,barra_2,CW,0.0,6
16,barra_2,CW,0.0,6
17,barra_2,CW,0.0,6
18,barra_2,CW,0.0,6
19,barra_2,CW,0.0,6
20,barra_2,CW,0.0,6
21,barra_2,CW,0.0,6
22,barra_2,CW,0.0,6
23,barra_2,CW,0.0,6
24,barra_2,CW,0.0,6
1,barra_3,CW,0.0,6
2,barra_3,CW,0.0,6
3,barra_3,CW,0.0,6
4,barra_3,CW,0.0,6
5,barra_3,CW,0.0,6
6,barra_3,CW,0.0,6
7,barra_3,CW,0.0,6
8,barra_3,CW,0.0,6
9,barra_3,CW,0.0,6
10,barra_3,CW,0.0,6
11,barra_3,CW,0.0,6
12,barra_3,CW,0.0,6
13,barra_3,CW,0.0,6
14,barra_3,CW,0.0,6
15,barra_3,CW,0.0,6
16,barra_3,CW,0.0,6
17,barra_3,CW,0.0,6
18,barra_3,CW,0.0,6
19,barra_3,CW,0.0,6
20,barra_3,CW,0.0,6
21,barra_3,CW,0.0,6
22,barra_3,CW,0.0,6
23,barra_3,CW,0.0,6
24,barra_3,CW,0.0,6
1,barra_4,CW,0.0,6
2,barra_4,CW,0.0,6
3,barra_4,CW,0.0,6
4,barra_4,CW,0.0,6
5,barra_4,CW,0.0,6
6,barra_4,CW,0.0,6
7,barra_4,CW,0.0,6
8,barra_4,CW,0.0,6
9,barra_4,CW,0.0,6
10,barra_4,CW,0.0,6
11,barra_4,CW,0.0,6
12,barra_4,CW,0.0,6
13,barra_4,CW,0.0,6
14,barra_4,CW,0.0,6
15,barra_4,CW,0.0,6
16,barra_4,CW,0.0,6
17,barra_4,CW,0.0,6
18,barra_4,CW,0.0,6
19,barra_4,CW,0.0,6
20,barra_4,CW,0.0,6
21,barra_4,CW,0.0,6
22,barra_4,CW,0.0,6
23,barra_4,CW,0.0,6
24,barra_4,CW,0.0,6
1,barra_5,CW,0.0,6
2,barra_5,CW,0.0,6
3,barra_5,CW,0.0,6
4,barra_5,CW,0.0,6
5,barra_5,CW,0.0,6
6,barra_5,CW,0.0,6
7,barra_5,CW,0.0,6
8,barra_5,CW,0.0,6
9,barra_5,CW,0.0,6
10,barra_5,CW,0.0,6
11,barra_5,CW,0.0,6
12,barra_5,CW,0.0,6
13,barra_5,CW,0.0,6
14,barra_5,CW,0.0,6
15,barra_5,CW,0.0,6
16,barra_5,CW,0.0,6
17,barra_5,CW,0.0,6
18,barra_5,CW,0.0,6
19,barra_5,CW,0.0,6
20,barra_5,CW,0.0,6
21,barra_5,CW,0.0,6
22,barra_5,CW,0.0,6
23,barra_5,CW,0.0,6
24,barra_5,CW,0.0,6
1,barra_6,CW,0.0,6
2,barra_6,CW,0.0,6
3,barra_6,CW,0.0,6
4,barra_6,CW,0.0,6
5,barra_6,CW,0.0,6
6,barra_6,CW,0.0,6
7,barra_6,CW,0.0,6
8,barra_6,CW,0.0,6
9,barra_6,CW,0.0,6
10,barra_6,CW,0.0,6
11,barra_6,CW,0.0,6
12,barra_6,CW,0.0,6
13,barra_6,CW,0.0,6
14,barra_6,CW,0.0,6
15,barra_6,CW,0.0,6
16,barra_6,CW,0.0,6
17,barra_6,CW,0.0,6
18,barra_6,CW,0.0,6
19,barra_6,CW,0.0,6
20,barra_6,CW,0.0,6
21,barra_6,CW,0.0,6
22,barra_6,CW,0.0,6
23,barra_6,CW,0.0,6
24,barra_6,CW,0.0,6
1,barra_7,CW,0.0,6
2,barra_7,CW,0.0,6
3,barra_7,CW,0.0,6
4,barra_7,CW,0.0,6
5,barra_7,CW,0.0,6
6,barra_7,CW,0.0,6
7,barra_7,CW,0.0,6
8,barra_7,CW,0.0,6
9,barra_7,CW,0.0,6
10,barra_7,CW,0.0,6
11,barra_7,CW,0.0,6
12,barra_7,CW,0.0,6
13,barra_7,CW,0.0,6
14,barra_7,CW,0.0,6
15,barra_7,CW,0.0,6
16,barra_7,CW,0.0,6
17,barra_7,CW,0.0,6
18,barra_7,CW,0.0,6
19,barra_7,CW,0.0,6
20,barra_7,CW,0.0,6
21,barra_7,CW,0.0,6
22,barra_7,CW,0.0,6
23,barra_7,CW,0.0,6
24,barra_7,CW,0.0,6
1,barra_8,CW,0.0,6
2,barra_8,CW,0.0,6
3,barra_8,CW,0.0,6
4,barra_8,CW,0.0,6
5,barra_8,CW,0.0,6
6,barra_8,CW,0.0,6
7,barra_8,CW,0.0,6
8,barra_8,CW,0.0,6
9,barra_8,CW,0.0,6
10,barra_8,CW,0.0,6
11,barra_8,CW,0.0,6
12,barra_8,CW,0.0,6
13,barra_8,CW,0.0,6
14,barra_8,CW,0.0,6
15,barra_8,CW,0.0,6
16,barra_8,CW,0.0,6
17,barra_8,CW,0.0,6
18,barra_8,CW,0.0,6
19,barra_8,CW,0.0,6
20,barra_8,CW,0.0,6
21,barra_8,CW,0.0,6
22,barra_8,CW,0.0,6
23,barra_8,CW,0.0,6
24,barra_8,CW,0.0,6
1,barra_9,CW,0.0,6
2,barra_9,CW,0.0,6
3,barra_9,CW,0.0,6
4,barra_9,CW,0.0,6
5,barra_9,CW,0.0,6
6,barra_9,CW,0.0,6
7,barra_9,CW,0.0,6
8,barra_9,CW,0.0,6
9,barra_9,CW,0.0,6
10,barra_9,CW,0.0,6
11,barra_9,CW,0.0,6
12,barra_9,CW,0.0,6
13,barra_9,CW,0.0,6
14,barra_9,CW,0.0,6
15,barra_9,CW,0.0,6
16,barra_9,CW,0.0,6
17,barra_9,CW,0.0,6
18,barra_9,CW,0.0,6
19,barra_9,CW,0.0,6
20,barra_9,CW,0.0,6
21,barra_9,CW,0.0,6
22,barra_9,CW,0.0,6
23,barra_9,CW,0.0,6
24,barra_9,CW,0.0,6
1,barra_10,CW,0.0,6
2,barra_10,CW,0.0,6
3,barra_10,CW,0.0,6
4,barra_10,CW,0.0,6
5,barra_10,CW,0.0,6
6,barra_10,CW,0.0,6
7,barra_10,CW,0.0,6
8,barra_10,CW,0.0,6
9,barra_10,CW,0.0,6
10,barra_10,CW,0.0,6
11,barra_10,CW,0.0,6
12,barra_10,CW,0.0,6
13,barra_10,CW,0.0,6
14,barra_10,CW,0.0,6
15,barra_10,CW,0.0,6
16,barra_10,CW,0.0,6
17,barra_10,CW,0.0,6
18,barra_10,CW,0.0,6
19,barra_10,CW,0.0,6
20,barra_10,CW,0.0,6
21,barra_10,CW,0.0,6
22,barra_10,CW,0.0,6
23,barra_10,CW,0.0,6
24,barra_10,CW,0.0,6
1,barra_11,CW,0.0,6
2,barra_11,CW,0.0,6
3,barra_11,CW,0.0,6
4,barra_11,CW,0.0,6
5,barra_11,CW,0.0,6
6,barra_11,CW,0.0,6
7,barra_11,CW,0.0,6
8,barra_11,CW,0.0,6
9,barra_11,CW,0.0,6
10,barra_11,CW,0.0,6
11,barra_11,CW,0.0,6
12,barra_11,CW,0.0,6
13,barra_11,CW,0.0,6
14,barra_11,CW,0.0,6
15,barra_11,CW,0.0,6
16,barra_11,CW,0.0,6
17,barra_11,CW,0.0,6
18,barra_11,CW,0.0,6
19,barra_11,CW,0.0,6
20,barra_11,CW,0.0,6
21,barra_11,CW,0.0,6
22,barra_11,CW,0.0,6
23,barra_11,CW,0.0,6
24,barra_11,CW,0.0,6
1,barra_12,CW,0.0,6
2,barra_12,CW,0.0,6
3,barra_12,CW,0.0,6
4,barra_12,CW,0.0,6
5,barra_12,CW,0.0,6
6,barra_12,CW,0.0,6
7,barra_12,CW,0.0,6
8,barra_12,CW,0.0,6
9,barra_12,CW,0.0,6
10,barra_12,CW,0.0,6
11,barra_12,CW,0.0,6
12,barra_12,CW,0.0,6
13,barra_12,CW,0.0,6
14,barra_12,CW,0.0,6
15,barra_12,CW,0.0,6
16,barra_12,CW,0.0,6
17,barra_12,CW,0.0,6
18,barra_12,CW,0.0,6
19,barra_12,CW,0.0,6
20,barra_12,CW,0.0,6
21,barra_12,CW,0.0,6
22,barra_12,CW,0.0,6
23,barra_12,CW,0.0,6
24,barra_12,CW,0.0,6
1,barra_13,CW,0.0,6
2,barra_13,CW,0.0,6
3,barra_13,CW,0.0,6
4,barra_13,CW,0.0,6
5,barra_13,CW,0.0,6
6,barra_13,CW,0.0,6
7,barra_13,CW,0.0,6
8,barra_13,CW,0.0,6
9,barra_13,CW,0.0,6
10,barra_13,CW,0.0,6
11,barra_13,CW,0.0,6
12,barra_13,CW,0.0,6
13,barra_13,CW,0.0,6
14,barra_13,CW,0.0,6
15,barra_13,CW,0.0,6
16,barra_13,CW,0.0,6
17,barra_13,CW,0.0,6
18,barra_13,CW,0.0,6
19,barra_13,CW,0.0,6
20,barra_13,CW,0.0,6
21,barra_13,CW,0.0,6
22,barra_13,CW,0.0,6
23,barra_13,CW,0.0,6
24,barra_13,CW,0.0,6
1,barra_14,CW,0.0,6
2,barra_14,CW,0.0,6
3,barra_14,CW,0.0,6
4,barra_14,CW,0.0,6
5,barra_14,CW,0.0,6
6,barra_14,CW,0.0,6
7,barra_14,CW,0.0,6
8,barra_14,CW,0.0,6
9,barra_14,CW,0.0,6
10,barra_14,CW,0.0,6
11,barra_14,CW,0.0,6
12,barra_14,CW,0.0,6
13,barra_14,CW,0.0,6
14,barra_14,CW,0.0,6
15,barra_14,CW,0.0,6
16,barra_14,CW,0.0,6
17,barra_14,CW,0.0,6
18,barra_14,CW,0.0,6
19,barra_14,CW,0.0,6
20,barra_14,CW,0.0,6
21,barra_14,CW,0.0,6
22,barra_14,CW,0.0,6
23,barra_14,CW,0.0,6
24,barra_14,CW,0.0,6
1,barra_15,CW,0.0,6
2,barra_15,CW,0.0,6
3,barra_15,CW,0.0,6
4,barra_15,CW,0.0,6
5,barra_15,CW,0.0,6
6,barra_15,CW,0.0,6
7,barra_15,CW,0.0,6
8,barra_15,CW,0.0,6
9,barra_15,CW,0.0,6
10,barra_15,CW,0.0,6
11,barra_15,CW,0.0,6
12,barra_15,CW,0.0,6
13,barra_15,CW,0.0,6
14,barra_15,CW,0.0,6
15,barra_15,CW,0.0,6
16,barra_15,CW,0.0,6
17,barra_15,CW,0.0,6
18,barra_15,CW,0.0,6
19,barra_15,CW,0.0,6
20,barra_15,CW,0.0,6
21,barra_15,CW,0.0,6
22,barra_15,CW,0.0,6
23,barra_15,CW,0.0,6
24,barra_15,CW,0.0,6
1,barra_16,CW,0.0,6
2,barra_16,CW,0.0,6
3,barra_16,CW,0.0,6
4,barra_16,CW,0.0,6
5,barra_16,CW,0.0,6
6,barra_16,CW,0.0,6
7,barra_16,CW,0.0,6
8,barra_16,CW,0.0,6
9,barra_16,CW,0.0,6
10,barra_16,CW,0.0,6
11,barra_16,CW,0.0,6
12,barra_16,CW,0.0,6
13,barra_16,CW,0.0,6
14,barra_16,CW,0.0,6
15,barra_16,CW,0.0,6
16,barra_16,CW,0.0,6
17,barra_16,CW,0.0,6
18,barra_16,CW,0.0,6
19,barra_16,CW,0.0,6
20,barra_16,CW,0.0,6
21,barra_16,CW,0.0,6
22,barra_16,CW,0.0,6
23,barra_16,CW,0.0,6
24,barra_16,CW,0.0,6
1,barra_17,CW,0.0,6
2,barra_17,CW,0.0,6
3,barra_17,CW,0.0,6
4,barra_17,CW,0.0,6
5,barra_17,CW,0.0,6
6,barra_17,CW,0.0,6
7,barra_17,CW,0.0,6
8,barra_17,CW,0.0,6
9,barra_17,CW,0.0,6
10,barra_17,CW,0.0,6
11,barra_17,CW,0.0,6
12,barra_17,CW,0.0,6
13,barra_17,CW,0.0,6
14,barra_17,CW,0.0,6
15,barra_17,CW,0.0,6
16,barra_17,CW,0.0,6
17,barra_17,CW,0.0,6
18,barra_17,CW,0.0,6
19,barra_17,CW,0.0,6
20,barra_17,CW,0.0,6
21,barra_17,CW,0.0,6
22,barra_17,CW,0.0,6
23,barra_17,CW,0.0,6
24,barra_17,CW,0.0,6
1,barra_18,CW,-0.0,6
2,barra_18,CW,-0.0,6
3,barra_18,CW,-0.0,6
4,barra_18,CW,-0.0,6
5,barra_18,CW,-0.0,6
6,barra_18,CW,-0.0,6
7,barra_18,CW,-0.0,6
8,barra_18,CW,-0.0,6
9,barra_18,CW,-0.0,6
10,barra_18,CW,-0.0,6
11,barra_18,CW,-0.0,6
12,barra_18,CW,-0.0,6
13,barra_18,CW,0.004158705,6
14,barra_18,CW,0.0010299122,6
15,barra_18,CW,-0.0,6
16,barra_18,CW,-0.0,6
17,barra_18,CW,-0.0,6
18,barra_18,CW,-0.0,6
19,barra_18,CW,-0.0,6
20,barra_18,CW,-0.0,6
21,barra_18,CW,-0.0,6
22,barra_18,CW,-0.0,6
23,barra_18,CW,-0.0,6
24,barra_18,CW,-0.0,6
1,barra_19,CW,0.0,6
2,barra_19,CW,0.0,6
3,barra_19,CW,0.0,6
4,barra_19,CW,0.0,6
5,barra_19,CW,0.0,6
6,barra_19,CW,0.0,6
7,barra_19,CW,0.0,6
8,barra_19,CW,0.0,6
9,barra_19,CW,0.0,6
10,barra_19,CW,0.0,6
11,barra_19,CW,0.0,6
12,barra_19,CW,0.0,6
13,barra_19,CW,0.0,6
14,barra_19,CW,0.0,6
15,barra_19,CW,0.0,6
16,barra_19,CW,0.0,6
17,barra_19,CW,0.0,6
18,barra_19,CW,0.0,6
19,barra_19,CW,0.0,6
20,barra_19,CW,0.0,6
21,barra_19,CW,0.0,6
22,barra_19,CW,0.0,6
23,barra_19,CW,0.0,6
24,barra_19,CW,0.0,6
1,barra_20,CW,0.0,6
2,barra_20,CW,0.0,6
3,barra_20,CW,0.0,6
4,barra_20,CW,0.0,6
5,barra_20,CW,0.0,6
6,barra_20,CW,0.0,6
7,barra_20,CW,0.0,6
8,barra_20,CW,0.0,6
9,barra_20,CW,0.0,6
10,barra_20,CW,0.0,6
11,barra_20,CW,0.0,6
12,barra_20,CW,0.0,6
13,barra_20,CW,0.0,6
14,barra_20,CW,0.0,6
15,barra_20,CW,0.0,6
16,barra_20,CW,0.0,6
17,barra_20,CW,0.0,6
18,barra_20,CW,0.0,6
19,barra_20,CW,0.0,6
20,barra_20,CW,0.0,6
21,barra_20,CW,0.0,6
22,barra_20,CW,0.0,6
23,barra_20,CW,0.0,6
24,barra_20,CW,0.0,6
1,barra_21,CW,0.0,6
2,barra_21,CW,0.0,6
3,barra_21,CW,0.0,6
4,barra_21,CW,0.0,6
5,barra_21,CW,0.0,6
6,barra_21,CW,0.0,6
7,barra_21,CW,0.0,6
8,barra_21,CW,0.0,6
9,barra_21,CW,0.0,6
10,barra_21,CW,0.0,6
11,barra_21,CW,0.0,6
12,barra_21,CW,0.0,6
13,barra_21,CW,0.0,6
14,barra_21,CW,0.0,6
15,barra_21,CW,0.0,6
16,barra_21,CW,0.0,6
17,barra_21,CW,0.0,6
18,barra_21,CW,0.0,6
19,barra_21,CW,0.0,6
20,barra_21,CW,0.0,6
21,barra_21,CW,0.0,6
22,barra_21,CW,0.0,6
23,barra_21,CW,0.0,6
24,barra_21,CW,0.0,6
1,barra_22,CW,0.0,6
2,barra_22,CW,0.0,6
3,barra_22,CW,0.0,6
4,barra_22,CW,0.0,6
5,barra_22,CW,0.0,6
6,barra_22,CW,0.0,6
7,barra_22,CW,0.0,6
8,barra_22,CW,0.0,6
9,barra_22,CW,0.0,6
10,barra_22,CW,0.0,6
11,barra_22,CW,0.0,6
12,barra_22,CW,0.0,6
13,barra_22,CW,0.0,6
14,barra_22,CW,0.0,6
15,barra_22,CW,0.0,6
16,barra_22,CW,0.0,6
17,barra_22,CW,0.0,6
18,barra_22,CW,0.0,6
19,barra_22,CW,0.0,6
20,barra_22,CW,0.0,6
21,barra_22,CW,0.0,6
22,barra_22,CW,0.0,6
23,barra_22,CW,0.0,6
24,barra_22,CW,0.0,6
1,barra_23,CW,0.0,6
2,barra_23,CW,0.0,6
3,barra_23,CW,0.0,6
4,barra_23,CW,0.0,6
5,barra_23,CW,0.0,6
6,barra_23,CW,0.0,6
7,barra_23,CW,0.0,6
8,barra_23,CW,0.0,6
9,barra_23,CW,0.0,6
10,barra_23,CW,0.0,6
11,barra_23,CW,0.0,6
12,barra_23,CW,0.0,6
13,barra_23,CW,0.0,6
14,barra_23,CW,0.0,6
15,barra_23,CW,0.0,6
16,barra_23,CW,0.0,6
17,barra_23,CW,0.0,6
18,barra_23,CW,0.0,6
19,barra_23,CW,0.0,6
20,barra_23,CW,0.0,6
21,barra_23,CW,0.0,6
22,barra_23,CW,0.0,6
23,barra_23,CW,0.0,6
24,barra_23,CW,0.0,6
1,barra_24,CW,0.0,6
2,barra_24,CW,0.0,6
3,barra_24,CW,0.0,6
4,barra_24,CW,0.0,6
5,barra_24,CW,0.0,6
6,barra_24,CW,0.0,6
7,barra_24,CW,0.0,6
8,barra_24,CW,0.0,6
9,barra_24,CW,0.0,6
10,barra_24,CW,0.0,6
11,barra_24,CW,0.0,6
12,barra_24,CW,0.0,6
13,barra_24,CW,0.0,6
14,barra_24,CW,0.0,6
15,barra_24,CW,0.0,6
16,barra_24,CW,0.0,6
17,barra_24,CW,0.0,6
18,barra_24,CW,0.0,6
19,barra_24,CW,0.0,6
20,barra_24,CW,0.0,6
21,barra_24,CW,0.0,6
22,barra_24,CW,0.0,6
23,barra_24,CW,0.0,6
24,barra_24,CW,0.0,6
1,barra_25,CW,0.0,6
2,barra_25,CW,0.0,6
3,barra_25,CW,0.0,6
4,barra_25,CW,0.0,6
5,barra_25,CW,0.0,6
6,barra_25,CW,0.0,6
7,barra_25,CW,0.0,6
8,barra_25,CW,0.0,6
9,barra_25,CW,0.0,6
10,barra_25,CW,0.0,6
11,barra_25,CW,0.0,6
12,barra_25,CW,0.0,6
13,barra_25,CW,0.0,6
14,barra_25,CW,0.0,6
15,barra_25,CW,0.0,6
16,barra_25,CW,0.0,6
17,barra_25,CW,0.0,6
18,barra_25,CW,0.0,6
19,barra_25,CW,0.0,6
20,barra_25,CW,0.0,6
21,barra_25,CW,0.0,6
22,barra_25,CW,0.0,6
23,barra_25,CW,0.0,6
24,barra_25,CW,0.0,6
1,barra_26,CW,0.0,6
2,barra_26,CW,0.0,6
3,barra_26,CW,0.0,6
4,barra_26,CW,0.0,6
5,barra_26,CW,0.0,6
6,barra_26,CW,0.0,6
7,barra_26,CW,0.0,6
8,barra_26,CW,0.0,6
9,barra_26,CW,0.0,6
10,barra_26,CW,0.0,6
11,barra_26,CW,0.0,6
12,barra_26,CW,0.0,6
13,barra_26,CW,0.0,6
14,barra_26,CW,0.0,6
15,barra_26,CW,0.0,6
16,barra_26,CW,0.0,6
17,barra_26,CW,0.0,6
18,barra_26,CW,0.0,6
19,barra_26,CW,0.0,6
20,barra_26,CW,0.0,6
21,barra_26,CW,0.0,6
22,barra_26,CW,0.0,6
23,barra_26,CW,0.0,6
24,barra_26,CW,0.0,6
1,barra_27,CW,0.0,6
2,barra_27,CW,0.0,6
3,barra_27,CW,0.0,6
4,barra_27,CW,0.0,6
5,barra_27,CW,0.0,6
6,barra_27,CW,0.0,6
7,barra_27,CW,0.0,6
8,barra_27,CW,0.0,6
9,barra_27,CW,0.0,6
10,barra_27,CW,0.0,6
11,barra_27,CW,0.0,6
12,barra_27,CW,0.0,6
13,barra_27,CW,0.0,6
14,barra_27,CW,0.0,6
15,barra_27,CW,0.0,6
16,barra_27,CW,0.0,6
17,barra_27,CW,0.0,6
18,barra_27,CW,0.0,6
19,barra_27,CW,0.0,6
20,barra_27,CW,0.0,6
21,barra_27,CW,0.0,6
22,barra_27,CW,0.0,6
23,barra_27,CW,0.0,6
24,barra_27,CW,0.0,6
1,barra_28,CW,0.0,6
2,barra_28,CW,0.0,6
3,barra_28,CW,0.0,6
4,barra_28,CW,0.0,6
5,barra_28,CW,0.0,6
6,barra_28,CW,0.0,6
7,barra_28,CW,0.0,6
8,barra_28,CW,0.0,6
9,barra_28,CW,0.0,6
10,barra_28,CW,0.0,6
11,barra_28,CW,0.0,6
12,barra_28,CW,0.0,6
13,barra_28,CW,0.0,6
14,barra_28,CW,0.0,6
15,barra_28,CW,0.0,6
16,barra_28,CW,0.0,6
17,barra_28,CW,0.0,6
18,barra_28,CW,0.0,6
19,barra_28,CW,0.0,6
20,barra_28,CW,0.0,6
21,barra_28,CW,0.0,6
22,barra_28,CW,0.0,6
23,barra_28,CW,0.0,6
24,barra_28,CW,0.0,6
1,barra_29,CW,0.0,6
2,barra_29,CW,0.0,6
3,barra_29,CW,0.0,6
4,barra_29,CW,0.0,6
5,barra_29,CW,0.0,6
6,barra_29,CW,0.0,6
7,barra_29,CW,0.0,6
8,barra_29,CW,0.0,6
9,barra_29,CW,0.0,6
10,barra_29,CW,0.0,6
11,barra_29,CW,0.0,6
12,barra_29,CW,0.0,6
13,barra_29,CW,0.0,6
14,barra_29,CW,0.0,6
15,barra_29,CW,0.0,6
16,barra_29,CW,0.0,6
17,barra_29,CW,0.0,6
18,barra_29,CW,0.0,6
19,barra_29,CW,0.0,6
20,barra_29,CW,0.0,6
21,barra_29,CW,0.0,6
22,barra_29,CW,0.0,6
23,barra_29,CW,0.0,6
24,barra_29,CW,0.0,6
1,barra_30,CW,-0.0,6
2,barra_30,CW,-0.0,6
3,barra_30,CW,-0.0,6
4,barra_30,CW,-0.0,6
5,barra_30,CW,-0.0,6
6,barra_30,CW,-0.0,6
7,barra_30,CW,-0.0,6
8,barra_30,CW,-0.0,6
9,barra_30,CW,-0.0,6
10,barra_30,CW,-0.0,6
11,barra_30,CW,0.0013195474,6
12,barra_30,CW,-0.0,6
13,barra_30,CW,-0.0,6
14,barra_30,CW,-0.0,6
15,barra_30,CW,-0.0,6
16,barra_30,CW,-0.0,6
17,barra_30,CW,-0.0,6
18,barra_30,CW,-0.0,6
19,barra_30,CW,-0.0,6
20,barra_30,CW,-0.0,6
21,barra_30,CW,-0.0,6
22,barra_30,CW,-0.0,6
23,barra_30,CW,-0.0,6
24,barra_30,CW,-0.0,6
1,barra_31,CW,0.0,6
2,barra_31,CW,0.0,6
3,barra_31,CW,0.0,6
4,barra_31,CW,0.0,6
5,barra_31,CW,0.0,6
6,barra_31,CW,0.0,6
7,barra_31,CW,0.0,6
8,barra_31,CW,0.0,6
9,barra_31,CW,0.0,6
10,barra_31,CW,0.0,6
11,barra_31,CW,0.0,6
12,barra_31,CW,0.0,6
13,barra_31,CW,0.0,6
14,barra_31,CW,0.0,6
15,barra_31,CW,0.0,6
16,barra_31,CW,0.0,6
17,barra_31,CW,0.0,6
18,barra_31,CW,0.0,6
19,barra_31,CW,0.0,6
20,barra_31,CW,0.0,6
21,barra_31,CW,0.0,6
22,barra_31,CW,0.0,6
23,barra_31,CW,0.0,6
24,barra_31,CW,0.0,6
1,barra_32,CW,0.0,6
2,barra_32,CW,0.0,6
3,barra_32,CW,0.0,6
4,barra_32,CW,0.0,6
5,barra_32,CW,0.0,6
6,barra_32,CW,0.0,6
7,barra_32,CW,0.0,6
8,barra_32,CW,0.0,6
9,barra_32,CW,0.0,6
10,barra_32,CW,0.0,6
11,barra_32,CW,0.0,6
12,barra_32,CW,0.0,6
13,barra_32,CW,0.0,6
14,barra_32,CW,0.0,6
15,barra_32,CW,0.0,6
16,barra_32,CW,0.0,6
17,barra_32,CW,0.0,6
18,barra_32,CW,0.0,6
19,barra_32,CW,0.0,6
20,barra_32,CW,0.0,6
21,barra_32,CW,0.0,6
22,barra_32,CW,0.0,6
23,barra_32,CW,0.0,6
24,barra_32,CW,0.0,6
1,barra_33,CW,0.0,6
2,barra_33,CW,0.0,6
3,barra_33,CW,0.0,6
4,barra_33,CW,0.0,6
5,barra_33,CW,0.0,6
6,barra_33,CW,0.0,6
7,barra_33,CW,0.0,6
8,barra_33,CW,0.0,6
9,barra_33,CW,0.0,6
10,barra_33,CW,0.0,6
11,barra_33,CW,0.0,6
12,barra_33,CW,0.0,6
13,barra_33,CW,0.0,6
14,barra_33,CW,0.0,6
15,barra_33,CW,0.0,6
16,barra_33,CW,0.0,6
17,barra_33,CW,0.0,6
18,barra_33,CW,0.0,6
19,barra_33,CW,0.0,6
20,barra_33,CW,0.0,6
21,barra_33,CW,0.0,6
22,barra_33,CW,0.0,6
23,barra_33,CW,0.0,6
24,barra_33,CW,0.0,6
1,bateria_25,P_ch,0.0,6
2,bateria_25,P_ch,0.0,6
3,bateria_25,P_ch,0.0,6
4,bateria_25,P_ch,0.0,6
5,bateria_25,P_ch,0.0,6
6,bateria_25,P_ch,0.0,6
7,bateria_25,P_ch,0.0,6
8,bateria_25,P_ch,0.0,6
9,bateria_25,P_ch,0.0,6
10,bateria_25,P_ch,0.0,6
11,bateria_25,P_ch,0.2,6
12,bateria_25,P_ch,0.2,6
13,bateria_25,P_ch,0.2,6
14,bateria_25,P_ch,0.2,6
15,bateria_25,P_ch,0.2,6
16,bateria_25,P_ch,0.0,6
17,bateria_25,P_ch,0.0,6
18,bateria_25,P_ch,0.0,6
19,bateria_25,P_ch,0.0,6
20,bateria_25,P_ch,0.0,6
21,bateria_25,P_ch,0.0,6
22,bateria_25,P_ch,0.0,6
23,bateria_25,P_ch,0.0,6
24,bateria_25,P_ch,0.0,6
1,bateria_6,P_ch,0.0,6
2,bateria_6,P_ch,0.0,6
3,bateria_6,P_ch,0.0,6
4,bateria_6,P_ch,0.0,6
5,bateria_6,P_ch,0.0,6
6,bateria_6,P_ch,0.0,6
7,bateria_6,P_ch,0.0,6
8,bateria_6,P_ch,0.0,6
9,bateria_6,P_ch,0.0,6
10,bateria_6,P_ch,0.0,6
11,bateria_6,P_ch,0.2,6
12,bateria_6,P_ch,0.2,6
13,bateria_6,P_ch,0.2,6
14,bateria_6,P_ch,0.2,6
15,bateria_6,P_ch,0.2,6
16,bateria_6,P_ch,0.0,6
17,bateria_6,P_ch,0.0,6
18,bateria_6,P_ch,0.0,6
19,bateria_6,P_ch,0.0,6
20,bateria_6,P_ch,0.0,6
21,bateria_6,P_ch,0.0,6
22,bateria_6,P_ch,0.0,6
23,bateria_6,P_ch,0.0,6
24,bateria_6,P_ch,0.0,6
1,bateria_25,P_dis,0.0,6
2,bateria_25,P_dis,0.1425,6
3,bateria_25,P_dis,0.0,6
4,bateria_25,P_dis,0.0,6
5,bateria_25,P_dis,0.0,6
6,bateria_25,P_dis,0.0,6
7,bateria_25,P_dis,0.0,6
8,bateria_25,P_dis,0.0,6
9,bateria_25,P_dis,0.0,6
10,bateria_25,P_dis,0.0,6
11,bateria_25,P_dis,0.1805,6
12,bateria_25,P_dis,0.057887666,6
13,bateria_25,P_dis,0.001650939,6
14,bateria_25,P_dis,0.2,6
15,bateria_25,P_dis,0.082461395,6
16,bateria_25,P_dis,0.0,6
17,bateria_25,P_dis,0.0,6
18,bateria_25,P_dis,0.0,6
19,bateria_25,P_dis,0.0,6
20,bateria_25,P_dis,0.0,6
21,bateria_25,P_dis,0.0,6
22,bateria_25,P_dis,0.0,6
23,bateria_25,P_dis,0.0,6
24,bateria_25,P_dis,0.0,6
1,bateria_6,P_dis,0.0,6
2,bateria_6,P_dis,0.0,6
3,bateria_6,P_dis,0.0,6
4,bateria_6,P_dis,0.1425,6
5,bateria_6,P_dis,0.0,6
6,bateria_6,P_dis,0.0,6
7,bateria_6,P_dis,0.0,6
8,bateria_6,P_dis,0.0,6
9,bateria_6,P_dis,0.0,6
10,bateria_6,P_dis,0.0,6
11,bateria_6,P_dis,0.16787705,6
12,bateria_6,P_dis,0.11043261,6
13,bateria_6,P_dis,0.059905846,6
14,bateria_6,P_dis,0.067106007,6
15,bateria_6,P_dis,0.11717849,6
16,bateria_6,P_dis,0.0,6
17,bateria_6,P_dis,0.0,6
18,bateria_6,P_dis,0.0,6
19,bateria_6,P_dis,0.0,6
20,bateria_6,P_dis,0.0,6
21,bateria_6,P_dis,0.0,6
22,bateria_6,P_dis,0.0,6
23,bateria_6,P_dis,0.0,6
24,bateria_6,P_dis,0.0,6
1,bateria_25,E,0.25,6
2,bateria_25,E,0.25,6
3,bateria_25,E,0.1,6
4,bateria_25,E,0.1,6
5,bateria_25,E,0.1,6
6,bateria_25,E,0.1,6
7,bateria_25,E,0.1,6
8,bateria_25,E,0.1,6
9,bateria_25,E,0.1,6
10,bateria_25,E,0.1,6
11,bateria_25,E,0.1,6
12,bateria_25,E,0.1,6
13,bateria_25,E,0.22906561,6
14,bateria_25,E,0.41732778,6
15,bateria_25,E,0.39680147,6
16,bateria_25,E,0.5,6
17,bateria_25,E,0.5,6
18,bateria_25,E,0.5,6
19,bateria_25,E,0.5,6
20,bateria_25,E,0.5,6
21,bateria_25,E,0.5,6
22,bateria_25,E,0.5,6
23,bateria_25,E,0.5,6
24,bateria_25,E,0.5,6
1,bateria_6,E,0.25,6
2,bateria_6,E,0.25,6
3,bateria_6,E,0.25,6
4,bateria_6,E,0.25,6
5,bateria_6,E,0.1,6
6,bateria_6,E,0.1,6
7,bateria_6,E,0.1,6
8,bateria_6,E,0.1,6
9,bateria_6,E,0.1,6
10,bateria_6,E,0.1,6
11,bateria_6,E,0.1,6
12,bateria_6,E,0.11328732,6
13,bateria_6,E,0.18704247,6
14,bateria_6,E,0.31398368,6
15,bateria_6,E,0.43334578,6
16,bateria_6,E,0.5,6
17,bateria_6,E,0.5,6
18,bateria_6,E,0.5,6
19,bateria_6,E,0.5,6
20,bateria_6,E,0.5,6
21,bateria_6,E,0.5,6
22,bateria_6,E,0.5,6
23,bateria_6,E,0.5,6
24,bateria_6,E,0.5,6
1,linha_1-2,F,-0.057654845,6
2,linha_1-2,F,-0.058955045,6
3,linha_1-2,F,-0.059898102,6
4,linha_1-2,F,-0.060331169,6
5,linha_1-2,F,-0.059745754,6
6,linha_1-2,F,-0.056323676,6
7,linha_1-2,F,-0.052061938,6
8,linha_1-2,F,-0.051081419,6
9,linha_1-2,F,-0.049305195,6
10,linha_1-2,F,-0.04817033,6
11,linha_1-2,F,-0.047972527,6
12,linha_1-2,F,-0.047902597,6
13,linha_1-2,F,-0.047007992,6
14,linha_1-2,F,-0.04523976,6
15,linha_1-2,F,-0.045232767,6
16,linha_1-2,F,-0.047174825,6
17,linha_1-2,F,-0.050237263,6
18,linha_1-2,F,-0.053543457,6
19,linha_1-2,F,-0.059845654,6
20,linha_1-2,F,-0.061557942,6
21,linha_1-2,F,-0.062166833,6
22,linha_1-2,F,-0.064339161,6
23,linha_1-2,F,-0.06592008,6
24,linha_1-2,F,-0.06576973,6
1,linha_2-3,F,-0.1151945,6
2,linha_2-3,F,-0.1177923,6
3,linha_2-3,F,-0.11967653,6
4,linha_2-3,F,-0.1205418,6
5,linha_2-3,F,-0.11937214,6
6,linha_2-3,F,-0.11253482,6
7,linha_2-3,F,-0.10401986,6
8,linha_2-3,F,-0.10206078,6
9,linha_2-3,F,-0.098511878,6
10,linha_2-3,F,-0.096244415,6
11,linha_2-3,F,-0.095849206,6
12,linha_2-3,F,-0.095709485,6
13,linha_2-3,F,-0.093922062,6
14,linha_2-3,F,-0.090389131,6
15,linha_2-3,F,-0.090375159,6
16,linha_2-3,F,-0.094255395,6
17,linha_2-3,F,-0.10037415,6
18,linha_2-3,F,-0.10697993,6
19,linha_2-3,F,-0.11957174,6
20,linha_2-3,F,-0.12299289,6
21,linha_2-3,F,-0.12420946,6
22,linha_2-3,F,-0.12854977,6
23,linha_2-3,F,-0.13170845,6
24,linha_2-3,F,-0.13140805,6
1,linha_3-4,F,-0.17261918,6
2,linha_3-4,F,-0.17651199,6
3,linha_3-4,F,-0.17933552,6
4,linha_3-4,F,-0.18063212,6
5,linha_3-4,F,-0.17887938,6
6,linha_3-4,F,-0.16863365,6
7,linha_3-4,F,-0.15587396,6
8,linha_3-4,F,-0.15293828,6
9,linha_3-4,F,-0.14762025,6
10,linha_3-4,F,-0.14422245,6
11,linha_3-4,F,-0.14363023,6
12,linha_3-4,F,-0.14342085,6
13,linha_3-4,F,-0.1407424,6
14,linha_3-4,F,-0.13544829,6
15,linha_3-4,F,-0.13542736,6
16,linha_3-4,F,-0.1412419,6
17,linha_3-4,F,-0.15041087,6
18,linha_3-4,F,-0.16030964,6
19,linha_3-4,F,-0.17917849,6
20,linha_3-4,F,-0.18430509,6
21,linha_3-4,F,-0.18612812,6
22,linha_3-4,F,-0.19263209,6
23,linha_3-4,F,-0.19736538,6
24,linha_3-4,F,-0.19691523,6
1,linha_4-5,F,-0.22986945,6
2,linha_4-5,F,-0.23504435,6
3,linha_4-5,F,-0.23879779,6
4,linha_4-5,F,-0.24052143,6
5,linha_4-5,F,-0.23819143,6
6,linha_4-5,F,-0.2245713,6
7,linha_4-5,F,-0.20760926,6
8,linha_4-5,F,-0.20370672,6
9,linha_4-5,F,-0.19663049,6
10,linha_4-5,F,-0.19210462,6
11,linha_4-5,F,-0.19131578,6
12,linha_4-5,F,-0.1910369,6
13,linha_4-5,F,-0.18746919,6
14,linha_4-5,F,-0.18041743,6
15,linha_4-5,F,-0.18038954,6
16,linha_4-5,F,-0.18813452,6
17,linha_4-5,F,-0.20034691,6
18,linha_4-5,F,-0.21350582,6
19,linha_4-5,F,-0.23858904,6
20,linha_4-5,F,-0.24540408,6
21,linha_4-5,F,-0.24782751,6
22,linha_4-5,F,-0.25647354,6
23,linha_4-5,F,-0.26276572,6
24,linha_4-5,F,-0.26216731,6
1,linha_5-6,F,-0.28683185,6
2,linha_5-6,F,-0.2932734,6
3,linha_5-6,F,-0.29794556,6
4,linha_5-6,F,-0.30009109,6
5,linha_5-6,F,-0.29719078,6
6,linha_5-6,F,-0.28023688,6
7,linha_5-6,F,-0.25912306,6
8,linha_5-6,F,-0.2542653,6
9,linha_5-6,F,-0.24545201,6
10,linha_5-6,F,-0.23981158,6
11,linha_5-6,F,-0.23882848,6
12,linha_5-6,F,-0.23848092,6
13,linha_5-6,F,-0.23403461,6
14,linha_5-6,F,-0.22524627,6
15,linha_5-6,F,-0.22521152,6
16,linha_5-6,F,-0.2348638,6
17,linha_5-6,F,-0.25008312,6
18,linha_5-6,F,-0.26646291,6
19,linha_5-6,F,-0.29768572,6
20,linha_5-6,F,-0.30616886,6
21,linha_5-6,F,-0.30918547,6
22,linha_5-6,F,-0.31994777,6
23,linha_5-6,F,-0.32778008,6
24,linha_5-6,F,-0.3270352,6
1,linha_6-7,F,0.2,6
2,linha_6-7,F,0.2,6
3,linha_6-7,F,0.2,6
4,linha_6-7,F,0.2,6
5,linha_6-7,F,0.2,6
6,linha_6-7,F,0.19325404,6
7,linha_6-7,F,0.16349843,6
8,linha_6-7,F,0.1566524,6
9,linha_6-7,F,0.14762025,6
10,linha_6-7,F,0.059928324,6
11,linha_6-7,F,0.047972527,6
12,linha_6-7,F,0.038867502,6
13,linha_6-7,F,0.024786624,6
14,linha_6-7,F,0.024801776,6
15,linha_6-7,F,0.026911018,6
16,linha_6-7,F,0.048282691,6
17,linha_6-7,F,0.15075847,6
18,linha_6-7,F,0.17384244,6
19,linha_6-7,F,0.2,6
20,linha_6-7,F,0.2,6
21,linha_6-7,F,0.2,6
22,linha_6-7,F,0.2,6
23,linha_6-7,F,0.2,6
24,linha_6-7,F,0.2,6
1,linha_7-8,F,0.14263013,6
2,linha_7-8,F,0.14132733,6
3,linha_7-8,F,0.14038238,6
4,linha_7-8,F,0.13994845,6
5,linha_7-8,F,0.14053504,6
6,linha_7-8,F,0.1372045,6
7,linha_7-8,F,0.11165958,6
8,linha_7-8,F,0.10578234,6
9,linha_7-8,F,0.098511878,6
10,linha_7-8,F,0.011781534,6
11,linha_7-8,F,0.0,6
12,linha_7-8,F,-0.0090350952,6
13,linha_7-8,F,-0.022221368,6
14,linha_7-8,F,-0.020437985,6
15,linha_7-8,F,-0.018321749,6
16,linha_7-8,F,0.0011100836,6
17,linha_7-8,F,0.10072246,6
18,linha_7-8,F,0.12053983,6
19,linha_7-8,F,0.14043493,6
20,linha_7-8,F,0.13871922,6
21,linha_7-8,F,0.13810911,6
22,linha_7-8,F,0.13593243,6
23,linha_7-8,F,0.13434835,6
24,linha_7-8,F,0.134499,6
1,linha_8-9,F,0.085145406,6
2,linha_8-9,F,0.082537192,6
3,linha_8-9,F,0.08064541,6
4,linha_8-9,F,0.079776674,6
5,linha_8-9,F,0.080951021,6
6,linha_8-9,F,0.08104275,6
7,linha_8-9,F,0.059716961,6
8,linha_8-9,F,0.05481043,6
9,linha_8-9,F,0.049305195,6
10,linha_8-9,F,-0.036388796,6
11,linha_8-9,F,-0.047972527,6
12,linha_8-9,F,-0.05691964,6
13,linha_8-9,F,-0.069184962,6
14,linha_8-9,F,-0.06563691,6
15,linha_8-9,F,-0.063517909,6
16,linha_8-9,F,-0.046064742,6
17,linha_8-9,F,0.050586264,6
18,linha_8-9,F,0.067130497,6
19,linha_8-9,F,0.08075062,6
20,linha_8-9,F,0.077315754,6
21,linha_8-9,F,0.076094313,6
22,linha_8-9,F,0.071736601,6
23,linha_8-9,F,0.068565262,6
24,linha_8-9,F,0.068866865,6
1,linha_9-10,F,0.027545597,6
2,linha_9-10,F,0.023629358,6
3,linha_9-10,F,0.020788844,6
4,linha_9-10,F,0.019484435,6
5,linha_9-10,F,0.02124772,6
6,linha_9-10,F,0.024768562,6
7,linha_9-10,F,0.0076703483,6
8,linha_9-10,F,0.0037364767,6
9,linha_9-10,F,0.0,6
10,linha_9-10,F,-0.08448642,6
11,linha_9-10,F,-0.095849206,6
12,linha_9-10,F,-0.10470851,6
13,linha_9-10,F,-0.11605472,6
14,linha_9-10,F,-0.11074553,6
15,linha_9-10,F,-0.10862377,6
16,linha_9-10,F,-0.093147529,6
17,linha_9-10,F,0.00034969975,6
18,linha_9-10,F,0.013614242,6
19,linha_9-10,F,0.020946818,6
20,linha_9-10,F,0.015789359,6
21,linha_9-10,F,0.013955362,6
22,linha_9-10,F,0.0074122503,6
23,linha_9-10,F,0.0026504777,6
24,linha_9-10,F,0.0031033351,6
1,linha_10-11,F,-0.030109248,6
2,linha_10-11,F,-0.035325687,6
3,linha_10-11,F,-0.039109257,6
4,linha_10-11,F,-0.040846734,6
5,linha_10-11,F,-0.038498034,6
6,linha_10-11,F,-0.031555115,6
7,linha_10-11,F,-0.04439159,6
8,linha_10-11,F,-0.047344942,6
9,linha_10-11,F,-0.049305195,6
10,linha_10-11,F,-0.13248795,6
11,linha_10-11,F,-0.14363023,6
12,linha_10-11,F,-0.1524019,6
13,linha_10-11,F,-0.16283084,6
14,linha_10-11,F,-0.15576402,6
15,linha_10-11,F,-0.1536395,6
16,linha_10-11,F,-0.14013625,6
17,linha_10-11,F,-0.049887563,6
18,linha_10-11,F,-0.039929214,6
19,linha_10-11,F,-0.038898836,6
20,linha_10-11,F,-0.045768583,6
21,linha_10-11,F,-0.048211471,6
22,linha_10-11,F,-0.056926911,6
23,linha_10-11,F,-0.063269602,6
24,linha_10-11,F,-0.062666395,6
1,linha_11-12,F,-0.087703935,6
2,linha_11-12,F,-0.094210151,6
3,linha_11-12,F,-0.098929219,6
4,linha_11-12,F,-0.10109629,6
5,linha_11-12,F,-0.09816687,6
6,linha_11-12,F,-0.087815744,6
7,linha_11-12,F,-0.096364833,6
8,linha_11-12,F,-0.098331765,6
9,linha_11-12,F,-0.098511878,6
10,linha_11-12,F,-0.18039356,6
11,linha_11-12,F,-0.19131578,6
12,linha_11-12,F,-0.2,6
13,linha_11-12,F,-0.20949452,6
14,linha_11-12,F,-0.20069118,6
15,linha_11-12,F,-0.1985653,6
16,linha_11-12,F,-0.18703108,6
17,linha_11-12,F,-0.10002515,6
18,linha_11-12,F,-0.093392892,6
19,linha_11-12,F,-0.098666771,6
20,linha_11-12,F,-0.10723508,6
21,linha_11-12,F,-0.11028198,6
22,linha_11-12,F,-0.12115233,6
23,linha_11-12,F,-0.12906327,6
24,linha_11-12,F,-0.12831092,6
1,linha_12-13,F,-0.14518355,6
2,linha_12-13,F,-0.15297696,6
3,linha_12-13,F,-0.15862966,6
4,linha_12-13,F,-0.16122547,6
5,linha_12-13,F,-0.15771649,6
6,linha_12-13,F,-0.14396396,6
7,linha_12-13,F,-0.14823423,6
8,linha_12-13,F,-0.14921672,6
9,linha_12-13,F,-0.14762025,6
10,linha_12-13,F,-0.22814723,6
11,linha_12-13,F,-0.23882848,6
12,linha_12-13,F,-0.24740828,6
13,linha_12-13,F,-0.25595318,6
14,linha_12-13,F,-0.24543779,6
15,linha_12-13,F,-0.24331479,6
16,linha_12-13,F,-0.23376475,6
17,linha_12-13,F,-0.15006256,6
18,linha_12-13,F,-0.14674975,6
19,linha_12-13,F,-0.15831529,6
20,linha_12-13,F,-0.16857877,6
21,linha_12-13,F,-0.17222847,6
22,linha_12-13,F,-0.18524943,6
23,linha_12-13,F,-0.19472548,6
24,linha_12-13,F,-0.19382428,6
1,linha_13-14,F,-0.20254323,6
2,linha_13-14,F,-0.21160318,6
3,linha_13-14,F,-0.21817451,6
4,linha_13-14,F,-0.22119217,6
5,linha_13-14,F,-0.21711293,6
6,linha_13-14,F,-0.2,6
7,linha_13-14,F,-0.2,6
8,linha_13-14,F,-0.2,6
9,linha_13-14,F,-0.19663049,6
10,linha_13-14,F,-0.27565432,6
11,linha_13-14,F,-0.28607427,6
12,linha_13-14,F,-0.29453295,6
13,linha_13-14,F,-0.30213392,6
14,linha_13-14,F,-0.28991673,6
15,linha_13-14,F,-0.28779945,6
16,linha_13-14,F,-0.28024472,6
17,linha_13-14,F,-0.2,6
18,linha_13-14,F,-0.2,6
19,linha_13-14,F,-0.21780905,6
20,linha_13-14,F,-0.22974047,6
21,linha_13-14,F,-0.23398329,6
22,linha_13-14,F,-0.24912032,6
23,linha_13-14,F,-0.26013635,6
24,linha_13-14,F,-0.25908869,6
1,linha_14-15,F,-0.0042718918,6
2,linha_14-15,F,-0.0072050664,6
3,linha_14-15,F,-0.01265219,6
4,linha_14-15,F,-0.019484435,6
5,linha_14-15,F,-0.001640079,6
6,linha_14-15,F,-0.0015567564,6
7,linha_14-15,F,0.0,6
8,linha_14-15,F,0.02424025,6
9,linha_14-15,F,0.013637112,6
10,linha_14-15,F,-0.049124737,6
11,linha_14-15,F,-0.0070494985,6
12,linha_14-15,F,0.026538686,6
13,linha_14-15,F,0.047007992,6
14,linha_14-15,F,0.04523976,6
15,linha_14-15,F,0.005310762,6
16,linha_14-15,F,-0.053666823,6
17,linha_14-15,F,0.037138199,6
18,linha_14-15,F,0.0,6
19,linha_14-15,F,-0.013021255,6
20,linha_14-15,F,-0.033683342,6
21,linha_14-15,F,-0.06761629,6
22,linha_14-15,F,-0.071736601,6
23,linha_14-15,F,-0.040289092,6
24,linha_14-15,F,0.0,6
1,linha_15-16,F,-0.061918202,6
2,linha_15-16,F,-0.066145716,6
3,linha_15-16,F,-0.072525012,6
4,linha_15-16,F,-0.079776674,6
5,linha_15-16,F,-0.061382556,6
6,linha_15-16,F,-0.057877322,6
7,linha_15-16,F,-0.052061938,6
8,linha_15-16,F,-0.026841169,6
9,linha_15-16,F,-0.035668083,6
10,linha_15-16,F,-0.097196915,6
11,linha_15-16,F,-0.055007941,6
12,linha_15-16,F,-0.021363911,6
13,linha_15-16,F,0.0,6
14,linha_15-16,F,0.0,6
15,linha_15-16,F,-0.039922005,6
16,linha_15-16,F,-0.10073442,6
17,linha_15-16,F,-0.013099064,6
18,linha_15-16,F,-0.053543457,6
19,linha_15-16,F,-0.072840893,6
20,linha_15-16,F,-0.095173985,6
21,linha_15-16,F,-0.12964803,6
22,linha_15-16,F,-0.13593243,6
23,linha_15-16,F,-0.10612867,6
24,linha_15-16,F,-0.06576973,6
1,linha_16-17,F,-0.11944933,6
2,linha_16-17,F,-0.1249686,6
3,linha_16-17,F,-0.13227821,6
4,linha_16-17,F,-0.13994845,6
5,linha_16-17,F,-0.12100567,6
6,linha_16-17,F,-0.11408536,6
7,linha_16-17,F,-0.10401986,6
8,linha_16-17,F,-0.077868959,6
9,linha_16-17,F,-0.084902013,6
10,linha_16-17,F,-0.14517305,6
11,linha_16-17,F,-0.10287056,6
12,linha_16-17,F,-0.069223824,6
13,linha_16-17,F,-0.047007992,6
14,linha_16-17,F,-0.04523976,6
15,linha_16-17,F,-0.085075008,6
16,linha_16-17,F,-0.14770798,6
17,linha_16-17,F,-0.063310155,6
18,linha_16-17,F,-0.10697993,6
19,linha_16-17,F,-0.13254101,6
20,linha_16-17,F,-0.15654177,6
21,linha_16-17,F,-0.19155582,6
22,linha_16-17,F,-0.2,6
23,linha_16-17,F,-0.17183671,6
24,linha_16-17,F,-0.13140805,6
1,linha_17-18,F,-0.17686552,6
2,linha_17-18,F,-0.18367396,6
3,linha_17-18,F,-0.19191202,6
4,linha_17-18,F,-0.2,6
5,linha_17-18,F,-0.18050965,6
6,linha_17-18,F,-0.17018109,6
7,linha_17-18,F,-0.15587396,6
8,linha_17-18,F,-0.12879479,6
9,linha_17-18,F,-0.13403757,6
10,linha_17-18,F,-0.19305332,6
11,linha_17-18,F,-0.15063755,6
12,linha_17-18,F,-0.11698811,6
13,linha_17-18,F,-0.093922062,6
14,linha_17-18,F,-0.090389131,6
15,linha_17-18,F,-0.1301378,6
16,linha_17-18,F,-0.19458768,6
17,linha_17-18,F,-0.11342092,6
18,linha_17-18,F,-0.16030964,6
19,linha_17-18,F,-0.19212185,6
20,linha_17-18,F,-0.21775147,6
21,linha_17-18,F,-0.25323357,6
22,linha_17-18,F,-0.26381206,6
23,linha_17-18,F,-0.23733886,6
24,linha_17-18,F,-0.19691523,6
1,linha_18-19,F,0.22986945,6
2,linha_18-19,F,0.23504435,6
3,linha_18-19,F,0.23879779,6
4,linha_18-19,F,0.24271665,6
5,linha_18-19,F,0.23819143,6
6,linha_18-19,F,0.2245713,6
7,linha_18-19,F,0.20292719,6
8,linha_18-19,F,0.2,6
9,linha_18-19,F,0.16478075,6
10,linha_18-19,F,0.081775009,6
11,linha_18-19,F,0.11218477,6
12,linha_18-19,F,0.1338242,6
13,linha_18-19,F,0.1407424,6
14,linha_18-19,F,0.13544829,6
15,linha_18-19,F,0.10874258,6
16,linha_18-19,F,0.074264668,6
17,linha_18-19,F,0.19738138,6
18,linha_18-19,F,0.21047409,6
19,linha_18-19,F,0.23858904,6
20,linha_18-19,F,0.26103639,6
21,linha_18-19,F,0.26164407,6
22,linha_18-19,F,0.27507259,6
23,linha_18-19,F,0.26538983,6
24,linha_18-19,F,0.25767973,6
1,linha_19-20,F,0.17261918,6
2,linha_19-20,F,0.17651199,6
3,linha_19-20,F,0.17933552,6
4,linha_19-20,F,0.18283614,6
5,linha_19-20,F,0.17887938,6
6,linha_19-20,F,0.16863365,6
7,linha_19-20,F,0.15117315,6
8,linha_19-20,F,0.14921672,6
9,linha_19-20,F,0.11570673,6
10,linha_19-20,F,0.033671956,6
11,linha_19-20,F,0.064340793,6
12,linha_19-20,F,0.086093618,6
13,linha_19-20,F,0.093922062,6
14,linha_19-20,F,0.090389131,6
15,linha_19-20,F,0.063636965,6
16,linha_19-20,F,0.027144077,6
17,linha_19-20,F,0.1474387,6
18,linha_19-20,F,0.15726578,6
19,linha_19-20,F,0.17917849,6
20,linha_19-20,F,0.2,6
21,linha_19-20,F,0.2,6
22,linha_19-20,F,0.21132829,6
23,linha_19-20,F,0.2,6
24,linha_19-20,F,0.19240967,6
1,linha_20-21,F,0.1151945,6
2,linha_20-21,F,0.1177923,6
3,linha_20-21,F,0.11967653,6
4,linha_20-21,F,0.12275022,6
5,linha_20-21,F,0.11937214,6
6,linha_20-21,F,0.11253482,6
7,linha_20-21,F,0.099309631,6
8,linha_20-21,F,0.098331765,6
9,linha_20-21,F,0.066534474,6
10,linha_20-21,F,-0.014498373,6
11,linha_20-21,F,0.016401035,6
12,linha_20-21,F,0.03826748,6
13,linha_20-21,F,0.047007992,6
14,linha_20-21,F,0.04523976,6
15,linha_20-21,F,0.018441043,6
16,linha_20-21,F,-0.020030748,6
17,linha_20-21,F,0.097396033,6
18,linha_20-21,F,0.10392997,6
19,linha_20-21,F,0.11957174,6
20,linha_20-21,F,0.13871922,6
21,linha_20-21,F,0.13810911,6
22,linha_20-21,F,0.14730608,6
23,linha_20-21,F,0.13434835,6
24,linha_20-21,F,0.12689348,6
1,linha_21-22,F,0.057654845,6
2,linha_21-22,F,0.058955045,6
3,linha_21-22,F,0.059898102,6
4,linha_21-22,F,0.062544017,6
5,linha_21-22,F,0.059745754,6
6,linha_21-22,F,0.056323676,6
7,linha_21-22,F,0.047342283,6
8,linha_21-22,F,0.047344942,6
9,linha_21-22,F,0.017263772,6
10,linha_21-22,F,-0.062639735,6
11,linha_21-22,F,-0.031571492,6
12,linha_21-22,F,-0.0096351179,6
13,linha_21-22,F,0.0,6
14,linha_21-22,F,0.0,6
15,linha_21-22,F,-0.026791725,6
16,linha_21-22,F,-0.067165552,6
17,linha_21-22,F,0.047253183,6
18,linha_21-22,F,0.050487389,6
19,linha_21-22,F,0.059845654,6
20,linha_21-22,F,0.077315754,6
21,linha_21-22,F,0.076094313,6
22,linha_21-22,F,0.083133023,6
23,linha_21-22,F,0.068565262,6
24,linha_21-22,F,0.061246117,6
1,linha_22-23,F,0.0,6
2,linha_22-23,F,0.0,6
3,linha_22-23,F,0.0,6
4,linha_22-23,F,0.0022172779,6
5,linha_22-23,F,0.0,6
6,linha_22-23,F,0.0,6
7,linha_22-23,F,-0.0047196556,6
8,linha_22-23,F,-0.0037364767,6
9,linha_22-23,F,-0.032041423,6
10,linha_22-23,F,-0.11068491,6
11,linha_22-23,F,-0.07948094,6
12,linha_22-23,F,-0.057518464,6
13,linha_22-23,F,-0.047007992,6
14,linha_22-23,F,-0.04523976,6
15,linha_22-23,F,-0.071970962,6
16,linha_22-23,F,-0.11420618,6
17,linha_22-23,F,-0.0029840802,6
18,linha_22-23,F,-0.0030560671,6
19,linha_22-23,F,0.0,6
20,linha_22-23,F,0.015789359,6
21,linha_22-23,F,0.013955362,6
22,linha_22-23,F,0.018831487,6
23,linha_22-23,F,0.0026504777,6
24,linha_22-23,F,-0.0045236135,6
1,linha_23-24,F,-0.057654845,6
2,linha_23-24,F,-0.058955045,6
3,linha_23-24,F,-0.059898102,6
4,linha_23-24,F,-0.058113891,6
5,linha_23-24,F,-0.059745754,6
6,linha_23-24,F,-0.056323676,6
7,linha_23-24,F,-0.056772164,6
8,linha_23-24,F,-0.05481043,6
9,linha_23-24,F,-0.081282599,6
10,linha_23-24,F,-0.15863409,6
11,linha_23-24,F,-0.12729466,6
12,linha_23-24,F,-0.10530614,6
13,linha_23-24,F,-0.093922062,6
14,linha_23-24,F,-0.090389131,6
15,linha_23-24,F,-0.11705993,6
16,linha_23-24,F,-0.16115282,6
17,linha_23-24,F,-0.053215381,6
18,linha_23-24,F,-0.056593418,6
19,linha_23-24,F,-0.059845654,6
20,linha_23-24,F,-0.045768583,6
21,linha_23-24,F,-0.048211471,6
22,linha_23-24,F,-0.045507673,6
23,linha_23-24,F,-0.063269602,6
24,linha_23-24,F,-0.070284306,6
1,linha_24-25,F,-0.1151945,6
2,linha_24-25,F,-0.1177923,6
3,linha_24-25,F,-0.11967653,6
4,linha_24-25,F,-0.11832895,6
5,linha_24-25,F,-0.11937214,6
6,linha_24-25,F,-0.11253482,6
7,linha_24-25,F,-0.10872067,6
8,linha_24-25,F,-0.10578234,6
9,linha_24-25,F,-0.13042539,6
10,linha_24-25,F,-0.20647453,6
11,linha_24-25,F,-0.17501286,6
12,linha_24-25,F,-0.15299834,6
13,linha_24-25,F,-0.1407424,6
14,linha_24-25,F,-0.13544829,6
15,linha_24-25,F,-0.16205881,6
16,linha_24-25,F,-0.2079897,6
17,linha_24-25,F,-0.10334632,6
18,linha_24-25,F,-0.1100238,6
19,linha_24-25,F,-0.11957174,6
20,linha_24-25,F,-0.10723508,6
21,linha_24-25,F,-0.11028198,6
22,linha_24-25,F,-0.10975591,6
23,linha_24-25,F,-0.12906327,6
24,linha_24-25,F,-0.13591361,6
1,linha_25-26,F,0.030087069,6
2,linha_25-26,F,0.028153199,6
3,linha_25-26,F,0.023695305,6
4,linha_25-26,F,0.01563389,6
5,linha_25-26,F,0.033740491,6
6,linha_25-26,F,0.031773947,6
7,linha_25-26,F,0.034942187,6
8,linha_25-26,F,0.055699934,6
9,linha_25-26,F,0.07079533,6
10,linha_25-26,F,0.084883273,6
11,linha_25-26,F,0.095849206,6
12,linha_25-26,F,0.10502987,6
13,linha_25-26,F,0.10974753,6
14,linha_25-26,F,0.10834127,6
15,linha_25-26,F,0.097303445,6
16,linha_25-26,F,0.083401171,6
17,linha_25-26,F,0.066314842,6
18,linha_25-26,F,0.034315993,6
19,linha_25-26,F,0.023324761,6
20,linha_25-26,F,-0.0090801306,6
21,linha_25-26,F,-0.038297568,6
22,linha_25-26,F,-0.045258127,6
23,linha_25-26,F,-0.0004812864,6
24,linha_25-26,F,0.042943941,6
1,linha_26-27,F,-0.027567776,6
2,linha_26-27,F,-0.030801846,6
3,linha_26-27,F,-0.036202797,6
4,linha_26-27,F,-0.044697279,6
5,linha_26-27,F,-0.026005263,6
6,linha_26-27,F,-0.024549729,6
7,linha_26-27,F,-0.017119751,6
8,linha_26-27,F,0.0046277615,6
9,linha_26-27,F,0.021533159,6
10,linha_26-27,F,0.036786443,6
11,linha_26-27,F,0.047972527,6
12,linha_26-27,F,0.057241646,6
13,linha_26-27,F,0.062865144,6
14,linha_26-27,F,0.063227836,6
15,linha_26-27,F,0.052174923,6
16,linha_26-27,F,0.036298871,6
17,linha_26-27,F,0.016109767,6
18,linha_26-27,F,-0.019227464,6
19,linha_26-27,F,-0.036520894,6
20,linha_26-27,F,-0.070619931,6
21,linha_26-27,F,-0.10038788,6
22,linha_26-27,F,-0.10950686,6
23,linha_26-27,F,-0.066400405,6
24,linha_26-27,F,-0.022825789,6
1,linha_27-28,F,-0.085167541,6
2,linha_27-28,F,-0.089695349,6
3,linha_27-28,F,-0.096028566,6
4,linha_27-28,F,-0.10493914,6
5,linha_27-28,F,-0.085699059,6
6,linha_27-28,F,-0.080824355,6
7,linha_27-28,F,-0.069147484,6
8,linha_27-28,F,-0.046453657,6
9,linha_27-28,F,-0.027772036,6
10,linha_27-28,F,-0.011383887,6
11,linha_27-28,F,0.0,6
12,linha_27-28,F,0.0093577458,6
13,linha_27-28,F,0.015888898,6
14,linha_27-28,F,0.018024088,6
15,linha_27-28,F,0.0069560539,6
16,linha_27-28,F,-0.010875954,6
17,linha_27-28,F,-0.034127496,6
18,linha_27-28,F,-0.072732504,6
19,linha_27-28,F,-0.096293579,6
20,linha_27-28,F,-0.13203677,6
21,linha_27-28,F,-0.16235414,6
22,linha_27-28,F,-0.17362723,6
23,linha_27-28,F,-0.13218782,6
24,linha_27-28,F,-0.088549914,6
1,linha_28-29,F,-0.14265222,6
2,linha_28-29,F,-0.14847118,6
3,linha_28-29,F,-0.1557348,6
4,linha_28-29,F,-0.16506064,6
5,linha_28-29,F,-0.14527359,6
6,linha_28-29,F,-0.13698654,6
7,linha_28-29,F,-0.12107127,6
8,linha_28-29,F,-0.097442261,6
9,linha_28-29,F,-0.077021742,6
10,linha_28-29,F,-0.059531472,6
11,linha_28-29,F,-0.047972527,6
12,linha_28-29,F,-0.038544852,6
13,linha_28-29,F,-0.031119094,6
14,linha_28-29,F,-0.027215672,6
15,linha_28-29,F,-0.038276713,6
16,linha_28-29,F,-0.058029049,6
17,linha_28-29,F,-0.084296572,6
18,linha_28-29,F,-0.12613064,6
19,linha_28-29,F,-0.15594684,6
20,linha_28-29,F,-0.19333091,6
21,linha_28-29,F,-0.22414834,6
22,linha_28-29,F,-0.23754447,6
23,linha_28-29,F,-0.19784378,6
24,linha_28-29,F,-0.15414272,6
1,linha_29-30,F,-0.200022,6
2,linha_29-30,F,-0.20711536,6
3,linha_29-30,F,-0.21529119,6
4,linha_29-30,F,-0.22501205,6
5,linha_29-30,F,-0.20471965,6
6,linha_29-30,F,-0.19303652,6
7,linha_29-30,F,-0.1728913,6
8,linha_29-30,F,-0.14832899,6
9,linha_29-30,F,-0.12617305,6
10,linha_29-30,F,-0.10758286,6
11,linha_29-30,F,-0.095849206,6
12,linha_29-30,F,-0.086370436,6
13,linha_29-30,F,-0.07806491,6
14,linha_29-30,F,-0.072401055,6
15,linha_29-30,F,-0.083433004,6
16,linha_29-30,F,-0.10508793,6
17,linha_29-30,F,-0.13436541,6
18,linha_29-30,F,-0.17942209,6
19,linha_29-30,F,-0.21545004,6
20,linha_29-30,F,-0.25439389,6
21,linha_29-30,F,-0.28564795,6
22,linha_29-30,F,-0.30113194,6
23,linha_29-30,F,-0.26324221,6
24,linha_29-30,F,-0.21956538,6
1,linha_30-31,F,0.17261918,6
2,linha_30-31,F,0.17651199,6
3,linha_30-31,F,0.17933552,6
4,linha_30-31,F,0.18063212,6
5,linha_30-31,F,0.17887938,6
6,linha_30-31,F,0.16863365,6
7,linha_30-31,F,0.15587396,6
8,linha_30-31,F,0.15293828,6
9,linha_30-31,F,0.14762025,6
10,linha_30-31,F,0.14422245,6
11,linha_30-31,F,0.14363023,6
12,linha_30-31,F,0.14342085,6
13,linha_30-31,F,0.1407424,6
14,linha_30-31,F,0.13544829,6
15,linha_30-31,F,0.13542736,6
16,linha_30-31,F,0.1412419,6
17,linha_30-31,F,0.15041087,6
18,linha_30-31,F,0.16030964,6
19,linha_30-31,F,0.17917849,6
20,linha_30-31,F,0.18430509,6
21,linha_30-31,F,0.18612812,6
22,linha_30-31,F,0.19263209,6
23,linha_30-31,F,0.19736538,6
24,linha_30-31,F,0.19691523,6
1,linha_31-32,F,0.1151945,6
2,linha_31-32,F,0.1177923,6
3,linha_31-32,F,0.11967653,6
4,linha_31-32,F,0.1205418,6
5,linha_31-32,F,0.11937214,6
6,linha_31-32,F,0.11253482,6
7,linha_31-32,F,0.10401986,6
8,linha_31-32,F,0.10206078,6
9,linha_31-32,F,0.098511878,6
10,linha_31-32,F,0.096244415,6
11,linha_31-32,F,0.095849206,6
12,linha_31-32,F,0.095709485,6
13,linha_31-32,F,0.093922062,6
14,linha_31-32,F,0.090389131,6
15,linha_31-32,F,0.090375159,6
16,linha_31-32,F,0.094255395,6
17,linha_31-32,F,0.10037415,6
18,linha_31-32,F,0.10697993,6
19,linha_31-32,F,0.11957174,6
20,linha_31-32,F,0.12299289,6
21,linha_31-32,F,0.12420946,6
22,linha_31-32,F,0.12854977,6
23,linha_31-32,F,0.13170845,6
24,linha_31-32,F,0.13140805,6
1,linha_32-33,F,0.057654845,6
2,linha_32-33,F,0.058955045,6
3,linha_32-33,F,0.059898102,6
4,linha_32-33,F,0.060331169,6
5,linha_32-33,F,0.059745754,6
6,linha_32-33,F,0.056323676,6
7,linha_32-33,F,0.052061938,6
8,linha_32-33,F,0.051081419,6
9,linha_32-33,F,0.049305195,6
10,linha_32-33,F,0.04817033,6
11,linha_32-33,F,0.047972527,6
12,linha_32-33,F,0.047902597,6
13,linha_32-33,F,0.047007992,6
14,linha_32-33,F,0.04523976,6
15,linha_32-33,F,0.045232767,6
16,linha_32-33,F,0.047174825,6
17,linha_32-33,F,0.050237263,6
18,linha_32-33,F,0.053543457,6
19,linha_32-33,F,0.059845654,6
20,linha_32-33,F,0.061557942,6
21,linha_32-33,F,0.062166833,6
22,linha_32-33,F,0.064339161,6
23,linha_32-33,F,0.06592008,6
24,linha_32-33,F,0.06576973,6
1,linha_1-2,Ploss,0.00011530969,6
2,linha_1-2,Ploss,0.00011791009,6
3,linha_1-2,Ploss,0.0001197962,6
4,linha_1-2,Ploss,0.00012066234,6
5,linha_1-2,Ploss,0.00011949151,6
6,linha_1-2,Ploss,0.00011264735,6
7,linha_1-2,Ploss,0.00010412388,6
8,linha_1-2,Ploss,0.00010216284,6
9,linha_1-2,Ploss,9.861039e-05,6
10,linha_1-2,Ploss,9.6340659e-05,6
11,linha_1-2,Ploss,9.5945055e-05,6
12,linha_1-2,Ploss,9.5805195e-05,6
13,linha_1-2,Ploss,9.4015984e-05,6
14,linha_1-2,Ploss,9.047952e-05,6
15,linha_1-2,Ploss,9.0465534e-05,6
16,linha_1-2,Ploss,9.434965e-05,6
17,linha_1-2,Ploss,0.00010047453,6
18,linha_1-2,Ploss,0.00010708691,6
19,linha_1-2,Ploss,0.00011969131,6
20,linha_1-2,Ploss,0.00012311588,6
21,linha_1-2,Ploss,0.00012433367,6
22,linha_1-2,Ploss,0.00012867832,6
23,linha_1-2,Ploss,0.00013184016,6
24,linha_1-2,Ploss,0.00013153946,6
1,linha_2-3,Ploss,0.00023038899,6
2,linha_2-3,Ploss,0.0002355846,6
3,linha_2-3,Ploss,0.00023935305,6
4,linha_2-3,Ploss,0.00024108359,6
5,linha_2-3,Ploss,0.00023874427,6
6,linha_2-3,Ploss,0.00022506964,6
7,linha_2-3,Ploss,0.00020803971,6
8,linha_2-3,Ploss,0.00020412155,6
9,linha_2-3,Ploss,0.00019702376,6
10,linha_2-3,Ploss,0.00019248883,6
11,linha_2-3,Ploss,0.00019169841,6
12,linha_2-3,Ploss,0.00019141897,6
13,linha_2-3,Ploss,0.00018784412,6
14,linha_2-3,Ploss,0.00018077826,6
15,linha_2-3,Ploss,0.00018075032,6
16,linha_2-3,Ploss,0.00018851079,6
17,linha_2-3,Ploss,0.0002007483,6
18,linha_2-3,Ploss,0.00021395987,6
19,linha_2-3,Ploss,0.00023914347,6
20,linha_2-3,Ploss,0.00024598578,6
21,linha_2-3,Ploss,0.00024841891,6
22,linha_2-3,Ploss,0.00025709954,6
23,linha_2-3,Ploss,0.0002634169,6
24,linha_2-3,Ploss,0.0002628161,6
1,linha_3-4,Ploss,0.00034523836,6
2,linha_3-4,Ploss,0.00035302399,6
3,linha_3-4,Ploss,0.00035867103,6
4,linha_3-4,Ploss,0.00036126424,6
5,linha_3-4,Ploss,0.00035775877,6
6,linha_3-4,Ploss,0.0003372673,6
7,linha_3-4,Ploss,0.00031174792,6
8,linha_3-4,Ploss,0.00030587655,6
9,linha_3-4,Ploss,0.00029524049,6
10,linha_3-4,Ploss,0.0002884449,6
11,linha_3-4,Ploss,0.00028726045,6
12,linha_3-4,Ploss,0.00028684171,6
13,linha_3-4,Ploss,0.00028148479,6
14,linha_3-4,Ploss,0.00027089659,6
15,linha_3-4,Ploss,0.00027085471,6
16,linha_3-4,Ploss,0.0002824838,6
17,linha_3-4,Ploss,0.00030082173,6
18,linha_3-4,Ploss,0.00032061929,6
19,linha_3-4,Ploss,0.00035835697,6
20,linha_3-4,Ploss,0.00036861019,6
21,linha_3-4,Ploss,0.00037225624,6
22,linha_3-4,Ploss,0.00038526418,6
23,linha_3-4,Ploss,0.00039473076,6
24,linha_3-4,Ploss,0.00039383046,6
1,linha_4-5,Ploss,0.00057921673,6
2,linha_4-5,Ploss,0.00061026609,6
3,linha_4-5,Ploss,0.00063278672,6
4,linha_4-5,Ploss,0.00064312855,6
5,linha_4-5,Ploss,0.00062914859,6
6,linha_4-5,Ploss,0.00054742781,6
7,linha_4-5,Ploss,0.00044565556,6
8,linha_4-5,Ploss,0.00042224031,6
9,linha_4-5,Ploss,0.00039326099,6
10,linha_4-5,Ploss,0.00038420924,6
11,linha_4-5,Ploss,0.00038263156,6
12,linha_4-5,Ploss,0.00038207379,6
13,linha_4-5,Ploss,0.00037493837,6
14,linha_4-5,Ploss,0.00036083486,6
15,linha_4-5,Ploss,0.00036077908,6
16,linha_4-5,Ploss,0.00037626904,6
17,linha_4-5,Ploss,0.00040208149,6
18,linha_4-5,Ploss,0.0004810349,6
19,linha_4-5,Ploss,0.00063153425,6
20,linha_4-5,Ploss,0.00067242446,6
21,linha_4-5,Ploss,0.00068696505,6
22,linha_4-5,Ploss,0.00073884122,6
23,linha_4-5,Ploss,0.00077659429,6
24,linha_4-5,Ploss,0.00077300387,6
1,linha_5-6,Ploss,0.0009209911,6
2,linha_5-6,Ploss,0.00095964037,6
3,linha_5-6,Ploss,0.00098767334,6
4,linha_5-6,Ploss,0.0010005465,6
5,linha_5-6,Ploss,0.00098314471,6
6,linha_5-6,Ploss,0.00088142126,6
7,linha_5-6,Ploss,0.00075473838,6
8,linha_5-6,Ploss,0.00072559182,6
9,linha_5-6,Ploss,0.00067271205,6
10,linha_5-6,Ploss,0.00063886949,6
11,linha_5-6,Ploss,0.00063297087,6
12,linha_5-6,Ploss,0.00063088551,6
13,linha_5-6,Ploss,0.00060420768,6
14,linha_5-6,Ploss,0.00055147763,6
15,linha_5-6,Ploss,0.00055126909,6
16,linha_5-6,Ploss,0.00060918277,6
17,linha_5-6,Ploss,0.00070049875,6
18,linha_5-6,Ploss,0.00079877746,6
19,linha_5-6,Ploss,0.0009861143,6
20,linha_5-6,Ploss,0.0010370131,6
21,linha_5-6,Ploss,0.0010551128,6
22,linha_5-6,Ploss,0.0011196866,6
23,linha_5-6,Ploss,0.0011666805,6
24,linha_5-6,Ploss,0.0011622112,6
1,linha_6-7,Ploss,0.0004,6
2,linha_6-7,Ploss,0.0004,6
3,linha_6-7,Ploss,0.0004,6
4,linha_6-7,Ploss,0.0004,6
5,linha_6-7,Ploss,0.0004,6
6,linha_6-7,Ploss,0.00038650809,6
7,linha_6-7,Ploss,0.00032699685,6
8,linha_6-7,Ploss,0.0003133048,6
9,linha_6-7,Ploss,0.00029524049,6
10,linha_6-7,Ploss,0.00011985665,6
11,linha_6-7,Ploss,9.5945055e-05,6
12,linha_6-7,Ploss,7.7735004e-05,6
13,linha_6-7,Ploss,4.9573248e-05,6
14,linha_6-7,Ploss,4.9603551e-05,6
15,linha_6-7,Ploss,5.3822037e-05,6
16,linha_6-7,Ploss,9.6565382e-05,6
17,linha_6-7,Ploss,0.00030151695,6
18,linha_6-7,Ploss,0.00034768489,6
19,linha_6-7,Ploss,0.0004,6
20,linha_6-7,Ploss,0.0004,6
21,linha_6-7,Ploss,0.0004,6
22,linha_6-7,Ploss,0.0004,6
23,linha_6-7,Ploss,0.0004,6
24,linha_6-7,Ploss,0.0004,6
1,linha_7-8,Ploss,0.00028526026,6
2,linha_7-8,Ploss,0.00028265465,6
3,linha_7-8,Ploss,0.00028076476,6
4,linha_7-8,Ploss,0.0002798969,6
5,linha_7-8,Ploss,0.00028107007,6
6,linha_7-8,Ploss,0.00027440901,6
7,linha_7-8,Ploss,0.00022331917,6
8,linha_7-8,Ploss,0.00021156467,6
9,linha_7-8,Ploss,0.00019702376,6
10,linha_7-8,Ploss,2.3563068e-05,6
11,linha_7-8,Ploss,0.0,6
12,linha_7-8,Ploss,1.807019e-05,6
13,linha_7-8,Ploss,4.4442736e-05,6
14,linha_7-8,Ploss,4.0875969e-05,6
15,linha_7-8,Ploss,3.6643498e-05,6
16,linha_7-8,Ploss,2.2201671e-06,6
17,linha_7-8,Ploss,0.00020144491,6
18,linha_7-8,Ploss,0.00024107965,6
19,linha_7-8,Ploss,0.00028086987,6
20,linha_7-8,Ploss,0.00027743844,6
21,linha_7-8,Ploss,0.00027621822,6
22,linha_7-8,Ploss,0.00027186486,6
23,linha_7-8,Ploss,0.0002686967,6
24,linha_7-8,Ploss,0.000268998,6
1,linha_8-9,Ploss,0.00017029081,6
2,linha_8-9,Ploss,0.00016507438,6
3,linha_8-9,Ploss,0.00016129082,6
4,linha_8-9,Ploss,0.00015955335,6
5,linha_8-9,Ploss,0.00016190204,6
6,linha_8-9,Ploss,0.0001620855,6
7,linha_8-9,Ploss,0.00011943392,6
8,linha_8-9,Ploss,0.00010962086,6
9,linha_8-9,Ploss,9.861039e-05,6
10,linha_8-9,Ploss,7.2777591e-05,6
11,linha_8-9,Ploss,9.5945055e-05,6
12,linha_8-9,Ploss,0.00011383928,6
13,linha_8-9,Ploss,0.00013836992,6
14,linha_8-9,Ploss,0.00013127382,6
15,linha_8-9,Ploss,0.00012703582,6
16,linha_8-9,Ploss,9.2129483e-05,6
17,linha_8-9,Ploss,0.00010117253,6
18,linha_8-9,Ploss,0.00013426099,6
19,linha_8-9,Ploss,0.00016150124,6
20,linha_8-9,Ploss,0.00015463151,6
21,linha_8-9,Ploss,0.00015218863,6
22,linha_8-9,Ploss,0.0001434732,6
23,linha_8-9,Ploss,0.00013713052,6
24,linha_8-9,Ploss,0.00013773373,6
1,linha_9-10,Ploss,5.5091193e-05,6
2,linha_9-10,Ploss,4.7258717e-05,6
3,linha_9-10,Ploss,4.1577689e-05,6
4,linha_9-10,Ploss,3.8968869e-05,6
5,linha_9-10,Ploss,4.249544e-05,6
6,linha_9-10,Ploss,4.9537124e-05,6
7,linha_9-10,Ploss,1.5340697e-05,6
8,linha_9-10,Ploss,7.4729534e-06,6
9,linha_9-10,Ploss,0.0,6
10,linha_9-10,Ploss,0.00016897284,6
11,linha_9-10,Ploss,0.00019169841,6
12,linha_9-10,Ploss,0.00020941702,6
13,linha_9-10,Ploss,0.00023210944,6
14,linha_9-10,Ploss,0.00022149105,6
15,linha_9-10,Ploss,0.00021724754,6
16,linha_9-10,Ploss,0.00018629506,6
17,linha_9-10,Ploss,6.993995e-07,6
18,linha_9-10,Ploss,2.7228484e-05,6
19,linha_9-10,Ploss,4.1893636e-05,6
20,linha_9-10,Ploss,3.1578719e-05,6
21,linha_9-10,Ploss,2.7910724e-05,6
22,linha_9-10,Ploss,1.4824501e-05,6
23,linha_9-10,Ploss,5.3009554e-06,6
24,linha_9-10,Ploss,6.2066701e-06,6
1,linha_10-11,Ploss,6.0218497e-05,6
2,linha_10-11,Ploss,7.0651373e-05,6
3,linha_10-11,Ploss,7.8218515e-05,6
4,linha_10-11,Ploss,8.1693468e-05,6
5,linha_10-11,Ploss,7.6996069e-05,6
6,linha_10-11,Ploss,6.3110229e-05,6
7,linha_10-11,Ploss,8.8783179e-05,6
8,linha_10-11,Ploss,9.4689884e-05,6
9,linha_10-11,Ploss,9.861039e-05,6
10,linha_10-11,Ploss,0.00026497589,6
11,linha_10-11,Ploss,0.00028726045,6
12,linha_10-11,Ploss,0.0003048038,6
13,linha_10-11,Ploss,0.00032566167,6
14,linha_10-11,Ploss,0.00031152804,6
15,linha_10-11,Ploss,0.00030727901,6
16,linha_10-11,Ploss,0.00028027249,6
17,linha_10-11,Ploss,9.9775126e-05,6
18,linha_10-11,Ploss,7.9858429e-05,6
19,linha_10-11,Ploss,7.7797673e-05,6
20,linha_10-11,Ploss,9.1537166e-05,6
21,linha_10-11,Ploss,9.6422942e-05,6
22,linha_10-11,Ploss,0.00011385382,6
23,linha_10-11,Ploss,0.0001265392,6
24,linha_10-11,Ploss,0.00012533279,6
1,linha_11-12,Ploss,0.00017540787,6
2,linha_11-12,Ploss,0.0001884203,6
3,linha_11-12,Ploss,0.00019785844,6
4,linha_11-12,Ploss,0.00020219258,6
5,linha_11-12,Ploss,0.00019633374,6
6,linha_11-12,Ploss,0.00017563149,6
7,linha_11-12,Ploss,0.00019272967,6
8,linha_11-12,Ploss,0.00019666353,6
9,linha_11-12,Ploss,0.00019702376,6
10,linha_11-12,Ploss,0.00036078713,6
11,linha_11-12,Ploss,0.00038263156,6
12,linha_11-12,Ploss,0.0004,6
13,linha_11-12,Ploss,0.00045696713,6
14,linha_11-12,Ploss,0.00040414708,6
15,linha_11-12,Ploss,0.0003971306,6
16,linha_11-12,Ploss,0.00037406216,6
17,linha_11-12,Ploss,0.0002000503,6
18,linha_11-12,Ploss,0.00018678578,6
19,linha_11-12,Ploss,0.00019733354,6
20,linha_11-12,Ploss,0.00021447016,6
21,linha_11-12,Ploss,0.00022056396,6
22,linha_11-12,Ploss,0.00024230466,6
23,linha_11-12,Ploss,0.00025812654,6
24,linha_11-12,Ploss,0.00025662184,6
1,linha_12-13,Ploss,0.0002903671,6
2,linha_12-13,Ploss,0.00030595393,6
3,linha_12-13,Ploss,0.00031725932,6
4,linha_12-13,Ploss,0.00032245094,6
5,linha_12-13,Ploss,0.00031543297,6
6,linha_12-13,Ploss,0.00028792793,6
7,linha_12-13,Ploss,0.00029646847,6
8,linha_12-13,Ploss,0.00029843343,6
9,linha_12-13,Ploss,0.00029524049,6
10,linha_12-13,Ploss,0.00056888338,6
11,linha_12-13,Ploss,0.00063297087,6
12,linha_12-13,Ploss,0.00068444965,6
13,linha_12-13,Ploss,0.00073571907,6
14,linha_12-13,Ploss,0.00067262676,6
15,linha_12-13,Ploss,0.00065988874,6
16,linha_12-13,Ploss,0.00060258852,6
17,linha_12-13,Ploss,0.00030012513,6
18,linha_12-13,Ploss,0.0002934995,6
19,linha_12-13,Ploss,0.00031663058,6
20,linha_12-13,Ploss,0.00033715753,6
21,linha_12-13,Ploss,0.00034445693,6
22,linha_12-13,Ploss,0.00037049886,6
23,linha_12-13,Ploss,0.00038945096,6
24,linha_12-13,Ploss,0.00038764857,6
1,linha_13-14,Ploss,0.00041525941,6
2,linha_13-14,Ploss,0.00046961906,6
3,linha_13-14,Ploss,0.00050904704,6
4,linha_13-14,Ploss,0.000527153,6
5,linha_13-14,Ploss,0.00050267759,6
6,linha_13-14,Ploss,0.0004,6
7,linha_13-14,Ploss,0.0004,6
8,linha_13-14,Ploss,0.0004,6
9,linha_13-14,Ploss,0.00039326099,6
10,linha_13-14,Ploss,0.00085392595,6
11,linha_13-14,Ploss,0.00091644563,6
12,linha_13-14,Ploss,0.00096719771,6
13,linha_13-14,Ploss,0.0010128035,6
14,linha_13-14,Ploss,0.00093950038,6
15,linha_13-14,Ploss,0.00092679668,6
16,linha_13-14,Ploss,0.00088146835,6
17,linha_13-14,Ploss,0.0004,6
18,linha_13-14,Ploss,0.0004,6
19,linha_13-14,Ploss,0.00050685428,6
20,linha_13-14,Ploss,0.00057844279,6
21,linha_13-14,Ploss,0.00060389973,6
22,linha_13-14,Ploss,0.00069472191,6
23,linha_13-14,Ploss,0.00076081808,6
24,linha_13-14,Ploss,0.00075453215,6
1,linha_14-15,Ploss,8.5437836e-06,6
2,linha_14-15,Ploss,1.4410133e-05,6
3,linha_14-15,Ploss,2.5304379e-05,6
4,linha_14-15,Ploss,3.8968869e-05,6
5,linha_14-15,Ploss,3.2801579e-06,6
6,linha_14-15,Ploss,3.1135128e-06,6
7,linha_14-15,Ploss,0.0,6
8,linha_14-15,Ploss,4.84805e-05,6
9,linha_14-15,Ploss,2.7274224e-05,6
10,linha_14-15,Ploss,9.8249474e-05,6
11,linha_14-15,Ploss,1.4098997e-05,6
12,linha_14-15,Ploss,5.3077372e-05,6
13,linha_14-15,Ploss,9.4015984e-05,6
14,linha_14-15,Ploss,9.047952e-05,6
15,linha_14-15,Ploss,1.0621524e-05,6
16,linha_14-15,Ploss,0.00010733365,6
17,linha_14-15,Ploss,7.4276397e-05,6
18,linha_14-15,Ploss,0.0,6
19,linha_14-15,Ploss,2.604251e-05,6
20,linha_14-15,Ploss,6.7366684e-05,6
21,linha_14-15,Ploss,0.00013523258,6
22,linha_14-15,Ploss,0.0001434732,6
23,linha_14-15,Ploss,8.0578184e-05,6
24,linha_14-15,Ploss,0.0,6
1,linha_15-16,Ploss,0.0001238364,6
2,linha_15-16,Ploss,0.00013229143,6
3,linha_15-16,Ploss,0.00014505002,6
4,linha_15-16,Ploss,0.00015955335,6
5,linha_15-16,Ploss,0.00012276511,6
6,linha_15-16,Ploss,0.00011575464,6
7,linha_15-16,Ploss,0.00010412388,6
8,linha_15-16,Ploss,5.3682337e-05,6
9,linha_15-16,Ploss,7.1336166e-05,6
10,linha_15-16,Ploss,0.00019439383,6
11,linha_15-16,Ploss,0.00011001588,6
12,linha_15-16,Ploss,4.2727823e-05,6
13,linha_15-16,Ploss,0.0,6
14,linha_15-16,Ploss,0.0,6
15,linha_15-16,Ploss,7.984401e-05,6
16,linha_15-16,Ploss,0.00020146884,6
17,linha_15-16,Ploss,2.6198128e-05,6
18,linha_15-16,Ploss,0.00010708691,6
19,linha_15-16,Ploss,0.00014568179,6
20,linha_15-16,Ploss,0.00019034797,6
21,linha_15-16,Ploss,0.00025929605,6
22,linha_15-16,Ploss,0.00027186486,6
23,linha_15-16,Ploss,0.00021225735,6
24,linha_15-16,Ploss,0.00013153946,6
1,linha_16-17,Ploss,0.00023889867,6
2,linha_16-17,Ploss,0.0002499372,6
3,linha_16-17,Ploss,0.00026455642,6
4,linha_16-17,Ploss,0.0002798969,6
5,linha_16-17,Ploss,0.00024201134,6
6,linha_16-17,Ploss,0.00022817072,6
7,linha_16-17,Ploss,0.00020803971,6
8,linha_16-17,Ploss,0.00015573792,6
9,linha_16-17,Ploss,0.00016980403,6
10,linha_16-17,Ploss,0.00029034609,6
11,linha_16-17,Ploss,0.00020574113,6
12,linha_16-17,Ploss,0.00013844765,6
13,linha_16-17,Ploss,9.4015984e-05,6
14,linha_16-17,Ploss,9.047952e-05,6
15,linha_16-17,Ploss,0.00017015002,6
16,linha_16-17,Ploss,0.00029541596,6
17,linha_16-17,Ploss,0.00012662031,6
18,linha_16-17,Ploss,0.00021395987,6
19,linha_16-17,Ploss,0.00026508202,6
20,linha_16-17,Ploss,0.00031308354,6
21,linha_16-17,Ploss,0.00038311164,6
22,linha_16-17,Ploss,0.0004,6
23,linha_16-17,Ploss,0.00034367342,6
24,linha_16-17,Ploss,0.0002628161,6
1,linha_17-18,Ploss,0.00035373104,6
2,linha_17-18,Ploss,0.00036734792,6
3,linha_17-18,Ploss,0.00038382404,6
4,linha_17-18,Ploss,0.0004,6
5,linha_17-18,Ploss,0.00036101931,6
6,linha_17-18,Ploss,0.00034036219,6
7,linha_17-18,Ploss,0.00031174792,6
8,linha_17-18,Ploss,0.00025758959,6
9,linha_17-18,Ploss,0.00026807515,6
10,linha_17-18,Ploss,0.00038610664,6
11,linha_17-18,Ploss,0.00030127511,6
12,linha_17-18,Ploss,0.00023397622,6
13,linha_17-18,Ploss,0.00018784412,6
14,linha_17-18,Ploss,0.00018077826,6
15,linha_17-18,Ploss,0.00026027559,6
16,linha_17-18,Ploss,0.00038917537,6
17,linha_17-18,Ploss,0.00022684185,6
18,linha_17-18,Ploss,0.00032061929,6
19,linha_17-18,Ploss,0.0003842437,6
20,linha_17-18,Ploss,0.00050650884,6
21,linha_17-18,Ploss,0.00071940139,6
22,linha_17-18,Ploss,0.00078287238,6
23,linha_17-18,Ploss,0.00062403313,6
24,linha_17-18,Ploss,0.00039383046,6
1,linha_18-19,Ploss,0.00057921673,6
2,linha_18-19,Ploss,0.00061026609,6
3,linha_18-19,Ploss,0.00063278672,6
4,linha_18-19,Ploss,0.0006562999,6
5,linha_18-19,Ploss,0.00062914859,6
6,linha_18-19,Ploss,0.00054742781,6
7,linha_18-19,Ploss,0.00041756316,6
8,linha_18-19,Ploss,0.0004,6
9,linha_18-19,Ploss,0.00032956149,6
10,linha_18-19,Ploss,0.00016355002,6
11,linha_18-19,Ploss,0.00022436954,6
12,linha_18-19,Ploss,0.0002676484,6
13,linha_18-19,Ploss,0.00028148479,6
14,linha_18-19,Ploss,0.00027089659,6
15,linha_18-19,Ploss,0.00021748517,6
16,linha_18-19,Ploss,0.00014852934,6
17,linha_18-19,Ploss,0.00039476276,6
18,linha_18-19,Ploss,0.00046284453,6
19,linha_18-19,Ploss,0.00063153425,6
20,linha_18-19,Ploss,0.00076621834,6
21,linha_18-19,Ploss,0.00076986441,6
22,linha_18-19,Ploss,0.00085043554,6
23,linha_18-19,Ploss,0.00079233898,6
24,linha_18-19,Ploss,0.00074607835,6
1,linha_19-20,Ploss,0.00034523836,6
2,linha_19-20,Ploss,0.00035302399,6
3,linha_19-20,Ploss,0.00035867103,6
4,linha_19-20,Ploss,0.00036567227,6
5,linha_19-20,Ploss,0.00035775877,6
6,linha_19-20,Ploss,0.0003372673,6
7,linha_19-20,Ploss,0.0003023463,6
8,linha_19-20,Ploss,0.00029843343,6
9,linha_19-20,Ploss,0.00023141347,6
10,linha_19-20,Ploss,6.7343913e-05,6
11,linha_19-20,Ploss,0.00012868159,6
12,linha_19-20,Ploss,0.00017218724,6
13,linha_19-20,Ploss,0.00018784412,6
14,linha_19-20,Ploss,0.00018077826,6
15,linha_19-20,Ploss,0.00012727393,6
16,linha_19-20,Ploss,5.4288154e-05,6
17,linha_19-20,Ploss,0.0002948774,6
18,linha_19-20,Ploss,0.00031453155,6
19,linha_19-20,Ploss,0.00035835697,6
20,linha_19-20,Ploss,0.0004,6
21,linha_19-20,Ploss,0.0004,6
22,linha_19-20,Ploss,0.00046796976,6
23,linha_19-20,Ploss,0.0004,6
24,linha_19-20,Ploss,0.00038481935,6
1,linha_20-21,Ploss,0.00023038899,6
2,linha_20-21,Ploss,0.0002355846,6
3,linha_20-21,Ploss,0.00023935305,6
4,linha_20-21,Ploss,0.00024550044,6
5,linha_20-21,Ploss,0.00023874427,6
6,linha_20-21,Ploss,0.00022506964,6
7,linha_20-21,Ploss,0.00019861926,6
8,linha_20-21,Ploss,0.00019666353,6
9,linha_20-21,Ploss,0.00013306895,6
10,linha_20-21,Ploss,2.8996747e-05,6
11,linha_20-21,Ploss,3.2802071e-05,6
12,linha_20-21,Ploss,7.6534959e-05,6
13,linha_20-21,Ploss,9.4015984e-05,6
14,linha_20-21,Ploss,9.047952e-05,6
15,linha_20-21,Ploss,3.6882085e-05,6
16,linha_20-21,Ploss,4.0061496e-05,6
17,linha_20-21,Ploss,0.00019479207,6
18,linha_20-21,Ploss,0.00020785994,6
19,linha_20-21,Ploss,0.00023914347,6
20,linha_20-21,Ploss,0.00027743844,6
21,linha_20-21,Ploss,0.00027621822,6
22,linha_20-21,Ploss,0.00029461217,6
23,linha_20-21,Ploss,0.0002686967,6
24,linha_20-21,Ploss,0.00025378695,6
1,linha_21-22,Ploss,0.00011530969,6
2,linha_21-22,Ploss,0.00011791009,6
3,linha_21-22,Ploss,0.0001197962,6
4,linha_21-22,Ploss,0.00012508803,6
5,linha_21-22,Ploss,0.00011949151,6
6,linha_21-22,Ploss,0.00011264735,6
7,linha_21-22,Ploss,9.4684565e-05,6
8,linha_21-22,Ploss,9.4689884e-05,6
9,linha_21-22,Ploss,3.4527544e-05,6
10,linha_21-22,Ploss,0.00012527947,6
11,linha_21-22,Ploss,6.3142984e-05,6
12,linha_21-22,Ploss,1.9270236e-05,6
13,linha_21-22,Ploss,0.0,6
14,linha_21-22,Ploss,0.0,6
15,linha_21-22,Ploss,5.3583449e-05,6
16,linha_21-22,Ploss,0.0001343311,6
17,linha_21-22,Ploss,9.4506365e-05,6
18,linha_21-22,Ploss,0.00010097478,6
19,linha_21-22,Ploss,0.00011969131,6
20,linha_21-22,Ploss,0.00015463151,6
21,linha_21-22,Ploss,0.00015218863,6
22,linha_21-22,Ploss,0.00016626605,6
23,linha_21-22,Ploss,0.00013713052,6
24,linha_21-22,Ploss,0.00012249223,6
1,linha_22-23,Ploss,0.0,6
2,linha_22-23,Ploss,0.0,6
3,linha_22-23,Ploss,0.0,6
4,linha_22-23,Ploss,4.4345559e-06,6
5,linha_22-23,Ploss,0.0,6
6,linha_22-23,Ploss,0.0,6
7,linha_22-23,Ploss,9.4393111e-06,6
8,linha_22-23,Ploss,7.4729534e-06,6
9,linha_22-23,Ploss,6.4082845e-05,6
10,linha_22-23,Ploss,0.00022136982,6
11,linha_22-23,Ploss,0.00015896188,6
12,linha_22-23,Ploss,0.00011503693,6
13,linha_22-23,Ploss,9.4015984e-05,6
14,linha_22-23,Ploss,9.047952e-05,6
15,linha_22-23,Ploss,0.00014394192,6
16,linha_22-23,Ploss,0.00022841236,6
17,linha_22-23,Ploss,5.9681604e-06,6
18,linha_22-23,Ploss,6.1121341e-06,6
19,linha_22-23,Ploss,0.0,6
20,linha_22-23,Ploss,3.1578719e-05,6
21,linha_22-23,Ploss,2.7910724e-05,6
22,linha_22-23,Ploss,3.7662975e-05,6
23,linha_22-23,Ploss,5.3009554e-06,6
24,linha_22-23,Ploss,9.047227e-06,6
1,linha_23-24,Ploss,0.00011530969,6
2,linha_23-24,Ploss,0.00011791009,6
3,linha_23-24,Ploss,0.0001197962,6
4,linha_23-24,Ploss,0.00011622778,6
5,linha_23-24,Ploss,0.00011949151,6
6,linha_23-24,Ploss,0.00011264735,6
7,linha_23-24,Ploss,0.00011354433,6
8,linha_23-24,Ploss,0.00010962086,6
9,linha_23-24,Ploss,0.0001625652,6
10,linha_23-24,Ploss,0.00031726818,6
11,linha_23-24,Ploss,0.00025458933,6
12,linha_23-24,Ploss,0.00021061228,6
13,linha_23-24,Ploss,0.00018784412,6
14,linha_23-24,Ploss,0.00018077826,6
15,linha_23-24,Ploss,0.00023411986,6
16,linha_23-24,Ploss,0.00032230564,6
17,linha_23-24,Ploss,0.00010643076,6
18,linha_23-24,Ploss,0.00011318684,6
19,linha_23-24,Ploss,0.00011969131,6
20,linha_23-24,Ploss,9.1537166e-05,6
21,linha_23-24,Ploss,9.6422942e-05,6
22,linha_23-24,Ploss,9.1015347e-05,6
23,linha_23-24,Ploss,0.0001265392,6
24,linha_23-24,Ploss,0.00014056861,6
1,linha_24-25,Ploss,0.00023038899,6
2,linha_24-25,Ploss,0.0002355846,6
3,linha_24-25,Ploss,0.00023935305,6
4,linha_24-25,Ploss,0.0002366579,6
5,linha_24-25,Ploss,0.00023874427,6
6,linha_24-25,Ploss,0.00022506964,6
7,linha_24-25,Ploss,0.00021744134,6
8,linha_24-25,Ploss,0.00021156467,6
9,linha_24-25,Ploss,0.00026085078,6
10,linha_24-25,Ploss,0.0004388472,6
11,linha_24-25,Ploss,0.00035002571,6
12,linha_24-25,Ploss,0.00030599667,6
13,linha_24-25,Ploss,0.00028148479,6
14,linha_24-25,Ploss,0.00027089659,6
15,linha_24-25,Ploss,0.00032411762,6
16,linha_24-25,Ploss,0.0004479382,6
17,linha_24-25,Ploss,0.00020669264,6
18,linha_24-25,Ploss,0.0002200476,6
19,linha_24-25,Ploss,0.00023914347,6
20,linha_24-25,Ploss,0.00021447016,6
21,linha_24-25,Ploss,0.00022056396,6
22,linha_24-25,Ploss,0.00021951182,6
23,linha_24-25,Ploss,0.00025812654,6
24,linha_24-25,Ploss,0.00027182722,6
1,linha_25-26,Ploss,6.0174138e-05,6
2,linha_25-26,Ploss,5.6306398e-05,6
3,linha_25-26,Ploss,4.739061e-05,6
4,linha_25-26,Ploss,3.1267779e-05,6
5,linha_25-26,Ploss,6.7480982e-05,6
6,linha_25-26,Ploss,6.3547895e-05,6
7,linha_25-26,Ploss,6.9884373e-05,6
8,linha_25-26,Ploss,0.00011139987,6
9,linha_25-26,Ploss,0.00014159066,6
10,linha_25-26,Ploss,0.00016976655,6
11,linha_25-26,Ploss,0.00019169841,6
12,linha_25-26,Ploss,0.00021005975,6
13,linha_25-26,Ploss,0.00021949506,6
14,linha_25-26,Ploss,0.00021668253,6
15,linha_25-26,Ploss,0.00019460689,6
16,linha_25-26,Ploss,0.00016680234,6
17,linha_25-26,Ploss,0.00013262968,6
18,linha_25-26,Ploss,6.8631985e-05,6
19,linha_25-26,Ploss,4.6649521e-05,6
20,linha_25-26,Ploss,1.8160261e-05,6
21,linha_25-26,Ploss,7.6595136e-05,6
22,linha_25-26,Ploss,9.0516254e-05,6
23,linha_25-26,Ploss,9.6257281e-07,6
24,linha_25-26,Ploss,8.5887882e-05,6
1,linha_26-27,Ploss,5.5135553e-05,6
2,linha_26-27,Ploss,6.1603692e-05,6
3,linha_26-27,Ploss,7.2405594e-05,6
4,linha_26-27,Ploss,8.9394559e-05,6
5,linha_26-27,Ploss,5.2010526e-05,6
6,linha_26-27,Ploss,4.9099458e-05,6
7,linha_26-27,Ploss,3.4239503e-05,6
8,linha_26-27,Ploss,9.255523e-06,6
9,linha_26-27,Ploss,4.3066317e-05,6
10,linha_26-27,Ploss,7.3572885e-05,6
11,linha_26-27,Ploss,9.5945055e-05,6
12,linha_26-27,Ploss,0.00011448329,6
13,linha_26-27,Ploss,0.00012573029,6
14,linha_26-27,Ploss,0.00012645567,6
15,linha_26-27,Ploss,0.00010434985,6
16,linha_26-27,Ploss,7.2597742e-05,6
17,linha_26-27,Ploss,3.2219533e-05,6
18,linha_26-27,Ploss,3.8454928e-05,6
19,linha_26-27,Ploss,7.3041787e-05,6
20,linha_26-27,Ploss,0.00014123986,6
21,linha_26-27,Ploss,0.00020077577,6
22,linha_26-27,Ploss,0.00021901372,6
23,linha_26-27,Ploss,0.00013280081,6
24,linha_26-27,Ploss,4.5651579e-05,6
1,linha_27-28,Ploss,0.00017033508,6
2,linha_27-28,Ploss,0.0001793907,6
3,linha_27-28,Ploss,0.00019205713,6
4,linha_27-28,Ploss,0.00020987829,6
5,linha_27-28,Ploss,0.00017139812,6
6,linha_27-28,Ploss,0.00016164871,6
7,linha_27-28,Ploss,0.00013829497,6
8,linha_27-28,Ploss,9.2907314e-05,6
9,linha_27-28,Ploss,5.5544073e-05,6
10,linha_27-28,Ploss,2.2767774e-05,6
11,linha_27-28,Ploss,0.0,6
12,linha_27-28,Ploss,1.8715492e-05,6
13,linha_27-28,Ploss,3.1777796e-05,6
14,linha_27-28,Ploss,3.6048176e-05,6
15,linha_27-28,Ploss,1.3912108e-05,6
16,linha_27-28,Ploss,2.1751908e-05,6
17,linha_27-28,Ploss,6.8254992e-05,6
18,linha_27-28,Ploss,0.00014546501,6
19,linha_27-28,Ploss,0.00019258716,6
20,linha_27-28,Ploss,0.00026407355,6
21,linha_27-28,Ploss,0.00032470828,6
22,linha_27-28,Ploss,0.00034725446,6
23,linha_27-28,Ploss,0.00026437563,6
24,linha_27-28,Ploss,0.00017709983,6
1,linha_28-29,Ploss,0.00028530444,6
2,linha_28-29,Ploss,0.00029694236,6
3,linha_28-29,Ploss,0.0003114696,6
4,linha_28-29,Ploss,0.00033012129,6
5,linha_28-29,Ploss,0.00029054717,6
6,linha_28-29,Ploss,0.00027397309,6
7,linha_28-29,Ploss,0.00024214253,6
8,linha_28-29,Ploss,0.00019488452,6
9,linha_28-29,Ploss,0.00015404348,6
10,linha_28-29,Ploss,0.00011906294,6
11,linha_28-29,Ploss,9.5945055e-05,6
12,linha_28-29,Ploss,7.7089703e-05,6
13,linha_28-29,Ploss,6.2238188e-05,6
14,linha_28-29,Ploss,5.4431344e-05,6
15,linha_28-29,Ploss,7.6553427e-05,6
16,linha_28-29,Ploss,0.0001160581,6
17,linha_28-29,Ploss,0.00016859314,6
18,linha_28-29,Ploss,0.00025226128,6
19,linha_28-29,Ploss,0.00031189368,6
20,linha_28-29,Ploss,0.00038666181,6
21,linha_28-29,Ploss,0.00054489005,6
22,linha_28-29,Ploss,0.0006252668,6
23,linha_28-29,Ploss,0.00039568757,6
24,linha_28-29,Ploss,0.00030828544,6
1,linha_29-30,Ploss,0.00040013202,6
2,linha_29-30,Ploss,0.00044269219,6
3,linha_29-30,Ploss,0.00049174716,6
4,linha_29-30,Ploss,0.00055007228,6
5,linha_29-30,Ploss,0.00042831792,6
6,linha_29-30,Ploss,0.00038607304,6
7,linha_29-30,Ploss,0.00034578261,6
8,linha_29-30,Ploss,0.00029665798,6
9,linha_29-30,Ploss,0.0002523461,6
10,linha_29-30,Ploss,0.00021516571,6
11,linha_29-30,Ploss,0.00019169841,6
12,linha_29-30,Ploss,0.00017274087,6
13,linha_29-30,Ploss,0.00015612982,6
14,linha_29-30,Ploss,0.00014480211,6
15,linha_29-30,Ploss,0.00016686601,6
16,linha_29-30,Ploss,0.00021017586,6
17,linha_29-30,Ploss,0.00026873082,6
18,linha_29-30,Ploss,0.00035884418,6
19,linha_29-30,Ploss,0.00049270025,6
20,linha_29-30,Ploss,0.00072636336,6
21,linha_29-30,Ploss,0.00091388772,6
22,linha_29-30,Ploss,0.0010067916,6
23,linha_29-30,Ploss,0.00077945329,6
24,linha_29-30,Ploss,0.00051739229,6
1,linha_30-31,Ploss,0.00034523836,6
2,linha_30-31,Ploss,0.00035302399,6
3,linha_30-31,Ploss,0.00035867103,6
4,linha_30-31,Ploss,0.00036126424,6
5,linha_30-31,Ploss,0.00035775877,6
6,linha_30-31,Ploss,0.0003372673,6
7,linha_30-31,Ploss,0.00031174792,6
8,linha_30-31,Ploss,0.00030587655,6
9,linha_30-31,Ploss,0.00029524049,6
10,linha_30-31,Ploss,0.0002884449,6
11,linha_30-31,Ploss,0.00028726045,6
12,linha_30-31,Ploss,0.00028684171,6
13,linha_30-31,Ploss,0.00028148479,6
14,linha_30-31,Ploss,0.00027089659,6
15,linha_30-31,Ploss,0.00027085471,6
16,linha_30-31,Ploss,0.0002824838,6
17,linha_30-31,Ploss,0.00030082173,6
18,linha_30-31,Ploss,0.00032061929,6
19,linha_30-31,Ploss,0.00035835697,6
20,linha_30-31,Ploss,0.00036861019,6
21,linha_30-31,Ploss,0.00037225624,6
22,linha_30-31,Ploss,0.00038526418,6
23,linha_30-31,Ploss,0.00039473076,6
24,linha_30-31,Ploss,0.00039383046,6
1,linha_31-32,Ploss,0.00023038899,6
2,linha_31-32,Ploss,0.0002355846,6
3,linha_31-32,Ploss,0.00023935305,6
4,linha_31-32,Ploss,0.00024108359,6
5,linha_31-32,Ploss,0.00023874427,6
6,linha_31-32,Ploss,0.00022506964,6
7,linha_31-32,Ploss,0.00020803971,6
8,linha_31-32,Ploss,0.00020412155,6
9,linha_31-32,Ploss,0.00019702376,6
10,linha_31-32,Ploss,0.00019248883,6
11,linha_31-32,Ploss,0.00019169841,6
12,linha_31-32,Ploss,0.00019141897,6
13,linha_31-32,Ploss,0.00018784412,6
14,linha_31-32,Ploss,0.00018077826,6
15,linha_31-32,Ploss,0.00018075032,6
16,linha_31-32,Ploss,0.00018851079,6
17,linha_31-32,Ploss,0.0002007483,6
18,linha_31-32,Ploss,0.00021395987,6
19,linha_31-32,Ploss,0.00023914347,6
20,linha_31-32,Ploss,0.00024598578,6
21,linha_31-32,Ploss,0.00024841891,6
22,linha_31-32,Ploss,0.00025709954,6
23,linha_31-32,Ploss,0.0002634169,6
24,linha_31-32,Ploss,0.0002628161,6
1,linha_32-33,Ploss,0.00011530969,6
2,linha_32-33,Ploss,0.00011791009,6
3,linha_32-33,Ploss,0.0001197962,6
4,linha_32-33,Ploss,0.00012066234,6
5,linha_32-33,Ploss,0.00011949151,6
6,linha_32-33,Ploss,0.00011264735,6
7,linha_32-33,Ploss,0.00010412388,6
8,linha_32-33,Ploss,0.00010216284,6
9,linha_32-33,Ploss,9.861039e-05,6
10,linha_32-33,Ploss,9.6340659e-05,6
11,linha_32-33,Ploss,9.5945055e-05,6
12,linha_32-33,Ploss,9.5805195e-05,6
13,linha_32-33,Ploss,9.4015984e-05,6
14,linha_32-33,Ploss,9.047952e-05,6
15,linha_32-33,Ploss,9.0465534e-05,6
16,linha_32-33,Ploss,9.434965e-05,6
17,linha_32-33,Ploss,0.00010047453,6
18,linha_32-33,Ploss,0.00010708691,6
19,linha_32-33,Ploss,0.00011969131,6
20,linha_32-33,Ploss,0.00012311588,6
21,linha_32-33,Ploss,0.00012433367,6
22,linha_32-33,Ploss,0.00012867832,6
23,linha_32-33,Ploss,0.00013184016,6
24,linha_32-33,Ploss,0.00013153946,6
1,barra_1,theta,0.0,6
2,barra_1,theta,0.0,6
3,barra_1,theta,0.0,6
4,barra_1,theta,0.0,6
5,barra_1,theta,0.0,6
6,barra_1,theta,0.0,6
7,barra_1,theta,0.0,6
8,barra_1,theta,0.0,6
9,barra_1,theta,0.0,6
10,barra_1,theta,0.0,6
11,barra_1,theta,0.0,6
12,barra_1,theta,0.0,6
13,barra_1,theta,0.0,6
14,barra_1,theta,0.0,6
15,barra_1,theta,0.0,6
16,barra_1,theta,0.0,6
17,barra_1,theta,0.0,6
18,barra_1,theta,0.0,6
19,barra_1,theta,0.0,6
20,barra_1,theta,0.0,6
21,barra_1,theta,0.0,6
22,barra_1,theta,0.0,6
23,barra_1,theta,0.0,6
24,barra_1,theta,0.0,6
1,barra_2,theta,0.0048045704,6
2,barra_2,theta,0.0049129204,6
3,barra_2,theta,0.0049915085,6
4,barra_2,theta,0.0050275974,6
5,barra_2,theta,0.0049788129,6
6,barra_2,theta,0.0046936397,6
7,barra_2,theta,0.0043384948,6
8,barra_2,theta,0.0042567849,6
9,barra_2,theta,0.0041087662,6
10,barra_2,theta,0.0040141941,6
11,barra_2,theta,0.0039977106,6
12,barra_2,theta,0.0039918831,6
13,barra_2,theta,0.0039173327,6
14,barra_2,theta,0.00376998,6
15,barra_2,theta,0.0037693973,6
16,barra_2,theta,0.0039312354,6
17,barra_2,theta,0.0041864386,6
18,barra_2,theta,0.0044619547,6
19,barra_2,theta,0.0049871379,6
20,barra_2,theta,0.0051298285,6
21,barra_2,theta,0.0051805694,6
22,barra_2,theta,0.0053615967,6
23,barra_2,theta,0.00549334,6
24,barra_2,theta,0.0054808109,6
1,barra_3,theta,0.014404112,6
2,barra_3,theta,0.014728945,6
3,barra_3,theta,0.014964552,6
4,barra_3,theta,0.015072747,6
5,barra_3,theta,0.014926491,6
6,barra_3,theta,0.014071541,6
7,barra_3,theta,0.013006816,6
8,barra_3,theta,0.01276185,6
9,barra_3,theta,0.012318089,6
10,barra_3,theta,0.012034562,6
11,barra_3,theta,0.011985144,6
12,barra_3,theta,0.011967674,6
13,barra_3,theta,0.011744171,6
14,barra_3,theta,0.011302408,6
15,barra_3,theta,0.011300661,6
16,barra_3,theta,0.011785852,6
17,barra_3,theta,0.012550951,6
18,barra_3,theta,0.013376949,6
19,barra_3,theta,0.014951449,6
20,barra_3,theta,0.015379236,6
21,barra_3,theta,0.015531358,6
22,barra_3,theta,0.016074078,6
23,barra_3,theta,0.016469044,6
24,barra_3,theta,0.016431482,6
1,barra_4,theta,0.028789044,6
2,barra_4,theta,0.029438278,6
3,barra_4,theta,0.029909179,6
4,barra_4,theta,0.030125424,6
5,barra_4,theta,0.029833106,6
6,barra_4,theta,0.028124345,6
7,barra_4,theta,0.025996313,6
8,barra_4,theta,0.025506706,6
9,barra_4,theta,0.024619777,6
10,barra_4,theta,0.024053099,6
11,barra_4,theta,0.02395433,6
12,barra_4,theta,0.023919411,6
13,barra_4,theta,0.023472704,6
14,barra_4,theta,0.022589765,6
15,barra_4,theta,0.022586274,6
16,barra_4,theta,0.02355601,6
17,barra_4,theta,0.02508519,6
18,barra_4,theta,0.026736086,6
19,barra_4,theta,0.02988299,6
20,barra_4,theta,0.030737994,6
21,barra_4,theta,0.031042034,6
22,barra_4,theta,0.032126752,6
23,barra_4,theta,0.032916159,6
24,barra_4,theta,0.032841084,6
1,barra_5,theta,0.047944831,6
2,barra_5,theta,0.049025307,6
3,barra_5,theta,0.049808994,6
4,barra_5,theta,0.050168876,6
5,barra_5,theta,0.049682392,6
6,barra_5,theta,0.04683862,6
7,barra_5,theta,0.043297085,6
8,barra_5,theta,0.042482266,6
9,barra_5,theta,0.041005651,6
10,barra_5,theta,0.040061818,6
11,barra_5,theta,0.039897312,6
12,barra_5,theta,0.039839153,6
13,barra_5,theta,0.039095136,6
14,barra_5,theta,0.037624551,6
15,barra_5,theta,0.037618735,6
16,barra_5,theta,0.039233887,6
17,barra_5,theta,0.041780766,6
18,barra_5,theta,0.044528237,6
19,barra_5,theta,0.04976541,6
20,barra_5,theta,0.051188334,6
21,barra_5,theta,0.051694326,6
22,barra_5,theta,0.053499547,6
23,barra_5,theta,0.054813302,6
24,barra_5,theta,0.05468836,6
1,barra_6,theta,0.071847486,6
2,barra_6,theta,0.073464757,6
3,barra_6,theta,0.074637791,6
4,barra_6,theta,0.075176467,6
5,barra_6,theta,0.074448291,6
6,barra_6,theta,0.070191694,6
7,barra_6,theta,0.064890673,6
8,barra_6,theta,0.063671041,6
9,barra_6,theta,0.061459985,6
10,barra_6,theta,0.060046116,6
11,barra_6,theta,0.059799685,6
12,barra_6,theta,0.059712563,6
13,barra_6,theta,0.058598021,6
14,barra_6,theta,0.056395074,6
15,barra_6,theta,0.056386362,6
16,barra_6,theta,0.05880587,6
17,barra_6,theta,0.062621027,6
18,barra_6,theta,0.06673348,6
19,barra_6,theta,0.074572553,6
20,barra_6,theta,0.076702405,6
21,barra_6,theta,0.077459782,6
22,barra_6,theta,0.080161861,6
23,barra_6,theta,0.082128308,6
24,barra_6,theta,0.081941294,6
1,barra_7,theta,0.055180819,6
2,barra_7,theta,0.05679809,6
3,barra_7,theta,0.057971124,6
4,barra_7,theta,0.0585098,6
5,barra_7,theta,0.057781624,6
6,barra_7,theta,0.05408719,6
7,barra_7,theta,0.051265805,6
8,barra_7,theta,0.050616674,6
9,barra_7,theta,0.049158298,6
10,barra_7,theta,0.055052089,6
11,barra_7,theta,0.055801974,6
12,barra_7,theta,0.056473604,6
13,barra_7,theta,0.056532469,6
14,barra_7,theta,0.054328259,6
15,barra_7,theta,0.054143777,6
16,barra_7,theta,0.054782312,6
17,barra_7,theta,0.05005782,6
18,barra_7,theta,0.05224661,6
19,barra_7,theta,0.057905886,6
20,barra_7,theta,0.060035738,6
21,barra_7,theta,0.060793116,6
22,barra_7,theta,0.063495194,6
23,barra_7,theta,0.065461642,6
24,barra_7,theta,0.065274627,6
1,barra_8,theta,0.043294975,6
2,barra_8,theta,0.045020813,6
3,barra_8,theta,0.046272592,6
4,barra_8,theta,0.046847429,6
5,barra_8,theta,0.046070371,6
6,barra_8,theta,0.042653481,6
7,barra_8,theta,0.041960839,6
8,barra_8,theta,0.04180148,6
9,barra_8,theta,0.040948975,6
10,barra_8,theta,0.054070295,6
11,barra_8,theta,0.055801974,6
12,barra_8,theta,0.057226529,6
13,barra_8,theta,0.05838425,6
14,barra_8,theta,0.056031425,6
15,barra_8,theta,0.055670589,6
16,barra_8,theta,0.054689805,6
17,barra_8,theta,0.041664283,6
18,barra_8,theta,0.042201624,6
19,barra_8,theta,0.046202975,6
20,barra_8,theta,0.048475803,6
21,barra_8,theta,0.049284023,6
22,barra_8,theta,0.052167492,6
23,barra_8,theta,0.054265946,6
24,barra_8,theta,0.054066377,6
1,barra_9,theta,0.036199524,6
2,barra_9,theta,0.038142713,6
3,barra_9,theta,0.039552141,6
4,barra_9,theta,0.040199373,6
5,barra_9,theta,0.039324453,6
6,barra_9,theta,0.035899919,6
7,barra_9,theta,0.036984426,6
8,barra_9,theta,0.037233944,6
9,barra_9,theta,0.036840209,6
10,barra_9,theta,0.057102694,6
11,barra_9,theta,0.059799685,6
12,barra_9,theta,0.061969832,6
13,barra_9,theta,0.064149663,6
14,barra_9,theta,0.061501167,6
15,barra_9,theta,0.060963748,6
16,barra_9,theta,0.058528533,6
17,barra_9,theta,0.037448761,6
18,barra_9,theta,0.036607416,6
19,barra_9,theta,0.039473757,6
20,barra_9,theta,0.042032824,6
21,barra_9,theta,0.042942831,6
22,barra_9,theta,0.046189442,6
23,barra_9,theta,0.048552174,6
24,barra_9,theta,0.048327472,6
1,barra_10,theta,0.033904058,6
2,barra_10,theta,0.0361736,6
3,barra_10,theta,0.037819738,6
4,barra_10,theta,0.03857567,6
5,barra_10,theta,0.03755381,6
6,barra_10,theta,0.033835872,6
7,barra_10,theta,0.03634523,6
8,barra_10,theta,0.036922571,6
9,barra_10,theta,0.036840209,6
10,barra_10,theta,0.064143229,6
11,barra_10,theta,0.067787119,6
12,barra_10,theta,0.070695542,6
13,barra_10,theta,0.07382089,6
14,barra_10,theta,0.070729961,6
15,barra_10,theta,0.070015729,6
16,barra_10,theta,0.066290828,6
17,barra_10,theta,0.037419619,6
18,barra_10,theta,0.035472896,6
19,barra_10,theta,0.037728189,6
20,barra_10,theta,0.040717044,6
21,barra_10,theta,0.041779884,6
22,barra_10,theta,0.045571754,6
23,barra_10,theta,0.048331301,6
24,barra_10,theta,0.048068861,6
1,barra_11,theta,0.036413162,6
2,barra_11,theta,0.039117407,6
3,barra_11,theta,0.041078842,6
4,barra_11,theta,0.041979565,6
5,barra_11,theta,0.040761979,6
6,barra_11,theta,0.036465465,6
7,barra_11,theta,0.040044529,6
8,barra_11,theta,0.040867983,6
9,barra_11,theta,0.040948975,6
10,barra_11,theta,0.075183892,6
11,barra_11,theta,0.079756304,6
12,barra_11,theta,0.0833957,6
13,barra_11,theta,0.087390126,6
14,barra_11,theta,0.083710296,6
15,barra_11,theta,0.082819021,6
16,barra_11,theta,0.077968848,6
17,barra_11,theta,0.041576916,6
18,barra_11,theta,0.03880033,6
19,barra_11,theta,0.040969758,6
20,barra_11,theta,0.044531092,6
21,barra_11,theta,0.045797506,6
22,barra_11,theta,0.050315663,6
23,barra_11,theta,0.053603768,6
24,barra_11,theta,0.05329106,6
1,barra_12,theta,0.043721823,6
2,barra_12,theta,0.046968253,6
3,barra_12,theta,0.049322944,6
4,barra_12,theta,0.050404256,6
5,barra_12,theta,0.048942552,6
6,barra_12,theta,0.043783443,6
7,barra_12,theta,0.048074932,6
8,barra_12,theta,0.049062296,6
9,barra_12,theta,0.049158298,6
10,barra_12,theta,0.090216689,6
11,barra_12,theta,0.095699286,6
12,barra_12,theta,0.10006237,6
13,barra_12,theta,0.104848,6
14,barra_12,theta,0.10043456,6
15,barra_12,theta,0.099366129,6
16,barra_12,theta,0.093554771,6
17,barra_12,theta,0.049912345,6
18,barra_12,theta,0.046583071,6
19,barra_12,theta,0.049191989,6
20,barra_12,theta,0.053467349,6
21,barra_12,theta,0.054987671,6
22,barra_12,theta,0.060411691,6
23,barra_12,theta,0.06435904,6
24,barra_12,theta,0.063983637,6
1,barra_13,theta,0.055820452,6
2,barra_13,theta,0.059716334,6
3,barra_13,theta,0.062542082,6
4,barra_13,theta,0.063839712,6
5,barra_13,theta,0.062085592,6
6,barra_13,theta,0.05578044,6
7,barra_13,theta,0.060427785,6
8,barra_13,theta,0.061497023,6
9,barra_13,theta,0.061459985,6
10,barra_13,theta,0.10922896,6
11,barra_13,theta,0.11560166,6
12,barra_13,theta,0.12067972,6
13,barra_13,theta,0.12617743,6
14,barra_13,theta,0.12088771,6
15,barra_13,theta,0.11964236,6
16,barra_13,theta,0.11303517,6
17,barra_13,theta,0.062417559,6
18,barra_13,theta,0.058812217,6
19,barra_13,theta,0.06238493,6
20,barra_13,theta,0.067515579,6
21,barra_13,theta,0.069340043,6
22,barra_13,theta,0.075849143,6
23,barra_13,theta,0.080586164,6
24,barra_13,theta,0.08013566,6
1,barra_14,theta,0.072699055,6
2,barra_14,theta,0.077349932,6
3,barra_14,theta,0.080723291,6
4,barra_14,theta,0.082272392,6
5,barra_14,theta,0.080178336,6
6,barra_14,theta,0.072447107,6
7,barra_14,theta,0.077094452,6
8,barra_14,theta,0.078163689,6
9,barra_14,theta,0.07784586,6
10,barra_14,theta,0.13220015,6
11,barra_14,theta,0.13944118,6
12,barra_14,theta,0.14522414,6
13,barra_14,theta,0.15135526,6
14,barra_14,theta,0.14504744,6
15,barra_14,theta,0.14362565,6
16,barra_14,theta,0.13638889,6
17,barra_14,theta,0.079084225,6
18,barra_14,theta,0.075478884,6
19,barra_14,theta,0.080535684,6
20,barra_14,theta,0.086660618,6
21,barra_14,theta,0.088838651,6
22,barra_14,theta,0.09660917,6
23,barra_14,theta,0.10226419,6
24,barra_14,theta,0.10172638,6
1,barra_15,theta,0.073055046,6
2,barra_15,theta,0.077950354,6
3,barra_15,theta,0.08177764,6
4,barra_15,theta,0.083896095,6
5,barra_15,theta,0.08031501,6
6,barra_15,theta,0.072576837,6
7,barra_15,theta,0.077094452,6
8,barra_15,theta,0.076143669,6
9,barra_15,theta,0.076709434,6
10,barra_15,theta,0.13629388,6
11,barra_15,theta,0.14002864,6
12,barra_15,theta,0.14301258,6
13,barra_15,theta,0.14743793,6
14,barra_15,theta,0.14127746,6
15,barra_15,theta,0.14318309,6
16,barra_15,theta,0.14086113,6
17,barra_15,theta,0.075989375,6
18,barra_15,theta,0.075478884,6
19,barra_15,theta,0.081620788,6
20,barra_15,theta,0.089467563,6
21,barra_15,theta,0.094473341,6
22,barra_15,theta,0.10258722,6
23,barra_15,theta,0.10562162,6
24,barra_15,theta,0.10172638,6
1,barra_16,theta,0.078214896,6
2,barra_16,theta,0.083462497,6
3,barra_16,theta,0.087821391,6
4,barra_16,theta,0.090544151,6
5,barra_16,theta,0.085430223,6
6,barra_16,theta,0.077399947,6
7,barra_16,theta,0.081432946,6
8,barra_16,theta,0.078380433,6
9,barra_16,theta,0.079681774,6
10,barra_16,theta,0.14439362,6
11,barra_16,theta,0.14461264,6
12,barra_16,theta,0.1447929,6
13,barra_16,theta,0.14743793,6
14,barra_16,theta,0.14127746,6
15,barra_16,theta,0.14650992,6
16,barra_16,theta,0.14925566,6
17,barra_16,theta,0.077080964,6
18,barra_16,theta,0.079940839,6
19,barra_16,theta,0.087690863,6
20,barra_16,theta,0.097398729,6
21,barra_16,theta,0.10527734,6
22,barra_16,theta,0.11391492,6
23,barra_16,theta,0.11446567,6
24,barra_16,theta,0.1072072,6
1,barra_17,theta,0.088169007,6
2,barra_17,theta,0.093876547,6
3,barra_17,theta,0.098844575,6
4,barra_17,theta,0.10220652,6
5,barra_17,theta,0.095514028,6
6,barra_17,theta,0.08690706,6
7,barra_17,theta,0.090101268,6
8,barra_17,theta,0.084869512,6
9,barra_17,theta,0.086756942,6
10,barra_17,theta,0.15649138,6
11,barra_17,theta,0.15318518,6
12,barra_17,theta,0.15056156,6
13,barra_17,theta,0.15135526,6
14,barra_17,theta,0.14504744,6
15,barra_17,theta,0.1535995,6
16,barra_17,theta,0.16156466,6
17,barra_17,theta,0.08235681,6
18,barra_17,theta,0.088855833,6
19,barra_17,theta,0.098735947,6
20,barra_17,theta,0.11044388,6
21,barra_17,theta,0.12124033,6
22,barra_17,theta,0.13058159,6
23,barra_17,theta,0.1287854,6
24,barra_17,theta,0.11815787,6
1,barra_18,theta,0.1029078,6
2,barra_18,theta,0.10918271,6
3,barra_18,theta,0.11483724,6
4,barra_18,theta,0.11887319,6
5,barra_18,theta,0.1105565,6
6,barra_18,theta,0.10108882,6
7,barra_18,theta,0.10309076,6
8,barra_18,theta,0.095602412,6
9,barra_18,theta,0.097926739,6
10,barra_18,theta,0.17257915,6
11,barra_18,theta,0.16573831,6
12,barra_18,theta,0.16031057,6
13,barra_18,theta,0.1591821,6
14,barra_18,theta,0.15257987,6
15,barra_18,theta,0.16444432,6
16,barra_18,theta,0.1777803,6
17,barra_18,theta,0.091808554,6
18,barra_18,theta,0.10221497,6
19,barra_18,theta,0.1147461,6
20,barra_18,theta,0.12858983,6
21,barra_18,theta,0.14234313,6
22,barra_18,theta,0.15256593,6
23,barra_18,theta,0.14856364,6
24,barra_18,theta,0.13456747,6
1,barra_19,theta,0.083752013,6
2,barra_19,theta,0.089595681,6
3,barra_19,theta,0.094937428,6
4,barra_19,theta,0.098646801,6
5,barra_19,theta,0.090707213,6
6,barra_19,theta,0.082374543,6
7,barra_19,theta,0.086180165,6
8,barra_19,theta,0.078935745,6
9,barra_19,theta,0.084195011,6
10,barra_19,theta,0.16576457,6
11,barra_19,theta,0.15638958,6
12,barra_19,theta,0.14915855,6
13,barra_19,theta,0.14745357,6
14,barra_19,theta,0.14129251,6
15,barra_19,theta,0.15538244,6
16,barra_19,theta,0.17159158,6
17,barra_19,theta,0.075360106,6
18,barra_19,theta,0.084675463,6
19,barra_19,theta,0.094863681,6
20,barra_19,theta,0.1068368,6
21,barra_19,theta,0.12053945,6
22,barra_19,theta,0.12964321,6
23,barra_19,theta,0.12644782,6
24,barra_19,theta,0.11309416,6
1,barra_20,theta,0.069367081,6
2,barra_20,theta,0.074886348,6
3,barra_20,theta,0.079992802,6
4,barra_20,theta,0.083410456,6
5,barra_20,theta,0.075800598,6
6,barra_20,theta,0.068321739,6
7,barra_20,theta,0.073582403,6
8,barra_20,theta,0.066501019,6
9,barra_20,theta,0.074552783,6
10,barra_20,theta,0.16295857,6
11,barra_20,theta,0.15102785,6
12,barra_20,theta,0.14198408,6
13,barra_20,theta,0.13962673,6
14,barra_20,theta,0.13376008,6
15,barra_20,theta,0.15007936,6
16,barra_20,theta,0.16932957,6
17,barra_20,theta,0.063073547,6
18,barra_20,theta,0.071569981,6
19,barra_20,theta,0.07993214,6
20,barra_20,theta,0.090170133,6
21,barra_20,theta,0.10387279,6
22,barra_20,theta,0.11203252,6
23,barra_20,theta,0.10978115,6
24,barra_20,theta,0.097060019,6
1,barra_21,theta,0.05976754,6
2,barra_21,theta,0.065070324,6
3,barra_21,theta,0.070019758,6
4,barra_21,theta,0.073181271,6
5,barra_21,theta,0.06585292,6
6,barra_21,theta,0.058943837,6
7,barra_21,theta,0.0653066,6
8,barra_21,theta,0.058306705,6
9,barra_21,theta,0.069008243,6
10,barra_21,theta,0.16416677,6
11,barra_21,theta,0.1496611,6
12,barra_21,theta,0.13879512,6
13,barra_21,theta,0.1357094,6
14,barra_21,theta,0.1299901,6
15,barra_21,theta,0.1485426,6
16,barra_21,theta,0.1709988,6
17,barra_21,theta,0.054957211,6
18,barra_21,theta,0.06290915,6
19,barra_21,theta,0.069967829,6
20,barra_21,theta,0.078610198,6
21,barra_21,theta,0.092363694,6
22,barra_21,theta,0.099757014,6
23,barra_21,theta,0.098585455,6
24,barra_21,theta,0.086485563,6
1,barra_22,theta,0.054962969,6
2,barra_22,theta,0.060157403,6
3,barra_22,theta,0.065028249,6
4,barra_22,theta,0.06796927,6
5,barra_22,theta,0.060874107,6
6,barra_22,theta,0.054250198,6
7,barra_22,theta,0.06136141,6
8,barra_22,theta,0.054361293,6
9,barra_22,theta,0.067569596,6
10,barra_22,theta,0.16938675,6
11,barra_22,theta,0.15229205,6
12,barra_22,theta,0.13959805,6
13,barra_22,theta,0.1357094,6
14,barra_22,theta,0.1299901,6
15,barra_22,theta,0.15077525,6
16,barra_22,theta,0.17659593,6
17,barra_22,theta,0.051019446,6
18,barra_22,theta,0.058701868,6
19,barra_22,theta,0.064980691,6
20,barra_22,theta,0.072167219,6
21,barra_22,theta,0.086022502,6
22,barra_22,theta,0.092829262,6
23,barra_22,theta,0.092871683,6
24,barra_22,theta,0.08138172,6
1,barra_23,theta,0.054962969,6
2,barra_23,theta,0.060157403,6
3,barra_23,theta,0.065028249,6
4,barra_23,theta,0.067784497,6
5,barra_23,theta,0.060874107,6
6,barra_23,theta,0.054250198,6
7,barra_23,theta,0.061754715,6
8,barra_23,theta,0.054672666,6
9,barra_23,theta,0.070239714,6
10,barra_23,theta,0.17861049,6
11,barra_23,theta,0.15891546,6
12,barra_23,theta,0.14439126,6
13,barra_23,theta,0.13962673,6
14,barra_23,theta,0.13376008,6
15,barra_23,theta,0.15677283,6
16,barra_23,theta,0.18611311,6
17,barra_23,theta,0.05126812,6
18,barra_23,theta,0.05895654,6
19,barra_23,theta,0.064980691,6
20,barra_23,theta,0.070851439,6
21,barra_23,theta,0.084859555,6
22,barra_23,theta,0.091259972,6
23,barra_23,theta,0.09265081,6
24,barra_23,theta,0.081758687,6
1,barra_24,theta,0.05976754,6
2,barra_24,theta,0.065070324,6
3,barra_24,theta,0.070019758,6
4,barra_24,theta,0.072627321,6
5,barra_24,theta,0.06585292,6
6,barra_24,theta,0.058943837,6
7,barra_24,theta,0.066485728,6
8,barra_24,theta,0.059240202,6
9,barra_24,theta,0.077013264,6
10,barra_24,theta,0.19183,6
11,barra_24,theta,0.16952335,6
12,barra_24,theta,0.15316677,6
13,barra_24,theta,0.14745357,6
14,barra_24,theta,0.14129251,6
15,barra_24,theta,0.16652782,6
16,barra_24,theta,0.19954252,6
17,barra_24,theta,0.055702735,6
18,barra_24,theta,0.063672658,6
19,barra_24,theta,0.069967829,6
20,barra_24,theta,0.074665487,6
21,barra_24,theta,0.088877177,6
22,barra_24,theta,0.095052278,6
23,barra_24,theta,0.097923277,6
24,barra_24,theta,0.087615713,6
1,barra_25,theta,0.069367081,6
2,barra_25,theta,0.074886348,6
3,barra_25,theta,0.079992802,6
4,barra_25,theta,0.082488067,6
5,barra_25,theta,0.075800598,6
6,barra_25,theta,0.068321739,6
7,barra_25,theta,0.075545784,6
8,barra_25,theta,0.068055397,6
9,barra_25,theta,0.087882047,6
10,barra_25,theta,0.20903621,6
11,barra_25,theta,0.18410776,6
12,barra_25,theta,0.16591663,6
13,barra_25,theta,0.1591821,6
14,barra_25,theta,0.15257987,6
15,barra_25,theta,0.18003272,6
16,barra_25,theta,0.21687499,6
17,barra_25,theta,0.064314928,6
18,barra_25,theta,0.072841308,6
19,barra_25,theta,0.07993214,6
20,barra_25,theta,0.083601744,6
21,barra_25,theta,0.098067342,6
22,barra_25,theta,0.1041986,6
23,barra_25,theta,0.10867855,6
24,barra_25,theta,0.098941847,6
1,barra_26,theta,0.066859825,6
2,barra_26,theta,0.072540248,6
3,barra_26,theta,0.078018193,6
4,barra_26,theta,0.081185242,6
5,barra_26,theta,0.07298889,6
6,barra_26,theta,0.06567391,6
7,barra_26,theta,0.072633935,6
8,barra_26,theta,0.063413736,6
9,barra_26,theta,0.081982436,6
10,barra_26,theta,0.2019626,6
11,barra_26,theta,0.17612032,6
12,barra_26,theta,0.15716414,6
13,barra_26,theta,0.15003647,6
14,barra_26,theta,0.14355143,6
15,barra_26,theta,0.1719241,6
16,barra_26,theta,0.20992489,6
17,barra_26,theta,0.058788691,6
18,barra_26,theta,0.069981642,6
19,barra_26,theta,0.07798841,6
20,barra_26,theta,0.084358421,6
21,barra_26,theta,0.10125881,6
22,barra_26,theta,0.10797011,6
23,barra_26,theta,0.10871866,6
24,barra_26,theta,0.095363185,6
1,barra_27,theta,0.06915714,6
2,barra_27,theta,0.075107069,6
3,barra_27,theta,0.081035093,6
4,barra_27,theta,0.084910016,6
5,barra_27,theta,0.075155996,6
6,barra_27,theta,0.067719721,6
7,barra_27,theta,0.074060581,6
8,barra_27,theta,0.063028089,6
9,barra_27,theta,0.080188006,6
10,barra_27,theta,0.19889707,6
11,barra_27,theta,0.17212261,6
12,barra_27,theta,0.152394,6
13,barra_27,theta,0.14479771,6
14,barra_27,theta,0.13828244,6
15,barra_27,theta,0.16757619,6
16,barra_27,theta,0.20689999,6
17,barra_27,theta,0.05744621,6
18,barra_27,theta,0.071583931,6
19,barra_27,theta,0.081031818,6
20,barra_27,theta,0.090243416,6
21,barra_27,theta,0.10962446,6
22,barra_27,theta,0.11709569,6
23,barra_27,theta,0.11425202,6
24,barra_27,theta,0.097265334,6
1,barra_28,theta,0.076254435,6
2,barra_28,theta,0.082581681,6
3,barra_28,theta,0.089037473,6
4,barra_28,theta,0.093654944,6
5,barra_28,theta,0.082297584,6
6,barra_28,theta,0.074455083,6
7,barra_28,theta,0.079822872,6
8,barra_28,theta,0.066899227,6
9,barra_28,theta,0.082502342,6
10,barra_28,theta,0.19984572,6
11,barra_28,theta,0.17212261,6
12,barra_28,theta,0.15161419,6
13,barra_28,theta,0.14347364,6
14,barra_28,theta,0.13678043,6
15,barra_28,theta,0.16699652,6
16,barra_28,theta,0.20780632,6
17,barra_28,theta,0.060290168,6
18,barra_28,theta,0.077644973,6
19,barra_28,theta,0.089056283,6
20,barra_28,theta,0.10124648,6
21,barra_28,theta,0.12315397,6
22,barra_28,theta,0.13156462,6
23,barra_28,theta,0.12526768,6
24,barra_28,theta,0.10464449,6
1,barra_29,theta,0.08814212,6
2,barra_29,theta,0.09495428,6
3,barra_29,theta,0.10201537,6
4,barra_29,theta,0.10741,6
5,barra_29,theta,0.094403716,6
6,barra_29,theta,0.085870629,6
7,barra_29,theta,0.089912144,6
8,barra_29,theta,0.075019416,6
9,barra_29,theta,0.088920821,6
10,barra_29,theta,0.20480668,6
11,barra_29,theta,0.17612032,6
12,barra_29,theta,0.15482626,6
13,barra_29,theta,0.14606689,6
14,barra_29,theta,0.13904841,6
15,barra_29,theta,0.17018625,6
16,barra_29,theta,0.21264207,6
17,barra_29,theta,0.067314883,6
18,barra_29,theta,0.088155859,6
19,barra_29,theta,0.10205185,6
20,barra_29,theta,0.11735739,6
21,barra_29,theta,0.141833,6
22,barra_29,theta,0.15135999,6
23,barra_29,theta,0.14175466,6
24,barra_29,theta,0.11748972,6
1,barra_30,theta,0.10481062,6
2,barra_30,theta,0.11221389,6
3,barra_30,theta,0.11995631,6
4,barra_30,theta,0.126161,6
5,barra_30,theta,0.11146369,6
6,barra_30,theta,0.10195701,6
7,barra_30,theta,0.10431975,6
8,barra_30,theta,0.087380165,6
9,barra_30,theta,0.099435242,6
10,barra_30,theta,0.21377192,6
11,barra_30,theta,0.18410776,6
12,barra_30,theta,0.1620238,6
13,barra_30,theta,0.1525723,6
14,barra_30,theta,0.14508183,6
15,barra_30,theta,0.177139,6
16,barra_30,theta,0.2213994,6
17,barra_30,theta,0.078512,6
18,barra_30,theta,0.1031077,6
19,barra_30,theta,0.12000602,6
20,barra_30,theta,0.13855688,6
21,barra_30,theta,0.165637,6
22,barra_30,theta,0.17645432,6
23,barra_30,theta,0.16369151,6
24,barra_30,theta,0.13578684,6
1,barra_31,theta,0.090425689,6
2,barra_31,theta,0.097504561,6
3,barra_31,theta,0.10501168,6
4,barra_31,theta,0.11110832,6
5,barra_31,theta,0.096557072,6
6,barra_31,theta,0.087904201,6
7,barra_31,theta,0.091330255,6
8,barra_31,theta,0.074635308,6
9,barra_31,theta,0.087133554,6
10,barra_31,theta,0.20175338,6
11,barra_31,theta,0.17213857,6
12,barra_31,theta,0.15007206,6
13,barra_31,theta,0.14084377,6
14,barra_31,theta,0.13379447,6
15,barra_31,theta,0.16585338,6
16,barra_31,theta,0.20962924,6
17,barra_31,theta,0.065977761,6
18,barra_31,theta,0.089748563,6
19,barra_31,theta,0.10507448,6
20,barra_31,theta,0.12319812,6
21,barra_31,theta,0.15012632,6
22,barra_31,theta,0.16040165,6
23,barra_31,theta,0.14724439,6
24,barra_31,theta,0.11937723,6
1,barra_32,theta,0.080826147,6
2,barra_32,theta,0.087688536,6
3,barra_32,theta,0.095038636,6
4,barra_32,theta,0.10106318,6
5,barra_32,theta,0.086609394,6
6,barra_32,theta,0.0785263,6
7,barra_32,theta,0.082661934,6
8,barra_32,theta,0.066130244,6
9,barra_32,theta,0.078924231,6
10,barra_32,theta,0.19373301,6
11,barra_32,theta,0.16415114,6
12,barra_32,theta,0.14209627,6
13,barra_32,theta,0.13301693,6
14,barra_32,theta,0.12626204,6
15,barra_32,theta,0.15832212,6
16,barra_32,theta,0.20177462,6
17,barra_32,theta,0.057613249,6
18,barra_32,theta,0.080833569,6
19,barra_32,theta,0.095110171,6
20,barra_32,theta,0.11294871,6
21,barra_32,theta,0.13977553,6
22,barra_32,theta,0.14968917,6
23,barra_32,theta,0.13626869,6
24,barra_32,theta,0.10842656,6
1,barra_33,theta,0.076021577,6
2,barra_33,theta,0.082775616,6
3,barra_33,theta,0.090047128,6
4,barra_33,theta,0.096035578,6
5,barra_33,theta,0.081630581,6
6,barra_33,theta,0.07383266,6
7,barra_33,theta,0.078323439,6
8,barra_33,theta,0.061873459,6
9,barra_33,theta,0.074815465,6
10,barra_33,theta,0.18971882,6
11,barra_33,theta,0.16015343,6
12,barra_33,theta,0.13810439,6
13,barra_33,theta,0.1290996,6
14,barra_33,theta,0.12249206,6
15,barra_33,theta,0.15455272,6
16,barra_33,theta,0.19784339,6
17,barra_33,theta,0.05342681,6
18,barra_33,theta,0.076371614,6
19,barra_33,theta,0.090123033,6
20,barra_33,theta,0.10781889,6
21,barra_33,theta,0.13459497,6
22,barra_33,theta,0.14432757,6
23,barra_33,theta,0.13077535,6
24,barra_33,theta,0.10294575,6
